gene_symbol	chrom	start	end	strand	ensembl_id
OR4F5	1	65419	71585	+	ENSG00000186092
OR4F29	1	450740	451678	-	ENSG00000284733
OR4F16	1	685716	686654	-	ENSG00000284662
SAMD11	1	923923	944575	+	ENSG00000187634
NOC2L	1	943527	960714	-	ENSG00000188976
KLHL17	1	960576	965719	+	ENSG00000187961
PLEKHN1	1	966437	975865	+	ENSG00000187583
PERM1	1	975194	982134	-	ENSG00000187642
HES4	1	998962	1000172	-	ENSG00000188290
ISG15	1	1001138	1014540	+	ENSG00000187608
AGRN	1	1020120	1056119	+	ENSG00000188157
RNF223	1	1070967	1074306	-	ENSG00000237330
C1orf159	1	1081811	1116361	-	ENSG00000131591
TTLL10	1	1173880	1197940	+	ENSG00000162571
TNFRSF18	1	1203508	1206592	-	ENSG00000186891
TNFRSF4	1	1211326	1214153	-	ENSG00000186827
SDF4	1	1216887	1238870	-	ENSG00000078808
B3GALT6	1	1232237	1235041	+	ENSG00000176022
C1QTNF12	1	1242446	1246722	-	ENSG00000184163
UBE2J2	1	1253907	1274477	-	ENSG00000160087
SCNN1D	1	1280436	1292029	+	ENSG00000162572
ACAP3	1	1292376	1309609	-	ENSG00000131584
PUSL1	1	1308567	1311677	+	ENSG00000169972
INTS11	1	1311585	1324687	-	ENSG00000127054
CPTP	1	1324756	1328897	+	ENSG00000224051
TAS1R3	1	1331280	1335314	+	ENSG00000169962
DVL1	1	1335276	1349945	-	ENSG00000107404
MXRA8	1	1352689	1361777	-	ENSG00000162576
AURKAIP1	1	1373729	1375521	-	ENSG00000175756
CCNL2	1	1385711	1399339	-	ENSG00000221978
MRPL20	1	1401908	1407306	-	ENSG00000242485
ANKRD65	1	1415637	1421769	-	ENSG00000235098
TMEM88B	1	1425871	1430255	+	ENSG00000205116
VWA1	1	1434861	1442882	+	ENSG00000179403
ATAD3C	1	1449689	1470163	+	ENSG00000215915
ATAD3B	1	1471756	1497848	+	ENSG00000160072
ATAD3A	1	1512147	1534686	+	ENSG00000197785
TMEM240	1	1534778	1540624	-	ENSG00000205090
SSU72	1	1541673	1574884	-	ENSG00000160075
FNDC10	1	1598012	1600135	-	ENSG00000228594
MIB2	1	1615434	1630610	+	ENSG00000197530
MMP23B	1	1631665	1635263	+	ENSG00000189409
CDK11B	1	1635225	1659234	-	ENSG00000248333
SLC35E2B	1	1659529	1693017	-	ENSG00000189339
CDK11A	1	1702379	1724482	-	ENSG00000008128
NADK	1	1751232	1780544	-	ENSG00000008130
GNB1	1	1785285	1892292	-	ENSG00000078369
CALML6	1	1915108	1917296	+	ENSG00000169885
TMEM52	1	1917589	1919329	-	ENSG00000178821
CFAP74	1	1921951	2003837	-	ENSG00000142609
GABRD	1	2019329	2030758	+	ENSG00000187730
PRKCZ	1	2050411	2185395	+	ENSG00000067606
FAAP20	1	2184461	2212720	-	ENSG00000162585
SKI	1	2227388	2310213	+	ENSG00000157933
MORN1	1	2319208	2391707	-	ENSG00000116151
RER1	1	2390670	2405444	+	ENSG00000157916
PEX10	1	2403964	2413797	-	ENSG00000157911
PLCH2	1	2425980	2505532	+	ENSG00000149527
PANK4	1	2508534	2526612	-	ENSG00000157881
HES5	1	2528745	2530263	-	ENSG00000197921
TNFRSF14	1	2554244	2565382	+	ENSG00000157873
PRXL2B	1	2586491	2591470	+	ENSG00000157870
MMEL1	1	2590639	2633016	-	ENSG00000142606
TTC34	1	2636986	2801693	-	ENSG00000215912
ACTRT2	1	3021467	3022903	+	ENSG00000169717
PRDM16	1	3069168	3438621	+	ENSG00000142611
ARHGEF16	1	3454550	3481127	+	ENSG00000130762
MEGF6	1	3487942	3611543	-	ENSG00000162591
TPRG1L	1	3624979	3630131	+	ENSG00000158109
WRAP73	1	3630767	3652761	-	ENSG00000116213
TP73	1	3652516	3736201	+	ENSG00000078900
CCDC27	1	3746460	3771645	+	ENSG00000162592
SMIM1	1	3772655	3776709	+	ENSG00000235169
LRRC47	1	3778559	3796511	-	ENSG00000130764
CEP104	1	3812086	3857723	-	ENSG00000116198
DFFB	1	3857267	3885429	+	ENSG00000169598
C1orf174	1	3889125	3900293	-	ENSG00000198912
AJAP1	1	4654609	4792534	+	ENSG00000196581
NPHP4	1	5862804	5993455	-	ENSG00000131697
KCNAB2	1	5990927	6101193	+	ENSG00000069424
CHD5	1	6101787	6180321	-	ENSG00000116254
RPL22	1	6185020	6209389	-	ENSG00000116251
RNF207	1	6205392	6221299	+	ENSG00000158286
ICMT	1	6221193	6235972	-	ENSG00000116237
HES3	1	6244179	6245578	+	ENSG00000173673
GPR153	1	6247347	6261098	-	ENSG00000158292
ACOT7	1	6264268	6393767	-	ENSG00000097021
HES2	1	6412418	6424690	-	ENSG00000069812
ESPN	1	6424776	6461367	+	ENSG00000187017
TNFRSF25	1	6460786	6466181	-	ENSG00000215788
PLEKHG5	1	6467122	6520074	-	ENSG00000171680
NOL9	1	6521347	6554536	-	ENSG00000162408
TAS1R1	1	6555307	6579755	+	ENSG00000173662
ZBTB48	1	6579994	6589280	+	ENSG00000204859
KLHL21	1	6590724	6614607	-	ENSG00000162413
PHF13	1	6613731	6624030	+	ENSG00000116273
THAP3	1	6624845	6635586	+	ENSG00000041988
DNAJC11	1	6634168	6701924	-	ENSG00000007923
CAMTA1	1	6785454	7769706	+	ENSG00000171735
VAMP3	1	7771296	7781432	+	ENSG00000049245
PER3	1	7784291	7845181	+	ENSG00000049246
UTS2	1	7843083	7853512	-	ENSG00000049247
TNFRSF9	1	7915871	7943165	-	ENSG00000049249
PARK7	1	7954264	7985505	+	ENSG00000116288
ERRFI1	1	8004404	8026312	-	ENSG00000116285
SLC45A1	1	8318104	8344167	+	ENSG00000162426
RERE	1	8352397	8848921	-	ENSG00000142599
ENO1	1	8860977	8879289	-	ENSG00000074800
CA6	1	8945867	8975092	+	ENSG00000131686
SLC2A7	1	9002973	9026423	-	ENSG00000197241
SLC2A5	1	9035106	9088478	-	ENSG00000142583
GPR157	1	9100305	9129122	-	ENSG00000180758
H6PD	1	9234774	9271337	+	ENSG00000049239
SPSB1	1	9292101	9369532	+	ENSG00000171621
SLC25A33	1	9539465	9585173	+	ENSG00000171612
TMEM201	1	9588721	9614877	+	ENSG00000188807
PIK3CD	1	9629889	9730117	+	ENSG00000171608
CLSTN1	1	9728926	9823993	-	ENSG00000171603
CTNNBIP1	1	9848269	9910368	-	ENSG00000178585
LZIC	1	9922113	9943407	-	ENSG00000162441
NMNAT1	1	9943428	9985501	+	ENSG00000173614
RBP7	1	9997054	10016021	+	ENSG00000162444
UBE4B	1	10032832	10181244	+	ENSG00000130939
KIF1B	1	10210533	10381606	+	ENSG00000054523
PGD	1	10398592	10420511	+	ENSG00000142657
CENPS-CORT	1	10430102	10452153	+	ENSG00000251503
CENPS	1	10430433	10442808	+	ENSG00000175279
CORT	1	10450031	10451998	+	ENSG00000241563
DFFA	1	10456522	10472549	-	ENSG00000160049
PEX14	1	10472288	10630758	+	ENSG00000142655
CASZ1	1	10636604	10796650	-	ENSG00000130940
CIROZ	1	10946471	10982076	-	ENSG00000175262
TARDBP	1	11012344	11030528	+	ENSG00000120948
MASP2	1	11022009	11047241	-	ENSG00000009724
SRM	1	11054584	11060053	-	ENSG00000116649
EXOSC10	1	11066613	11099898	-	ENSG00000171824
MTOR	1	11106531	11262556	-	ENSG00000198793
ANGPTL7	1	11189355	11195981	+	ENSG00000171819
UBIAD1	1	11273198	11296049	+	ENSG00000120942
DISP3	1	11478905	11537583	+	ENSG00000204624
FBXO2	1	11637018	11655785	-	ENSG00000116661
FBXO44	1	11650618	11663327	+	ENSG00000132879
MAD2L2	1	11657230	11692605	-	ENSG00000116670
FBXO6	1	11664189	11674354	+	ENSG00000116663
DRAXIN	1	11690958	11725857	+	ENSG00000162490
AGTRAP	1	11736084	11754802	+	ENSG00000177674
C1orf167	1	11761787	11789585	+	ENSG00000215910
MTHFR	1	11785723	11806455	-	ENSG00000177000
CLCN6	1	11806096	11848079	+	ENSG00000011021
NPPA	1	11845709	11848345	-	ENSG00000175206
NPPB	1	11857464	11858976	-	ENSG00000120937
KIAA2013	1	11919591	11926428	-	ENSG00000116685
PLOD1	1	11934205	11975542	+	ENSG00000083444
MFN2	1	11980181	12015211	+	ENSG00000116688
MIIP	1	12019466	12032046	+	ENSG00000116691
TNFRSF8	1	12063303	12144207	+	ENSG00000120949
TNFRSF1B	1	12166977	12209228	+	ENSG00000028137
VPS13D	1	12230030	12512047	+	ENSG00000048707
DHRS3	1	12567909	12620133	-	ENSG00000162496
AADACL4	1	12644085	12667076	+	ENSG00000204518
AADACL3	1	12716110	12728760	+	ENSG00000188984
CFAP107	1	12746200	12763699	+	ENSG00000157330
PRAMEF12	1	12773738	12777906	+	ENSG00000116726
PRAMEF1	1	12791397	12796628	+	ENSG00000116721
PRAMEF11	1	12824605	12831410	-	ENSG00000239810
HNRNPCL1	1	12847377	12848720	-	ENSG00000179172
PRAMEF2	1	12857086	12861909	+	ENSG00000120952
PRAMEF4	1	12879212	12886201	-	ENSG00000243073
PRAMEF10	1	12892250	12898270	-	ENSG00000187545
PRAMEF7	1	12916610	12920751	+	ENSG00000204510
PRAMEF6	1	12938472	12947580	-	ENSG00000232423
PRAMEF27	1	13049476	13056575	-	ENSG00000274764
HNRNPCL3	1	13060769	13062878	+	ENSG00000277058
PRAMEF25	1	13068677	13077884	+	ENSG00000229571
HNRNPCL2	1	13115488	13116854	-	ENSG00000275774
PRAMEF26	1	13148905	13158116	-	ENSG00000280267
HNRNPCL4	1	13163914	13165631	-	ENSG00000179412
PRAMEF9	1	13171848	13179459	+	ENSG00000204505
PRAMEF13	1	13196188	13201409	-	ENSG00000279169
PRAMEF18	1	13222695	13226154	-	ENSG00000279804
PRAMEF5	1	13254198	13263435	+	ENSG00000270601
PRAMEF8	1	13281304	13285137	-	ENSG00000182330
PRAMEF33	1	13303539	13308907	+	ENSG00000237700
PRAMEF15	1	13315581	13322598	+	ENSG00000204501
PRAMEF14	1	13341892	13347134	-	ENSG00000204481
PRAMEF19	1	13368431	13371947	-	ENSG00000204480
PRAMEF17	1	13389632	13392629	+	ENSG00000204479
PRAMEF20	1	13410450	13421328	+	ENSG00000204478
LRRC38	1	13474973	13514003	-	ENSG00000162494
PDPN	1	13583465	13617957	+	ENSG00000162493
PRDM2	1	13700188	13825079	+	ENSG00000116731
KAZN	1	13892792	15118043	+	ENSG00000189337
TMEM51	1	15152498	15220484	+	ENSG00000171729
FHAD1	1	15236521	15400283	+	ENSG00000142621
EFHD2	1	15409849	15430339	+	ENSG00000142634
CTRC	1	15438442	15449242	+	ENSG00000162438
CELA2A	1	15456728	15472091	+	ENSG00000142615
CELA2B	1	15465909	15491395	+	ENSG00000215704
CASP9	1	15490832	15526534	-	ENSG00000132906
DNAJC16	1	15526813	15592379	+	ENSG00000116138
AGMAT	1	15571699	15585078	-	ENSG00000116771
DDI2	1	15617458	15669044	+	ENSG00000197312
RSC1A1	1	15659713	15662033	+	ENSG00000215695
PLEKHM2	1	15681461	15734769	+	ENSG00000116786
SLC25A34	1	15736176	15741392	+	ENSG00000162461
TMEM82	1	15742499	15747982	+	ENSG00000162460
FBLIM1	1	15756604	15786594	+	ENSG00000162458
UQCRHL	1	15807169	15809348	-	ENSG00000233954
SPEN	1	15836095	15940456	+	ENSG00000065526
ZBTB17	1	15940403	15976132	-	ENSG00000116809
SRARP	1	16004236	16008807	+	ENSG00000183888
HSPB7	1	16014028	16020597	-	ENSG00000173641
CLCNKA	1	16018146	16034109	+	ENSG00000186510
CLCNKB	1	16040252	16057367	+	ENSG00000184908
FAM131C	1	16057769	16073651	-	ENSG00000185519
EPHA2	1	16124337	16156069	-	ENSG00000142627
ARHGEF19	1	16197854	16212893	-	ENSG00000142632
CPLANE2	1	16231692	16237183	-	ENSG00000132881
FBXO42	1	16246840	16352487	-	ENSG00000037637
SZRD1	1	16352575	16398147	+	ENSG00000055070
SPATA21	1	16387117	16437424	-	ENSG00000187144
NECAP2	1	16440707	16460081	+	ENSG00000157191
NBPF1	1	16562319	16613562	-	ENSG00000219481
CROCC	1	16740273	16972964	+	ENSG00000058453
MFAP2	1	16974498	16981616	-	ENSG00000117122
ATP13A2	1	16985958	17011928	-	ENSG00000159363
SDHB	1	17018664	17054151	-	ENSG00000117118
PADI2	1	17066761	17119459	-	ENSG00000117115
PADI1	1	17205128	17246007	+	ENSG00000142623
PADI3	1	17249098	17284233	+	ENSG00000142619
PADI4	1	17308195	17364004	+	ENSG00000159339
PADI6	1	17372196	17401699	+	ENSG00000276747
RCC2	1	17406755	17439772	-	ENSG00000179051
ARHGEF10L	1	17539368	17697876	+	ENSG00000074964
ACTL8	1	17755333	17827063	+	ENSG00000117148
IGSF21	1	18107710	18378483	+	ENSG00000117154
KLHDC7A	1	18480930	18485974	+	ENSG00000179023
PAX7	1	18630846	18748876	+	ENSG00000009709
TAS1R2	1	18839599	18859660	-	ENSG00000179002
ALDH4A1	1	18871425	18902799	-	ENSG00000159423
IFFO2	1	18904280	18956676	-	ENSG00000169991
UBR4	1	19074510	19210266	-	ENSG00000127481
EMC1	1	19215660	19251552	-	ENSG00000127463
MRTO4	1	19251796	19260128	+	ENSG00000053372
AKR7L	1	19265982	19274194	-	ENSG00000211454
AKR7A3	1	19282496	19288823	-	ENSG00000162482
AKR7A2	1	19301991	19312144	-	ENSG00000053371
SLC66A1	1	19312284	19329300	+	ENSG00000040487
CAPZB	1	19338775	19485600	-	ENSG00000077549
MICOS10	1	19484403	19629821	+	ENSG00000173436
NBL1	1	19596979	19658456	+	ENSG00000158747
MICOS10-NBL1	1	19597067	19656927	+	ENSG00000270136
HTR6	1	19664875	19680966	+	ENSG00000158748
TMCO4	1	19682207	19800500	-	ENSG00000162542
RNF186	1	19814029	19815283	-	ENSG00000178828
OTUD3	1	19882395	19912945	+	ENSG00000169914
PLA2G2E	1	19920009	19923617	-	ENSG00000188784
PLA2G2A	1	19975431	19980462	-	ENSG00000188257
PLA2G5	1	20028179	20091911	+	ENSG00000127472
PLA2G2D	1	20111939	20119566	-	ENSG00000117215
PLA2G2F	1	20139323	20150381	+	ENSG00000158786
PLA2G2C	1	20161253	20186518	-	ENSG00000187980
UBXN10	1	20183293	20196050	+	ENSG00000162543
VWA5B1	1	20290875	20359534	+	ENSG00000158816
CAMK2N1	1	20482391	20486210	-	ENSG00000162545
MUL1	1	20499445	20508151	-	ENSG00000090432
FAM43B	1	20552573	20555020	+	ENSG00000183114
CDA	1	20588932	20618908	+	ENSG00000158825
PINK1	1	20633458	20651511	+	ENSG00000158828
DDOST	1	20651767	20661544	-	ENSG00000244038
KIF17	1	20664011	20718017	-	ENSG00000117245
SH2D5	1	20719724	20732837	-	ENSG00000189410
HP1BP3	1	20739095	20787323	-	ENSG00000127483
EIF4G3	1	20806292	21177285	-	ENSG00000075151
ECE1	1	21217247	21345572	-	ENSG00000117298
NBPF3	1	21440099	21485005	+	ENSG00000142794
ALPL	1	21509397	21578410	+	ENSG00000162551
RAP1GAP	1	21596215	21669846	-	ENSG00000076864
USP48	1	21678298	21783606	-	ENSG00000090686
LDLRAD2	1	21812265	21825225	+	ENSG00000187942
HSPG2	1	21822244	21937310	-	ENSG00000142798
CELA3B	1	21977022	21998642	+	ENSG00000219073
CELA3A	1	22001657	22012542	+	ENSG00000142789
CDC42	1	22052627	22101360	+	ENSG00000070831
WNT4	1	22117313	22143969	-	ENSG00000162552
ZBTB40	1	22428838	22531157	+	ENSG00000184677
EPHA8	1	22563489	22603595	+	ENSG00000070886
C1QA	1	22635057	22639681	+	ENSG00000173372
C1QC	1	22642558	22648110	+	ENSG00000159189
C1QB	1	22652713	22661637	+	ENSG00000173369
EPHB2	1	22710839	22921500	+	ENSG00000133216
LACTBL1	1	22953043	22972866	-	ENSG00000215906
TEX46	1	23010834	23019100	-	ENSG00000227868
KDM1A	1	23019395	23083693	+	ENSG00000004487
LUZP1	1	23084030	23178152	-	ENSG00000169641
HTR1D	1	23190178	23217547	-	ENSG00000179546
HNRNPR	1	23303771	23344358	-	ENSG00000125944
ZNF436	1	23359448	23369836	-	ENSG00000125945
TCEA3	1	23370591	23425169	-	ENSG00000204219
ASAP3	1	23428561	23484637	-	ENSG00000088280
E2F2	1	23506438	23531233	-	ENSG00000007968
ID3	1	23557917	23559883	-	ENSG00000117318
RPL11	1	23691685	23696835	+	ENSG00000142676
ELOA	1	23743448	23762059	+	ENSG00000011007
PITHD1	1	23778393	23788232	+	ENSG00000057757
LYPLA2	1	23791110	23795544	+	ENSG00000011009
GALE	1	23795599	23800781	-	ENSG00000117308
HMGCL	1	23801877	23838620	-	ENSG00000117305
FUCA1	1	23845077	23868356	-	ENSG00000179163
CNR2	1	23870515	23913362	-	ENSG00000188822
PNRC2	1	23956839	23963776	+	ENSG00000189266
SRSF10	1	23964347	23980927	-	ENSG00000188529
MYOM3	1	24056035	24112190	-	ENSG00000142661
IL22RA1	1	24119771	24143165	-	ENSG00000142677
IFNLR1	1	24154168	24187959	-	ENSG00000185436
GRHL3	1	24199558	24364482	+	ENSG00000158055
STPG1	1	24355886	24416934	-	ENSG00000001460
NIPAL3	1	24413527	24476735	+	ENSG00000001461
RCAN3	1	24502340	24541040	+	ENSG00000117602
NCMAP	1	24556076	24609328	+	ENSG00000184454
SRRM1	1	24631716	24673281	+	ENSG00000133226
CLIC4	1	24745342	24844321	+	ENSG00000169504
RUNX3	1	24899511	24965121	-	ENSG00000020633
SYF2	1	25222276	25232504	-	ENSG00000117614
RSRP1	1	25242248	25338244	-	ENSG00000117616
RHD	1	25272393	25330445	+	ENSG00000187010
TMEM50A	1	25338295	25362362	+	ENSG00000183726
RHCE	1	25362249	25430192	-	ENSG00000188672
MACO1	1	25430853	25500209	+	ENSG00000204178
LDLRAP1	1	25543573	25591200	+	ENSG00000157978
MAN1C1	1	25616791	25786205	+	ENSG00000117643
SELENON	1	25800193	25818221	+	ENSG00000162430
MTFR1L	1	25818640	25832947	+	ENSG00000117640
AUNIP	1	25831913	25859458	-	ENSG00000127423
PAQR7	1	25861484	25875874	-	ENSG00000182749
STMN1	1	25884181	25907237	-	ENSG00000117632
PAFAH2	1	25959767	25999206	-	ENSG00000158006
EXTL1	1	26019884	26036464	+	ENSG00000158008
SLC30A2	1	26037252	26046136	-	ENSG00000158014
TRIM63	1	26051301	26068436	-	ENSG00000158022
PDIK1L	1	26111157	26125555	+	ENSG00000175087
FAM110D	1	26159047	26163962	+	ENSG00000197245
C1orf232	1	26164101	26168963	-	ENSG00000282872
ZNF593OS	1	26169516	26171832	-	ENSG00000236782
ZNF593	1	26169908	26170873	+	ENSG00000142684
CNKSR1	1	26177476	26189884	+	ENSG00000142675
CATSPER4	1	26190561	26202968	+	ENSG00000188782
CEP85	1	26233669	26278814	+	ENSG00000130695
SH3BGRL3	1	26280057	26281522	+	ENSG00000142669
UBXN11	1	26281328	26318363	-	ENSG00000158062
CD52	1	26317958	26320523	+	ENSG00000169442
CRYBG2	1	26321698	26360080	-	ENSG00000176092
ZNF683	1	26361634	26374522	-	ENSG00000176083
LIN28A	1	26410817	26429728	+	ENSG00000131914
DHDDS	1	26432282	26471322	+	ENSG00000117682
HMGN2	1	26472013	26478209	+	ENSG00000198830
RPS6KA1	1	26529756	26575030	+	ENSG00000117676
ARID1A	1	26693236	26782104	+	ENSG00000117713
PIGV	1	26787054	26800659	+	ENSG00000060642
ZDHHC18	1	26826688	26857604	+	ENSG00000204160
SFN	1	26863149	26864456	+	ENSG00000175793
GPN2	1	26876132	26890283	-	ENSG00000142751
GPATCH3	1	26890488	26900467	-	ENSG00000198746
NUDC	1	26900238	26946885	+	ENSG00000090273
NR0B2	1	26911489	26913975	-	ENSG00000131910
KDF1	1	26949556	26960788	-	ENSG00000175707
TRNP1	1	26993692	27001912	+	ENSG00000253368
TENT5B	1	27005020	27012850	-	ENSG00000158246
SLC9A1	1	27098809	27166981	-	ENSG00000090020
WDTC1	1	27233776	27308711	+	ENSG00000142784
TMEM222	1	27322139	27336401	+	ENSG00000186501
SYTL1	1	27342009	27353937	+	ENSG00000142765
MAP3K6	1	27355180	27366972	-	ENSG00000142733
FCN3	1	27369108	27374854	-	ENSG00000142748
CD164L2	1	27379176	27383333	-	ENSG00000174950
GPR3	1	27392622	27395814	+	ENSG00000181773
WASF2	1	27404226	27490308	-	ENSG00000158195
AHDC1	1	27534035	27604431	-	ENSG00000126705
FGR	1	27612064	27635565	-	ENSG00000000938
IFI6	1	27666064	27672212	-	ENSG00000126709
FAM76A	1	27725961	27763116	+	ENSG00000009780
STX12	1	27773195	27824443	+	ENSG00000117758
PPP1R8	1	27830782	27851676	+	ENSG00000117751
THEMIS2	1	27872543	27886685	+	ENSG00000130775
RPA2	1	27891524	27914746	-	ENSG00000117748
SMPDL3B	1	27935000	27959157	+	ENSG00000130768
XKR8	1	27959588	27968093	+	ENSG00000158156
EYA3	1	27970344	28088731	-	ENSG00000158161
PTAFR	1	28147166	28194083	-	ENSG00000169403
DNAJC8	1	28199456	28233032	-	ENSG00000126698
ATP5IF1	1	28236084	28246906	+	ENSG00000130770
SESN2	1	28259473	28282491	+	ENSG00000130766
MED18	1	28329002	28335965	+	ENSG00000130772
PHACTR4	1	28369563	28500364	+	ENSG00000204138
RCC1	1	28505943	28539300	+	ENSG00000180198
TRNAU1AP	1	28553001	28578545	+	ENSG00000180098
TAF12	1	28587829	28648364	-	ENSG00000120656
RAB42	1	28592200	28595449	+	ENSG00000188060
GMEB1	1	28668280	28719353	+	ENSG00000162419
YTHDF2	1	28736621	28769784	+	ENSG00000198492
OPRD1	1	28812170	28871267	+	ENSG00000116329
EPB41	1	28887091	29120046	+	ENSG00000159023
TMEM200B	1	29119429	29123918	-	ENSG00000253304
SRSF4	1	29147743	29181922	-	ENSG00000116350
MECR	1	29192657	29230945	-	ENSG00000116353
PTPRU	1	29236505	29326813	+	ENSG00000060656
MATN1	1	30711277	30723585	-	ENSG00000162510
LAPTM5	1	30732465	30757855	-	ENSG00000162511
SDC3	1	30869466	30908810	-	ENSG00000162512
PUM1	1	30931505	31065991	-	ENSG00000134644
NKAIN1	1	31179344	31239966	-	ENSG00000084628
SNRNP40	1	31259568	31296788	-	ENSG00000060688
ZCCHC17	1	31296982	31365527	+	ENSG00000121766
FABP3	1	31364010	31376850	-	ENSG00000121769
SERINC2	1	31409565	31434680	+	ENSG00000168528
TINAGL1	1	31576485	31587689	+	ENSG00000142910
HCRTR1	1	31617660	31632518	+	ENSG00000121764
PEF1	1	31629866	31644896	-	ENSG00000162517
COL16A1	1	31652260	31704319	-	ENSG00000084636
ADGRB2	1	31727117	31764893	-	ENSG00000121753
SPOCD1	1	31790422	31816022	-	ENSG00000134668
PTP4A2	1	31906421	31944856	-	ENSG00000184007
KHDRBS1	1	32013687	32060850	+	ENSG00000121774
TMEM39B	1	32072031	32102866	+	ENSG00000121775
KPNA6	1	32108056	32176563	+	ENSG00000025800
TXLNA	1	32178097	32198299	+	ENSG00000084652
CCDC28B	1	32200383	32205453	+	ENSG00000160050
IQCC	1	32205648	32208688	+	ENSG00000160051
DCDC2B	1	32209079	32216196	+	ENSG00000222046
TMEM234	1	32214472	32222359	-	ENSG00000160055
EIF3I	1	32221077	32245397	+	ENSG00000084623
FAM167B	1	32247222	32248856	+	ENSG00000183615
LCK	1	32251244	32286170	+	ENSG00000182866
HDAC1	1	32291921	32333635	+	ENSG00000116478
MARCKSL1	1	32333827	32336233	-	ENSG00000175130
TSSK3	1	32351521	32364312	+	ENSG00000162526
FAM229A	1	32361270	32364278	-	ENSG00000225828
BSDC1	1	32364633	32394731	-	ENSG00000160058
ZBTB8B	1	32465050	32496686	+	ENSG00000273274
ZBTB8A	1	32539142	32605941	+	ENSG00000160062
ZBTB8OS	1	32600172	32650969	-	ENSG00000176261
RBBP4	1	32651142	32686211	+	ENSG00000162521
SYNC	1	32679906	32703596	-	ENSG00000162520
NHSL3	1	32741696	32774970	+	ENSG00000162522
YARS1	1	32775237	32818031	-	ENSG00000134684
S100PBP	1	32816408	32858879	+	ENSG00000116497
FNDC5	1	32862268	32872482	-	ENSG00000160097
HPCA	1	32881498	32898441	+	ENSG00000121905
TMEM54	1	32894593	32901440	-	ENSG00000121900
RNF19B	1	32929036	32964915	-	ENSG00000116514
AK2	1	33007986	33080996	-	ENSG00000004455
AZIN2	1	33081104	33123492	+	ENSG00000142920
TRIM62	1	33145399	33182059	-	ENSG00000116525
ZNF362	1	33256359	33300719	+	ENSG00000160094
A3GALT2	1	33306766	33321098	-	ENSG00000184389
PHC2	1	33323623	33431095	-	ENSG00000134686
ZSCAN20	1	33472597	33501643	+	ENSG00000121903
CSMD2	1	33513998	34165842	-	ENSG00000121904
HMGB4	1	33860475	33864791	+	ENSG00000176256
C1orf94	1	34166883	34219131	+	ENSG00000142698
SMIM12	1	34712737	34859805	-	ENSG00000163866
GJB5	1	34755034	34758512	+	ENSG00000189280
GJB4	1	34759740	34763724	+	ENSG00000189433
GJB3	1	34781214	34786369	+	ENSG00000188910
GJA4	1	34792997	34795756	+	ENSG00000187513
DLGAP3	1	34865436	34929650	-	ENSG00000116544
TMEM35B	1	34981380	34985347	-	ENSG00000243749
ZMYM6	1	34986144	35031951	-	ENSG00000163867
ZMYM1	1	35032172	35118818	+	ENSG00000197056
SFPQ	1	35176378	35193446	-	ENSG00000116560
ZMYM4	1	35268667	35422058	+	ENSG00000146463
KIAA0319L	1	35393883	35557950	-	ENSG00000142687
NCDN	1	35557456	35567274	+	ENSG00000020129
TFAP2E	1	35573314	35595328	+	ENSG00000116819
PSMB2	1	35599541	35641526	-	ENSG00000126067
C1orf216	1	35713875	35718894	-	ENSG00000142686
CLSPN	1	35720218	35770002	-	ENSG00000092853
AGO4	1	35808016	35857890	+	ENSG00000134698
AGO1	1	35869808	35930532	+	ENSG00000092847
AGO3	1	35930696	36072500	+	ENSG00000126070
TEKT2	1	36084094	36088278	+	ENSG00000092850
ADPRS	1	36088878	36093932	+	ENSG00000116863
COL8A2	1	36095239	36125222	-	ENSG00000171812
TRAPPC3	1	36136570	36156053	-	ENSG00000054116
MAP7D1	1	36155579	36180849	+	ENSG00000116871
THRAP3	1	36224392	36305376	+	ENSG00000054118
SH3D21	1	36306368	36329340	+	ENSG00000214193
EVA1B	1	36322030	36324154	-	ENSG00000142694
STK40	1	36339620	36385927	-	ENSG00000196182
LSM10	1	36391238	36397945	-	ENSG00000181817
OSCP1	1	36415827	36450451	-	ENSG00000116885
MRPS15	1	36455718	36464418	-	ENSG00000116898
CSF3R	1	36465669	36483322	-	ENSG00000119535
GRIK3	1	36795527	37034515	-	ENSG00000163873
ZC3H12A	1	37474496	37484379	+	ENSG00000163874
MEAF6	1	37489993	37514806	-	ENSG00000163875
SNIP1	1	37534449	37554293	-	ENSG00000163877
DNALI1	1	37556919	37566857	+	ENSG00000163879
GNL2	1	37566815	37595955	-	ENSG00000134697
RSPO1	1	37610802	37635604	-	ENSG00000169218
AIRIM	1	37681570	37692296	-	ENSG00000116922
CDCA8	1	37692481	37709719	+	ENSG00000134690
EPHA10	1	37713880	37765133	-	ENSG00000183317
MANEAL	1	37793847	37804557	+	ENSG00000185090
YRDC	1	37802945	37808208	-	ENSG00000196449
C1orf122	1	37806979	37809454	+	ENSG00000197982
MTF1	1	37809574	37859614	-	ENSG00000188786
INPP5B	1	37860696	37947077	-	ENSG00000204084
SF3A3	1	37956975	37990517	-	ENSG00000183431
FHL3	1	37994394	38006380	-	ENSG00000183386
UTP11	1	38009111	38024820	+	ENSG00000183520
POU3F1	1	38043829	38046793	-	ENSG00000185668
RRAGC	1	38838198	38859772	-	ENSG00000116954
MYCBP	1	38862493	38873378	-	ENSG00000214114
GJA9	1	38874069	38881587	-	ENSG00000131233
RHBDL2	1	38885807	38941830	-	ENSG00000158315
AKIRIN1	1	38991272	39006059	+	ENSG00000174574
NDUFS5	1	39026318	39034636	+	ENSG00000168653
MACF1	1	39081316	39487177	+	ENSG00000127603
BMP8A	1	39491069	39529869	+	ENSG00000183682
PABPC4	1	39560709	39576868	-	ENSG00000090621
HEYL	1	39623435	39639643	-	ENSG00000163909
NT5C1A	1	39651229	39673328	-	ENSG00000116981
HPCAL4	1	39678648	39691485	-	ENSG00000116983
PPIE	1	39692182	39763914	+	ENSG00000084072
BMP8B	1	39757182	39788865	-	ENSG00000116985
OXCT2	1	39769523	39771348	-	ENSG00000198754
TRIT1	1	39838110	39883511	-	ENSG00000043514
MYCL	1	39895428	39902256	-	ENSG00000116990
MFSD2A	1	39955112	39969968	+	ENSG00000168389
CAP1	1	40039735	40072767	+	ENSG00000131236
PPT1	1	40072710	40097267	-	ENSG00000131238
RLF	1	40161387	40240921	+	ENSG00000117000
TMCO2	1	40245947	40251684	+	ENSG00000188800
ZMPSTE24	1	40258041	40294180	+	ENSG00000084073
COL9A2	1	40300487	40317813	-	ENSG00000049089
SMAP2	1	40344850	40423326	+	ENSG00000084070
ZFP69B	1	40450053	40464142	+	ENSG00000187801
ZFP69	1	40477233	40496530	+	ENSG00000187815
EXO5	1	40508441	40517724	+	ENSG00000164002
ZNF684	1	40531573	40548168	+	ENSG00000117010
RIMS3	1	40620679	40665690	-	ENSG00000117016
NFYC	1	40691570	40771606	+	ENSG00000066136
KCNQ4	1	40783675	40840452	+	ENSG00000117013
CITED4	1	40861054	40862363	-	ENSG00000179862
CTPS1	1	40979300	41012565	+	ENSG00000171793
SLFNL1	1	41015589	41024551	-	ENSG00000171790
SCMH1	1	41027202	41242306	-	ENSG00000010803
FOXO6	1	41361922	41383590	+	ENSG00000204060
EDN2	1	41478774	41484686	-	ENSG00000127129
HIVEP3	1	41506365	42035925	-	ENSG00000127124
GUCA2B	1	42153410	42155820	+	ENSG00000044012
GUCA2A	1	42162690	42164745	-	ENSG00000197273
FOXJ3	1	42176535	42335913	-	ENSG00000198815
RIMKLA	1	42380792	42424232	+	ENSG00000177181
ZMYND12	1	42430329	42456253	-	ENSG00000066185
PPCS	1	42456117	42473385	+	ENSG00000127125
CCDC30	1	42463221	42657190	+	ENSG00000186409
PPIH	1	42658185	42676758	+	ENSG00000171960
YBX1	1	42682408	42703805	+	ENSG00000065978
CLDN19	1	42733093	42740254	-	ENSG00000164007
P3H1	1	42746335	42767084	-	ENSG00000117385
C1orf50	1	42767245	42779491	+	ENSG00000164008
TMEM269	1	42784991	42816619	+	ENSG00000274386
SVBP	1	42807040	42817397	-	ENSG00000177868
ERMAP	1	42817078	42845907	+	ENSG00000164010
ZNF691	1	42846573	42852477	+	ENSG00000164011
SLC2A1	1	42925353	42958893	-	ENSG00000117394
CFAP144	1	43145153	43156396	+	ENSG00000186973
EBNA1BP2	1	43164175	43270936	-	ENSG00000117395
CFAP57	1	43172330	43254358	+	ENSG00000243710
TMEM125	1	43269979	43274007	+	ENSG00000179178
C1orf210	1	43281866	43285908	-	ENSG00000253313
TIE1	1	43300971	43323108	+	ENSG00000066056
MPL	1	43337808	43354466	+	ENSG00000117400
CDC20	1	43358928	43363207	+	ENSG00000117399
ELOVL1	1	43363396	43368075	-	ENSG00000066322
MED8	1	43383917	43389808	-	ENSG00000159479
SZT2	1	43389882	43454247	+	ENSG00000198198
HYI	1	43450607	43453999	-	ENSG00000178922
PTPRF	1	43525086	43626579	+	ENSG00000142949
KDM4A	1	43649256	43705518	+	ENSG00000066135
ST3GAL3	1	43705824	43931167	+	ENSG00000126091
ARTN	1	43933320	43937244	+	ENSG00000117407
IPO13	1	43946830	43968024	+	ENSG00000117408
DPH2	1	43969978	43973373	+	ENSG00000132768
ATP6V0B	1	43974487	43978295	+	ENSG00000117410
B4GALT2	1	43978943	43991173	+	ENSG00000117411
CCDC24	1	43991359	43996529	+	ENSG00000159214
SLC6A9	1	43991500	44031467	-	ENSG00000196517
KLF17	1	44118821	44135140	+	ENSG00000171872
KLF18	1	44137821	44141631	-	ENSG00000283039
DMAP1	1	44213427	44220681	+	ENSG00000178028
ERI3	1	44221070	44355267	-	ENSG00000117419
RNF220	1	44405185	44651724	+	ENSG00000187147
TMEM53	1	44635238	44674481	-	ENSG00000126106
ARMH1	1	44674692	44725591	+	ENSG00000198520
KIF2C	1	44739817	44767767	+	ENSG00000142945
RPS8	1	44775251	44778779	+	ENSG00000142937
BEST4	1	44781836	44791550	-	ENSG00000142959
PLK3	1	44800346	44805995	+	ENSG00000173846
DYNLT4	1	44805888	44807417	-	ENSG00000188396
BTBD19	1	44808523	44817381	+	ENSG00000222009
PTCH2	1	44819154	44843253	-	ENSG00000117425
EIF2B3	1	44850522	44986722	-	ENSG00000070785
HECTD3	1	45002540	45011369	-	ENSG00000126107
UROD	1	45010950	45015575	+	ENSG00000126088
ZSWIM5	1	45016395	45306209	-	ENSG00000162415
HPDL	1	45326895	45328710	+	ENSG00000186603
MUTYH	1	45329163	45340893	-	ENSG00000132781
TOE1	1	45340012	45343976	+	ENSG00000132773
TESK2	1	45343877	45491203	-	ENSG00000070759
CCDC163	1	45493866	45500163	-	ENSG00000280670
MMACHC	1	45500300	45513382	+	ENSG00000132763
PRDX1	1	45510914	45542816	-	ENSG00000117450
AKR1A1	1	45550475	45570051	+	ENSG00000117448
NASP	1	45583581	45618905	+	ENSG00000132780
CCDC17	1	45620044	45624058	-	ENSG00000159588
GPBP1L1	1	45627284	45688408	-	ENSG00000159592
TMEM69	1	45688149	45694443	+	ENSG00000159596
IPP	1	45694324	45750653	-	ENSG00000197429
MAST2	1	45786987	46036228	+	ENSG00000086015
PIK3R3	1	46040140	46133338	-	ENSG00000117461
P3R3URF-PIK3R3	1	46043661	46176488	-	ENSG00000278139
TSPAN1	1	46173794	46185968	+	ENSG00000117472
P3R3URF	1	46175486	46176488	-	ENSG00000250719
POMGNT1	1	46188681	46220305	-	ENSG00000085998
LURAP1	1	46203334	46221256	+	ENSG00000171357
RAD54L	1	46246461	46278482	+	ENSG00000085999
LRRC41	1	46261196	46303616	-	ENSG00000132128
UQCRH	1	46300900	46316796	+	ENSG00000173660
NSUN4	1	46340719	46369218	+	ENSG00000117481
FAAH	1	46394265	46415754	+	ENSG00000117480
DMBX1	1	46489822	46516218	+	ENSG00000197587
TMEM275	1	46532166	46544566	-	ENSG00000282881
KNCN	1	46545641	46551647	-	ENSG00000162456
MKNK1	1	46557407	46616843	-	ENSG00000079277
MOB3C	1	46607719	46616862	-	ENSG00000142961
ATPAF1	1	46632071	46673867	-	ENSG00000123472
TEX38	1	46668855	46673594	+	ENSG00000186118
EFCAB14	1	46674659	46719146	-	ENSG00000159658
CYP4B1	1	46757838	46819413	+	ENSG00000142973
CYP4A11	1	46928862	46941594	-	ENSG00000187048
CYP4X1	1	47023666	47050751	+	ENSG00000186377
CYP4Z1	1	47067231	47118318	+	ENSG00000186160
CYP4A22	1	47137419	47149742	+	ENSG00000162365
PDZK1IP1	1	47183582	47191398	-	ENSG00000162366
TAL1	1	47216290	47232225	-	ENSG00000162367
STIL	1	47250139	47314892	-	ENSG00000123473
CMPK1	1	47333790	47394866	+	ENSG00000162368
FOXE3	1	47416285	47418052	+	ENSG00000186790
FOXD2	1	47438044	47440691	+	ENSG00000186564
TRABD2B	1	47760528	47997385	-	ENSG00000269113
SLC5A9	1	48222685	48248644	+	ENSG00000117834
SPATA6	1	48295373	48472279	-	ENSG00000132122
AGBL4	1	48532854	50023954	-	ENSG00000186094
BEND5	1	48727519	48776969	-	ENSG00000162373
ELAVL4	1	50024029	50203772	+	ENSG00000162374
DMRTA2	1	50417550	50423468	-	ENSG00000142700
FAF1	1	50437028	50960279	-	ENSG00000185104
CDKN2C	1	50960745	50974634	+	ENSG00000123080
C1orf185	1	51102221	51148086	+	ENSG00000204006
RNF11	1	51235625	51273447	+	ENSG00000123091
TTC39A	1	51287258	51345116	-	ENSG00000085831
EPS15	1	51354263	51519387	-	ENSG00000085832
OSBPL9	1	51577179	51798427	+	ENSG00000117859
NRDC	1	51787517	51878805	-	ENSG00000078618
RAB3B	1	51907956	51990700	-	ENSG00000169213
TXNDC12	1	52020130	52055772	-	ENSG00000117862
KTI12	1	52032103	52033810	-	ENSG00000198841
BTF3L4	1	52056199	52090716	+	ENSG00000134717
ZFYVE9	1	52141888	52348671	+	ENSG00000157077
CC2D1B	1	52345723	52366318	-	ENSG00000154222
ORC1	1	52372010	52404471	-	ENSG00000085840
PRPF38A	1	52404060	52420836	+	ENSG00000134748
TUT4	1	52408282	52553487	-	ENSG00000134744
GPX7	1	52602371	52609051	+	ENSG00000116157
SHISAL2A	1	52633168	52669683	+	ENSG00000182183
COA7	1	52684449	52698355	-	ENSG00000162377
ZYG11B	1	52726447	52827336	+	ENSG00000162378
ZYG11A	1	52842511	52894998	+	ENSG00000203995
ECHDC2	1	52895910	52927212	-	ENSG00000121310
SCP2	1	52927276	53051698	+	ENSG00000116171
PODN	1	53061293	53093681	+	ENSG00000174348
SLC1A7	1	53087179	53142638	-	ENSG00000162383
CPT2	1	53196792	53214197	+	ENSG00000157184
CZIB	1	53214099	53220652	-	ENSG00000162384
MAGOH	1	53226890	53238621	-	ENSG00000162385
LRP8	1	53242364	53328469	-	ENSG00000157193
DMRTB1	1	53459399	53467488	+	ENSG00000143006
GLIS1	1	53506232	53739164	-	ENSG00000174332
NDC1	1	53765460	53838560	-	ENSG00000058804
YIPF1	1	53847531	53890683	-	ENSG00000058799
DIO1	1	53891239	53911086	+	ENSG00000211452
IFT25	1	53916574	53946588	-	ENSG00000081870
LRRC42	1	53946045	53968168	+	ENSG00000116212
LDLRAD1	1	54007298	54018194	-	ENSG00000203985
TMEM59	1	54026681	54053504	-	ENSG00000116209
TCEANC2	1	54052867	54112519	+	ENSG00000116205
CDCP2	1	54132687	54153770	-	ENSG00000157211
CYB5RL	1	54169651	54200073	-	ENSG00000215883
MRPL37	1	54184041	54225464	+	ENSG00000116221
SSBP3	1	54225432	54413479	-	ENSG00000157216
ACOT11	1	54542257	54639192	+	ENSG00000162390
FAM151A	1	54609178	54623556	-	ENSG00000162391
MROH7	1	54641754	54710266	+	ENSG00000184313
MROH7-TTC4	1	54641786	54742308	+	ENSG00000271723
TTC4	1	54715835	54742657	+	ENSG00000243725
PARS2	1	54756594	54764546	-	ENSG00000162396
TTC22	1	54779712	54801323	-	ENSG00000006555
CIMAP2	1	54806063	54842252	+	ENSG00000162398
DHCR24	1	54849627	54887207	-	ENSG00000116133
TMEM61	1	54886833	54992296	+	ENSG00000143001
BSND	1	54998933	55017172	+	ENSG00000162399
PCSK9	1	55039445	55064852	+	ENSG00000169174
USP24	1	55066359	55215753	-	ENSG00000162402
PLPP3	1	56494761	56645301	-	ENSG00000162407
PRKAA2	1	56645314	56715335	+	ENSG00000162409
FYB2	1	56718789	56819696	-	ENSG00000187889
C8A	1	56854768	56918223	+	ENSG00000157131
C8B	1	56929099	56974383	-	ENSG00000021852
DAB1	1	56994778	58546734	-	ENSG00000173406
OMA1	1	58415384	58546838	-	ENSG00000162600
TACSTD2	1	58575433	58577252	-	ENSG00000184292
MYSM1	1	58643440	58700090	-	ENSG00000162601
JUN	1	58776845	58784048	-	ENSG00000177606
FGGY	1	59295910	59810647	+	ENSG00000172456
HOOK1	1	59814786	59876369	+	ENSG00000134709
CYP2J2	1	59893308	59926822	-	ENSG00000134716
C1orf87	1	59987269	60073770	-	ENSG00000162598
NFIA	1	60865259	61462788	+	ENSG00000162599
TM2D1	1	61673636	61725423	-	ENSG00000162604
PATJ	1	61742477	62178675	+	ENSG00000132849
L1TD1	1	62194257	62235060	+	ENSG00000240563
KANK4	1	62236165	62319434	-	ENSG00000132854
USP1	1	62436041	62451804	+	ENSG00000162607
DOCK7	1	62454298	62688464	-	ENSG00000116641
ANGPTL3	1	62597464	62607196	+	ENSG00000132855
ATG4C	1	62783821	62865999	+	ENSG00000125703
ITGB3BP	1	63320884	63593721	-	ENSG00000142856
FOXD3	1	63322567	63325128	+	ENSG00000187140
ALG6	1	63367575	63438553	+	ENSG00000088035
EFCAB7	1	63523372	63572693	+	ENSG00000203965
PGM1	1	63593241	63660245	+	ENSG00000079739
ROR1	1	63774017	64181498	+	ENSG00000185483
UBE2U	1	64203623	64267368	+	ENSG00000177414
CACHD1	1	64469765	64693058	+	ENSG00000158966
RAVER2	1	64744861	64833233	+	ENSG00000162437
JAK1	1	64833223	65067754	-	ENSG00000162434
AK4	1	65146902	65232145	+	ENSG00000162433
DNAJC6	1	65248219	65415871	+	ENSG00000116675
LEPROT	1	65420587	65436007	+	ENSG00000213625
LEPR	1	65420652	65641559	+	ENSG00000116678
PDE4B	1	65792514	66374579	+	ENSG00000184588
SGIP1	1	66533267	66751139	+	ENSG00000118473
DYNLT5	1	66751741	66779051	+	ENSG00000152760
INSL5	1	66797740	66801276	-	ENSG00000172410
DNAI4	1	66812885	66924890	-	ENSG00000152763
MIER1	1	66924895	66988619	+	ENSG00000198160
SLC35D1	1	66999350	67054159	-	ENSG00000116704
C1orf141	1	67092165	67231853	-	ENSG00000203963
IL23R	1	67138907	67259979	+	ENSG00000162594
IL12RB2	1	67307364	67398724	+	ENSG00000081985
SERBP1	1	67407810	67430415	-	ENSG00000142864
GADD45A	1	67685201	67688334	+	ENSG00000116717
GNG12	1	67701466	67833476	-	ENSG00000172380
DIRAS3	1	68045886	68051717	-	ENSG00000162595
WLS	1	68098473	68233120	-	ENSG00000116729
RPE65	1	68428822	68451103	-	ENSG00000116745
DEPDC1	1	68474152	68497230	-	ENSG00000024526
LRRC7	1	69567922	70151945	+	ENSG00000033122
LRRC40	1	70143411	70205639	-	ENSG00000066557
SRSF11	1	70205670	70253052	+	ENSG00000116754
ANKRD13C	1	70258999	70354734	-	ENSG00000118454
CTH	1	70406194	70442771	+	ENSG00000116761
PTGER3	1	70852353	71047816	-	ENSG00000050628
ZRANB2	1	71063251	71081289	-	ENSG00000132485
NEGR1	1	71395943	72282539	-	ENSG00000172260
LRRIQ3	1	74026015	74198187	-	ENSG00000162620
FPGT-TNNI3K	1	74198235	74544393	+	ENSG00000259030
FPGT	1	74198238	74234086	+	ENSG00000254685
TNNI3K	1	74235285	74544432	+	ENSG00000116783
LRRC53	1	74469376	74512611	-	ENSG00000162621
ERICH3	1	74568117	74673792	-	ENSG00000178965
CRYZ	1	74701488	74733104	-	ENSG00000116791
TYW3	1	74733152	74767555	+	ENSG00000162623
LHX8	1	75128434	75161533	+	ENSG00000162624
SLC44A5	1	75202129	75611114	-	ENSG00000137968
ACADM	1	75724431	75787575	+	ENSG00000117054
RABGGTB	1	75786188	75795086	+	ENSG00000137955
MSH4	1	75796882	75913242	+	ENSG00000057468
ASB17	1	75918873	75932404	-	ENSG00000154007
ST6GALNAC3	1	76074746	76634603	+	ENSG00000184005
ST6GALNAC5	1	76867447	77067546	+	ENSG00000117069
PIGK	1	77088987	77219508	-	ENSG00000142892
AK5	1	77282019	77559966	+	ENSG00000154027
ZZZ3	1	77562416	77683422	-	ENSG00000036549
USP33	1	77694725	77759884	-	ENSG00000077254
MIGA1	1	77779624	77879540	+	ENSG00000180488
NEXN	1	77888480	77943895	+	ENSG00000162614
FUBP1	1	77944055	77979527	-	ENSG00000162613
DNAJB4	1	77979070	78018529	+	ENSG00000162616
GIPC2	1	77979542	78138448	+	ENSG00000137960
PTGFR	1	78303884	78540701	+	ENSG00000122420
IFI44L	1	78619902	78646145	+	ENSG00000137959
IFI44	1	78647078	78664412	+	ENSG00000137965
ADGRL4	1	78889764	79282124	-	ENSG00000162618
ADGRL2	1	81306112	81993940	+	ENSG00000117114
TTLL7	1	83865024	83999164	-	ENSG00000137941
PRKACB	1	84078062	84238498	+	ENSG00000142875
SAMD13	1	84298366	84389957	+	ENSG00000203943
DNASE2B	1	84398484	84415018	+	ENSG00000137976
RPF1	1	84479257	84498352	+	ENSG00000117133
GNG5	1	84498284	84507237	-	ENSG00000174021
SPATA1	1	84506300	84567379	+	ENSG00000122432
CTBS	1	84549611	84574480	-	ENSG00000117151
SSX2IP	1	84643706	84690955	-	ENSG00000117155
LPAR3	1	84811601	84893540	-	ENSG00000171517
MCOLN2	1	84925583	84997115	-	ENSG00000153898
DNAI3	1	84999147	85133138	+	ENSG00000162643
MCOLN3	1	85018082	85048679	-	ENSG00000055732
SYDE2	1	85156851	85201724	-	ENSG00000097096
C1orf52	1	85249953	85259672	-	ENSG00000162642
BCL10	1	85265776	85276632	-	ENSG00000142867
DDAH1	1	85318481	85578363	-	ENSG00000153904
CCN1	1	85580756	85584589	+	ENSG00000142871
ZNHIT6	1	85649417	85708433	-	ENSG00000117174
COL24A1	1	85729233	86156943	-	ENSG00000171502
ODF2L	1	86346824	86396342	-	ENSG00000122417
CLCA2	1	86424171	86456553	+	ENSG00000137975
CLCA1	1	86468368	86501400	+	ENSG00000016490
CLCA4	1	86547076	86580758	+	ENSG00000016602
SH3GLB1	1	86704520	86748184	+	ENSG00000097033
SELENOF	1	86862445	86914424	-	ENSG00000183291
HS2ST1	1	86914635	87109982	+	ENSG00000153936
LMO4	1	87328428	87348923	+	ENSG00000143013
PKN2	1	88684222	88836255	+	ENSG00000065243
GTF2B	1	88852633	88891944	-	ENSG00000137947
KYAT3	1	88935773	88992953	-	ENSG00000137944
RBMXL1	1	88979456	88992960	-	ENSG00000213516
GBP3	1	89006666	89022894	-	ENSG00000117226
GBP1	1	89051505	89072769	-	ENSG00000117228
GBP2	1	89106132	89150456	-	ENSG00000162645
GBP7	1	89131742	89176062	-	ENSG00000213512
GBP4	1	89181144	89198942	-	ENSG00000162654
GBP5	1	89256189	89272890	-	ENSG00000154451
GBP6	1	89363895	89388160	+	ENSG00000183347
LRRC8B	1	89524829	89597861	+	ENSG00000197147
LRRC8C	1	89632707	89769903	+	ENSG00000171488
LRRC8D	1	89820978	89936611	+	ENSG00000171492
ZNF326	1	89995110	90035533	+	ENSG00000162664
BARHL2	1	90711539	90717302	-	ENSG00000143032
ZNF644	1	90915298	91022376	-	ENSG00000122482
HFM1	1	91260766	91404856	-	ENSG00000162669
CDC7	1	91500535	91527360	+	ENSG00000097046
TGFBR3	1	91680343	91906335	-	ENSG00000069702
BRDT	1	91949343	92014426	+	ENSG00000137948
EPHX4	1	92029475	92063538	+	ENSG00000172031
SETSIP	1	92074533	92075411	-	ENSG00000230667
BTBD8	1	92080305	92184725	+	ENSG00000189195
C1orf146	1	92217915	92245813	+	ENSG00000203910
GLMN	1	92245788	92299009	-	ENSG00000174842
RPAP2	1	92299028	92402056	+	ENSG00000122484
GFI1	1	92472360	92486925	-	ENSG00000162676
EVI5	1	92508696	92792416	-	ENSG00000067208
RPL5	1	92831990	92841924	+	ENSG00000122406
DIPK1A	1	92832737	92961522	-	ENSG00000154511
MTF2	1	93079235	93139079	+	ENSG00000143033
TMED5	1	93149742	93180516	-	ENSG00000117500
CCDC18	1	93179895	93279048	+	ENSG00000122483
DR1	1	93345907	93369493	+	ENSG00000117505
FNBP1L	1	93448055	93554661	+	ENSG00000137942
BCAR3	1	93561741	93847488	-	ENSG00000137936
DNTTIP2	1	93866284	93879918	-	ENSG00000067334
GCLM	1	93885199	93909513	-	ENSG00000023909
ABCA4	1	93992834	94121148	-	ENSG00000198691
ARHGAP29	1	94148988	94275068	-	ENSG00000137962
ABCD3	1	94418242	94518666	+	ENSG00000117528
F3	1	94529173	94541851	-	ENSG00000117525
SLC44A3	1	94820278	94895246	+	ENSG00000143036
CNN3	1	94896949	94927696	-	ENSG00000117519
ALG14	1	94974405	95072951	-	ENSG00000172339
TLCD4	1	95117292	95197607	+	ENSG00000152078
TLCD4-RWDD3	1	95117923	95247225	+	ENSG00000271092
RWDD3	1	95234189	95247685	+	ENSG00000122481
PTBP2	1	96721573	96823738	+	ENSG00000117569
DPYD	1	97077743	97995000	-	ENSG00000188641
SNX7	1	98661672	98760504	+	ENSG00000162627
PLPPR5	1	98890245	99227929	-	ENSG00000117598
PLPPR4	1	99264292	99309590	+	ENSG00000117600
PALMD	1	99645499	99695178	+	ENSG00000099260
FRRS1	1	99703970	99766635	-	ENSG00000156869
AGL	1	99849777	99924024	+	ENSG00000162688
SLC35A3	1	99969351	100035634	+	ENSG00000117620
MFSD14A	1	100038076	100083945	+	ENSG00000156875
SASS6	1	100083563	100132955	-	ENSG00000156876
TRMT13	1	100133045	100150496	+	ENSG00000122435
LRRC39	1	100148424	100178267	-	ENSG00000122477
DBT	1	100182222	100249873	-	ENSG00000137992
RTCA	1	100266160	100292769	+	ENSG00000137996
CDC14A	1	100325629	100520277	+	ENSG00000079335
GPR88	1	100538139	100542021	+	ENSG00000181656
VCAM1	1	100719684	100739045	+	ENSG00000162692
EXTL2	1	100872372	100896000	-	ENSG00000162694
SLC30A7	1	100896061	100996260	+	ENSG00000162695
DPH5	1	100989623	101026110	-	ENSG00000117543
S1PR1	1	101235366	101243713	+	ENSG00000170989
OLFM3	1	101802560	101997020	-	ENSG00000118733
COL11A1	1	102876467	103108872	-	ENSG00000060718
RNPC3	1	103525675	103555239	+	ENSG00000185946
AMY2B	1	103553815	103579534	+	ENSG00000240038
AMY2A	1	103617427	103625780	+	ENSG00000243480
AMY1A	1	103650592	103664629	+	ENSG00000237763
AMY1B	1	103687415	103701064	-	ENSG00000174876
AMY1C	1	103745126	103758726	+	ENSG00000187733
PRMT6	1	107056674	107067636	+	ENSG00000198890
NTNG1	1	107140007	107484923	+	ENSG00000162631
VAV3	1	107571161	107965180	-	ENSG00000134215
SLC25A24	1	108134043	108200849	-	ENSG00000085491
NBPF4	1	108222464	108244081	-	ENSG00000196427
NBPF6	1	108450282	108471920	+	ENSG00000186086
EEIG2	1	108560036	108644900	+	ENSG00000162636
HENMT1	1	108648285	108661526	-	ENSG00000162639
PRPF38B	1	108692310	108702928	+	ENSG00000134186
FNDC7	1	108712907	108746052	+	ENSG00000143107
STXBP3	1	108746634	108809525	+	ENSG00000116266
AKNAD1	1	108815898	108963484	-	ENSG00000162641
GPSM2	1	108875350	108934545	+	ENSG00000121957
CLCC1	1	108881885	108963527	-	ENSG00000121940
WDR47	1	108970211	109042169	-	ENSG00000085433
TAF13	1	109062496	109076012	-	ENSG00000197780
TMEM167B	1	109090367	109096935	+	ENSG00000215717
CFAP276	1	109105951	109113857	-	ENSG00000179902
ELAPOR1	1	109113175	109206781	+	ENSG00000116299
SARS1	1	109213844	109238773	+	ENSG00000031698
CELSR2	1	109249539	109275751	+	ENSG00000143126
PSRC1	1	109279545	109284107	-	ENSG00000134222
MYBPHL	1	109292363	109307213	-	ENSG00000221986
SORT1	1	109309568	109397967	-	ENSG00000134243
PSMA5	1	109399042	109426471	-	ENSG00000143106
SYPL2	1	109466542	109482134	+	ENSG00000143028
ATXN7L2	1	109483479	109492812	+	ENSG00000162650
CYB561D1	1	109494052	109502932	+	ENSG00000174151
AMIGO1	1	109504178	109509738	-	ENSG00000181754
GPR61	1	109539872	109548406	+	ENSG00000156097
GNAI3	1	109548584	109600195	+	ENSG00000065135
GNAT2	1	109601407	109619929	-	ENSG00000134183
AMPD2	1	109616104	109632055	+	ENSG00000116337
GSTM4	1	109656099	109665496	+	ENSG00000168765
GSTM2	1	109667348	109709551	+	ENSG00000213366
GSTM1	1	109687340	109709039	+	ENSG00000134184
GSTM5	1	109711746	109775428	+	ENSG00000134201
GSTM3	1	109733932	109741038	-	ENSG00000134202
EPS8L3	1	109750078	109764062	-	ENSG00000198758
CSF1	1	109910242	109930993	+	ENSG00000184371
AHCYL1	1	109984765	110023742	+	ENSG00000168710
STRIP1	1	110031577	110074641	+	ENSG00000143093
ALX3	1	110059870	110070672	-	ENSG00000156150
UBL4B	1	110112443	110113947	+	ENSG00000186150
SLC6A17	1	110150494	110202202	+	ENSG00000197106
KCNC4	1	110210314	110283100	+	ENSG00000116396
RBM15	1	110338506	110346681	+	ENSG00000162775
SLC16A4	1	110362848	110391082	-	ENSG00000168679
LAMTOR5	1	110401249	110407942	-	ENSG00000134248
PROK1	1	110451149	110457358	+	ENSG00000143125
KCNA10	1	110517217	110519175	-	ENSG00000143105
KCNA2	1	110519837	110631474	-	ENSG00000177301
KCNA3	1	110653560	110674940	-	ENSG00000177272
CD53	1	110871176	110899936	+	ENSG00000143119
LRIF1	1	110946652	110963988	-	ENSG00000121931
DRAM2	1	111115884	111140225	-	ENSG00000156171
CEPT1	1	111139479	111185507	+	ENSG00000134255
DENND2D	1	111185969	111204535	-	ENSG00000162777
CHI3L2	1	111200771	111243440	+	ENSG00000064886
CHIA	1	111290851	111320566	+	ENSG00000134216
CIMAP3	1	111346600	111353013	+	ENSG00000173947
OVGP1	1	111414319	111427735	-	ENSG00000085465
WDR77	1	111439890	111449256	-	ENSG00000116455
ATP5PB	1	111448111	111465941	+	ENSG00000116459
C1orf162	1	111473792	111478512	+	ENSG00000143110
TMIGD3	1	111483348	111563962	-	ENSG00000121933
ADORA3	1	111499429	111503633	-	ENSG00000282608
RAP1A	1	111542218	111716691	+	ENSG00000116473
INKA2	1	111680630	111755824	-	ENSG00000197852
DDX20	1	111754832	111775602	+	ENSG00000064703
KCND3	1	111770662	111989668	-	ENSG00000171385
CTTNBP2NL	1	112396202	112463456	+	ENSG00000143079
WNT2B	1	112466541	112530165	+	ENSG00000134245
ST7L	1	112523487	112620825	-	ENSG00000007341
CAPZA1	1	112619173	112671616	+	ENSG00000116489
MOV10	1	112673141	112702383	+	ENSG00000155363
RHOC	1	112701127	112707845	-	ENSG00000155366
PPM1J	1	112709994	112715336	-	ENSG00000155367
TAFA3	1	112718905	112727235	+	ENSG00000184599
SLC16A1	1	112911847	112957593	-	ENSG00000155380
LRIG2	1	113073179	113132260	+	ENSG00000198799
MAGI3	1	113390501	113685923	+	ENSG00000081026
PHTF1	1	113696052	113759908	-	ENSG00000116793
RSBN1	1	113761832	113812476	-	ENSG00000081019
PTPN22	1	113813811	113871753	-	ENSG00000134242
BCL2L15	1	113876816	113887581	-	ENSG00000188761
AP4B1	1	113894194	113905722	-	ENSG00000134262
DCLRE1B	1	113904403	113914086	+	ENSG00000118655
HIPK1	1	113929324	113977869	+	ENSG00000163349
OLFML3	1	113979024	114035572	+	ENSG00000116774
SYT6	1	114089291	114153880	-	ENSG00000134207
TRIM33	1	114392781	114511244	-	ENSG00000197323
BCAS2	1	114567552	114581648	-	ENSG00000116752
DENND2C	1	114582848	114670451	-	ENSG00000175984
AMPD1	1	114673090	114695618	-	ENSG00000116748
NRAS	1	114704469	114716771	-	ENSG00000213281
CSDE1	1	114716913	114758704	-	ENSG00000009307
SIKE1	1	114769479	114780699	-	ENSG00000052723
SYCP1	1	114854863	114995370	+	ENSG00000198765
TSHB	1	115029826	115034302	+	ENSG00000134200
TSPAN2	1	115048011	115089503	-	ENSG00000134198
NGF	1	115285904	115338770	-	ENSG00000134259
VANGL1	1	115641854	115698224	+	ENSG00000173218
CASQ2	1	115698038	115837921	-	ENSG00000118729
NHLH2	1	115836377	115843917	-	ENSG00000177551
SLC22A15	1	115976477	116070054	+	ENSG00000163393
MAB21L3	1	116111399	116138149	+	ENSG00000173212
ATP1A1	1	116372668	116410261	+	ENSG00000163399
CD58	1	116514534	116571039	-	ENSG00000116815
IGSF3	1	116574399	116667820	-	ENSG00000143061
CD2	1	116754370	116769229	+	ENSG00000116824
PTGFRN	1	116909894	116990358	+	ENSG00000134247
CD101	1	117001721	117036552	+	ENSG00000134256
TTF2	1	117060294	117107453	+	ENSG00000116830
TRIM45	1	117111060	117122587	-	ENSG00000134253
VTCN1	1	117143587	117210960	-	ENSG00000134258
MAN1A2	1	117367449	117528872	+	ENSG00000198162
TENT5C	1	117606048	117628389	+	ENSG00000183508
GDAP2	1	117863485	117929662	-	ENSG00000196505
WDR3	1	117929063	117966543	+	ENSG00000065183
SPAG17	1	117953590	118185228	-	ENSG00000155761
TBX15	1	118883046	118989556	-	ENSG00000092607
WARS2	1	119030284	119140673	-	ENSG00000116874
HAO2	1	119368727	119394258	+	ENSG00000116882
HSD3B2	1	119413725	119423035	+	ENSG00000203859
HSD3B1	1	119507198	119515054	+	ENSG00000203857
ZNF697	1	119619377	119648454	-	ENSG00000143067
PHGDH	1	119648411	119744227	+	ENSG00000092621
HMGCS2	1	119747979	119769092	-	ENSG00000134240
REG4	1	119794017	119811580	-	ENSG00000134193
ADAM30	1	119893533	119896515	-	ENSG00000134249
NOTCH2	1	119911553	120100779	-	ENSG00000134250
SEC22B	1	120150898	120176520	-	ENSG00000265808
NBPF8	1	120415035	120469676	+	ENSG00000270231
NOTCH2NLR	1	120723912	120794851	+	ENSG00000286106
NBPF26	1	120723945	120842229	+	ENSG00000273136
PPIAL4A	1	120889771	120890530	+	ENSG00000263353
FAM72B	1	121167646	121185539	-	ENSG00000188610
SRGAP2C	1	121184811	121392874	+	ENSG00000171943
H3-7	1	143894544	143905977	-	ENSG00000273213
FAM72C	1	143955287	143971986	-	ENSG00000263513
PPIAL4E	1	144372875	144373634	-	ENSG00000271567
NBPF15	1	144421390	144461676	-	ENSG00000266338
PPIAL4F	1	144592893	144593652	+	ENSG00000279782
SRGAP2B	1	144887191	145095528	-	ENSG00000196369
FAM72D	1	145095971	145112696	+	ENSG00000215784
PPIAL4D	1	145241415	145242174	-	ENSG00000289549
NBPF20	1	145289900	145425603	-	ENSG00000162825
GPR89A	1	145607982	145670980	+	ENSG00000117262
PDZK1	1	145670848	145708148	-	ENSG00000174827
CD160	1	145719443	145740760	+	ENSG00000117281
RNF115	1	145738868	145824095	-	ENSG00000265491
POLR3C	1	145823959	145844721	+	ENSG00000186141
NUDT17	1	145845603	145848954	+	ENSG00000186364
PIAS3	1	145848521	145859836	-	ENSG00000131788
ANKRD35	1	145866560	145886088	-	ENSG00000198483
ITGA10	1	145891206	145910111	-	ENSG00000143127
PEX11B	1	145911349	145918730	-	ENSG00000131779
RBM8A	1	145921065	145928067	-	ENSG00000265241
LIX1L	1	145933423	145958017	-	ENSG00000271601
ANKRD34A	1	145959441	145964575	-	ENSG00000272031
POLR3GL	1	145964690	145978848	+	ENSG00000121851
TXNIP	1	145992435	145996580	-	ENSG00000265972
HJV	1	146017468	146036746	-	ENSG00000168509
NBPF10	1	146064711	146229000	-	ENSG00000271425
NOTCH2NLA	1	146145929	146229073	-	ENSG00000264343
PPIAL4H	1	146344006	146344765	-	ENSG00000270339
NBPF12	1	146938324	146996202	+	ENSG00000268043
PRKAB2	1	147155106	147173716	-	ENSG00000131791
FMO5	1	147175351	147243050	-	ENSG00000131781
CHD1L	1	147242643	147295767	+	ENSG00000131778
BCL9	1	147541501	147626216	+	ENSG00000116128
ACP6	1	147629652	147670531	-	ENSG00000162836
GJA5	1	147756199	147773362	-	ENSG00000265107
GJA8	1	147902795	147909269	+	ENSG00000121634
GPR89B	1	147928393	147993592	+	ENSG00000188092
NBPF11	1	148102042	148152342	-	ENSG00000263956
PPIAL4G	1	148482548	148483302	-	ENSG00000236334
NBPF14	1	148531385	148679742	-	ENSG00000270629
NOTCH2NLB	1	148597331	148679746	-	ENSG00000286019
NUDT4B	1	148748774	148752415	+	ENSG00000177144
PDE4DIP	1	148808140	149048286	+	ENSG00000178104
NBPF9	1	149052186	149103591	-	ENSG00000269713
NOTCH2NLC	1	149390621	149471833	+	ENSG00000286219
NBPF19	1	149475045	149556361	+	ENSG00000271383
PPIAL4C	1	149583848	149584607	+	ENSG00000288867
FCGR1A	1	149782650	149792526	+	ENSG00000150337
H2BC18	1	149782689	149812373	-	ENSG00000203814
H3C13	1	149813225	149813693	-	ENSG00000183598
H4C14	1	149832657	149839767	+	ENSG00000270882
H3C14	1	149840687	149841208	-	ENSG00000203811
H2AC18	1	149842218	149842750	-	ENSG00000288825
H2AC19	1	149851061	149851652	+	ENSG00000288859
H3C15	1	149852608	149853125	+	ENSG00000203852
H4C15	1	149854045	149861159	-	ENSG00000270276
H2BC21	1	149884459	149886682	-	ENSG00000184678
H2AC20	1	149886918	149887411	+	ENSG00000184260
H2AC21	1	149887469	149887965	-	ENSG00000184270
BOLA1	1	149887890	149900798	+	ENSG00000178096
SV2A	1	149903318	149918572	-	ENSG00000159164
SF3B4	1	149923317	149927803	-	ENSG00000143368
MTMR11	1	149928651	149937523	-	ENSG00000014914
OTUD7B	1	149937812	150010758	-	ENSG00000264522
VPS45	1	150067279	150145329	+	ENSG00000136631
PLEKHO1	1	150149183	150164720	+	ENSG00000023902
ANP32E	1	150218417	150236202	-	ENSG00000143401
CA14	1	150257251	150265078	+	ENSG00000118298
APH1A	1	150265399	150269580	-	ENSG00000117362
C1orf54	1	150268034	150281735	+	ENSG00000118292
CIART	1	150282543	150287093	+	ENSG00000159208
MRPS21	1	150293854	150308981	+	ENSG00000266472
PRPF3	1	150321479	150353233	+	ENSG00000117360
RPRD2	1	150363091	150476566	+	ENSG00000163125
TARS2	1	150487325	150507613	+	ENSG00000143374
ECM1	1	150507989	150513789	+	ENSG00000143369
ADAMTSL4	1	150549369	150560937	+	ENSG00000143382
MCL1	1	150560895	150579738	-	ENSG00000143384
ENSA	1	150600851	150629612	-	ENSG00000143420
GOLPH3L	1	150646228	150697219	-	ENSG00000143457
HORMAD1	1	150698060	150720895	-	ENSG00000143452
CTSS	1	150730079	150765957	-	ENSG00000163131
CTSK	1	150794880	150809577	-	ENSG00000143387
ARNT	1	150808617	150876771	-	ENSG00000143437
CTXND2	1	150887136	150913292	+	ENSG00000283324
SETDB1	1	150926263	150964744	+	ENSG00000143379
CERS2	1	150960583	150977396	-	ENSG00000143418
ANXA9	1	150981321	150996077	+	ENSG00000143412
MINDY1	1	150995125	151008376	-	ENSG00000143409
PRUNE1	1	151008420	151035713	+	ENSG00000143363
BNIPL	1	151036321	151047720	+	ENSG00000163141
C1orf56	1	151047751	151051986	+	ENSG00000143443
CDC42SE1	1	151050971	151070325	-	ENSG00000197622
MLLT11	1	151057871	151069544	+	ENSG00000213190
GABPB2	1	151070514	151125542	+	ENSG00000143458
SEMA6C	1	151131685	151147813	-	ENSG00000143434
TNFAIP8L2	1	151156621	151160255	+	ENSG00000163154
SCNM1	1	151156664	151170296	+	ENSG00000163156
LYSMD1	1	151159748	151165948	-	ENSG00000163155
TMOD4	1	151169984	151176284	-	ENSG00000163157
VPS72	1	151176304	151195321	-	ENSG00000163159
PIP5K1A	1	151197949	151249538	+	ENSG00000143398
PSMD4	1	151254709	151267479	+	ENSG00000159352
ZNF687	1	151281502	151292180	+	ENSG00000143373
PI4KB	1	151291792	151328394	-	ENSG00000143393
RFX5	1	151340640	151347339	-	ENSG00000143390
SELENBP1	1	151364302	151372716	-	ENSG00000143416
PSMB4	1	151399556	151401941	+	ENSG00000159377
POGZ	1	151402724	151459494	-	ENSG00000143442
CGN	1	151510139	151538692	+	ENSG00000143375
TUFT1	1	151540305	151583583	+	ENSG00000143367
SNX27	1	151612006	151699091	+	ENSG00000143376
CELF3	1	151700058	151716803	-	ENSG00000159409
RIIAD1	1	151710433	151729805	+	ENSG00000178796
MRPL9	1	151759647	151763496	-	ENSG00000143436
OAZ3	1	151762899	151771334	+	ENSG00000143450
TDRKH	1	151769799	151791416	-	ENSG00000182134
LINGO4	1	151800264	151805419	-	ENSG00000213171
RORC	1	151806071	151831845	-	ENSG00000143365
C2CD4D	1	151837818	151840557	-	ENSG00000225556
THEM5	1	151847101	151853712	-	ENSG00000196407
THEM4	1	151870866	151909637	-	ENSG00000159445
S100A10	1	151982903	151993859	-	ENSG00000197747
S100A11	1	152032504	152047907	-	ENSG00000163191
TCHHL1	1	152084141	152089064	-	ENSG00000182898
TCHH	1	152106317	152115444	-	ENSG00000159450
RPTN	1	152153595	152159228	-	ENSG00000215853
HRNR	1	152212076	152224193	-	ENSG00000197915
FLG	1	152302165	152325239	-	ENSG00000143631
FLG2	1	152348735	152360006	-	ENSG00000143520
CRNN	1	152409243	152414263	-	ENSG00000143536
LCE5A	1	152510803	152512177	+	ENSG00000186207
CRCT1	1	152514482	152516008	+	ENSG00000169509
LCE3E	1	152565654	152566780	-	ENSG00000185966
LCE3D	1	152579381	152580516	-	ENSG00000163202
LCE3C	1	152600234	152601086	+	ENSG00000244057
LCE3B	1	152613811	152614098	+	ENSG00000187238
LCE3A	1	152622834	152623103	-	ENSG00000185962
LCE2D	1	152663380	152664659	+	ENSG00000187223
LCE2C	1	152675279	152676569	+	ENSG00000187180
LCE2B	1	152686123	152687397	+	ENSG00000159455
LCE2A	1	152698345	152699442	+	ENSG00000187173
LCE4A	1	152708160	152709434	+	ENSG00000187170
KPLCE	1	152719522	152720470	+	ENSG00000198854
KPRP	1	152758025	152762056	+	ENSG00000203786
LCE1F	1	152775140	152777024	+	ENSG00000240386
LCE1E	1	152786214	152788426	+	ENSG00000186226
LCE1D	1	152796721	152798181	+	ENSG00000172155
LCE1C	1	152804832	152806651	-	ENSG00000197084
LCE1B	1	152811971	152813108	+	ENSG00000196734
LCE1A	1	152827473	152828097	+	ENSG00000186844
LCE6A	1	152842856	152843983	+	ENSG00000235942
LCE7A	1	152859996	152861252	+	ENSG00000285946
SMCP	1	152878322	152885047	+	ENSG00000163206
IVL	1	152908546	152911886	+	ENSG00000163207
SPRR5	1	152947206	152949255	+	ENSG00000283227
SPRR4	1	152970648	152972574	+	ENSG00000184148
SPRR1A	1	152984081	152985814	+	ENSG00000169474
SPRR3	1	153001747	153003856	+	ENSG00000163209
SPRR1B	1	153031203	153032900	+	ENSG00000169469
SPRR2D	1	153039732	153041931	-	ENSG00000163216
SPRR2A	1	153056120	153057512	-	ENSG00000241794
SPRR2B	1	153070226	153071611	-	ENSG00000196805
SPRR2E	1	153093135	153106184	-	ENSG00000203785
SPRR2F	1	153112121	153113516	-	ENSG00000244094
SPRR2G	1	153149582	153150890	-	ENSG00000159516
LELP1	1	153203430	153205120	+	ENSG00000203784
PRR9	1	153217584	153219310	+	ENSG00000203783
LORICRIN	1	153259687	153262124	+	ENSG00000203782
PGLYRP3	1	153297116	153312952	-	ENSG00000159527
PGLYRP4	1	153330120	153348841	-	ENSG00000163218
S100A9	1	153357767	153361027	+	ENSG00000163220
S100A12	1	153373711	153375621	-	ENSG00000163221
S100A8	1	153390032	153391142	-	ENSG00000143546
S100A7A	1	153416520	153423222	+	ENSG00000184330
S100A7	1	153457744	153460651	-	ENSG00000143556
S100A6	1	153534591	153536549	-	ENSG00000197956
S100A5	1	153537147	153541765	-	ENSG00000196420
S100A4	1	153543613	153550136	-	ENSG00000196154
S100A3	1	153547329	153550151	-	ENSG00000188015
S100A2	1	153560950	153568674	-	ENSG00000196754
S100A16	1	153606882	153614012	-	ENSG00000188643
S100A14	1	153614255	153616996	-	ENSG00000189334
S100A13	1	153618612	153634442	-	ENSG00000189171
S100A1	1	153627926	153632044	+	ENSG00000160678
CHTOP	1	153633982	153646306	+	ENSG00000160679
SNAPIN	1	153658696	153663930	+	ENSG00000143553
ILF2	1	153661788	153671028	-	ENSG00000143621
NPR1	1	153677965	153694110	+	ENSG00000169418
INTS3	1	153728050	153774808	+	ENSG00000143624
SLC27A3	1	153774354	153780158	+	ENSG00000143554
GATAD2B	1	153789030	153923360	-	ENSG00000143614
DENND4B	1	153928864	153946744	-	ENSG00000198837
CRTC2	1	153947669	153958634	-	ENSG00000160741
SLC39A1	1	153959099	153968667	-	ENSG00000143570
CREB3L4	1	153963719	153974364	+	ENSG00000143578
JTB	1	153974269	153977674	-	ENSG00000143543
RAB13	1	153981617	153986377	-	ENSG00000143545
RPS27	1	153990749	153992333	+	ENSG00000177954
NUP210L	1	153992690	154155116	-	ENSG00000143552
TPM3	1	154155308	154194648	-	ENSG00000143549
CFAP141	1	154199085	154206333	-	ENSG00000163263
C1orf43	1	154206668	154220681	-	ENSG00000143612
UBAP2L	1	154220179	154271510	+	ENSG00000143569
HAX1	1	154269393	154275882	+	ENSG00000143575
AQP10	1	154321090	154325325	+	ENSG00000143595
ATP8B2	1	154325520	154351307	+	ENSG00000143515
IL6R	1	154405193	154469450	+	ENSG00000160712
SHE	1	154469772	154502472	-	ENSG00000169291
TDRD10	1	154502219	154548147	+	ENSG00000163239
UBE2Q1	1	154548550	154559028	-	ENSG00000160714
CHRNB2	1	154567778	154580013	+	ENSG00000160716
ADAR	1	154581695	154628013	-	ENSG00000160710
KCNN3	1	154697455	154870281	-	ENSG00000143603
PMVK	1	154924732	154937008	-	ENSG00000163344
PBXIP1	1	154944059	154956451	-	ENSG00000163346
PYGO2	1	154957026	154963853	-	ENSG00000163348
SHC1	1	154962284	154974395	-	ENSG00000160691
CKS1B	1	154974641	154979251	+	ENSG00000173207
FLAD1	1	154983338	154993111	+	ENSG00000160688
LENEP	1	154993586	154994315	+	ENSG00000163352
ZBTB7B	1	155002543	155018525	+	ENSG00000160685
DCST2	1	155018520	155033781	-	ENSG00000163354
DCST1	1	155033824	155050930	+	ENSG00000163357
ADAM15	1	155050566	155062780	+	ENSG00000143537
EFNA4	1	155063737	155069553	+	ENSG00000243364
EFNA4-EFNA3	1	155063748	155086807	+	ENSG00000251246
EFNA3	1	155078823	155087538	+	ENSG00000143590
EFNA1	1	155127876	155134899	+	ENSG00000169242
SLC50A1	1	155135344	155138857	+	ENSG00000169241
DPM3	1	155139886	155140595	-	ENSG00000179085
KRTCAP2	1	155169408	155173475	-	ENSG00000163463
TRIM46	1	155173787	155184971	+	ENSG00000163462
MUC1	1	155185824	155192916	-	ENSG00000185499
THBS3	1	155195587	155209051	-	ENSG00000169231
MTX1	1	155208695	155213824	+	ENSG00000173171
GBA1	1	155234447	155245178	-	ENSG00000177628
ENTREP3	1	155247205	155255795	-	ENSG00000160767
SCAMP3	1	155255979	155262433	-	ENSG00000116521
CLK2	1	155262868	155278491	-	ENSG00000176444
HCN3	1	155277328	155289848	+	ENSG00000143630
PKLR	1	155289293	155301438	-	ENSG00000143627
FDPS	1	155304786	155320666	+	ENSG00000160752
RUSC1	1	155320739	155331118	+	ENSG00000160753
ASH1L	1	155335268	155563162	-	ENSG00000116539
MSTO1	1	155563235	155616511	+	ENSG00000125459
YY1AP1	1	155659446	155689334	-	ENSG00000163374
DAP3	1	155687833	155739014	+	ENSG00000132676
GON4L	1	155749659	155859400	-	ENSG00000116580
SYT11	1	155859449	155885199	+	ENSG00000132718
RIT1	1	155897808	155911408	-	ENSG00000143622
KHDC4	1	155913043	155934413	-	ENSG00000132680
RXFP4	1	155941638	155943087	+	ENSG00000173080
ARHGEF2	1	155946851	156007070	-	ENSG00000116584
SSR2	1	156009041	156020968	-	ENSG00000163479
UBQLN4	1	156035299	156053798	-	ENSG00000160803
LAMTOR2	1	156054738	156058510	+	ENSG00000116586
RAB25	1	156061148	156070514	+	ENSG00000132698
MEX3A	1	156072013	156082465	-	ENSG00000254726
LMNA	1	156082572	156140081	+	ENSG00000160789
SEMA4A	1	156147366	156178869	+	ENSG00000196189
SLC25A44	1	156193932	156212796	+	ENSG00000160785
PMF1-BGLAP	1	156212982	156243332	+	ENSG00000260238
PMF1	1	156212989	156240423	+	ENSG00000160783
BGLAP	1	156242184	156243317	+	ENSG00000242252
PAQR6	1	156243320	156248117	-	ENSG00000160781
SMG5	1	156249223	156282844	-	ENSG00000198952
TMEM79	1	156282935	156293185	+	ENSG00000163472
GLMP	1	156290089	156295689	-	ENSG00000198715
VHLL	1	156298624	156299307	-	ENSG00000189030
CCT3	1	156308960	156367873	-	ENSG00000163468
TSACC	1	156337314	156346995	+	ENSG00000163467
RHBG	1	156369209	156385219	+	ENSG00000132677
MEF2D	1	156463727	156501266	-	ENSG00000116604
IQGAP3	1	156525405	156572604	-	ENSG00000183856
TTC24	1	156579723	156587719	+	ENSG00000187862
NAXE	1	156591743	156609507	+	ENSG00000163382
GPATCH4	1	156594301	156601496	-	ENSG00000160818
HAPLN2	1	156619331	156626361	+	ENSG00000132702
BCAN	1	156641390	156659532	+	ENSG00000132692
NES	1	156668763	156677407	-	ENSG00000132688
CRABP2	1	156699597	156708094	-	ENSG00000143320
ISG20L2	1	156720796	156728766	-	ENSG00000143319
METTL25B	1	156728442	156736960	+	ENSG00000143303
MRPL24	1	156737294	156741590	-	ENSG00000143314
HDGF	1	156742109	156766925	-	ENSG00000143321
PRCC	1	156750610	156800817	+	ENSG00000143294
SH2D2A	1	156806235	156817014	-	ENSG00000027869
NTRK1	1	156815636	156881850	+	ENSG00000198400
INSRR	1	156840063	156859117	-	ENSG00000027644
PEAR1	1	156893666	156916432	+	ENSG00000187800
LRRC71	1	156920631	156933094	+	ENSG00000160838
ARHGEF11	1	156934840	157046903	-	ENSG00000132694
ETV3L	1	157092043	157117877	-	ENSG00000253831
ETV3	1	157121191	157138474	-	ENSG00000117036
FCRL5	1	157513377	157552515	-	ENSG00000143297
FCRL4	1	157573747	157598085	-	ENSG00000163518
FCRL3	1	157674321	157700901	-	ENSG00000160856
FCRL2	1	157745733	157777269	-	ENSG00000132704
FCRL1	1	157792249	157820183	-	ENSG00000163534
CD5L	1	157830911	157898256	-	ENSG00000073754
KIRREL1	1	157993273	158100262	+	ENSG00000183853
SMIM42	1	158127287	158128301	-	ENSG00000288460
CD1D	1	158178015	158186427	+	ENSG00000158473
CD1A	1	158254424	158258269	+	ENSG00000158477
CD1C	1	158289923	158294774	+	ENSG00000158481
CD1B	1	158327951	158331531	-	ENSG00000158485
CD1E	1	158353696	158357553	+	ENSG00000158488
OR10T2	1	158398522	158399466	-	ENSG00000186306
OR10K2	1	158418210	158426237	-	ENSG00000180708
OR10K1	1	158461574	158470857	+	ENSG00000173285
OR10R2	1	158472220	158480936	+	ENSG00000198965
OR6Y1	1	158544550	158554405	-	ENSG00000197532
OR6P1	1	158560606	158570580	-	ENSG00000186440
OR10X1	1	158578919	158579899	-	ENSG00000279111
OR10Z1	1	158605268	158612514	+	ENSG00000198967
SPTA1	1	158610704	158686715	-	ENSG00000163554
OR6K2	1	158699678	158700652	-	ENSG00000196171
OR6K3	1	158716327	158720720	-	ENSG00000203757
OR6N1	1	158747814	158772195	-	ENSG00000197403
OR6K6	1	158754720	158755891	+	ENSG00000180433
OR6N2	1	158774222	158781204	-	ENSG00000188340
MNDA	1	158831332	158849506	+	ENSG00000163563
PYHIN1	1	158930796	158977059	+	ENSG00000163564
IFI16	1	158999953	159055156	+	ENSG00000163565
PYDC5	1	158999971	159002751	-	ENSG00000289721
AIM2	1	159056129	159188222	-	ENSG00000163568
CADM3	1	159171609	159203313	+	ENSG00000162706
ACKR1	1	159204568	159206500	+	ENSG00000213088
FCER1A	1	159289714	159308224	+	ENSG00000179639
OR10J3	1	159313720	159314659	-	ENSG00000196266
OR10J4	1	159432204	159433138	+	ENSG00000249730
OR10J1	1	159437845	159443078	+	ENSG00000196184
OR10J5	1	159535078	159536007	-	ENSG00000184155
APCS	1	159587826	159588865	+	ENSG00000132703
CRP	1	159712289	159714589	-	ENSG00000132693
DUSP23	1	159780932	159782543	+	ENSG00000158716
FCRL6	1	159800511	159816262	+	ENSG00000181036
SLAMF8	1	159826693	159837492	+	ENSG00000158714
VSIG8	1	159854316	159862657	-	ENSG00000243284
CFAP45	1	159872364	159900165	-	ENSG00000213085
TAGLN2	1	159918107	159925525	-	ENSG00000158710
IGSF9	1	159927039	159949468	-	ENSG00000085552
SLAMF9	1	159951492	159954237	-	ENSG00000162723
KCNJ10	1	159998651	160070483	-	ENSG00000177807
PIGM	1	160024953	160031990	-	ENSG00000143315
KCNJ9	1	160081501	160090563	+	ENSG00000162728
IGSF8	1	160091340	160101109	-	ENSG00000162729
ATP1A2	1	160115758	160143595	+	ENSG00000018625
ATP1A4	1	160151586	160186980	+	ENSG00000132681
CASQ1	1	160190385	160201886	+	ENSG00000143318
PEA15	1	160205335	160215404	+	ENSG00000162734
DCAF8	1	160215715	160263388	-	ENSG00000132716
PEX19	1	160276807	160286348	-	ENSG00000162735
COPA	1	160288594	160343566	-	ENSG00000122218
NCSTN	1	160343294	160358957	+	ENSG00000162736
NHLH1	1	160367071	160372846	+	ENSG00000171786
VANGL2	1	160400564	160428678	+	ENSG00000162738
SLAMF6	1	160485030	160523273	-	ENSG00000162739
CD84	1	160541095	160579516	-	ENSG00000066294
SLAMF1	1	160608100	160647044	-	ENSG00000117090
CD48	1	160678746	160711831	-	ENSG00000117091
SLAMF7	1	160739057	160754821	+	ENSG00000026751
LY9	1	160796074	160828483	+	ENSG00000122224
CD244	1	160830160	160862904	-	ENSG00000122223
ITLN1	1	160876539	160893012	-	ENSG00000179914
ITLN2	1	160944266	160954889	-	ENSG00000158764
F11R	1	160995211	161023123	-	ENSG00000158769
TSTD1	1	161037631	161038977	-	ENSG00000215845
USF1	1	161039249	161045977	-	ENSG00000158773
ARHGAP30	1	161046946	161069970	-	ENSG00000186517
NECTIN4	1	161070988	161090045	-	ENSG00000143217
KLHDC9	1	161098361	161100346	+	ENSG00000162755
PFDN2	1	161100556	161118069	-	ENSG00000143256
NIT1	1	161118082	161125445	+	ENSG00000158793
DEDD	1	161120973	161133280	-	ENSG00000158796
UFC1	1	161152776	161158856	+	ENSG00000143222
USP21	1	161159450	161165723	+	ENSG00000143258
PPOX	1	161165837	161178013	+	ENSG00000143224
B4GALT3	1	161171306	161178652	-	ENSG00000158850
ADAMTS4	1	161184302	161200509	-	ENSG00000158859
NDUFS2	1	161197104	161214723	+	ENSG00000158864
FCER1G	1	161215234	161220699	+	ENSG00000158869
APOA2	1	161222290	161224305	-	ENSG00000158874
TOMM40L	1	161225939	161233754	+	ENSG00000158882
NR1I3	1	161229666	161238262	-	ENSG00000143257
PCP4L1	1	161258136	161285450	+	ENSG00000248485
MPZ	1	161304735	161309968	-	ENSG00000158887
SDHC	1	161314381	161363206	+	ENSG00000143252
CFAP126	1	161364733	161367885	-	ENSG00000188931
FCGR2A	1	161505415	161524013	+	ENSG00000143226
HSPA6	1	161524540	161526894	+	ENSG00000173110
FCGR3A	1	161541759	161550968	-	ENSG00000203747
FCGR2C	1	161581339	161605662	+	ENSG00000244682
FCGR3B	1	161623196	161631963	-	ENSG00000162747
FCGR2B	1	161662803	161679490	+	ENSG00000072694
FCRLA	1	161706958	161714352	+	ENSG00000132185
FCRLB	1	161721544	161728143	+	ENSG00000162746
DUSP12	1	161749758	161757238	+	ENSG00000081721
ATF6	1	161766261	161977574	+	ENSG00000118217
OLFML2B	1	161983192	162023869	-	ENSG00000162745
NOS1AP	1	162069691	162370475	+	ENSG00000198929
SPATA46	1	162373203	162376874	-	ENSG00000171722
C1orf226	1	162378841	162386812	+	ENSG00000239887
SH2D1B	1	162395268	162412138	-	ENSG00000198574
UHMK1	1	162497251	162529631	+	ENSG00000152332
UAP1	1	162561481	162601259	+	ENSG00000117143
DDR2	1	162630863	162787405	+	ENSG00000162733
HSD17B7	1	162790702	162812823	+	ENSG00000132196
CCDC190	1	162824458	162868957	-	ENSG00000185860
RGS4	1	163068775	163076802	+	ENSG00000117152
RGS5	1	163111121	163321791	-	ENSG00000143248
NUF2	1	163266576	163355766	+	ENSG00000143228
PBX1	1	164555584	164899296	+	ENSG00000185630
LMX1A	1	165201867	165356715	-	ENSG00000162761
RXRG	1	165400922	165445355	-	ENSG00000143171
LRRC52	1	165544000	165563957	+	ENSG00000162763
MGST3	1	165630874	165661796	+	ENSG00000143198
ALDH9A1	1	165662216	165698597	-	ENSG00000143149
TMCO1	1	165724293	165827755	-	ENSG00000143183
UCK2	1	165827586	165911618	+	ENSG00000143179
FAM78B	1	166057426	166167001	-	ENSG00000188859
POGK	1	166839314	166860347	+	ENSG00000143157
TADA1	1	166856510	166876360	-	ENSG00000152382
ILDR2	1	166895711	166975540	-	ENSG00000143195
MAEL	1	166975582	167022214	+	ENSG00000143194
GPA33	1	167048289	167166479	-	ENSG00000143167
STYXL2	1	167094075	167129165	+	ENSG00000198842
POU2F1	1	167220876	167427345	+	ENSG00000143190
CD247	1	167425027	167518640	-	ENSG00000198821
CREG1	1	167529117	167553822	-	ENSG00000143162
RCSD1	1	167629660	167708706	+	ENSG00000198771
MPZL1	1	167721192	167791919	+	ENSG00000197965
ADCY10	1	167809386	167914215	-	ENSG00000143199
MPC2	1	167916675	167937502	-	ENSG00000143158
DCAF6	1	167935783	168076223	+	ENSG00000143164
GPR161	1	168079542	168137685	-	ENSG00000143147
TIPRL	1	168178918	168202114	+	ENSG00000143155
SFT2D2	1	168225938	168253021	+	ENSG00000213064
TBX19	1	168280877	168314426	+	ENSG00000143178
XCL2	1	168540768	168543997	-	ENSG00000143185
XCL1	1	168576605	168582069	+	ENSG00000143184
DPT	1	168695457	168729206	-	ENSG00000143196
ATP1B1	1	169105697	169310992	+	ENSG00000143153
NME7	1	169132531	169367948	-	ENSG00000143156
BLZF1	1	169367970	169396540	+	ENSG00000117475
CCDC181	1	169394870	169460669	-	ENSG00000117477
SLC19A2	1	169463909	169485944	-	ENSG00000117479
F5	1	169511951	169586588	-	ENSG00000198734
SELP	1	169588421	169630193	-	ENSG00000174175
FIRRM	1	169662007	169855456	+	ENSG00000000460
SELL	1	169690665	169712202	-	ENSG00000188404
SELE	1	169722640	169764705	-	ENSG00000007908
METTL18	1	169792529	169794991	-	ENSG00000171806
SCYL3	1	169846981	169894267	-	ENSG00000000457
KIFAP3	1	169921326	170085208	-	ENSG00000075945
NTMT2	1	170145959	170168866	+	ENSG00000203740
GORAB	1	170531819	170553834	+	ENSG00000120370
PRRX1	1	170662728	170739421	+	ENSG00000116132
MROH9	1	170935429	171064765	+	ENSG00000117501
FMO3	1	171085113	171118675	+	ENSG00000007933
FMO2	1	171185249	171212686	+	ENSG00000094963
FMO1	1	171248471	171285978	+	ENSG00000010932
FMO4	1	171314091	171343741	+	ENSG00000076258
PRRC2C	1	171485530	171593511	+	ENSG00000117523
MYOCOS	1	171600621	171638799	+	ENSG00000283683
MYOC	1	171635417	171652688	-	ENSG00000034971
VAMP4	1	171700160	171743206	-	ENSG00000117533
METTL13	1	171781660	171814023	+	ENSG00000010165
DNM3	1	171817887	172418466	+	ENSG00000197959
PIGC	1	172370189	172444148	-	ENSG00000135845
C1orf105	1	172420685	172468831	+	ENSG00000180999
SUCO	1	172532349	172611833	+	ENSG00000094975
FASLG	1	172659102	172666876	+	ENSG00000117560
TNFSF18	1	173039202	173050941	-	ENSG00000120337
TNFSF4	1	173162645	173477583	-	ENSG00000117586
PRDX6	1	173476814	173489064	+	ENSG00000117592
SLC9C2	1	173500460	173603072	-	ENSG00000162753
ANKRD45	1	173608336	173669851	-	ENSG00000183831
TEX50	1	173635338	173637130	+	ENSG00000232113
KLHL20	1	173714919	173786820	+	ENSG00000076321
CENPL	1	173799550	173824883	-	ENSG00000120334
DARS2	1	173824540	173858808	+	ENSG00000117593
ZBTB37	1	173868082	173903547	+	ENSG00000185278
SERPINC1	1	173903519	173917543	-	ENSG00000117601
RC3H1	1	173931084	174022357	-	ENSG00000135870
RABGAP1L	1	174159410	174995308	+	ENSG00000152061
GPR52	1	174447964	174449545	+	ENSG00000203737
CACYBP	1	174999163	175012027	+	ENSG00000116161
MRPS14	1	175010789	175023432	-	ENSG00000120333
TNN	1	175067509	175148075	+	ENSG00000120332
KIAA0040	1	175156986	175193265	-	ENSG00000235750
TNR	1	175315194	175743595	-	ENSG00000116147
COP1	1	175944828	176207510	-	ENSG00000143207
PAPPA2	1	176463171	176845601	+	ENSG00000116183
ASTN1	1	176857302	177164973	-	ENSG00000152092
BRINP2	1	177170890	177282422	+	ENSG00000198797
SEC16B	1	177923956	177984303	-	ENSG00000120341
RASAL2	1	178093768	178484147	+	ENSG00000075391
CLEC20A	1	178479240	178499634	-	ENSG00000188585
TEX35	1	178513109	178548602	+	ENSG00000240021
RALGPS2	1	178725165	178921842	+	ENSG00000116191
ANGPTL1	1	178849535	178872204	-	ENSG00000116194
FAM20B	1	179025804	179076567	+	ENSG00000116199
TOR3A	1	179081854	179098023	+	ENSG00000186283
ABL2	1	179099330	179229684	-	ENSG00000143322
SOAT1	1	179293440	179358680	+	ENSG00000057252
AXDND1	1	179365720	179554735	+	ENSG00000162779
NPHS2	1	179550494	179575952	-	ENSG00000116218
TDRD5	1	179591613	179691272	+	ENSG00000162782
FAM163A	1	179743291	179817055	+	ENSG00000143340
TOR1AIP2	1	179839967	179883034	-	ENSG00000169905
TOR1AIP1	1	179882042	179920077	+	ENSG00000143337
CEP350	1	179954674	180114880	+	ENSG00000135837
QSOX1	1	180154869	180204030	+	ENSG00000116260
LHX4	1	180230188	180278984	+	ENSG00000121454
ACBD6	1	180269653	180502954	-	ENSG00000230124
XPR1	1	180632016	180890279	+	ENSG00000143324
KIAA1614	1	180912897	180951614	+	ENSG00000135835
STX6	1	180972712	181023121	-	ENSG00000135823
MR1	1	181033374	181061938	+	ENSG00000153029
IER5	1	181088700	181092900	+	ENSG00000162783
CACNA1E	1	181317690	181813262	+	ENSG00000198216
ZNF648	1	182054570	182061712	-	ENSG00000179930
GLUL	1	182378098	182392206	-	ENSG00000135821
TEDDM1	1	182398117	182400667	-	ENSG00000203730
RGSL1	1	182409192	182560599	+	ENSG00000121446
RNASEL	1	182573634	182589272	-	ENSG00000135828
RGS16	1	182598623	182604394	-	ENSG00000143333
RGS8	1	182641816	182684587	-	ENSG00000135824
NPL	1	182789293	182831017	+	ENSG00000135838
DHX9	1	182839302	182887982	+	ENSG00000135829
SHCBP1L	1	182899865	182953525	-	ENSG00000157060
LAMC1	1	183023420	183145592	+	ENSG00000135862
LAMC2	1	183186057	183245127	+	ENSG00000058085
NMNAT2	1	183248237	183418380	-	ENSG00000157064
SMG7	1	183471957	183598246	+	ENSG00000116698
NCF2	1	183554461	183593499	-	ENSG00000116701
ARPC5	1	183620846	183635783	-	ENSG00000162704
RGL1	1	183636085	183928532	+	ENSG00000143344
APOBEC4	1	183646275	183653316	-	ENSG00000173627
COLGALT2	1	183929854	184037729	-	ENSG00000198756
TSEN15	1	184051651	184123978	+	ENSG00000198860
C1orf21	1	184386098	184629019	+	ENSG00000116667
EDEM3	1	184690237	184754907	-	ENSG00000116406
NIBAN1	1	184790724	184974611	-	ENSG00000135842
RNF2	1	185044865	185102603	+	ENSG00000121481
TRMT1L	1	185118085	185157072	-	ENSG00000121486
SWT1	1	185156103	185291983	+	ENSG00000116668
IVNS1ABP	1	185292931	185317780	-	ENSG00000116679
HMCN1	1	185734391	186190949	+	ENSG00000143341
PRG4	1	186296270	186314567	+	ENSG00000116690
TPR	1	186311652	186375693	-	ENSG00000047410
ODR4	1	186375505	186421378	+	ENSG00000157181
PDC	1	186443566	186461114	-	ENSG00000116703
PTGS2	1	186671791	186680922	-	ENSG00000073756
PLA2G4A	1	186828949	186988986	+	ENSG00000116711
BRINP3	1	190097658	190478404	-	ENSG00000162670
RGS18	1	192158462	192185815	+	ENSG00000150681
RGS21	1	192316992	192367285	+	ENSG00000253148
RGS1	1	192575763	192580024	+	ENSG00000090104
RGS13	1	192636061	192660311	+	ENSG00000127074
RGS2	1	192809039	192812275	+	ENSG00000116741
UCHL5	1	193012246	193060080	-	ENSG00000116750
RO60	1	193059445	193091777	+	ENSG00000116747
GLRX2	1	193090866	193106114	-	ENSG00000023572
CDC73	1	193115732	193264613	+	ENSG00000134371
B3GALT2	1	193178730	193186613	-	ENSG00000162630
KCNT2	1	196225779	196609225	-	ENSG00000162687
CFH	1	196651754	196752476	+	ENSG00000000971
CFHR3	1	196774742	196797364	+	ENSG00000116785
CFHR1	1	196819314	196837159	+	ENSG00000244414
CFHR4	1	196888014	196920294	+	ENSG00000134365
CFHR2	1	196943731	196964115	+	ENSG00000080910
CFHR5	1	196975010	197009678	+	ENSG00000134389
F13B	1	197038737	197067260	-	ENSG00000143278
ASPM	1	197084121	197146694	-	ENSG00000066279
ZBTB41	1	197153682	197201449	-	ENSG00000177888
CRB1	1	197268204	197478455	+	ENSG00000134376
DENND1B	1	197504748	197775706	-	ENSG00000213047
C1orf53	1	197902449	197907368	+	ENSG00000203724
LHX9	1	197911902	197935478	+	ENSG00000143355
NEK7	1	198156883	198322451	+	ENSG00000151414
ATP6V1G3	1	198523222	198540945	-	ENSG00000151418
PTPRC	1	198629900	198759346	+	ENSG00000081237
NR5A2	1	200027597	200177420	+	ENSG00000116833
ZNF281	1	200404940	200410056	-	ENSG00000162702
KIF14	1	200551497	200620771	-	ENSG00000118193
DDX59	1	200623896	200670049	-	ENSG00000118197
CAMSAP2	1	200738893	200860707	+	ENSG00000118200
GPR25	1	200872981	200874178	+	ENSG00000170128
INAVA	1	200891003	200915742	+	ENSG00000163362
KIF21B	1	200969390	201023714	-	ENSG00000116852
CACNA1S	1	201039512	201112451	-	ENSG00000081248
ASCL5	1	201113943	201127184	-	ENSG00000232237
TMEM9	1	201134772	201172330	-	ENSG00000116857
IGFN1	1	201190824	201228952	+	ENSG00000163395
PKP1	1	201283452	201332993	+	ENSG00000081277
TNNT2	1	201359002	201379773	-	ENSG00000118194
LAD1	1	201380833	201399915	-	ENSG00000159166
TNNI1	1	201403784	201429866	-	ENSG00000159173
PHLDA3	1	201464278	201469237	-	ENSG00000174307
CSRP1	1	201483530	201513100	-	ENSG00000159176
NAV1	1	201538982	201826969	+	ENSG00000134369
IPO9	1	201829104	201884291	+	ENSG00000198700
SHISA4	1	201888679	201892587	+	ENSG00000198892
LMOD1	1	201896456	201946551	-	ENSG00000163431
TIMM17A	1	201955476	201970664	+	ENSG00000134375
RNPEP	1	201982372	202006147	+	ENSG00000176393
ELF3	1	202007945	202017183	+	ENSG00000163435
GPR37L1	1	202122886	202133592	+	ENSG00000170075
ARL8A	1	202133404	202144743	-	ENSG00000143862
PTPN7	1	202147012	202161588	-	ENSG00000143851
LGR6	1	202193692	202319781	+	ENSG00000133067
UBE2T	1	202328714	202341984	-	ENSG00000077152
PPP1R12B	1	202348666	202592706	+	ENSG00000077157
SYT2	1	202590596	202710526	-	ENSG00000143858
KDM5B	1	202724495	202808487	-	ENSG00000117139
RABIF	1	202878282	202889149	-	ENSG00000183155
KLHL12	1	202891096	202928636	-	ENSG00000117153
ADIPOR1	1	202940090	202958572	-	ENSG00000159346
CYB5R1	1	202961118	202967277	-	ENSG00000159348
TMEM183A	1	203007356	203024848	+	ENSG00000163444
PPFIA4	1	203026491	203078740	+	ENSG00000143847
MYOG	1	203083129	203086013	-	ENSG00000122180
ADORA1	1	203090654	203167407	+	ENSG00000163485
MYBPH	1	203167811	203175880	-	ENSG00000133055
CHI3L1	1	203178931	203186796	-	ENSG00000133048
CHIT1	1	203212827	203273641	-	ENSG00000133063
BTG2	1	203305491	203309602	+	ENSG00000159388
FMOD	1	203340623	203351758	-	ENSG00000122176
PRELP	1	203475777	203491352	+	ENSG00000188783
OPTC	1	203494121	203508949	+	ENSG00000188770
ATP2B4	1	203626778	203744081	+	ENSG00000058668
LAX1	1	203765177	203778175	+	ENSG00000122188
ZBED6	1	203795623	203854124	+	ENSG00000257315
ZC3H11A	1	203795623	203854999	+	ENSG00000058673
SNRPE	1	203861598	203871152	+	ENSG00000182004
SOX13	1	204073111	204127743	+	ENSG00000143842
ETNK2	1	204131062	204152044	-	ENSG00000143845
REN	1	204154815	204190324	-	ENSG00000143839
KISS1	1	204190341	204196491	-	ENSG00000170498
GOLT1A	1	204198158	204214121	-	ENSG00000174567
PLEKHA6	1	204218851	204378214	-	ENSG00000143850
PPP1R15B	1	204396492	204411887	-	ENSG00000158615
PIK3C2B	1	204422628	204494805	-	ENSG00000133056
MDM4	1	204516369	204558120	+	ENSG00000198625
LRRN2	1	204617170	204685738	-	ENSG00000170382
NFASC	1	204828651	205022822	+	ENSG00000163531
CNTN2	1	205042937	205078289	+	ENSG00000184144
TMEM81	1	205083129	205084460	-	ENSG00000174529
RBBP5	1	205086142	205122015	-	ENSG00000117222
DSTYK	1	205142505	205211709	-	ENSG00000133059
TMCC2	1	205227912	205285632	+	ENSG00000133069
NUAK2	1	205302063	205321745	-	ENSG00000163545
KLHDC8A	1	205336061	205357324	-	ENSG00000162873
LEMD1	1	205381378	205455954	-	ENSG00000186007
BLACAT1	1	205434885	205457390	-	ENSG00000281406
CDK18	1	205504561	205532976	+	ENSG00000117266
MFSD4A	1	205568833	205602918	+	ENSG00000174514
ELK4	1	205597556	205634520	-	ENSG00000158711
SLC45A3	1	205657851	205680990	-	ENSG00000158715
NUCKS1	1	205712822	205750270	-	ENSG00000069275
RAB29	1	205767986	205775482	-	ENSG00000117280
SLC41A1	1	205789091	205813755	-	ENSG00000133065
PM20D1	1	205828025	205850132	-	ENSG00000162877
SLC26A9	1	205913048	205943460	-	ENSG00000174502
RAB7B	1	205976740	206003461	-	ENSG00000276600
CTSE	1	206008535	206023909	-	ENSG00000196188
RHEX	1	206053173	206102449	+	ENSG00000263961
AVPR1B	1	206106936	206117699	-	ENSG00000198049
FAM72A	1	206186179	206204414	-	ENSG00000196550
SRGAP2	1	206203346	206464436	+	ENSG00000266028
IKBKE	1	206470332	206496891	+	ENSG00000263528
RASSF5	1	206507531	206589448	+	ENSG00000266094
EIF2D	1	206571292	206612514	-	ENSG00000143486
DYRK3	1	206635536	206684419	+	ENSG00000143479
MAPKAPK2	1	206684886	206734284	+	ENSG00000162889
IL10	1	206767602	206774541	-	ENSG00000136634
IL19	1	206770764	206842981	+	ENSG00000142224
IL20	1	206865623	206869223	+	ENSG00000162891
IL24	1	206897443	206904139	+	ENSG00000162892
FCMR	1	206903317	206923247	-	ENSG00000162894
PIGR	1	206928522	206949367	-	ENSG00000162896
FCAMR	1	206957965	206970625	-	ENSG00000162897
C1orf116	1	207018522	207032821	-	ENSG00000182795
PFKFB2	1	207034366	207081243	+	ENSG00000123836
YOD1	1	207043849	207052980	-	ENSG00000180667
C4BPB	1	207088802	207100001	+	ENSG00000123843
C4BPA	1	207102319	207145047	+	ENSG00000123838
CD55	1	207321514	207386804	+	ENSG00000196352
CR2	1	207453024	207489895	+	ENSG00000117322
CR1	1	207496147	207641776	+	ENSG00000203710
CR1L	1	207645113	207738416	+	ENSG00000197721
CD46	1	207752037	207795513	+	ENSG00000117335
CD34	1	207880972	207911402	-	ENSG00000174059
PLXNA2	1	208022242	208244850	-	ENSG00000076356
CAMK1G	1	209583714	209613939	+	ENSG00000008118
LAMB3	1	209614870	209653106	-	ENSG00000196878
G0S2	1	209675412	209676390	+	ENSG00000123689
HSD11B1	1	209686178	209734949	+	ENSG00000117594
TRAF3IP3	1	209756032	209782320	+	ENSG00000009790
C1orf74	1	209779208	209784620	-	ENSG00000162757
IRF6	1	209785254	209806217	-	ENSG00000117595
UTP25	1	209827972	209857565	+	ENSG00000117597
SYT14	1	209900923	210171389	+	ENSG00000143469
SERTAD4	1	210232596	210246631	+	ENSG00000082497
HHAT	1	210328252	210676298	+	ENSG00000054392
KCNH1	1	210676823	211134183	-	ENSG00000143473
RCOR3	1	211258377	211316385	+	ENSG00000117625
TRAF5	1	211326325	211375036	+	ENSG00000082512
RD3	1	211476522	211492484	-	ENSG00000198570
SLC30A1	1	211571568	211579161	-	ENSG00000170385
NEK2	1	211658657	211675663	-	ENSG00000117650
LPGAT1	1	211743457	211833674	-	ENSG00000123684
INTS7	1	211940399	212035557	-	ENSG00000143493
DTL	1	212035553	212107400	+	ENSG00000143476
PPP2R5A	1	212285357	212361863	+	ENSG00000066027
PACC1	1	212363926	212414909	-	ENSG00000065600
NENF	1	212432853	212446379	+	ENSG00000117691
ATF3	1	212565334	212620777	+	ENSG00000162772
GARIN4	1	212624474	212626775	+	ENSG00000162771
BATF3	1	212686417	212699840	-	ENSG00000123685
NSL1	1	212726153	212791783	-	ENSG00000117697
TATDN3	1	212791828	212816830	+	ENSG00000203705
SPATA45	1	212830141	212847649	-	ENSG00000185523
FLVCR1	1	212858237	212899363	+	ENSG00000162769
VASH2	1	212950520	212992838	+	ENSG00000143494
ANGEL2	1	212992182	213015867	-	ENSG00000174606
RPS6KC1	1	213051233	213274774	+	ENSG00000136643
PROX1	1	213982711	214041510	+	ENSG00000117707
SMYD2	1	214280935	214337137	+	ENSG00000143499
PTPN14	1	214348700	214552449	-	ENSG00000152104
CENPF	1	214603172	214664574	+	ENSG00000117724
KCNK2	1	215005775	215237090	+	ENSG00000082482
KCTD3	1	215567022	215623007	+	ENSG00000136636
USH2A	1	215622891	216423448	-	ENSG00000042781
ESRRG	1	216503246	217137755	-	ENSG00000196482
GPATCH2	1	217426992	217631090	-	ENSG00000092978
SPATA17	1	217631324	217871696	+	ENSG00000162814
RRP15	1	218285290	218337983	+	ENSG00000067533
TGFB2	1	218345336	218444619	+	ENSG00000092969
LYPLAL1	1	219173853	219220700	+	ENSG00000143353
ZC3H11B	1	219608012	219613105	-	ENSG00000215817
SLC30A10	1	219685427	219959018	-	ENSG00000196660
EPRS1	1	219968598	220046616	-	ENSG00000136628
BPNT1	1	220057079	220119267	-	ENSG00000162813
IARS2	1	220094107	220148041	+	ENSG00000067704
RAB3GAP2	1	220148293	220272529	-	ENSG00000118873
MARK1	1	220528086	220664461	+	ENSG00000116141
C1orf115	1	220690363	220699153	+	ENSG00000162817
MTARC2	1	220748122	220784824	+	ENSG00000117791
MTARC1	1	220786352	220819659	+	ENSG00000186205
HLX	1	220879431	220885059	+	ENSG00000136630
DUSP10	1	221700669	221742089	-	ENSG00000143507
HHIPL2	1	222522258	222548104	-	ENSG00000143512
TAF1A	1	222557902	222590162	-	ENSG00000143498
MIA3	1	222618090	222668007	+	ENSG00000154305
AIDA	1	222668013	222713210	-	ENSG00000186063
BROX	1	222711691	222735196	+	ENSG00000162819
FAM177B	1	222737202	222753157	+	ENSG00000197520
DISP1	1	222814730	223006258	+	ENSG00000154309
TLR5	1	223109339	223143318	-	ENSG00000187554
SUSD4	1	223220819	223365279	-	ENSG00000143502
CCDC185	1	223393415	223395465	+	ENSG00000178395
CAPN8	1	223538007	223665723	-	ENSG00000203697
CAPN2	1	223701593	223776018	+	ENSG00000162909
TP53BP2	1	223779893	223845954	-	ENSG00000143514
FBXO28	1	224114111	224162047	+	ENSG00000143756
DEGS1	1	224175756	224193441	+	ENSG00000143753
NVL	1	224227334	224330189	-	ENSG00000143748
CNIH4	1	224356858	224379459	+	ENSG00000143771
WDR26	1	224385146	224437033	-	ENSG00000162923
CNIH3	1	224434660	224740559	+	ENSG00000143786
DNAH14	1	224896262	225399292	+	ENSG00000185842
LBR	1	225400900	225428925	-	ENSG00000143815
ENAH	1	225486765	225653298	-	ENSG00000154380
SRP9	1	225777699	225790670	+	ENSG00000143742
EPHX1	1	225810095	225845567	+	ENSG00000143819
TMEM63A	1	225845536	225884071	-	ENSG00000196187
LEFTY1	1	225886279	225911382	-	ENSG00000243709
PYCR2	1	225919397	225924340	-	ENSG00000143811
LEFTY2	1	225936598	225941383	-	ENSG00000143768
SDE2	1	225982702	225999350	-	ENSG00000143751
H3-3A	1	226061571	226073206	+	ENSG00000163041
ACBD3	1	226144679	226186762	-	ENSG00000182827
MIXL1	1	226223618	226227060	+	ENSG00000185155
LIN9	1	226231149	226309869	-	ENSG00000183814
PARP1	1	226360210	226408154	-	ENSG00000143799
STUM	1	226548764	226609230	+	ENSG00000203685
ITPKB	1	226631688	226739323	-	ENSG00000143772
PSEN2	1	226870184	226927726	+	ENSG00000143801
COQ8A	1	226938143	226987569	+	ENSG00000163050
CDC42BPA	1	226989865	227318492	-	ENSG00000143776
ZNF678	1	227563543	227677443	+	ENSG00000181450
SNAP47	1	227728200	227781826	+	ENSG00000143740
JMJD4	1	227730412	227735411	-	ENSG00000081692
PRSS38	1	227815675	227846470	+	ENSG00000185888
WNT9A	1	227918656	227947932	-	ENSG00000143816
WNT3A	1	228006924	228061271	+	ENSG00000154342
ARF1	1	228081841	228099212	+	ENSG00000143761
C1orf35	1	228100725	228105411	-	ENSG00000143793
MRPL55	1	228105949	228109358	-	ENSG00000162910
GUK1	1	228139962	228148984	+	ENSG00000143774
GJC2	1	228149930	228159826	+	ENSG00000198835
IBA57	1	228165777	228182257	+	ENSG00000181873
OBSCN	1	228208044	228378876	+	ENSG00000154358
TRIM11	1	228393672	228406841	-	ENSG00000154370
TRIM17	1	228406860	228416902	-	ENSG00000162931
H3-4	1	228424845	228425360	-	ENSG00000168148
H2AC25	1	228434777	228457873	-	ENSG00000181218
H2BC26	1	228458103	228463104	+	ENSG00000196890
RNF187	1	228487382	228499899	+	ENSG00000168159
RHOU	1	228735479	228746664	+	ENSG00000116574
RAB4A	1	229271062	229305894	+	ENSG00000168118
CCSAP	1	229321011	229343294	-	ENSG00000154429
ACTA1	1	229430365	229434789	-	ENSG00000143632
NUP133	1	229440259	229508356	-	ENSG00000069248
ABCB10	1	229516582	229558957	-	ENSG00000135776
TAF5L	1	229593111	229626122	-	ENSG00000135801
URB2	1	229625855	229660887	+	ENSG00000135763
GALNT2	1	230057990	230282128	+	ENSG00000143641
PGBD5	1	230314490	230426332	-	ENSG00000177614
COG2	1	230642464	230693985	+	ENSG00000135775
AGT	1	230690776	230745576	-	ENSG00000135744
CAPN9	1	230747348	230804397	+	ENSG00000135773
C1orf198	1	230837119	230869589	-	ENSG00000119280
TTC13	1	230902945	230978893	-	ENSG00000143643
ARV1	1	230978981	231000733	+	ENSG00000173409
FAM89A	1	231018958	231040254	-	ENSG00000182118
TRIM67	1	231162058	231221565	+	ENSG00000119283
FSAF1	1	231223763	231241187	-	ENSG00000143633
GNPAT	1	231241196	231277973	+	ENSG00000116906
EXOC8	1	231332753	231337852	-	ENSG00000116903
SPRTN	1	231337104	231355023	+	ENSG00000010072
EGLN1	1	231363751	231422744	-	ENSG00000135766
TSNAX	1	231528541	231566524	+	ENSG00000116918
TSNAX-DISC1	1	231528653	231819244	+	ENSG00000270106
DISC1	1	231626790	232041272	+	ENSG00000162946
SIPA1L2	1	232397622	232631404	-	ENSG00000116991
MAP10	1	232805416	232809929	+	ENSG00000212916
NTPCR	1	232950564	232983882	+	ENSG00000135778
PCNX2	1	232983435	233295729	-	ENSG00000135749
MAP3K21	1	233327714	233385281	+	ENSG00000143674
KCNK1	1	233614106	233672514	+	ENSG00000135750
SLC35F3	1	233904676	234324511	+	ENSG00000183780
COA6	1	234373456	234385080	+	ENSG00000168275
TARBP1	1	234391313	234479197	-	ENSG00000059588
IRF2BP2	1	234602300	234610178	-	ENSG00000168264
TOMM20	1	235109341	235128846	-	ENSG00000173726
RBM34	1	235131183	235161293	-	ENSG00000188739
ARID4B	1	235131634	235328219	-	ENSG00000054267
GGPS1	1	235327350	235344532	+	ENSG00000152904
TBCE	1	235367360	235452443	+	ENSG00000284770
B3GALNT2	1	235447190	235504474	-	ENSG00000162885
GNG4	1	235547685	235650754	-	ENSG00000168243
LYST	1	235661041	235883724	-	ENSG00000143669
NID1	1	235975830	236065202	-	ENSG00000116962
GPR137B	1	236142148	236221865	+	ENSG00000077585
ERO1B	1	236214681	236282019	-	ENSG00000086619
EDARADD	1	236348257	236502915	+	ENSG00000186197
LGALS8	1	236518000	236552981	+	ENSG00000116977
HEATR1	1	236549005	236604516	-	ENSG00000119285
ACTN2	1	236664141	236764631	+	ENSG00000077522
MTR	1	236795260	236921278	+	ENSG00000116984
MT1HL1	1	237004103	237004441	-	ENSG00000244020
RYR2	1	237042184	237833988	+	ENSG00000198626
ZP4	1	237877864	237890922	-	ENSG00000116996
CHRM3	1	239386513	239915452	+	ENSG00000133019
FMN2	1	240014348	240475187	+	ENSG00000155816
GREM2	1	240489573	240612155	-	ENSG00000180875
RGS7	1	240767636	241357374	-	ENSG00000182901
FH	1	241497511	241519799	-	ENSG00000091483
KMO	1	241532134	241595642	+	ENSG00000117009
OPN3	1	241590102	241677376	-	ENSG00000054277
CHML	1	241628851	241640369	-	ENSG00000203668
WDR64	1	241652278	241802777	+	ENSG00000162843
EXO1	1	241847967	241895148	+	ENSG00000174371
BECN2	1	241957767	241959062	+	ENSG00000196289
MAP1LC3C	1	241995188	242001584	-	ENSG00000197769
PLD5	1	242082986	242524697	-	ENSG00000180287
CEP170	1	243124428	243255793	-	ENSG00000143702
SDCCAG8	1	243255349	243500095	+	ENSG00000054282
AKT3	1	243488233	243851079	-	ENSG00000117020
ZBTB18	1	244048547	244057476	+	ENSG00000179456
SPMIP3	1	244352635	244389663	+	ENSG00000173728
ADSS2	1	244408494	244451909	-	ENSG00000035687
CATSPERE	1	244454377	244641177	+	ENSG00000179397
DESI2	1	244653091	244709033	+	ENSG00000121644
C1orf202	1	244729701	244731015	-	ENSG00000284188
COX20	1	244835616	244845480	+	ENSG00000203667
HNRNPU	1	244840638	244864560	-	ENSG00000153187
EFCAB2	1	244969682	245127164	+	ENSG00000203666
KIF26B	1	245154985	245709432	+	ENSG00000162849
SMYD3	1	245749342	246507312	-	ENSG00000185420
TFB2M	1	246540561	246566261	-	ENSG00000162851
CNST	1	246566338	246668595	+	ENSG00000162852
SCCPDH	1	246724064	246768137	+	ENSG00000143653
AHCTF1	1	246839098	246932063	-	ENSG00000153207
ZNF670-ZNF695	1	246945547	247078811	-	ENSG00000135747
ZNF695	1	246945547	247008093	-	ENSG00000197472
ZNF670	1	247034637	247078811	-	ENSG00000277462
ZNF669	1	247099962	247104372	-	ENSG00000188295
ZNF124	1	247121975	247172046	-	ENSG00000196418
VN1R5	1	247255972	247257210	+	ENSG00000197617
ZNF496	1	247297412	247332822	-	ENSG00000162714
NLRP3	1	247332331	247449668	+	ENSG00000162711
OR2B11	1	247449118	247458105	-	ENSG00000177535
GCSAML	1	247507058	247577690	+	ENSG00000169224
OR2C3	1	247524677	247536440	-	ENSG00000196242
OR2G2	1	247588360	247589313	+	ENSG00000177489
OR2G3	1	247605586	247606515	+	ENSG00000177476
OR14L1	1	247617143	247622372	+	ENSG00000198452
OR13G1	1	247670812	247679739	-	ENSG00000197437
OR6F1	1	247711436	247716646	-	ENSG00000169214
OR14A2	1	247722957	247748141	-	ENSG00000241128
OR14K1	1	247738615	247739559	+	ENSG00000153230
OR1C1	1	247754846	247760556	-	ENSG00000221888
OR9H1	1	247770169	247779524	+	ENSG00000228336
OR14A16	1	247814660	247824119	-	ENSG00000196772
OR11L1	1	247840928	247841896	-	ENSG00000197591
TRIM58	1	247857187	247880138	+	ENSG00000162722
OR2W3	1	247895587	247896531	+	ENSG00000238243
OR2T8	1	247920252	247923152	+	ENSG00000177462
OR2AJ1	1	247924889	247935339	+	ENSG00000177275
OR2L8	1	247948858	247949796	+	ENSG00000279263
OR2AK2	1	247965233	247966386	+	ENSG00000187080
OR2L5	1	248013660	248024276	+	ENSG00000197454
OR2L2	1	248030070	248042305	+	ENSG00000203663
OR2L3	1	248046836	248063407	+	ENSG00000198128
OR2L13	1	248095184	248101163	+	ENSG00000196071
OR2M5	1	248145148	248146086	+	ENSG00000162727
OR2M2	1	248174821	248181067	+	ENSG00000198601
OR2M3	1	248197265	248212925	+	ENSG00000228198
OR2M4	1	248231417	248244679	+	ENSG00000171180
OR2T33	1	248269917	248277976	-	ENSG00000177212
OR2T12	1	248290139	248303424	-	ENSG00000177201
OR2M7	1	248323630	248324568	-	ENSG00000177186
OR14C36	1	248348775	248349713	+	ENSG00000177174
OR2T4	1	248361665	248362627	+	ENSG00000196944
OR2T6	1	248375746	248391811	+	ENSG00000198104
OR2T1	1	248403048	248408020	+	ENSG00000175143
OR2T7	1	248436359	248444316	+	ENSG00000227152
OR2T2	1	248445512	248455725	+	ENSG00000196240
OR2T3	1	248473351	248474307	+	ENSG00000196539
OR2T5	1	248488589	248491113	+	ENSG00000203661
OR2G6	1	248508073	248527337	+	ENSG00000188558
OR2T29	1	248556912	248562772	-	ENSG00000182783
OR2T34	1	248573801	248574757	-	ENSG00000183310
OR2T10	1	248590487	248597700	-	ENSG00000184022
OR2T11	1	248623557	248635091	-	ENSG00000279301
OR2T35	1	248636356	248645278	-	ENSG00000177151
OR2T27	1	248649838	248655528	-	ENSG00000187701
OR14I1	1	248678138	248702766	-	ENSG00000189181
LYPD8	1	248737957	248755759	-	ENSG00000259823
SH3BP5L	1	248810446	248826522	-	ENSG00000175137
ZNF672	1	248838210	248849520	+	ENSG00000171161
ZNF692	1	248850004	248859144	-	ENSG00000171163
PGBD2	1	248906196	248919946	+	ENSG00000185220
TUBB8	10	46888	74163	-	ENSG00000261456
ZMYND11	10	130088	254638	+	ENSG00000015171
DIP2C	10	274201	689937	-	ENSG00000151240
LARP4B	10	806915	931821	-	ENSG00000107929
GTPBP4	10	988418	1019932	+	ENSG00000107937
IDI2	10	1018910	1025859	-	ENSG00000148377
IDI1	10	1039152	1049119	-	ENSG00000067064
WDR37	10	1049265	1160991	+	ENSG00000047056
ADARB2	10	1177313	1737525	-	ENSG00000185736
PFKP	10	3066333	3137723	+	ENSG00000067057
PITRM1	10	3137728	3172841	-	ENSG00000107959
KLF6	10	3775996	3785281	-	ENSG00000067082
AKR1E2	10	4786629	4848062	+	ENSG00000165568
AKR1C1	10	4963253	4983283	+	ENSG00000187134
AKR1C2	10	4987775	5018031	-	ENSG00000151632
AKR1C3	10	5035354	5107686	+	ENSG00000196139
AKR1C8	10	5153920	5185187	-	ENSG00000264006
AKR1C4	10	5195462	5220608	+	ENSG00000198610
UCN3	10	5364966	5374692	+	ENSG00000178473
TUBAL3	10	5393101	5404828	-	ENSG00000178462
NET1	10	5412557	5459056	+	ENSG00000173848
CALML5	10	5498697	5499570	-	ENSG00000178372
CALML3	10	5524961	5526771	+	ENSG00000178363
ASB13	10	5638857	5666615	-	ENSG00000196372
TASOR2	10	5684731	5763779	+	ENSG00000108021
GDI2	10	5765221	5842132	-	ENSG00000057608
ANKRD16	10	5861616	5889906	-	ENSG00000134461
FBH1	10	5890203	5937594	+	ENSG00000134452
IL15RA	10	5943639	5978187	-	ENSG00000134470
IL2RA	10	6010689	6062370	-	ENSG00000134460
RBM17	10	6086898	6117457	+	ENSG00000134453
PFKFB3	10	6144928	6254644	+	ENSG00000170525
PRKCQ	10	6427136	6580855	-	ENSG00000065675
SFMBT2	10	7158624	7411488	-	ENSG00000198879
ITIH5	10	7559270	7667021	-	ENSG00000123243
ITIH2	10	7699386	7758675	+	ENSG00000151655
KIN	10	7750962	7787994	-	ENSG00000151657
ATP5F1C	10	7788092	7807815	+	ENSG00000165629
TAF3	10	7818497	8016631	+	ENSG00000165632
GATA3	10	8045315	8075198	+	ENSG00000107485
CELF2	10	10798397	11336675	+	ENSG00000048740
USP6NL	10	11460328	11611803	-	ENSG00000148429
ECHDC3	10	11742366	11764139	+	ENSG00000134463
PROSER2	10	11823339	11872277	+	ENSG00000148426
UPF2	10	11920020	12043170	-	ENSG00000151461
DHTKD1	10	12068926	12123225	+	ENSG00000181192
SEC61A2	10	12129637	12169961	+	ENSG00000065665
NUDT5	10	12165328	12196127	-	ENSG00000165609
CDC123	10	12195950	12250595	+	ENSG00000151465
CAMK1D	10	12349547	12835545	+	ENSG00000183049
CCDC3	10	12896625	13099652	-	ENSG00000151468
OPTN	10	13099449	13140320	+	ENSG00000123240
MCM10	10	13161554	13211110	+	ENSG00000065328
UCMA	10	13221762	13234428	-	ENSG00000165623
PHYH	10	13277796	13302412	-	ENSG00000107537
SEPHS1	10	13317425	13348596	-	ENSG00000086475
BEND7	10	13438484	13529237	-	ENSG00000165626
PRPF18	10	13586939	13668445	+	ENSG00000165630
FRMD4A	10	13643706	14462142	-	ENSG00000151474
FAM107B	10	14518557	14774897	-	ENSG00000065809
CDNF	10	14818270	14838575	-	ENSG00000185267
MSANTD7	10	14838302	14846999	+	ENSG00000284024
HSPA14	10	14838306	14871741	+	ENSG00000187522
SUV39H2	10	14878820	14904315	+	ENSG00000152455
DCLRE1C	10	14897359	14954432	-	ENSG00000152457
MEIG1	10	14954194	14988050	+	ENSG00000197889
OLAH	10	15032227	15073853	+	ENSG00000152463
ACBD7	10	15075475	15088776	-	ENSG00000176244
RPP38	10	15097120	15139818	+	ENSG00000152464
NMT2	10	15102584	15168719	-	ENSG00000152465
FAM171A1	10	15211643	15371289	-	ENSG00000148468
ITGA8	10	15513954	15719936	-	ENSG00000077943
MINDY3	10	15778170	15860528	-	ENSG00000148481
PTER	10	16436940	16515220	+	ENSG00000165983
C1QL3	10	16513734	16521879	-	ENSG00000165985
RSU1	10	16590611	16817463	-	ENSG00000148484
CUBN	10	16823966	17129811	-	ENSG00000107611
TRDMT1	10	17137336	17202054	-	ENSG00000107614
VIM	10	17228241	17237593	+	ENSG00000026025
ST8SIA6	10	17315421	17454595	-	ENSG00000148488
HACD1	10	17588316	17617430	-	ENSG00000165996
STAM	10	17644124	17716824	+	ENSG00000136738
TMEM236	10	17752201	17800868	+	ENSG00000148483
MRC1	10	17809014	17911164	+	ENSG00000260314
SLC39A12	10	17951839	18043292	+	ENSG00000148482
CACNB2	10	18140424	18543557	+	ENSG00000165995
NSUN6	10	18545561	18659285	-	ENSG00000241058
ARL5B	10	18659304	18681639	+	ENSG00000165997
MALRD1	10	19048801	19790401	+	ENSG00000204740
PLXDC2	10	19815943	20289856	+	ENSG00000120594
NEBL	10	20779973	21293011	-	ENSG00000078114
SKIDA1	10	21513475	21526368	-	ENSG00000180592
MLLT10	10	21524617	21743630	+	ENSG00000078403
DNAJC1	10	21756538	22003769	-	ENSG00000136770
EBLN1	10	22208475	22218018	-	ENSG00000223601
COMMD3	10	22315980	22320430	+	ENSG00000148444
COMMD3-BMI1	10	22316388	22329542	+	ENSG00000269897
BMI1	10	22321078	22331485	+	ENSG00000168283
SPAG6	10	22345445	22454224	+	ENSG00000077327
PIP4K2A	10	22534854	22714578	-	ENSG00000150867
ARMC3	10	22928024	23038523	+	ENSG00000165309
MSRB2	10	23095579	23122013	+	ENSG00000148450
PTF1A	10	23192312	23194245	+	ENSG00000168267
C10orf67	10	23202696	23344845	-	ENSG00000179133
OTUD1	10	23439075	23442377	+	ENSG00000165312
KIAA1217	10	23694746	24547848	+	ENSG00000120549
ARHGAP21	10	24583609	24723887	-	ENSG00000107863
PRTFDC1	10	24848614	24952606	-	ENSG00000099256
ENKUR	10	24981979	25062279	-	ENSG00000151023
THNSL1	10	25016612	25026664	+	ENSG00000185875
GPR158	10	25174802	25602229	+	ENSG00000151025
MYO3A	10	25934214	26212533	+	ENSG00000095777
GAD2	10	26216665	26304558	+	ENSG00000136750
APBB1IP	10	26438341	26568449	+	ENSG00000077420
PDSS1	10	26697669	26746798	+	ENSG00000148459
ABI1	10	26745942	26861094	-	ENSG00000136754
ANKRD26	10	26973793	27100517	-	ENSG00000107890
YME1L1	10	27110088	27155266	-	ENSG00000136758
MASTL	10	27154425	27187953	+	ENSG00000120539
ACBD5	10	27168135	27243046	-	ENSG00000107897
PTCHD3	10	27397121	27414368	-	ENSG00000182077
RAB18	10	27504174	27545117	+	ENSG00000099246
MKX	10	27672874	27746060	-	ENSG00000150051
ODAD2	10	27775186	27999532	-	ENSG00000169126
MPP7	10	28050993	28335290	-	ENSG00000150054
WAC	10	28532493	28623112	+	ENSG00000095787
BAMBI	10	28677510	28682932	+	ENSG00000095739
LYZL1	10	29289061	29318328	+	ENSG00000120563
SVIL	10	29457332	29737123	-	ENSG00000197321
JCAD	10	30012803	30115494	-	ENSG00000165757
MTPAP	10	30309801	30374448	-	ENSG00000107951
MAP3K8	10	30433473	30461833	+	ENSG00000107968
LYZL2	10	30611779	30629762	-	ENSG00000151033
ZNF438	10	30820207	31032110	-	ENSG00000183621
ZEB1	10	31318495	31529814	+	ENSG00000148516
ARHGAP12	10	31805398	31928876	-	ENSG00000165322
KIF5B	10	32009014	32056454	-	ENSG00000170759
EPC1	10	32267751	32378798	-	ENSG00000120616
CCDC7	10	32446140	32882874	+	ENSG00000216937
ITGB1	10	32887273	33005792	-	ENSG00000150093
NRP1	10	33177492	33336262	-	ENSG00000099250
PARD3	10	34109560	34815419	-	ENSG00000148498
CUL2	10	35008504	35127006	-	ENSG00000108094
CREM	10	35126791	35212958	+	ENSG00000095794
CCNY	10	35247025	35572669	+	ENSG00000108100
GJD4	10	35605341	35608935	+	ENSG00000177291
FZD8	10	35638247	35642296	-	ENSG00000177283
ANKRD30A	10	37125598	37232567	+	ENSG00000148513
ZNF248	10	37776526	37858107	-	ENSG00000198105
ZNF25	10	37949573	37976647	-	ENSG00000175395
ZNF33A	10	38010295	38065088	+	ENSG00000189180
ZNF37A	10	38094314	38150293	+	ENSG00000075407
PLD5P1	10	38094368	38360098	+	ENSG00000283930
ZNF33B	10	42574185	42638620	-	ENSG00000196693
BMS1	10	42782783	42834937	+	ENSG00000165733
RET	10	43077026	43130351	+	ENSG00000165731
CSGALNACT2	10	43137831	43185302	+	ENSG00000169826
RASGEF1A	10	43194533	43267082	-	ENSG00000198915
FXYD4	10	43371635	43376335	+	ENSG00000150201
HNRNPF	10	43385617	43409523	-	ENSG00000169813
ZNF487	10	43436830	43483181	+	ENSG00000243660
ZNF239	10	43554516	43574623	-	ENSG00000196793
ZNF485	10	43606413	43617904	+	ENSG00000198298
ZNF32	10	43643859	43649367	-	ENSG00000169740
CXCL12	10	44370165	44386493	-	ENSG00000107562
TMEM72	10	44911316	44937010	+	ENSG00000187783
RASSF4	10	44959407	44995891	+	ENSG00000107551
DEPP1	10	44970981	44978809	-	ENSG00000165507
ZNF22	10	45000293	45005329	+	ENSG00000165512
OR13A1	10	45302298	45315608	-	ENSG00000256574
ALOX5	10	45374150	45446121	+	ENSG00000012779
MARCHF8	10	45454585	45594931	-	ENSG00000165406
ZFAND4	10	45613375	45673047	-	ENSG00000172671
WASHC2C	10	45727193	45792964	+	ENSG00000172661
AGAP4	10	45825594	45853875	-	ENSG00000188234
TIMM23	10	45972486	46004338	+	ENSG00000265354
NCOA4	10	46005085	46030669	-	ENSG00000266412
MSMB	10	46033307	46048180	-	ENSG00000263639
ANTXRL	10	46286345	46330727	+	ENSG00000274209
ANXA8L1	10	46375587	46391784	+	ENSG00000264230
NPY4R	10	46457895	46465958	-	ENSG00000204174
GPRIN2	10	46541736	46557569	-	ENSG00000204175
SYT15	10	46578217	46594173	+	ENSG00000204176
PTPN20	10	46911396	47002488	+	ENSG00000204179
GDF10	10	47300171	47313577	+	ENSG00000266524
GDF2	10	47322454	47327588	+	ENSG00000263761
RBP3	10	47348363	47357881	+	ENSG00000265203
ZNF488	10	47356520	47384325	-	ENSG00000265763
ANXA8	10	47460162	47484175	-	ENSG00000265190
FAM25G	10	47487219	47491700	-	ENSG00000189090
AGAP9	10	47501854	47523638	-	ENSG00000204172
SYT15B	10	47744717	47763592	-	ENSG00000277758
NPY4R2	10	47918662	47925736	+	ENSG00000264717
FAM25C	10	47995322	47999791	-	ENSG00000276430
FRMPD2	10	48153088	48274696	-	ENSG00000170324
MAPK8	10	48306639	48439360	+	ENSG00000107643
ARHGAP22	10	48446036	48656265	-	ENSG00000128805
WDFY4	10	48684873	48982959	+	ENSG00000128815
LRRC18	10	48909480	48939840	-	ENSG00000165383
VSTM4	10	49014236	49115522	-	ENSG00000165633
FAM170B	10	49131154	49134021	-	ENSG00000172538
TMEM273	10	49154725	49188585	-	ENSG00000204161
C10orf71	10	49299165	49327492	+	ENSG00000177354
DRGX	10	49364065	49398484	-	ENSG00000165606
ERCC6	10	49454168	49539538	-	ENSG00000225830
CHAT	10	49609095	49667942	+	ENSG00000070748
SLC18A3	10	49610310	49612720	+	ENSG00000187714
C10orf53	10	49679651	49710261	+	ENSG00000178645
OGDHL	10	49734641	49762392	-	ENSG00000197444
PARG	10	49815137	49970203	-	ENSG00000227345
TIMM23B	10	49942049	49977625	+	ENSG00000204152
TIMM23B-AGAP6	10	49942056	50011654	+	ENSG00000178440
AGAP6	10	49982190	50011654	+	ENSG00000204149
WASHC2A	10	50067881	50133510	+	ENSG00000099290
ASAH2	10	50182778	50279720	-	ENSG00000188611
SGMS1	10	50305586	50625187	-	ENSG00000198964
ASAH2B	10	50739318	50816495	+	ENSG00000204147
A1CF	10	50799409	50885716	-	ENSG00000148584
PRKG1	10	50990888	52298423	+	ENSG00000185532
CSTF2T	10	51695486	51699595	-	ENSG00000177613
DKK1	10	52314281	52318042	+	ENSG00000107984
MBL2	10	52765377	52772784	-	ENSG00000165471
PCDH15	10	53802771	55627942	-	ENSG00000150275
ZWINT	10	56356736	56361392	-	ENSG00000122952
IPMK	10	58191517	58267959	-	ENSG00000151151
CISD1	10	58269151	58289586	+	ENSG00000122873
UBE2D1	10	58334975	58370751	+	ENSG00000072401
TFAM	10	58385345	58399220	+	ENSG00000108064
BICC1	10	58512872	58831435	+	ENSG00000122870
PHYHIPL	10	59176643	59247774	+	ENSG00000165443
FAM13C	10	59246118	59363181	-	ENSG00000148541
SLC16A9	10	59650762	59736002	-	ENSG00000165449
MRLN	10	59736692	59756041	-	ENSG00000227877
CCDC6	10	59788747	59907029	-	ENSG00000108091
ANK3	10	60026298	60733490	-	ENSG00000151150
CDK1	10	60778312	60796236	+	ENSG00000170312
RHOBTB1	10	60869438	61001441	-	ENSG00000072422
TMEM26	10	61406642	61453381	-	ENSG00000196932
CABCOCO1	10	61662929	61766845	+	ENSG00000183346
ARID5B	10	61901684	62096944	+	ENSG00000150347
RTKN2	10	62183035	62268844	-	ENSG00000182010
ZNF365	10	62374192	62480288	+	ENSG00000138311
ADO	10	62804720	62808479	+	ENSG00000181915
EGR2	10	62811996	62819167	-	ENSG00000122877
NRBF2	10	63133247	63155031	+	ENSG00000148572
JMJD1C	10	63167221	63521850	-	ENSG00000171988
REEP3	10	63521397	63625128	+	ENSG00000165476
CTNNA3	10	65912457	67763637	-	ENSG00000183230
LRRTM3	10	66926036	67101551	+	ENSG00000198739
DNAJC12	10	67796668	67838188	-	ENSG00000108176
SIRT1	10	67884656	67918390	+	ENSG00000096717
HERC4	10	67921899	68075342	-	ENSG00000148634
MYPN	10	68087897	68212017	+	ENSG00000138347
ATOH7	10	68230595	68232113	-	ENSG00000179774
PBLD	10	68282657	68334114	-	ENSG00000108187
HNRNPH3	10	68331174	68344002	+	ENSG00000096746
RUFY2	10	68341107	68407313	-	ENSG00000204130
DNA2	10	68414061	68472121	-	ENSG00000138346
SLC25A16	10	68473079	68527523	-	ENSG00000122912
TET1	10	68560310	68694586	+	ENSG00000138336
CCAR1	10	68721012	68792377	+	ENSG00000060339
STOX1	10	68827199	68895432	+	ENSG00000165730
DDX50	10	68901264	68946847	+	ENSG00000107625
DDX21	10	68956135	68985072	+	ENSG00000165732
KIFBP	10	68988803	69043544	+	ENSG00000198954
SRGN	10	69088103	69104811	+	ENSG00000122862
VPS26A	10	69123512	69174412	+	ENSG00000122958
SUPV3L1	10	69180234	69209108	+	ENSG00000156502
HKDC1	10	69220292	69267552	+	ENSG00000156510
HK1	10	69269984	69403496	+	ENSG00000156515
TACR2	10	69403903	69416918	-	ENSG00000075073
TSPAN15	10	69451150	69507676	+	ENSG00000099282
NEUROG3	10	69571485	69573511	-	ENSG00000122859
FAM241B	10	69630241	69633614	+	ENSG00000171224
COL13A1	10	69801880	69964275	+	ENSG00000197467
MACROH2A2	10	70052544	70112282	+	ENSG00000099284
AIFM2	10	70097053	70133269	-	ENSG00000042286
TYSND1	10	70137981	70146700	-	ENSG00000156521
SAR1A	10	70147289	70170905	-	ENSG00000079332
PPA1	10	70202831	70233911	-	ENSG00000180817
NPFFR1	10	70247329	70284004	-	ENSG00000148734
LRRC20	10	70298970	70382650	-	ENSG00000172731
EIF4EBP2	10	70404144	70428618	+	ENSG00000148730
NODAL	10	70431936	70447951	-	ENSG00000156574
PALD1	10	70477658	70668754	+	ENSG00000107719
PRF1	10	70596401	70602759	-	ENSG00000180644
ADAMTS14	10	70672367	70762441	+	ENSG00000138316
TBATA	10	70771238	70785401	-	ENSG00000166220
SGPL1	10	70815905	70958701	+	ENSG00000166224
PCBD1	10	70882280	70888605	-	ENSG00000166228
UNC5B	10	71212523	71302885	+	ENSG00000107731
SLC29A3	10	71319259	71381423	+	ENSG00000198246
CDH23	10	71396920	71815947	+	ENSG00000107736
C10orf105	10	71711701	71737824	-	ENSG00000214688
VSIR	10	71747556	71773608	-	ENSG00000107738
PSAP	10	71816289	71851330	-	ENSG00000197746
CHST3	10	71964395	72013558	+	ENSG00000122863
SPOCK2	10	72059034	72089032	-	ENSG00000107742
ASCC1	10	72096018	72217653	-	ENSG00000138303
ANAPC16	10	72215863	72235860	+	ENSG00000166295
DDIT4	10	72273919	72276039	+	ENSG00000168209
DNAJB12	10	72332830	72355167	-	ENSG00000148719
MICU1	10	72367328	72626134	-	ENSG00000107745
MCU	10	72692110	72887694	+	ENSG00000156026
OIT3	10	72893573	72933036	+	ENSG00000138315
PLA2G12B	10	72933098	72954845	-	ENSG00000138308
P4HA1	10	73005811	73096983	-	ENSG00000122884
NUDT13	10	73110375	73131828	+	ENSG00000166321
ECD	10	73130155	73169055	-	ENSG00000122882
FAM149B1	10	73168119	73244504	+	ENSG00000138286
DNAJC9	10	73183362	73247280	-	ENSG00000213551
MRPS16	10	73248843	73252693	-	ENSG00000182180
CFAP70	10	73253762	73358864	-	ENSG00000156042
ANXA7	10	73375101	73414731	-	ENSG00000138279
MSS51	10	73423579	73433561	-	ENSG00000166343
PPP3CB	10	73436418	73496026	-	ENSG00000107758
USP54	10	73497538	73626117	-	ENSG00000166348
MYOZ1	10	73631571	73642103	-	ENSG00000177791
SYNPO2L	10	73644881	73663803	-	ENSG00000166317
AGAP5	10	73674287	73698109	-	ENSG00000172650
SEC24C	10	73744366	73772173	+	ENSG00000176986
FUT11	10	73772276	73780251	+	ENSG00000196968
CHCHD1	10	73782047	73783652	+	ENSG00000172586
ZSWIM8	10	73785606	73801797	+	ENSG00000214655
NDST2	10	73801910	73811963	-	ENSG00000166507
CAMK2G	10	73812501	73874641	-	ENSG00000148660
PLAU	10	73909177	73917501	+	ENSG00000122861
VCL	10	73995193	74121363	+	ENSG00000035403
AP3M1	10	74120255	74151055	-	ENSG00000185009
ADK	10	74151191	74709963	+	ENSG00000156110
KAT6B	10	74824912	75032631	+	ENSG00000156650
DUSP29	10	75037472	75073655	-	ENSG00000188716
DUSP13A	10	75094434	75109221	-	ENSG00000293543
SAMD8	10	75099586	75182127	+	ENSG00000156671
VDAC2	10	75209983	75231456	+	ENSG00000165637
COMTD1	10	75233641	75236075	-	ENSG00000165644
ZNF503	10	75397830	75401764	-	ENSG00000165655
LRMDA	10	75431624	76560168	+	ENSG00000148655
KCNMA1	10	76869601	77638369	-	ENSG00000156113
DLG5	10	77790778	77927220	-	ENSG00000151208
POLR3A	10	77953148	78029549	-	ENSG00000148606
RPS24	10	78033746	78056813	+	ENSG00000138326
ZMIZ1	10	79068929	79316550	+	ENSG00000108175
PPIF	10	79347466	79355337	+	ENSG00000108179
ZCCHC24	10	79382325	79445625	-	ENSG00000165424
EIF5AL1	10	79512533	79516440	+	ENSG00000253626
SFTPA2	10	79555761	79560492	-	ENSG00000185303
SFTPA1	10	79610412	79616115	+	ENSG00000122852
NUTM2B	10	79703227	79714681	+	ENSG00000188199
NUTM2E	10	79826739	79850878	+	ENSG00000228570
SFTPD	10	79937128	79983996	-	ENSG00000133661
TMEM254	10	80078646	80092557	+	ENSG00000133678
PLAC9	10	80131682	80145359	+	ENSG00000189129
ANXA11	10	80150889	80205583	-	ENSG00000122359
MAT1A	10	80269780	80290126	-	ENSG00000151224
DYDC1	10	80336105	80356755	-	ENSG00000170788
DYDC2	10	80344730	80368074	+	ENSG00000133665
PRXL2A	10	80406443	80437115	+	ENSG00000122378
TSPAN14	10	80454162	80533124	+	ENSG00000108219
SH2D4B	10	80537902	80646560	+	ENSG00000178217
NRG3	10	81875194	82987179	+	ENSG00000185737
GHITM	10	84139482	84154841	+	ENSG00000165678
GPR15LG	10	84173801	84185294	+	ENSG00000188373
CDHR1	10	84194537	84219621	+	ENSG00000148600
LRIT2	10	84220571	84225544	-	ENSG00000204033
RGR	10	84230666	84259960	+	ENSG00000148604
LRIT1	10	84231520	84241546	-	ENSG00000148602
CCSER2	10	84328586	84518521	+	ENSG00000107771
GRID1	10	85599552	86366795	-	ENSG00000182771
WAPL	10	86435256	86521843	-	ENSG00000062650
OPN4	10	86654518	86666460	+	ENSG00000122375
LDB3	10	86666664	86736159	+	ENSG00000122367
BMPR1A	10	86755763	86932825	+	ENSG00000107779
MMRN2	10	86935540	86969481	-	ENSG00000173269
SNCG	10	86955771	86963261	+	ENSG00000173267
ADIRF	10	86968432	87007922	+	ENSG00000148671
FAM25A	10	87020294	87024730	+	ENSG00000188100
GLUD1	10	87050202	87095049	-	ENSG00000148672
SHLD2	10	87094006	87191478	+	ENSG00000122376
NUTM2A	10	87225448	87236908	+	ENSG00000184923
NUTM2D	10	87357720	87370695	+	ENSG00000214562
MINPP1	10	87504875	87553461	+	ENSG00000107789
PAPSS2	10	87659613	87747708	+	ENSG00000198682
ATAD1	10	87751512	87842355	-	ENSG00000138138
KLLN	10	87859158	87863533	-	ENSG00000227268
PTEN	10	87862638	87971930	+	ENSG00000171862
MLDHR	10	87863559	87863654	+	ENSG00000289051
RNLS	10	88273864	88584530	-	ENSG00000184719
LIPJ	10	88586753	88606976	+	ENSG00000204022
LIPF	10	88664441	88678814	+	ENSG00000182333
LIPK	10	88706249	88752776	+	ENSG00000204021
LIPN	10	88759982	88779626	+	ENSG00000204020
LIPM	10	88802730	88820546	+	ENSG00000173239
ANKRD22	10	88819896	88851844	-	ENSG00000152766
STAMBPL1	10	88879380	88975153	+	ENSG00000138134
ACTA2	10	88934822	88991339	-	ENSG00000107796
FAS	10	88953813	89029605	+	ENSG00000026103
CH25H	10	89205629	89207317	-	ENSG00000138135
LIPA	10	89212830	89415367	-	ENSG00000107798
IFIT2	10	89283694	89309271	+	ENSG00000119922
IFIT3	10	89327307	89377473	+	ENSG00000119917
IFIT1B	10	89378056	89385205	+	ENSG00000204010
IFIT1	10	89392546	89406487	+	ENSG00000185745
IFIT5	10	89414568	89421605	+	ENSG00000152778
SLC16A12	10	89430174	89556701	-	ENSG00000152779
PANK1	10	89579497	89645242	-	ENSG00000152782
KIF20B	10	89701583	89774939	+	ENSG00000138182
HTR7	10	90740823	90858039	-	ENSG00000148680
RPP30	10	90871487	90908553	+	ENSG00000148688
ANKRD1	10	90912092	90921091	-	ENSG00000148677
PCGF5	10	91162339	91284337	+	ENSG00000180628
HECTD2	10	91409280	91514829	+	ENSG00000165338
PPP1R3C	10	91628442	91633071	-	ENSG00000119938
TNKS2	10	91798426	91865475	+	ENSG00000107854
FGFBP3	10	91906584	91909486	-	ENSG00000174721
BTAF1	10	91923770	92031437	+	ENSG00000095564
CPEB3	10	92046692	92291628	-	ENSG00000107864
MARCHF5	10	92291167	92353964	+	ENSG00000198060
IDE	10	92451684	92574096	-	ENSG00000119912
KIF11	10	92574105	92655395	+	ENSG00000138160
HHEX	10	92689903	92695647	+	ENSG00000152804
EXOC6	10	92826831	93059493	+	ENSG00000138190
CYP26C1	10	93060798	93069540	+	ENSG00000187553
CYP26A1	10	93073475	93077885	+	ENSG00000095596
MYOF	10	93306429	93482334	-	ENSG00000138119
CEP55	10	93496579	93529094	+	ENSG00000138180
FFAR4	10	93566665	93604480	+	ENSG00000186188
RBP4	10	93590170	93603110	-	ENSG00000138207
PDE6C	10	93612537	93666010	+	ENSG00000095464
FRA10AC1	10	93667883	93703294	-	ENSG00000148690
LGI1	10	93757840	93806272	+	ENSG00000108231
SLC35G1	10	93893937	93956062	+	ENSG00000176273
PLCE1	10	93993894	94332823	+	ENSG00000138193
NOC3L	10	94333226	94362982	-	ENSG00000173145
TBC1D12	10	94402451	94536332	+	ENSG00000108239
HELLS	10	94545329	94613905	+	ENSG00000119969
CYP2C18	10	94682944	94736190	+	ENSG00000108242
CYP2C19	10	94762662	94856282	+	ENSG00000165841
CYP2C9	10	94938588	94990148	+	ENSG00000138109
CYP2C8	10	95034359	95069498	-	ENSG00000138115
ACSM6	10	95194200	95228929	+	ENSG00000173124
PDLIM1	10	95237569	95291035	-	ENSG00000107438
SORBS1	10	95311390	95561469	-	ENSG00000095637
ALDH18A1	10	95605937	95656841	-	ENSG00000059573
TCTN3	10	95659823	95694143	-	ENSG00000119977
ENTPD1	10	95711779	95877266	+	ENSG00000138185
CC2D2B	10	95907603	96033745	+	ENSG00000188649
CCNJ	10	96043394	96060870	+	ENSG00000107443
ZNF518A	10	96129695	96205288	+	ENSG00000177853
BLNK	10	96189171	96272658	-	ENSG00000095585
DNTT	10	96304409	96338564	+	ENSG00000107447
OPALIN	10	96343216	96359365	-	ENSG00000197430
TLL2	10	96364608	96513941	-	ENSG00000095587
TM9SF3	10	96518110	96587452	-	ENSG00000077147
PIK3AP1	10	96593043	96720534	-	ENSG00000155629
LCOR	10	96831803	96995956	+	ENSG00000196233
SLIT1	10	96998038	97185959	-	ENSG00000187122
ARHGAP19-SLIT1	10	97153045	97292637	-	ENSG00000269891
ARHGAP19	10	97222173	97292673	-	ENSG00000213390
FRAT1	10	97319271	97321915	+	ENSG00000165879
FRAT2	10	97332497	97334729	-	ENSG00000181274
RRP12	10	97356357	97426076	-	ENSG00000052749
PGAM1	10	97426124	97433444	+	ENSG00000171314
EXOSC1	10	97428014	97446085	-	ENSG00000171311
ZDHHC16	10	97446142	97457370	+	ENSG00000171307
MMS19	10	97458083	97499500	-	ENSG00000155229
UBTD1	10	97498913	97571206	+	ENSG00000165886
ANKRD2	10	97572499	97583896	+	ENSG00000165887
HOGA1	10	97584323	97612802	+	ENSG00000241935
C10orf62	10	97589721	97590934	+	ENSG00000203942
MORN4	10	97614551	97634135	-	ENSG00000171160
PI4K2A	10	97640671	97676757	+	ENSG00000155252
AVPI1	10	97677422	97687561	-	ENSG00000119986
MARVELD1	10	97713173	97718150	+	ENSG00000155254
ZFYVE27	10	97737117	97760907	+	ENSG00000155256
SFRP5	10	97766751	97771999	-	ENSG00000120057
GOLGA7B	10	97849295	97871580	+	ENSG00000155265
CRTAC1	10	97865000	98030828	-	ENSG00000095713
R3HCC1L	10	98134608	98245624	+	ENSG00000166024
LOXL4	10	98247690	98268650	-	ENSG00000138131
PYROXD2	10	98383565	98415210	-	ENSG00000119943
HPS1	10	98410939	98446966	-	ENSG00000107521
HPSE2	10	98457077	99235862	-	ENSG00000172987
CNNM1	10	99329356	99394330	+	ENSG00000119946
GOT1	10	99396870	99430671	-	ENSG00000120053
NKX2-3	10	99532942	99536524	+	ENSG00000119919
SLC25A28	10	99610518	99622793	-	ENSG00000155287
ENTPD7	10	99659415	99711241	+	ENSG00000198018
CUTC	10	99702558	99756187	+	ENSG00000119929
COX15	10	99710868	99732160	-	ENSG00000014919
ABCC2	10	99782640	99852594	+	ENSG00000023839
DNMBP	10	99875577	100009947	-	ENSG00000107554
CPN1	10	100042193	100081907	-	ENSG00000120054
ERLIN1	10	100150094	100186033	-	ENSG00000107566
CHUK	10	100188300	100229596	-	ENSG00000213341
CWF19L1	10	100232296	100267684	-	ENSG00000095485
BLOC1S2	10	100273280	100286697	-	ENSG00000196072
PKD2L1	10	100288149	100330264	-	ENSG00000107593
SCD	10	100346508	100364837	+	ENSG00000099194
WNT8B	10	100463009	100483744	+	ENSG00000075290
SEC31B	10	100486639	100519864	-	ENSG00000075826
NDUFB8	10	100523668	100530000	-	ENSG00000166136
HIF1AN	10	100529072	100559998	+	ENSG00000166135
PAX2	10	100735396	100829944	+	ENSG00000075891
SLF2	10	100912963	100965134	+	ENSG00000119906
MRPL43	10	100969458	100990450	-	ENSG00000055950
SEMA4G	10	100969498	100985871	+	ENSG00000095539
TWNK	10	100987367	100994403	+	ENSG00000107815
LZTS2	10	100996539	101007852	+	ENSG00000107816
PDZD7	10	101007679	101032295	-	ENSG00000186862
SFXN3	10	101031229	101041244	+	ENSG00000107819
KAZALD1	10	101061171	101068179	+	ENSG00000107821
TLX1	10	101131300	101137789	+	ENSG00000107807
LBX1	10	101226180	101230401	-	ENSG00000138136
BTRC	10	101354033	101557321	+	ENSG00000166167
DPCD	10	101570560	101609664	+	ENSG00000166171
POLL	10	101576051	101588270	-	ENSG00000166169
FBXW4	10	101610663	101695295	-	ENSG00000107829
FGF8	10	101770109	101780371	-	ENSG00000107831
NPM3	10	101781318	101783446	-	ENSG00000107833
OGA	10	101784443	101818620	-	ENSG00000198408
KCNIP2	10	101825969	101843965	-	ENSG00000120049
ARMH3	10	101845599	102056258	-	ENSG00000120029
HPS6	10	102065349	102068036	+	ENSG00000166189
LDB1	10	102106489	102120368	-	ENSG00000198728
PPRC1	10	102132994	102150333	+	ENSG00000148840
NOLC1	10	102152175	102163875	+	ENSG00000166197
ELOVL3	10	102226299	102229589	+	ENSG00000119915
PITX3	10	102230189	102241512	-	ENSG00000107859
GBF1	10	102245371	102382899	+	ENSG00000107862
NFKB2	10	102394110	102402529	+	ENSG00000077150
PSD	10	102402614	102421539	-	ENSG00000059915
FBXL15	10	102418520	102423142	+	ENSG00000107872
CUEDC2	10	102423242	102432718	-	ENSG00000107874
C10orf95	10	102449837	102451543	-	ENSG00000120055
MFSD13A	10	102461363	102477046	+	ENSG00000138111
ACTR1A	10	102461881	102502744	-	ENSG00000138107
SUFU	10	102503952	102633535	+	ENSG00000107882
TRIM8	10	102642503	102662789	+	ENSG00000171206
ARL3	10	102673731	102714437	-	ENSG00000138175
SFXN2	10	102714538	102743492	+	ENSG00000156398
WBP1L	10	102743948	102834516	+	ENSG00000166272
CYP17A1	10	102830461	102837501	-	ENSG00000148795
BORCS7	10	102854259	102864961	+	ENSG00000166275
BORCS7-ASMT	10	102854272	102901899	+	ENSG00000270316
AS3MT	10	102869470	102901899	+	ENSG00000214435
CNNM2	10	102918286	103090222	+	ENSG00000148842
NT5C2	10	103087141	103277605	-	ENSG00000076685
RPEL1	10	103245887	103248016	+	ENSG00000235376
INA	10	103277138	103290351	+	ENSG00000148798
PCGF6	10	103302796	103351150	-	ENSG00000156374
TAF5	10	103367964	103389065	+	ENSG00000148835
ATP5MK	10	103388991	103396492	-	ENSG00000173915
PDCD11	10	103396626	103446297	+	ENSG00000148843
CALHM2	10	103446784	103452780	-	ENSG00000138172
CALHM1	10	103453240	103458900	-	ENSG00000185933
CALHM3	10	103472804	103479240	-	ENSG00000183128
NEURL1	10	103493705	103592546	+	ENSG00000107954
SH3PXD2A	10	103594027	103855584	-	ENSG00000107957
STN1	10	103856793	103918762	-	ENSG00000107960
SLK	10	103966916	104029242	+	ENSG00000065613
COL17A1	10	104030753	104086225	-	ENSG00000065618
SFR1	10	104122058	104126385	+	ENSG00000156384
CFAP43	10	104129888	104232364	-	ENSG00000197748
GSTO1	10	104235356	104267461	+	ENSG00000148834
GSTO2	10	104268873	104304950	+	ENSG00000065621
ITPRIP	10	104309698	104338812	-	ENSG00000148841
CFAP58	10	104353833	104455102	+	ENSG00000120051
SORCS3	10	104641290	105265242	+	ENSG00000156395
SORCS1	10	106573663	107164706	-	ENSG00000108018
XPNPEP1	10	109864494	109923553	-	ENSG00000108039
ADD3	10	109996356	110135565	+	ENSG00000148700
MXI1	10	110207605	110287365	+	ENSG00000119950
SMNDC1	10	110290730	110304963	-	ENSG00000119953
DUSP5	10	110497907	110511541	+	ENSG00000138166
SMC3	10	110567680	110606048	+	ENSG00000108055
RBM20	10	110643948	110839471	+	ENSG00000203867
PDCD4	10	110871795	110900006	+	ENSG00000150593
BBIP1	10	110898730	110919201	-	ENSG00000214413
SHOC2	10	110917932	111017307	+	ENSG00000108061
ADRA2A	10	111077029	111080907	+	ENSG00000150594
GPAM	10	112149865	112215416	-	ENSG00000119927
TECTB	10	112283400	112305038	+	ENSG00000119913
ACSL5	10	112372400	112428381	+	ENSG00000197142
ZDHHC6	10	112424428	112447631	-	ENSG00000023041
VTI1A	10	112446998	112818744	+	ENSG00000151532
TCF7L2	10	112950205	113167678	+	ENSG00000148737
HABP2	10	113550837	113589892	+	ENSG00000148702
NRAP	10	113588714	113664121	-	ENSG00000197893
CASP7	10	113679162	113731290	+	ENSG00000165806
PLEKHS1	10	113751262	113783429	+	ENSG00000148735
DCLRE1A	10	113834725	113854383	-	ENSG00000198924
NHLRC2	10	113854475	113917194	+	ENSG00000196865
ADRB1	10	114043866	114046904	+	ENSG00000043591
CCDC186	10	114120862	114174232	-	ENSG00000165813
TDRD1	10	114179270	114232666	+	ENSG00000095627
VWA2	10	114239254	114294489	+	ENSG00000165816
AFAP1L2	10	114293604	114404775	-	ENSG00000169129
ABLIM1	10	114431110	114768061	-	ENSG00000099204
FHIP2A	10	114821744	114899832	+	ENSG00000151553
TRUB1	10	114938195	114977676	+	ENSG00000165832
ATRNL1	10	115093365	115948999	+	ENSG00000107518
GFRA1	10	116056925	116276803	-	ENSG00000151892
CCDC172	10	116324388	116380029	+	ENSG00000182645
PNLIPRP3	10	116427847	116477957	+	ENSG00000203837
PNLIP	10	116545931	116567855	+	ENSG00000175535
PNLIPRP1	10	116590385	116609175	+	ENSG00000187021
PNLIPRP2	10	116620953	116645143	+	ENSG00000266200
SPMIP5	10	116662208	116670312	-	ENSG00000165863
HSPA12A	10	116671192	116850251	-	ENSG00000165868
ENO4	10	116849481	116911788	+	ENSG00000188316
SHTN1	10	116881477	117126586	-	ENSG00000187164
VAX1	10	117128521	117138301	-	ENSG00000148704
KCNK18	10	117196957	117210752	+	ENSG00000186795
SLC18A2	10	117240830	117279430	+	ENSG00000165646
PDZD8	10	117277274	117376020	-	ENSG00000165650
EMX2	10	117542445	117549546	+	ENSG00000170370
RAB11FIP2	10	118004916	118046941	-	ENSG00000107560
FAM204A	10	118297925	118342331	-	ENSG00000165669
PRLHR	10	118589997	118596704	-	ENSG00000119973
CACUL1	10	118674167	118755249	-	ENSG00000151893
NANOS1	10	119029714	119033730	+	ENSG00000188613
EIF3A	10	119033670	119080835	-	ENSG00000107581
DENND10	10	119104086	119137984	+	ENSG00000119979
SFXN4	10	119140767	119165714	-	ENSG00000183605
PRDX3	10	119167699	119178865	-	ENSG00000165672
GRK5	10	119207543	119459745	+	ENSG00000198873
RGS10	10	119499817	119543294	-	ENSG00000148908
TIAL1	10	119571802	119597029	-	ENSG00000151923
BAG3	10	119650879	119677913	+	ENSG00000151929
INPP5F	10	119726035	119829151	+	ENSG00000198825
MCMBP	10	119829060	119892556	-	ENSG00000197771
SEC23IP	10	119892686	119944657	+	ENSG00000107651
PLPP4	10	120457227	120592065	+	ENSG00000203805
WDR11	10	120851305	120909524	+	ENSG00000120008
FGFR2	10	121478332	121598458	-	ENSG00000066468
ATE1	10	121709393	121928801	-	ENSG00000107669
NSMCE4A	10	121953334	121975257	-	ENSG00000107672
TACC2	10	121989163	122254545	+	ENSG00000138162
BTBD16	10	122271296	122338159	+	ENSG00000138152
PLEKHA1	10	122374675	122432604	+	ENSG00000107679
ARMS2	10	122454653	122457352	+	ENSG00000254636
HTRA1	10	122458551	122514907	+	ENSG00000166033
DMBT1	10	122560643	122643740	+	ENSG00000187908
SPADH	10	122672850	122679494	+	ENSG00000286135
C10orf120	10	122697709	122699846	-	ENSG00000183559
CUZD1	10	122832158	122846175	-	ENSG00000138161
FAM24B	10	122849078	122879641	-	ENSG00000213185
FAM24A	10	122910610	122913111	+	ENSG00000203795
C10orf88	10	122930901	122954311	-	ENSG00000119965
PSTK	10	122954381	122997513	+	ENSG00000179988
IKZF5	10	122990806	123008826	-	ENSG00000095574
ACADSB	10	123008972	123058290	+	ENSG00000196177
HMX3	10	123135970	123139423	+	ENSG00000188620
HMX2	10	123148136	123150672	+	ENSG00000188816
BUB3	10	123154395	123170467	+	ENSG00000154473
GPR26	10	123666355	123697399	+	ENSG00000154478
CPXM2	10	123706207	123940267	-	ENSG00000121898
CHST15	10	124007668	124093698	-	ENSG00000182022
OAT	10	124397298	124419760	-	ENSG00000065154
NKX1-2	10	124445243	124450035	-	ENSG00000229544
LHPP	10	124461792	124617888	+	ENSG00000107902
FAM53B	10	124619292	124744475	-	ENSG00000189319
EEF1AKMT2	10	124748149	124791887	-	ENSG00000203791
ABRAXAS2	10	124801805	124836670	+	ENSG00000165660
ZRANB1	10	124942123	124988189	+	ENSG00000019995
CTBP2	10	124981657	125163006	-	ENSG00000175029
TEX36	10	125576522	125683163	-	ENSG00000175018
EDRF1	10	125719515	125764143	+	ENSG00000107938
MMP21	10	125753580	125775913	-	ENSG00000154485
UROS	10	125784980	125823288	-	ENSG00000188690
BCCIP	10	125823525	125853695	+	ENSG00000107949
DHX32	10	125836337	125896514	-	ENSG00000089876
FANK1	10	125896538	126009595	+	ENSG00000203780
ADAM12	10	126012381	126388477	-	ENSG00000148848
C10orf90	10	126424997	126798708	-	ENSG00000154493
DOCK1	10	126905397	127452518	+	ENSG00000150760
INSYN2A	10	127135426	127196591	-	ENSG00000188916
NPS	10	127549309	127553540	+	ENSG00000214285
FOXI2	10	127737185	127741183	+	ENSG00000186766
CLRN3	10	127877841	127892947	-	ENSG00000180745
PTPRE	10	127906805	128085856	+	ENSG00000132334
MKI67	10	128096659	128126448	-	ENSG00000148773
MGMT	10	129466679	129770983	+	ENSG00000170430
EBF3	10	129835233	129973053	-	ENSG00000108001
C10orf143	10	130020025	130110840	-	ENSG00000237489
GLRX3	10	130136385	130184521	+	ENSG00000108010
TCERG1L	10	131092391	131311736	-	ENSG00000176769
PPP2R2D	10	131900977	131959834	+	ENSG00000175470
BNIP3	10	131966461	131981984	-	ENSG00000176171
JAKMIP3	10	132036336	132184858	+	ENSG00000188385
DPYSL4	10	132186897	132205762	+	ENSG00000151640
STK32C	10	132207483	132331847	-	ENSG00000165752
LRRC27	10	132332154	132381508	+	ENSG00000148814
PWWP2B	10	132397168	132417859	+	ENSG00000171813
INPP5A	10	132537772	132783480	+	ENSG00000068383
NKX6-2	10	132783179	132786147	-	ENSG00000148826
CFAP46	10	132808392	132942823	-	ENSG00000171811
ADGRA1	10	133087924	133131675	+	ENSG00000197177
KNDC1	10	133160034	133226412	+	ENSG00000171798
UTF1	10	133230217	133231558	+	ENSG00000171794
VENTX	10	133235769	133241929	+	ENSG00000151650
ADAM8	10	133262416	133276909	-	ENSG00000151651
TUBGCP2	10	133278635	133318823	-	ENSG00000130640
ZNF511	10	133308899	133313162	+	ENSG00000198546
ZNF511-PRAP1	10	133309410	133352529	+	ENSG00000283496
CALY	10	133324072	133336980	-	ENSG00000130643
PRAP1	10	133347196	133354013	+	ENSG00000165828
FUOM	10	133353952	133358039	-	ENSG00000148803
ECHS1	10	133362472	133373714	-	ENSG00000127884
PAOX	10	133379246	133392078	+	ENSG00000148832
MTG1	10	133394094	133422520	+	ENSG00000148824
SPRN	10	133420666	133424625	-	ENSG00000203772
SCART1	10	133453928	133523558	+	ENSG00000214279
CYP2E1	10	133520406	133561220	+	ENSG00000130649
SYCE1	10	133553901	133569835	-	ENSG00000171772
FRG2B	10	133623895	133626795	-	ENSG00000225899
BET1L	11	167784	207399	-	ENSG00000177951
SCGB1C1	11	193078	194575	+	ENSG00000188076
CIMAP1A	11	196761	200261	+	ENSG00000177947
RIC8A	11	207499	215113	+	ENSG00000177963
SIRT3	11	215028	236931	-	ENSG00000142082
PSMD13	11	236966	252986	+	ENSG00000185627
NLRP6	11	278407	285388	+	ENSG00000174885
PGGHG	11	289095	296107	+	ENSG00000142102
IFITM5	11	298200	299526	-	ENSG00000206013
IFITM2	11	303655	309397	+	ENSG00000185201
IFITM1	11	310041	315273	+	ENSG00000185885
IFITM3	11	319675	329475	-	ENSG00000142089
B4GALNT4	11	369457	382117	+	ENSG00000182272
PKP3	11	392614	404908	+	ENSG00000184363
SIGIRR	11	405711	417473	-	ENSG00000185187
ANO9	11	417921	442072	-	ENSG00000185101
PTDSS2	11	448268	491399	+	ENSG00000174915
RNH1	11	494510	507300	-	ENSG00000023191
HRAS	11	532242	537343	-	ENSG00000174775
LRRC56	11	536841	554925	+	ENSG00000161328
LMNTD2	11	554850	560738	-	ENSG00000185522
RASSF7	11	560207	564067	+	ENSG00000099849
PHRF1	11	576170	612225	+	ENSG00000070047
IRF7	11	612551	615983	-	ENSG00000185507
CDHR5	11	616405	626078	-	ENSG00000099834
SCT	11	626309	627181	-	ENSG00000070031
DRD4	11	637269	640706	+	ENSG00000069696
DEAF1	11	644224	707118	-	ENSG00000177030
EPS8L2	11	694438	727729	+	ENSG00000177106
TMEM80	11	695591	705028	+	ENSG00000177042
TALDO1	11	747399	765035	+	ENSG00000177156
GATD1	11	767220	777488	-	ENSG00000177225
CEND1	11	787115	790113	-	ENSG00000184524
SLC25A22	11	790474	798316	-	ENSG00000177542
PANO1	11	797511	799190	+	ENSG00000288675
PIDD1	11	799179	809753	-	ENSG00000177595
RPLP2	11	799414	812884	+	ENSG00000177600
PNPLA2	11	818914	825573	+	ENSG00000177666
CRACR2B	11	826144	831993	+	ENSG00000177685
CD151	11	832705	839831	+	ENSG00000177697
POLR2L	11	837356	842561	-	ENSG00000177700
TSPAN4	11	840686	867120	+	ENSG00000214063
CHID1	11	867331	915579	-	ENSG00000177830
AP2A2	11	924881	1012245	+	ENSG00000183020
MUC6	11	1012823	1036718	-	ENSG00000184956
MUC2	11	1074875	1110511	+	ENSG00000198788
MUC5AC	11	1157953	1201138	+	ENSG00000215182
MUC5B	11	1223066	1262172	+	ENSG00000117983
TOLLIP	11	1274371	1310258	-	ENSG00000078902
BRSK2	11	1389899	1462689	+	ENSG00000174672
MOB2	11	1469457	1501247	-	ENSG00000182208
DUSP8	11	1554051	1573076	-	ENSG00000184545
KRTAP5-1	11	1584342	1585283	-	ENSG00000205869
KRTAP5-2	11	1597177	1598294	-	ENSG00000205867
KRTAP5-3	11	1607565	1608463	-	ENSG00000196224
KRTAP5-4	11	1620958	1622138	-	ENSG00000241598
KRTAP5-5	11	1629775	1630930	+	ENSG00000185940
KRTAP5-6	11	1697195	1697755	+	ENSG00000205864
IFITM10	11	1732406	1750605	-	ENSG00000244242
CTSD	11	1752752	1764573	-	ENSG00000117984
SYT8	11	1828307	1837521	+	ENSG00000149043
TNNI2	11	1838981	1841680	+	ENSG00000130598
LSP1	11	1850904	1892267	+	ENSG00000130592
PRR33	11	1888078	1891895	-	ENSG00000283787
TNNT3	11	1919456	1938711	+	ENSG00000130595
MRPL23	11	1947278	1986375	+	ENSG00000214026
IGF2	11	2129112	2158391	-	ENSG00000167244
INS-IGF2	11	2132538	2161209	-	ENSG00000129965
INS	11	2159779	2161221	-	ENSG00000254647
TH	11	2163929	2171968	-	ENSG00000180176
ASCL2	11	2268498	2270588	-	ENSG00000183734
C11orf21	11	2295628	2303180	-	ENSG00000110665
TSPAN32	11	2301990	2318204	+	ENSG00000064201
CD81	11	2376166	2397802	+	ENSG00000110651
TSSC4	11	2400488	2403878	+	ENSG00000184281
TRPM5	11	2404515	2444514	-	ENSG00000070985
KCNQ1	11	2444654	2849105	+	ENSG00000053918
CDKN1C	11	2883213	2885775	-	ENSG00000129757
SLC67A1	11	2899718	2925247	+	ENSG00000110628
PHLDA2	11	2928273	2929420	-	ENSG00000181649
NAP1L4	11	2944429	2992386	-	ENSG00000205531
CARS1	11	3000922	3057613	-	ENSG00000110619
OSBPL5	11	3087107	3166739	-	ENSG00000021762
MRGPRG	11	3217944	3218813	-	ENSG00000182170
MRGPRE	11	3225030	3232417	-	ENSG00000184350
ZNF195	11	3339261	3379222	-	ENSG00000005801
ART5	11	3638503	3643187	-	ENSG00000167311
ART1	11	3645115	3668548	+	ENSG00000129744
CHRNA10	11	3665587	3671384	-	ENSG00000129749
NUP98	11	3671083	3797792	-	ENSG00000110713
PGAP2	11	3797724	3826371	+	ENSG00000148985
RHOG	11	3826978	3840985	-	ENSG00000177105
STIM1	11	3854527	4093210	+	ENSG00000167323
RRM1	11	4094707	4138932	+	ENSG00000167325
SSU72L5	11	4233217	4234287	+	ENSG00000284018
SSU72L2	11	4241641	4242706	-	ENSG00000284306
SSU72L4	11	4287084	4288185	-	ENSG00000283873
SSU72L3	11	4329790	4330864	+	ENSG00000284546
SSU72L1	11	4338245	4339345	-	ENSG00000284438
OR52B4	11	4367263	4368386	-	ENSG00000221996
TRIM21	11	4384897	4393747	-	ENSG00000132109
OR52K2	11	4449295	4450361	+	ENSG00000181963
OR52K1	11	4482646	4493497	+	ENSG00000196778
OR52M1	11	4545191	4546144	+	ENSG00000197790
OR52I2	11	4581743	4593340	+	ENSG00000226288
OR52I1	11	4594039	4595013	+	ENSG00000232268
TRIM68	11	4598672	4608231	-	ENSG00000167333
OR51D1	11	4637477	4643060	+	ENSG00000197428
OR51E1	11	4643420	4655488	+	ENSG00000180785
OR51E2	11	4680171	4697854	-	ENSG00000167332
OR51C1	11	4690423	4697853	-	ENSG00000197674
MMP26	11	4704784	4992431	+	ENSG00000167346
OR51F1	11	4768979	4769938	-	ENSG00000280021
OR52R1	11	4803433	4804380	-	ENSG00000279270
OR51F2	11	4821321	4822456	+	ENSG00000176925
OR51S1	11	4848237	4849208	-	ENSG00000176922
OR51T1	11	4881819	4882883	+	ENSG00000176900
OR51A7	11	4903783	4909462	+	ENSG00000176895
OR51G2	11	4912588	4919350	-	ENSG00000176893
OR51G1	11	4923374	4924339	-	ENSG00000278870
OR51A4	11	4942831	4947605	-	ENSG00000205497
OR51A2	11	4954772	4955713	-	ENSG00000205496
OR51L1	11	4994851	5005536	+	ENSG00000176798
OR52J3	11	5046526	5047461	+	ENSG00000205495
OR52E2	11	5058650	5059627	-	ENSG00000176787
OR52E1	11	5069572	5070497	+	ENSG00000273085
OR52A5	11	5128776	5138356	-	ENSG00000171944
OR52A1	11	5146824	5154757	-	ENSG00000182070
OR51V1	11	5199735	5200682	-	ENSG00000176742
HBB	11	5225464	5229395	-	ENSG00000244734
HBD	11	5232678	5243657	-	ENSG00000223609
HBG1	11	5248269	5249857	-	ENSG00000213934
HBG2	11	5253188	5505605	-	ENSG00000196565
HBE1	11	5268345	5505652	-	ENSG00000213931
OR51B4	11	5301014	5301946	-	ENSG00000183251
OR51B5	11	5303444	5505652	-	ENSG00000167355
OR51B2	11	5323359	5324297	-	ENSG00000279012
OR51B6	11	5351508	5352446	+	ENSG00000176239
OR51M1	11	5383812	5393263	+	ENSG00000184698
OR51Q1	11	5422111	5423206	+	ENSG00000167360
OR51I1	11	5440570	5441514	-	ENSG00000167359
OR51I2	11	5449323	5456518	+	ENSG00000187918
OR52D1	11	5488685	5489749	+	ENSG00000181609
UBQLN3	11	5507300	5509958	-	ENSG00000175520
UBQLNL	11	5514393	5518431	-	ENSG00000175518
OR52H1	11	5544489	5548540	-	ENSG00000181616
OR52B6	11	5580877	5581884	+	ENSG00000187747
TRIM6	11	5596109	5612958	+	ENSG00000121236
TRIM6-TRIM34	11	5596725	5644398	+	ENSG00000258588
TRIM34	11	5619764	5644398	+	ENSG00000258659
TRIM5	11	5663195	5938619	-	ENSG00000132256
TRIM22	11	5689610	5737089	+	ENSG00000132274
OR52P1	11	5726502	5727464	+	ENSG00000181109
OR56B1	11	5736448	5738523	+	ENSG00000181023
OR52N4	11	5754243	5755958	+	ENSG00000181074
OR56B2	11	5761153	5769080	+	ENSG00000181017
OR52N5	11	5776165	5783355	-	ENSG00000181009
OR52N1	11	5786471	5791265	-	ENSG00000181001
OR52N2	11	5808911	5821492	+	ENSG00000180988
OR52E6	11	5840928	5841952	-	ENSG00000205409
OR52E8	11	5856749	5857690	-	ENSG00000183269
OR52E4	11	5880629	5887079	+	ENSG00000180974
OR52E5	11	5893208	5902730	+	ENSG00000277932
OR56A3	11	5938751	5951347	+	ENSG00000184478
OR56A5	11	5967553	5968494	-	ENSG00000188691
OR52L1	11	5985892	5986985	-	ENSG00000183313
OR56A4	11	5999445	6006946	-	ENSG00000183389
OR56A1	11	6019336	6034338	-	ENSG00000180934
OR56B4	11	6107684	6108835	+	ENSG00000180919
OR52B2	11	6169355	6170326	-	ENSG00000255307
OR52W1	11	6199224	6200186	+	ENSG00000175485
C11orf42	11	6205557	6211135	+	ENSG00000180878
FHIP1B	11	6211335	6234711	-	ENSG00000051009
CNGA4	11	6234765	6245011	+	ENSG00000132259
CCKBR	11	6259806	6272127	+	ENSG00000110148
CAVIN3	11	6318946	6320546	-	ENSG00000170955
SMPD1	11	6390414	6394998	+	ENSG00000166311
APBB1	11	6395111	6419453	-	ENSG00000166313
HPX	11	6431006	6442617	-	ENSG00000110169
TRIM3	11	6448613	6474459	-	ENSG00000110171
ARFIP2	11	6474683	6481479	-	ENSG00000132254
TIMM10B	11	6481496	6484683	+	ENSG00000132286
DNHD1	11	6497260	6593758	+	ENSG00000179532
RRP8	11	6595072	6603616	-	ENSG00000132275
ILK	11	6603708	6610874	+	ENSG00000166333
TAF10	11	6606294	6612539	-	ENSG00000166337
TPP1	11	6612768	6619448	-	ENSG00000166340
DCHS1	11	6621330	6655809	-	ENSG00000166341
MRPL17	11	6680385	6683401	-	ENSG00000158042
OR2AG2	11	6765626	6771976	-	ENSG00000188124
OR2AG1	11	6783020	6791558	+	ENSG00000279486
OR6A2	11	6791736	6799689	-	ENSG00000184933
OR10A5	11	6845683	6846636	+	ENSG00000166363
OR10A2	11	6863057	6874717	+	ENSG00000170790
OR10A4	11	6876625	6877619	+	ENSG00000170782
OR2D2	11	6891574	6892500	-	ENSG00000166368
OR2D3	11	6921002	6921994	+	ENSG00000178358
ZNF215	11	6926373	7001004	+	ENSG00000149054
ZNF214	11	6996671	7020355	-	ENSG00000149050
NLRP14	11	7020462	7072055	+	ENSG00000158077
RBMXL2	11	7088998	7091148	+	ENSG00000170748
SYT9	11	7238778	7469043	+	ENSG00000170743
OLFML1	11	7485362	7512897	+	ENSG00000183801
PPFIBP2	11	7513298	7657127	+	ENSG00000166387
CYB5R2	11	7665097	7677222	-	ENSG00000166394
OVCH2	11	7689437	7706477	-	ENSG00000183378
OR5P2	11	7795974	7796942	-	ENSG00000183303
OR5P3	11	7824818	7830840	-	ENSG00000182334
OR10A6	11	7924592	7931268	-	ENSG00000279000
OR10A3	11	7937171	7941708	-	ENSG00000170683
NLRP10	11	7957537	7965447	-	ENSG00000182261
EIF3F	11	7970251	8001862	+	ENSG00000175390
TUB	11	8019244	8106243	+	ENSG00000166402
RIC3	11	8106056	8169055	-	ENSG00000166405
LMO1	11	8224309	8268752	-	ENSG00000166407
STK33	11	8391864	8594292	-	ENSG00000130413
TRIM66	11	8612037	8682694	-	ENSG00000166436
RPL27A	11	8682732	8714759	+	ENSG00000166441
DENND2B	11	8693343	8910951	-	ENSG00000166444
AKIP1	11	8911113	8922406	+	ENSG00000166452
C11orf16	11	8920076	8933006	-	ENSG00000176029
ASCL3	11	8937578	8943016	-	ENSG00000176009
TMEM9B	11	8947202	8965011	-	ENSG00000175348
NRIP3	11	8965682	9005288	-	ENSG00000175352
SCUBE2	11	9019476	9138114	-	ENSG00000175356
DENND5A	11	9138825	9265959	-	ENSG00000184014
TMEM41B	11	9280654	9314636	-	ENSG00000166471
IPO7	11	9384626	9448127	+	ENSG00000205339
ZNF143	11	9460319	9529002	+	ENSG00000166478
WEE1	11	9573668	9593457	+	ENSG00000166483
SWAP70	11	9664072	9752993	+	ENSG00000133789
SBF2	11	9776776	10304877	-	ENSG00000133812
ADM	11	10303392	10307397	+	ENSG00000148926
AMPD3	11	10308162	10507877	+	ENSG00000133805
RNF141	11	10511673	10541334	-	ENSG00000110315
LYVE1	11	10556966	10611689	-	ENSG00000133800
IRAG1	11	10573091	10693988	-	ENSG00000072952
CTR9	11	10751018	10801625	+	ENSG00000198730
EIF4G2	11	10797050	10808940	-	ENSG00000110321
ZBED5	11	10812074	10858796	-	ENSG00000236287
GALNT18	11	11270864	11622431	-	ENSG00000110328
CSNK2A3	11	11351942	11353250	-	ENSG00000254598
USP47	11	11841423	11961887	+	ENSG00000170242
DKK3	11	11956207	12009948	-	ENSG00000050165
MICAL2	11	12094008	12362140	+	ENSG00000133816
PARVA	11	12377482	12535356	+	ENSG00000197702
TEAD1	11	12674421	12944737	+	ENSG00000187079
RASSF10	11	13009316	13012119	+	ENSG00000189431
BMAL1	11	13276647	13388048	+	ENSG00000133794
BTBD10	11	13388004	13464029	-	ENSG00000148925
PTH	11	13492054	13496181	-	ENSG00000152266
FAR1	11	13667462	13732367	+	ENSG00000197601
SPON1	11	13962694	14268133	+	ENSG00000262655
RRAS2	11	14277922	14364506	-	ENSG00000133818
COPB1	11	14443357	14500027	-	ENSG00000129083
PSMA1	11	14504211	14643635	-	ENSG00000129084
PDE3B	11	14643663	14874614	+	ENSG00000152270
CYP2R1	11	14877440	14892247	-	ENSG00000186104
CALCB	11	14904997	15082342	+	ENSG00000175868
CALCA	11	14966622	14972354	-	ENSG00000110680
INSC	11	15112424	15247208	+	ENSG00000188487
SOX6	11	15966449	16739591	-	ENSG00000110693
C11orf58	11	16613132	16758340	+	ENSG00000110696
PLEKHA7	11	16777297	17014420	-	ENSG00000166689
RPS13	11	17074385	17077727	-	ENSG00000110700
PIK3C2A	11	17077730	17207986	-	ENSG00000011405
NUCB2	11	17208072	17349980	+	ENSG00000070081
NCR3LG1	11	17351800	17377341	+	ENSG00000188211
KCNJ11	11	17365172	17389353	-	ENSG00000187486
ABCC8	11	17392498	17476894	-	ENSG00000006071
USH1C	11	17493895	17544416	-	ENSG00000006611
OTOG	11	17547259	17647150	+	ENSG00000188162
MYOD1	11	17719571	17722136	+	ENSG00000129152
KCNC1	11	17734774	17856804	+	ENSG00000129159
SERGEF	11	17788043	18013047	-	ENSG00000129158
TPH1	11	18017555	18046269	-	ENSG00000129167
SAAL1	11	18069935	18106108	-	ENSG00000166788
MRGPRX3	11	18120955	18138488	+	ENSG00000179826
MRGPRX4	11	18172837	18174280	+	ENSG00000179817
SAA4	11	18231344	18236860	-	ENSG00000148965
SAA2-SAA4	11	18231423	18248635	-	ENSG00000255071
SAA2	11	18239223	18248668	-	ENSG00000134339
SAA1	11	18266260	18269977	+	ENSG00000173432
HPS5	11	18278668	18322523	-	ENSG00000110756
GTF2H1	11	18322276	18367045	+	ENSG00000110768
LDHA	11	18394347	18408425	+	ENSG00000134333
LDHC	11	18412306	18452063	+	ENSG00000166796
LDHAL6A	11	18455824	18479601	+	ENSG00000166800
TSG101	11	18468336	18526965	-	ENSG00000074319
UEVLD	11	18529607	18588747	-	ENSG00000151116
MISFA	11	18588781	18610255	+	ENSG00000247595
SPTY2D1	11	18606403	18634791	-	ENSG00000179119
TMEM86A	11	18693122	18704785	+	ENSG00000151117
IGSF22	11	18704312	18726230	-	ENSG00000179057
PTPN5	11	18727928	18792721	-	ENSG00000110786
MRGPRX1	11	18933499	18939414	-	ENSG00000170255
MRGPRX2	11	19054455	19060717	-	ENSG00000183695
ZDHHC13	11	19117099	19177712	+	ENSG00000177054
CSRP3	11	19176519	19210571	-	ENSG00000129170
E2F8	11	19224063	19241684	-	ENSG00000129173
NAV2	11	19350724	20121601	+	ENSG00000166833
DBX1	11	20156155	20160475	-	ENSG00000109851
HTATIP2	11	20355910	20383782	+	ENSG00000109854
PRMT3	11	20387549	20509350	+	ENSG00000185238
SLC6A5	11	20599594	20659285	+	ENSG00000165970
NELL1	11	20669551	21577711	+	ENSG00000165973
ANO5	11	21782659	22283567	+	ENSG00000171714
SLC17A6	11	22338381	22379503	+	ENSG00000091664
FANCF	11	22622533	22625823	-	ENSG00000183161
GAS2	11	22625509	22813803	+	ENSG00000148935
SVIP	11	22813799	22830299	-	ENSG00000198168
CCDC179	11	22846922	22860474	-	ENSG00000255359
LUZP2	11	24496970	25082638	+	ENSG00000187398
ANO3	11	26188842	26663289	+	ENSG00000134343
MUC15	11	26559032	26572263	-	ENSG00000169550
SLC5A12	11	26667020	26723427	-	ENSG00000148942
FIBIN	11	26994112	26997087	+	ENSG00000176971
BBOX1	11	27040698	27127810	+	ENSG00000129151
CCDC34	11	27330827	27363248	-	ENSG00000109881
LGR4	11	27365961	27472821	-	ENSG00000205213
LIN7C	11	27494418	27506769	-	ENSG00000148943
BDNF	11	27654893	27722058	-	ENSG00000176697
KIF18A	11	28020618	28108183	-	ENSG00000121621
METTL15	11	28108248	28527041	+	ENSG00000169519
KCNA4	11	30009552	30017030	-	ENSG00000182255
FSHB	11	30231014	30235261	+	ENSG00000131808
ARL14EP	11	30323104	30338458	+	ENSG00000152219
MPPED2	11	30384493	30586927	-	ENSG00000066382
DCDC1	11	30830369	31369810	-	ENSG00000170959
DNAJC24	11	31369840	31432835	+	ENSG00000170946
IMMP1L	11	31432399	31509645	-	ENSG00000148950
ELP4	11	31509755	31790324	+	ENSG00000109911
PAX6	11	31784779	31817961	-	ENSG00000007372
RCN1	11	32090971	32105722	+	ENSG00000049449
WT1	11	32387775	32435564	-	ENSG00000184937
EIF3M	11	32583785	32606264	+	ENSG00000149100
CCDC73	11	32602721	32794662	-	ENSG00000186714
PRRG4	11	32829675	32858120	+	ENSG00000135378
QSER1	11	32892811	32993316	+	ENSG00000060749
DEPDC7	11	33015876	33033582	+	ENSG00000121690
TCP11L1	11	33039417	33105943	+	ENSG00000176148
CSTF3	11	33077188	33162371	-	ENSG00000176102
HIPK3	11	33256672	33357023	+	ENSG00000110422
KIAA1549L	11	33376108	33674102	+	ENSG00000110427
C11orf91	11	33698261	33700826	-	ENSG00000205177
CD59	11	33703010	33736639	-	ENSG00000085063
FBXO3	11	33740939	33774543	-	ENSG00000110429
LMO2	11	33858574	33892076	-	ENSG00000135363
CAPRIN1	11	34051674	34102610	+	ENSG00000135387
NAT10	11	34105608	34147670	+	ENSG00000135372
ABTB2	11	34150987	34358010	-	ENSG00000166016
CAT	11	34438906	34472061	+	ENSG00000121691
ELF5	11	34478791	34525193	-	ENSG00000135374
EHF	11	34617044	34663386	+	ENSG00000135373
APIP	11	34853094	34916520	-	ENSG00000149089
PDHX	11	34915829	35020591	+	ENSG00000110435
CD44	11	35138882	35232402	+	ENSG00000026508
SLC1A2	11	35251205	35420063	-	ENSG00000110436
PAMR1	11	35431823	35530300	-	ENSG00000149090
FJX1	11	35618460	35620865	+	ENSG00000179431
TRIM44	11	35662537	35818007	+	ENSG00000166326
LDLRAD3	11	35943981	36232138	+	ENSG00000179241
COMMD9	11	36269284	36289449	-	ENSG00000110442
PRR5L	11	36296120	36465209	+	ENSG00000135362
TRAF6	11	36483769	36510292	-	ENSG00000175104
RAG1	11	36510372	36593156	+	ENSG00000166349
RAG2	11	36575574	36598279	-	ENSG00000175097
IFTAP	11	36594369	36675695	+	ENSG00000166352
LRRC4C	11	40113474	41459773	-	ENSG00000148948
API5	11	43311955	43344530	+	ENSG00000166181
TTC17	11	43358920	43494933	+	ENSG00000052841
HSD17B12	11	43680509	43857741	+	ENSG00000149084
ALKBH3	11	43880811	43920274	+	ENSG00000166199
C11orf96	11	43942637	43943878	+	ENSG00000187479
ACCSL	11	44047981	44059977	+	ENSG00000205126
ACCS	11	44065916	44084241	+	ENSG00000110455
EXT2	11	44095648	44251962	+	ENSG00000151348
ALX4	11	44260440	44310139	-	ENSG00000052850
CD82	11	44564414	44620924	+	ENSG00000085117
TSPAN18	11	44726322	44932427	+	ENSG00000157570
TP53I11	11	44885903	44951306	-	ENSG00000175274
PRDM11	11	45095806	45235110	+	ENSG00000019485
SYT13	11	45240302	45286341	-	ENSG00000019505
CHST1	11	45647689	45666096	-	ENSG00000175264
SLC35C1	11	45804072	45813016	+	ENSG00000181830
CRY2	11	45847118	45883248	+	ENSG00000121671
MAPK8IP1	11	45885618	45906470	+	ENSG00000121653
FREY1	11	45906513	45907272	-	ENSG00000234776
PEX16	11	45909663	45918812	-	ENSG00000121680
LARGE2	11	45918146	45929376	+	ENSG00000165905
PHF21A	11	45929319	46121473	-	ENSG00000135365
CREB3L1	11	46277637	46321422	+	ENSG00000157613
DGKZ	11	46332905	46380554	+	ENSG00000149091
MDK	11	46380756	46383837	+	ENSG00000110492
CHRM4	11	46383589	46391990	-	ENSG00000180720
AMBRA1	11	46396414	46594125	-	ENSG00000110497
HARBI1	11	46601439	46617909	-	ENSG00000180423
ATG13	11	46617251	46674818	+	ENSG00000175224
ARHGAP1	11	46677075	46700977	-	ENSG00000175220
ZNF408	11	46701016	46705912	+	ENSG00000175213
F2	11	46719166	46739822	+	ENSG00000180210
CKAP5	11	46743048	46846308	-	ENSG00000175216
LRP4	11	46856717	46918642	-	ENSG00000134569
CSTPP1	11	46936689	47164385	+	ENSG00000149179
ARFGAP2	11	47164299	47177474	-	ENSG00000149182
PACSIN3	11	47177520	47187487	-	ENSG00000165912
DDB2	11	47214457	47239240	+	ENSG00000134574
ACP2	11	47238400	47249288	-	ENSG00000134575
NR1H3	11	47248300	47269070	+	ENSG00000025434
MADD	11	47269161	47330038	+	ENSG00000110514
MYBPC3	11	47331406	47352702	-	ENSG00000134571
SPI1	11	47354860	47409369	-	ENSG00000066336
SLC39A13	11	47407132	47416587	+	ENSG00000165915
PSMC3	11	47418765	47426488	-	ENSG00000165916
RAPSN	11	47437762	47449192	-	ENSG00000165917
CELF1	11	47465933	47565569	-	ENSG00000149187
NDUFS3	11	47565336	47584565	+	ENSG00000213619
PTPMT1	11	47565430	47573461	+	ENSG00000110536
KBTBD4	11	47572197	47578976	-	ENSG00000123444
FAM180B	11	47586207	47589195	+	ENSG00000196666
C1QTNF4	11	47589666	47595642	-	ENSG00000172247
MTCH2	11	47616697	47642698	-	ENSG00000109919
AGBL2	11	47659591	47715389	-	ENSG00000165923
FNBP4	11	47716494	47767443	-	ENSG00000109920
NUP160	11	47778087	47848557	-	ENSG00000030066
PTPRJ	11	47980425	48170839	+	ENSG00000149177
OR4B1	11	48216810	48217739	+	ENSG00000175619
OR4X2	11	48245104	48246015	+	ENSG00000172208
OR4X1	11	48263861	48264778	+	ENSG00000176567
OR4S1	11	48306223	48307152	+	ENSG00000176555
OR4C3	11	48324920	48325955	+	ENSG00000176547
OR4C5	11	48365485	48366465	-	ENSG00000176540
OR4A47	11	48488793	48489722	+	ENSG00000237388
TRIM51G	11	48975498	48983885	-	ENSG00000220948
TRIM49B	11	49027501	49038451	+	ENSG00000182053
TRIM64C	11	49053714	49059112	-	ENSG00000214891
FOLH1	11	49145092	49208640	-	ENSG00000086205
OR4C13	11	49952391	49953419	+	ENSG00000258817
OR4C12	11	49981473	49982535	-	ENSG00000221954
OR4C45	11	50032874	50033794	+	ENSG00000260811
OR4C46	11	54603069	54603998	-	ENSG00000185926
OR4A8	11	54682877	54683821	+	ENSG00000225997
OR4A5	11	54706832	54707902	+	ENSG00000221840
TRIM48	11	55262155	55271114	+	ENSG00000150244
OR4A16	11	55343201	55344187	+	ENSG00000181961
OR4A15	11	55367974	55368918	+	ENSG00000181958
OR4C15	11	55554307	55555419	+	ENSG00000181939
OR4C16	11	55572128	55573060	+	ENSG00000279514
OR4C11	11	55602360	55607645	-	ENSG00000172188
OR4P4	11	55635113	55640309	+	ENSG00000181927
OR4S2	11	55648327	55652854	+	ENSG00000174982
OR4C6	11	55662201	55666195	+	ENSG00000181903
OR5D3P	11	55723776	55729621	+	ENSG00000186886
OR5D13	11	55773438	55774382	+	ENSG00000279761
OR5D14	11	55795556	55796500	+	ENSG00000186113
OR5L1	11	55811367	55812476	+	ENSG00000279395
OR5D18	11	55819630	55820571	+	ENSG00000186119
OR5L2	11	55827219	55828154	+	ENSG00000205030
OR5D16	11	55838752	55839738	+	ENSG00000205029
TRIM51	11	55883297	55891810	+	ENSG00000124900
OR5W2	11	55913650	55914582	-	ENSG00000187612
OR5I1	11	55935456	55936400	-	ENSG00000167825
OR10AG1	11	55965755	55969945	-	ENSG00000174970
OR5F1	11	55993681	55994625	-	ENSG00000149133
OR5AS1	11	56027654	56038191	+	ENSG00000181785
OR8I2	11	56093308	56094240	+	ENSG00000172154
OR8H2	11	56103687	56107658	+	ENSG00000181767
OR8H3	11	56122373	56123311	+	ENSG00000181761
OR8J3	11	56134721	56140201	-	ENSG00000167822
OR8K5	11	56159394	56160317	-	ENSG00000181752
OR5J2	11	56176618	56177556	+	ENSG00000174957
OR8J2	11	56208985	56215222	-	ENSG00000254658
OR5T2	11	56231282	56234255	-	ENSG00000181718
OR5T3	11	56252254	56253222	+	ENSG00000172489
OR5T1	11	56274154	56276819	+	ENSG00000181698
OR8H1	11	56288462	56292254	-	ENSG00000181693
OR8K3	11	56315144	56320639	+	ENSG00000280314
OR8K1	11	56346039	56346998	+	ENSG00000150261
OR8J1	11	56354291	56361511	+	ENSG00000172487
OR8U1	11	56375624	56376553	+	ENSG00000172199
OR5AL1	11	56412696	56413680	+	ENSG00000272987
OR8U3	11	56417258	56418232	-	ENSG00000279961
OR5M9	11	56462469	56463401	-	ENSG00000150269
OR5M3	11	56469274	56473352	-	ENSG00000174937
OR5M8	11	56490435	56491370	-	ENSG00000181371
OR5M11	11	56542340	56543257	-	ENSG00000255223
OR5M10	11	56576774	56577721	-	ENSG00000254834
OR5M1	11	56609236	56614874	-	ENSG00000255012
OR5AP2	11	56641489	56642439	-	ENSG00000172464
OR5AR1	11	56663686	56664618	+	ENSG00000172459
OR9G1	11	56699095	56703884	+	ENSG00000174914
OR9G4	11	56741223	56748697	-	ENSG00000172457
OR5G3	11	56819573	56820516	-	ENSG00000241356
OR5AK3P	11	56971050	56971979	+	ENSG00000181282
OR5AK2	11	56988914	56989843	+	ENSG00000181273
LRRC55	11	57181747	57191717	+	ENSG00000183908
APLNR	11	57233577	57237250	-	ENSG00000134817
TNKS1BP1	11	57299630	57325682	-	ENSG00000149115
SSRP1	11	57325982	57335892	-	ENSG00000149136
P2RX3	11	57338352	57372404	+	ENSG00000109991
PRG3	11	57376769	57381150	-	ENSG00000156575
PRG2	11	57386780	57391143	-	ENSG00000186652
SLC43A3	11	57406954	57429035	-	ENSG00000134802
RTN4RL2	11	57460528	57477534	+	ENSG00000186907
SLC43A1	11	57484064	57515780	-	ENSG00000149150
TIMM10	11	57528406	57531031	-	ENSG00000134809
SMTNL1	11	57537595	57550272	+	ENSG00000214872
UBE2L6	11	57551656	57568284	-	ENSG00000156587
SERPING1	11	57597387	57619246	+	ENSG00000149131
YPEL4	11	57645087	57649944	-	ENSG00000166793
CLP1	11	57648188	57661865	+	ENSG00000172409
ZDHHC5	11	57667433	57701190	+	ENSG00000156599
MED19	11	57703710	57712259	-	ENSG00000156603
TMX2	11	57712562	57742987	+	ENSG00000213593
SELENOH	11	57741491	57743554	+	ENSG00000211450
BTBD18	11	57743514	57753148	-	ENSG00000233436
CTNND1	11	57753243	57819546	+	ENSG00000198561
OR9Q1	11	58023881	58181616	+	ENSG00000186509
OR6Q1	11	58030953	58031906	+	ENSG00000279051
OR9I1	11	58116742	58125530	-	ENSG00000172377
OR9Q2	11	58189070	58194053	+	ENSG00000186513
OR1S2	11	58203204	58204142	-	ENSG00000197887
OR1S1	11	58212720	58216084	+	ENSG00000280204
OR10Q1	11	58227882	58228918	-	ENSG00000180475
OR10W1	11	58266792	58268260	-	ENSG00000172772
OR5B17	11	58358124	58359069	-	ENSG00000197786
OR5B3	11	58402464	58406874	-	ENSG00000172769
OR5B2	11	58421238	58428121	-	ENSG00000172365
OR5B12	11	58438994	58442236	-	ENSG00000172362
OR5B21	11	58506807	58508105	-	ENSG00000198283
LPXN	11	58526871	58578220	-	ENSG00000110031
ZFP91	11	58578476	58621550	+	ENSG00000186660
ZFP91-CNTF	11	58579172	58624639	+	ENSG00000255073
CNTF	11	58622665	58625733	+	ENSG00000242689
GLYAT	11	58640426	58731974	-	ENSG00000149124
GLYATL2	11	58834065	58904215	-	ENSG00000156689
GLYATL1	11	58905398	59043527	+	ENSG00000166840
GLYATL1B	11	59086307	59094786	+	ENSG00000255151
FAM111B	11	59107185	59127415	+	ENSG00000189057
FAM111A	11	59142703	59155042	+	ENSG00000166801
DTX4	11	59171430	59208588	+	ENSG00000110042
MPEG1	11	59208510	59213474	-	ENSG00000197629
OR5AN1	11	59358895	59371714	+	ENSG00000176495
OR5A2	11	59416969	59426413	-	ENSG00000172324
OR5A1	11	59436469	59451380	+	ENSG00000172320
OR4D6	11	59456961	59457905	+	ENSG00000166884
OR4D10	11	59473315	59479361	+	ENSG00000254466
OR4D11	11	59503576	59504511	+	ENSG00000176200
OR4D9	11	59511368	59520703	+	ENSG00000172742
OSBP	11	59574398	59615781	-	ENSG00000110048
PATL1	11	59636716	59669141	-	ENSG00000166889
OR10V1	11	59712916	59713845	-	ENSG00000172289
STX3	11	59713456	59805882	+	ENSG00000166900
MRPL16	11	59806140	59810779	-	ENSG00000166902
CBLIF	11	59829273	59845499	-	ENSG00000134812
TCN1	11	59852800	59866489	-	ENSG00000134827
OOSP3	11	59878782	59896483	+	ENSG00000285231
OOSP1	11	59938432	59957480	+	ENSG00000284873
OOSP4A	11	59964033	59970343	+	ENSG00000285010
OOSP4B	11	59978020	60031095	+	ENSG00000255393
OOSP2	11	60040409	60048044	+	ENSG00000149507
MS4A3	11	60056587	60071115	+	ENSG00000149516
MS4A2	11	60088261	60098467	+	ENSG00000149534
MS4A6A	11	60170074	60184666	-	ENSG00000110077
MS4A4A	11	60185657	60318080	+	ENSG00000110079
MS4A4E	11	60200270	60243137	-	ENSG00000214787
MS4A6E	11	60327251	60396596	+	ENSG00000166926
MS4A7	11	60378482	60395951	+	ENSG00000166927
MS4A14	11	60378530	60417756	+	ENSG00000166928
MS4A5	11	60429572	60455214	+	ENSG00000166930
MS4A1	11	60455752	60470752	+	ENSG00000156738
MS4A12	11	60492722	60507535	+	ENSG00000071203
MS4A13	11	60515392	60542721	+	ENSG00000204979
MS4A8	11	60699585	60715811	+	ENSG00000166959
MS4A18	11	60724720	60745028	+	ENSG00000214782
MS4A15	11	60756863	60776733	+	ENSG00000166961
MS4A10	11	60785333	60801305	+	ENSG00000172689
CCDC86	11	60842113	60851081	+	ENSG00000110104
PTGDR2	11	60850933	60855950	-	ENSG00000183134
ZP1	11	60867542	60875693	+	ENSG00000149506
PRPF19	11	60890547	60906603	-	ENSG00000110107
TMEM109	11	60912521	60923443	+	ENSG00000110108
TMEM132A	11	60924460	60937159	+	ENSG00000006118
SLC15A3	11	60937060	60952653	-	ENSG00000110446
CD6	11	60971675	61020377	+	ENSG00000013725
CD5	11	61102489	61127852	+	ENSG00000110448
VPS37C	11	61130257	61167355	-	ENSG00000167987
PGA3	11	61203307	61213098	+	ENSG00000229859
PGA4	11	61222347	61231694	+	ENSG00000229183
PGA5	11	61241175	61251444	+	ENSG00000256713
VWCE	11	61255672	61295334	-	ENSG00000167992
DDB1	11	61299447	61342596	-	ENSG00000167986
TKFC	11	61333210	61353295	+	ENSG00000149476
CYB561A3	11	61348748	61362334	-	ENSG00000162144
TMEM138	11	61361964	61377890	+	ENSG00000149483
TMEM216	11	61392393	61398866	+	ENSG00000187049
CPSF7	11	61402641	61430105	-	ENSG00000149532
SDHAF2	11	61430042	61446839	+	ENSG00000167985
SAXO4	11	61481120	61490931	+	ENSG00000162148
LRRC10B	11	61508749	61511018	+	ENSG00000204950
SYT7	11	61513714	61581167	-	ENSG00000011347
DAGLA	11	61680391	61747003	+	ENSG00000134780
MYRF	11	61752593	61788518	+	ENSG00000124920
TMEM258	11	61768501	61792802	-	ENSG00000134825
FEN1	11	61792725	61797238	+	ENSG00000168496
FADS2	11	61792980	61867354	+	ENSG00000134824
FADS1	11	61799624	61829318	-	ENSG00000149485
FADS3	11	61873519	61892136	-	ENSG00000221968
RAB3IL1	11	61897232	61920269	-	ENSG00000167994
BEST1	11	61950063	61965515	+	ENSG00000167995
FTH1	11	61959718	61967634	-	ENSG00000167996
INCENP	11	62123998	62155474	+	ENSG00000149503
SCGB1D1	11	62190216	62193539	+	ENSG00000168515
SCGB2A1	11	62208673	62213943	+	ENSG00000124939
SCGB1D2	11	62242239	62244812	+	ENSG00000124935
SCGB2A2	11	62270158	62273160	+	ENSG00000110484
SCGB1D4	11	62296281	62299075	-	ENSG00000197745
ASRGL1	11	62337439	62393412	+	ENSG00000162174
SCGB1A1	11	62405103	62423195	+	ENSG00000149021
AHNAK	11	62433542	62556235	-	ENSG00000124942
EEF1G	11	62559595	62574086	-	ENSG00000254772
TUT1	11	62575045	62591637	-	ENSG00000149016
MTA2	11	62593214	62601865	-	ENSG00000149480
EML3	11	62602217	62612973	-	ENSG00000149499
ROM1	11	62611722	62615116	+	ENSG00000149489
B3GAT3	11	62615296	62622154	-	ENSG00000149541
GANAB	11	62624824	62646726	-	ENSG00000089597
INTS5	11	62646848	62653302	-	ENSG00000185085
C11orf98	11	62662817	62665210	-	ENSG00000278615
LBHD1	11	62662817	62672267	-	ENSG00000162194
CSKMT	11	62665309	62668496	+	ENSG00000214756
UQCC3	11	62670273	62673686	+	ENSG00000204922
UBXN1	11	62676498	62679332	-	ENSG00000162191
LRRN4CL	11	62686406	62689609	-	ENSG00000177363
BSCL2	11	62689289	62709845	-	ENSG00000168000
HNRNPUL2-BSCL2	11	62690275	62727384	-	ENSG00000234857
GNG3	11	62706400	62712083	+	ENSG00000162188
HNRNPUL2	11	62712630	62727561	-	ENSG00000214753
TTC9C	11	62727687	62740293	+	ENSG00000162222
ZBTB3	11	62748319	62758835	-	ENSG00000185670
POLR2G	11	62761554	62766715	+	ENSG00000168002
TAF6L	11	62771307	62787342	+	ENSG00000162227
TMEM223	11	62771629	62792013	-	ENSG00000168569
TMEM179B	11	62787387	62790403	+	ENSG00000185475
NXF1	11	62792123	62806302	-	ENSG00000162231
STX5	11	62806860	62832051	-	ENSG00000162236
TEX54	11	62832321	62832841	-	ENSG00000283268
WDR74	11	62832342	62842228	-	ENSG00000133316
SLC3A2	11	62855970	62888910	+	ENSG00000168003
CHRM1	11	62908679	62921877	-	ENSG00000168539
SLC22A6	11	62936385	62984967	-	ENSG00000197901
SLC22A8	11	62989154	63017561	-	ENSG00000149452
SLC22A24	11	63077406	63144221	-	ENSG00000197658
SLC22A25	11	63158437	63243599	-	ENSG00000196600
SLC22A10	11	63268022	63311874	+	ENSG00000184999
SLC22A9	11	63369725	63410881	+	ENSG00000149742
PLAAT5	11	63461404	63491219	-	ENSG00000168004
LGALS12	11	63506052	63519767	+	ENSG00000133317
PLAAT4	11	63529451	63548808	+	ENSG00000133321
PLAAT2	11	63552770	63563379	-	ENSG00000133328
PLAAT3	11	63573172	63616883	-	ENSG00000176485
ATL3	11	63624087	63671921	-	ENSG00000184743
RTN3	11	63681446	63759909	+	ENSG00000133318
ZFTA	11	63759892	63768795	-	ENSG00000188070
SPINDOC	11	63813433	63827718	+	ENSG00000168005
MARK2	11	63838923	63911020	+	ENSG00000072518
RCOR2	11	63911220	63919787	-	ENSG00000167771
NAA40	11	63938669	63957319	+	ENSG00000110583
COX8A	11	63974620	63976543	+	ENSG00000176340
OTUB1	11	63985853	64001811	+	ENSG00000167770
MACROD1	11	63998553	64166482	-	ENSG00000133315
FLRT1	11	64035931	64119173	+	ENSG00000126500
STIP1	11	64185272	64204548	+	ENSG00000168439
FERMT3	11	64205926	64223896	+	ENSG00000149781
TRPT1	11	64223799	64226823	-	ENSG00000149743
NUDT22	11	64225941	64230686	+	ENSG00000149761
DNAJC4	11	64230158	64234286	+	ENSG00000110011
VEGFB	11	64234521	64239264	+	ENSG00000173511
FKBP2	11	64241003	64244132	+	ENSG00000173486
PPP1R14B	11	64244478	64246943	-	ENSG00000173457
PLCB3	11	64251514	64269395	+	ENSG00000149782
BAD	11	64269828	64291946	-	ENSG00000002330
GPR137	11	64270062	64289494	+	ENSG00000173264
KCNK4	11	64291302	64300031	+	ENSG00000182450
CATSPERZ	11	64300358	64304770	+	ENSG00000219435
ESRRA	11	64305080	64316744	+	ENSG00000173153
TRMT112	11	64316460	64318074	-	ENSG00000173113
PRDX5	11	64318041	64321822	+	ENSG00000126432
CCDC88B	11	64340204	64357534	+	ENSG00000168071
RPS6KA4	11	64359142	64372215	+	ENSG00000162302
SLC22A11	11	64555690	64572875	+	ENSG00000168065
SLC22A12	11	64590641	64602353	+	ENSG00000197891
NRXN2	11	64606174	64723197	-	ENSG00000110076
RASGRP2	11	64726905	64745456	-	ENSG00000068831
PYGM	11	64746389	64759974	-	ENSG00000068976
SF1	11	64764606	64778786	-	ENSG00000168066
MAP4K2	11	64784918	64803241	-	ENSG00000168067
MEN1	11	64803510	64811294	-	ENSG00000133895
CDC42BPG	11	64823051	64844679	-	ENSG00000171219
EHD1	11	64851642	64888372	-	ENSG00000110047
ATG2A	11	64894531	64917245	-	ENSG00000110046
PPP2R5B	11	64917553	64934480	+	ENSG00000068971
GPHA2	11	64934471	64935893	-	ENSG00000149735
MAJIN	11	64937517	64972108	-	ENSG00000168070
BATF2	11	64987945	64997018	-	ENSG00000168062
ARL2	11	65014144	65024328	+	ENSG00000213465
ARL2-SNX15	11	65014182	65040570	+	ENSG00000273003
SNX15	11	65027437	65040572	+	ENSG00000110025
SAC3D1	11	65040901	65044828	+	ENSG00000168061
NAALADL1	11	65044818	65058553	-	ENSG00000168060
CDCA5	11	65066300	65084164	-	ENSG00000146670
ZFPL1	11	65084210	65088398	+	ENSG00000162300
TMEM262	11	65084979	65089375	-	ENSG00000187066
VPS51	11	65089324	65111862	+	ENSG00000149823
TM7SF2	11	65111845	65116384	+	ENSG00000149809
ZNHIT2	11	65116403	65117701	-	ENSG00000174276
FAU	11	65120626	65122221	-	ENSG00000149806
SYVN1	11	65121780	65135747	-	ENSG00000162298
MRPL49	11	65122183	65127371	+	ENSG00000149792
SPDYC	11	65170233	65173374	+	ENSG00000204710
CAPN1	11	65180566	65212006	+	ENSG00000014216
POLA2	11	65261913	65305959	+	ENSG00000014138
CDC42EP2	11	65314834	65322662	+	ENSG00000149798
DPF2	11	65333821	65354262	+	ENSG00000133884
TIGD3	11	65354751	65357613	+	ENSG00000173825
SLC25A45	11	65375192	65384550	-	ENSG00000162241
FRMD8	11	65386592	65413525	+	ENSG00000126391
SCYL1	11	65525072	65538711	+	ENSG00000142186
LTBP3	11	65538559	65558930	-	ENSG00000168056
ZNRD2	11	65570459	65573942	+	ENSG00000173465
FAM89B	11	65572349	65574198	+	ENSG00000176973
EHBP1L1	11	65575943	65592851	+	ENSG00000173442
KCNK7	11	65592836	65595996	-	ENSG00000173338
MAP3K11	11	65597755	65615382	-	ENSG00000173327
PCNX3	11	65615754	65637441	+	ENSG00000197136
SIPA1	11	65638091	65650930	+	ENSG00000213445
RELA	11	65653599	65663090	-	ENSG00000173039
KAT5	11	65711996	65719604	+	ENSG00000172977
RNASEH2C	11	65714005	65720818	-	ENSG00000172922
AP5B1	11	65773898	65780976	-	ENSG00000254470
OVOL1	11	65786714	65797219	+	ENSG00000172818
CFL1	11	65823022	65862026	-	ENSG00000172757
SNX32	11	65833834	65856896	+	ENSG00000172803
MUS81	11	65857126	65867653	+	ENSG00000172732
EFEMP2	11	65866441	65878497	-	ENSG00000172638
CTSW	11	65879809	65883741	+	ENSG00000172543
FIBP	11	65883740	65888531	-	ENSG00000172500
CCDC85B	11	65890673	65891635	+	ENSG00000175602
FOSL1	11	65892049	65900573	-	ENSG00000175592
C11orf68	11	65916810	65919062	-	ENSG00000175573
DRAP1	11	65919274	65921563	+	ENSG00000175550
TSGA10IP	11	65945480	65959966	+	ENSG00000175513
SART1	11	65961689	65980137	+	ENSG00000175467
EIF1AD	11	65996545	66002472	-	ENSG00000175376
BANF1	11	66002228	66004170	+	ENSG00000175334
CST6	11	66012008	66013505	+	ENSG00000175315
CATSPER1	11	66016752	66026479	-	ENSG00000175294
GAL3ST3	11	66040748	66049502	-	ENSG00000175229
SF3B2	11	66050729	66069308	+	ENSG00000087365
PACS1	11	66070272	66244744	+	ENSG00000175115
KLC2	11	66257294	66267860	+	ENSG00000174996
RAB1B	11	66268590	66277492	+	ENSG00000174903
CNIH2	11	66278175	66285301	+	ENSG00000174871
YIF1A	11	66284572	66289184	-	ENSG00000174851
TMEM151A	11	66291894	66296664	+	ENSG00000179292
CD248	11	66314494	66317044	-	ENSG00000174807
RIN1	11	66330241	66336840	-	ENSG00000174791
BRMS1	11	66337333	66345132	-	ENSG00000174744
B4GAT1	11	66345374	66347638	-	ENSG00000174684
SLC29A2	11	66362520	66372476	-	ENSG00000174669
NPAS4	11	66421035	66426707	+	ENSG00000174576
MRPL11	11	66435075	66466738	-	ENSG00000174547
PELI3	11	66466303	66478998	+	ENSG00000174516
DPP3	11	66479990	66510188	+	ENSG00000254986
BBS1	11	66510606	66533630	+	ENSG00000174483
ZDHHC24	11	66520625	66546235	-	ENSG00000174165
ACTN3	11	66546395	66563334	+	ENSG00000248746
CTSF	11	66563463	66568879	-	ENSG00000174080
CCDC87	11	66590176	66593063	-	ENSG00000182791
CCS	11	66593153	66606019	+	ENSG00000173992
RBM14	11	66616626	66629934	+	ENSG00000239306
RBM14-RBM4	11	66616626	66646469	+	ENSG00000248643
RBM4	11	66638658	66668380	+	ENSG00000173933
RBM4B	11	66664996	66677925	-	ENSG00000173914
SPTBN2	11	66682496	66744670	-	ENSG00000173898
TOP6BL	11	66744451	66843516	+	ENSG00000173715
RCE1	11	66842835	66846552	+	ENSG00000173653
PC	11	66848208	66958524	-	ENSG00000173599
LRFN4	11	66856546	66860475	+	ENSG00000173621
C11orf86	11	66975277	66977009	+	ENSG00000173237
SYT12	11	67006772	67050870	+	ENSG00000173227
RHOD	11	67056839	67072019	+	ENSG00000173156
KDM2A	11	67119263	67258082	+	ENSG00000173120
GRK2	11	67266391	67286557	+	ENSG00000173020
ANKRD13D	11	67289291	67302486	+	ENSG00000172932
SSH3	11	67303478	67312607	+	ENSG00000172830
RAD9A	11	67317871	67398410	+	ENSG00000172613
POLD4	11	67350772	67356972	-	ENSG00000175482
CLCF1	11	67364168	67374177	-	ENSG00000175505
PPP1CA	11	67398179	67421183	-	ENSG00000172531
TBC1D10C	11	67398454	67410092	+	ENSG00000175463
CARNS1	11	67414968	67425613	+	ENSG00000172508
RPS6KB2	11	67428460	67435408	+	ENSG00000175634
CORO1B	11	67435510	67443821	-	ENSG00000172725
PTPRCAP	11	67435510	67437682	-	ENSG00000213402
GPR152	11	67451301	67452729	-	ENSG00000175514
CABP4	11	67452406	67461752	+	ENSG00000175544
TMEM134	11	67461710	67469288	-	ENSG00000172663
AIP	11	67468174	67491154	+	ENSG00000110711
PITPNM1	11	67491760	67506263	-	ENSG00000110697
CDK2AP2	11	67506490	67508701	-	ENSG00000167797
CABP2	11	67518912	67524517	-	ENSG00000167791
GSTP1	11	67583658	67586659	+	ENSG00000084207
NDUFV1	11	67605653	67612554	+	ENSG00000167792
NUDT8	11	67627937	67629937	-	ENSG00000167799
TBX10	11	67631303	67639763	-	ENSG00000167800
ACY3	11	67642551	67650900	-	ENSG00000132744
ALDH3B2	11	67662155	67681224	-	ENSG00000132746
UNC93B1	11	67991100	68004982	-	ENSG00000110057
ALDH3B1	11	68008563	68029282	+	ENSG00000006534
NDUFS8	11	68030617	68036647	+	ENSG00000110717
TCIRG1	11	68039025	68050895	+	ENSG00000110719
CHKA	11	68052859	68121444	-	ENSG00000110721
KMT5B	11	68154863	68213852	-	ENSG00000110066
C11orf24	11	68261335	68272001	-	ENSG00000171067
LRP5	11	68312447	68449275	+	ENSG00000162337
PPP6R3	11	68460475	68615343	+	ENSG00000110075
GAL	11	68683020	68691205	+	ENSG00000069482
TESMIN	11	68707440	68751568	-	ENSG00000132749
CPT1A	11	68754620	68844410	-	ENSG00000110090
MRPL21	11	68891276	68903835	-	ENSG00000197345
IGHMBP2	11	68903863	68940602	+	ENSG00000132740
MRGPRD	11	68980021	68980986	-	ENSG00000172938
MRGPRF	11	69004376	69014407	-	ENSG00000172935
TPCN2	11	69048850	69136316	+	ENSG00000162341
SMIM38	11	69155478	69162440	+	ENSG00000284713
MYEOV	11	69294129	69341682	+	ENSG00000172927
CCND1	11	69641143	69654474	+	ENSG00000110092
LTO1	11	69653076	69675416	-	ENSG00000149716
FGF19	11	69698232	69704660	-	ENSG00000162344
FGF4	11	69771022	69775341	-	ENSG00000075388
FGF3	11	69809968	69819416	-	ENSG00000186895
ANO1	11	69985907	70189530	+	ENSG00000131620
FADD	11	70203295	70207395	+	ENSG00000168040
PPFIA1	11	70270655	70385312	+	ENSG00000131626
CTTN	11	70398404	70436584	+	ENSG00000085733
SHANK2	11	70467805	71252844	-	ENSG00000162105
DHCR7	11	71428193	71452868	-	ENSG00000172893
NADSYN1	11	71453109	71524107	+	ENSG00000172890
KRTAP5-7	11	71527267	71528669	+	ENSG00000244411
KRTAP5-8	11	71538025	71539209	+	ENSG00000241233
KRTAP5-9	11	71548420	71549608	+	ENSG00000254997
KRTAP5-10	11	71565563	71566735	+	ENSG00000204572
KRTAP5-11	11	71581855	71603353	-	ENSG00000204571
XNDC1N-ZNF705EP-ALG1L9P	11	71804997	71928656	-	ENSG00000289716
DEFB108B	11	71833200	71837710	+	ENSG00000184276
XNDC1N	11	71865504	71928654	-	ENSG00000254469
DEFB131B	11	71878453	71884561	+	ENSG00000225805
RNF121	11	71929018	71997597	+	ENSG00000137522
IL18BP	11	71998613	72007315	+	ENSG00000137496
NUMA1	11	72002860	72080693	-	ENSG00000137497
LRRC51	11	72080286	72096895	+	ENSG00000184154
LRTOMT	11	72080331	72110782	+	ENSG00000284922
LAMTOR1	11	72085895	72103297	-	ENSG00000149357
TOMT	11	72103506	72110781	+	ENSG00000284844
ANAPC15	11	72106378	72113688	-	ENSG00000110200
FOLR3	11	72114869	72141085	+	ENSG00000110203
FOLR1	11	72189558	72196323	+	ENSG00000110195
FOLR2	11	72216601	72221950	+	ENSG00000165457
INPPL1	11	72223524	72239184	+	ENSG00000165458
PHOX2A	11	72239077	72245664	-	ENSG00000165462
CLPB	11	72285495	72434680	-	ENSG00000162129
PDE2A	11	72576141	72674591	-	ENSG00000186642
ARAP1	11	72683204	72793599	-	ENSG00000186635
STARD10	11	72753216	72794047	-	ENSG00000214530
ATG16L2	11	72814138	72843674	+	ENSG00000168010
FCHSD2	11	72836742	73142346	-	ENSG00000137478
P2RY2	11	73216664	73242427	+	ENSG00000175591
P2RY6	11	73264498	73305103	+	ENSG00000171631
ARHGEF17	11	73308276	73369388	+	ENSG00000110237
RELT	11	73376325	73397474	+	ENSG00000054967
FAM168A	11	73400487	73598189	-	ENSG00000054965
PLEKHB1	11	73646178	73662819	+	ENSG00000021300
RAB6A	11	73675638	73761465	-	ENSG00000175582
MRPL48	11	73787872	73865133	+	ENSG00000175581
COA4	11	73869846	73876982	-	ENSG00000181924
PAAF1	11	73876699	73931114	+	ENSG00000175575
DNAJB13	11	73951014	73970366	+	ENSG00000187726
UCP2	11	73974061	73983542	-	ENSG00000175567
UCP3	11	74000277	74009085	-	ENSG00000175564
C2CD3	11	74012718	74171210	-	ENSG00000168014
PPME1	11	74171083	74254703	+	ENSG00000214517
P4HA3	11	74235801	74311685	-	ENSG00000149380
PGM2L1	11	74330315	74398473	-	ENSG00000165434
KCNE3	11	74454841	74467743	-	ENSG00000175538
LIPT2	11	74490519	74493724	-	ENSG00000175536
POLD3	11	74493851	74669117	+	ENSG00000077514
CHRDL2	11	74696429	74731426	-	ENSG00000054938
RNF169	11	74748849	74842413	+	ENSG00000166439
XRRA1	11	74807739	74949200	-	ENSG00000166435
SPCS2	11	74949259	74979033	+	ENSG00000118363
NEU3	11	74984361	75018893	+	ENSG00000162139
OR2AT4	11	75081753	75096876	-	ENSG00000171561
SLCO2B1	11	75100563	75206549	+	ENSG00000137491
TPBGL	11	75240774	75243704	+	ENSG00000261594
ARRB1	11	75260122	75351791	-	ENSG00000137486
RPS3	11	75394327	75422280	+	ENSG00000149273
KLHL35	11	75422394	75433203	-	ENSG00000149243
GDPD5	11	75434638	75525985	-	ENSG00000158555
SERPINH1	11	75561564	75572787	+	ENSG00000149257
MAP6	11	75586916	75669038	-	ENSG00000171533
MOGAT2	11	75717838	75732963	+	ENSG00000166391
DGAT2	11	75759512	75801542	+	ENSG00000062282
UVRAG	11	75815180	76144259	+	ENSG00000198382
WNT11	11	76186325	76210761	-	ENSG00000085741
THAP12	11	76349898	76381134	-	ENSG00000137492
GVQW3	11	76381303	76414619	+	ENSG00000179240
EMSY	11	76444887	76553031	+	ENSG00000158636
LRRC32	11	76657524	76670868	-	ENSG00000137507
TSKU	11	76781403	76798157	+	ENSG00000182704
ACER3	11	76860859	77026797	+	ENSG00000078124
B3GNT6	11	77034398	77041973	+	ENSG00000198488
CAPN5	11	77066961	77126155	+	ENSG00000149260
OMP	11	77102840	77103331	+	ENSG00000254550
MYO7A	11	77128245	77215241	+	ENSG00000137474
GDPD4	11	77216558	77301687	-	ENSG00000178795
PAK1	11	77321548	77474635	-	ENSG00000149269
CLNS1A	11	77514936	77637809	-	ENSG00000074201
AQP11	11	77589391	77611064	+	ENSG00000178301
RSF1	11	77660009	77820869	-	ENSG00000048649
AAMDC	11	77821100	77918432	+	ENSG00000087884
INTS4	11	77874418	77994850	-	ENSG00000149262
KCTD14	11	78015715	78046191	-	ENSG00000151364
NDUFC2-KCTD14	11	78016971	78079865	-	ENSG00000259112
THRSP	11	78063861	78068351	+	ENSG00000151365
NDUFC2	11	78068297	78081871	-	ENSG00000151366
ALG8	11	78095244	78139660	-	ENSG00000159063
KCTD21	11	78171245	78188644	-	ENSG00000188997
USP35	11	78188812	78215232	+	ENSG00000118369
GAB2	11	78215293	78418348	-	ENSG00000033327
NARS2	11	78435620	78575194	-	ENSG00000137513
TENM4	11	78652829	79441030	-	ENSG00000149256
FAM181B	11	82729940	82733864	-	ENSG00000182103
PRCP	11	82822936	82970584	-	ENSG00000137509
DDIAS	11	82899975	82958277	+	ENSG00000165490
RAB30	11	82973133	83071923	-	ENSG00000137502
PCF11	11	83156988	83187451	+	ENSG00000165494
ANKRD42	11	83193712	83260694	+	ENSG00000137494
CCDC90B	11	83259081	83286390	-	ENSG00000137500
DLG2	11	83455012	85628335	-	ENSG00000150672
TMEM126B	11	85628573	85636539	+	ENSG00000171204
TMEM126A	11	85647956	85656547	+	ENSG00000171202
CREBZF	11	85657742	85682908	-	ENSG00000137504
CCDC89	11	85683848	85686195	-	ENSG00000179071
SYTL2	11	85694224	85811182	-	ENSG00000137501
CCDC83	11	85855101	85920021	+	ENSG00000150676
PICALM	11	85957171	86069882	-	ENSG00000073921
EED	11	86201212	86279807	+	ENSG00000074266
HIKESHI	11	86302181	86345943	+	ENSG00000149196
CCDC81	11	86374736	86423109	+	ENSG00000149201
ME3	11	86438751	86672636	-	ENSG00000151376
PRSS23	11	86791059	86952910	+	ENSG00000150687
FZD4	11	86945679	86955395	-	ENSG00000174804
TMEM135	11	87037831	87328824	+	ENSG00000166575
RAB38	11	88113251	88175443	-	ENSG00000123892
CTSC	11	88265069	88359684	-	ENSG00000109861
GRM5	11	88504576	89065982	-	ENSG00000168959
TYR	11	89177875	89295759	+	ENSG00000077498
NOX4	11	89324353	89498187	-	ENSG00000086991
TRIM77	11	89710299	89717872	+	ENSG00000214414
TRIM49	11	89797655	89808575	-	ENSG00000168930
TRIM64B	11	89870438	89878487	-	ENSG00000189253
TRIM49D1	11	89911111	89922245	-	ENSG00000223417
TRIM49D2	11	89924064	89933063	+	ENSG00000233802
TRIM64	11	89966037	89974072	+	ENSG00000204450
TRIM49C	11	90031106	90042025	+	ENSG00000204449
UBTFL1	11	90085950	90087131	+	ENSG00000255009
NAALAD2	11	90131515	90192894	+	ENSG00000077616
CHORDC1	11	90200429	90223077	-	ENSG00000110172
FAT3	11	92224818	92896473	+	ENSG00000165323
MTNR1B	11	92969651	92985066	+	ENSG00000134640
SLC36A4	11	93144174	93197991	-	ENSG00000180773
DEUP1	11	93329971	93438487	+	ENSG00000165325
SMCO4	11	93478468	93543764	-	ENSG00000166002
CEP295	11	93661682	93730358	+	ENSG00000166004
TAF1D	11	93729948	93784391	-	ENSG00000166012
C11orf54	11	93741570	93767202	+	ENSG00000182919
MED17	11	93784227	93814963	+	ENSG00000042429
VSTM5	11	93818232	93850620	-	ENSG00000214376
HEPHL1	11	94021354	94114208	+	ENSG00000181333
PANX1	11	94128828	94181968	+	ENSG00000110218
IZUMO1R	11	94304580	94308146	+	ENSG00000183560
GPR83	11	94377316	94401419	-	ENSG00000123901
MRE11	11	94415570	94493889	-	ENSG00000020922
ANKRD49	11	94493979	94499583	+	ENSG00000168876
C11orf97	11	94512461	94532125	+	ENSG00000257057
PIWIL4	11	94543840	94621421	+	ENSG00000134627
FUT4	11	94543921	94549895	+	ENSG00000196371
AMOTL1	11	94706431	94876748	+	ENSG00000166025
CWC15	11	94962620	94973611	-	ENSG00000150316
KDM4D	11	94973709	94999519	+	ENSG00000186280
KDM4E	11	95025258	95027596	+	ENSG00000235268
KDM4F	11	95048142	95051338	+	ENSG00000255855
SRSF8	11	95066919	95071225	+	ENSG00000263465
ENDOD1	11	95089817	95132645	+	ENSG00000149218
SESN3	11	95165513	95232541	-	ENSG00000149212
FAM76B	11	95768953	95790409	-	ENSG00000077458
CEP57	11	95789965	95832693	+	ENSG00000166037
MTMR2	11	95821766	95925315	-	ENSG00000087053
MAML2	11	95976598	96343195	-	ENSG00000184384
CCDC82	11	96349241	96389956	-	ENSG00000149231
JRKL	11	96389989	96507574	+	ENSG00000183340
CNTN5	11	99020949	100358885	+	ENSG00000149972
ARHGAP42	11	100687288	100993941	+	ENSG00000165895
PGR	11	101029624	101129813	-	ENSG00000082175
TRPC6	11	101451470	101872562	-	ENSG00000137672
ANGPTL5	11	101890674	101916522	-	ENSG00000187151
CEP126	11	101915010	102001062	+	ENSG00000110318
CFAP300	11	102047435	102084554	+	ENSG00000137691
YAP1	11	102110099	102233424	+	ENSG00000137693
BIRC3	11	102317484	102339403	+	ENSG00000023445
BIRC2	11	102347208	102378680	+	ENSG00000110330
TMEM123	11	102396332	102470384	-	ENSG00000152558
MMP7	11	102520508	102530853	-	ENSG00000137673
MMP20	11	102576832	102625332	-	ENSG00000137674
MMP27	11	102691487	102705769	-	ENSG00000137675
MMP8	11	102711796	102727050	-	ENSG00000118113
MMP10	11	102770502	102780628	-	ENSG00000166670
MMP1	11	102789401	102798160	-	ENSG00000196611
MMP3	11	102835801	102843609	-	ENSG00000149968
MMP12	11	102862736	102874982	-	ENSG00000262406
MMP13	11	102942995	102955732	-	ENSG00000137745
DCUN1D5	11	103050686	103092194	-	ENSG00000137692
DYNC2H1	11	103109410	103479863	+	ENSG00000187240
PDGFD	11	103907189	104164379	-	ENSG00000170962
DDI1	11	104036640	104039196	+	ENSG00000170967
CASP12	11	104885718	104898670	-	ENSG00000204403
CASP4	11	104942866	104969366	-	ENSG00000196954
CASP5	11	104992636	105023168	-	ENSG00000137757
CASP1	11	105023581	105035250	-	ENSG00000137752
CARD16	11	105039092	105101431	-	ENSG00000204397
CARD18	11	105137714	105531697	-	ENSG00000255501
GRIA4	11	105609535	105982090	+	ENSG00000152578
MSANTD4	11	105995623	106022410	-	ENSG00000170903
KBTBD3	11	106051098	106077459	-	ENSG00000182359
AASDHPPT	11	106075501	106098708	+	ENSG00000149313
GUCY1A2	11	106674019	107018476	-	ENSG00000152402
CWF19L2	11	107321601	107457842	-	ENSG00000152404
ALKBH8	11	107502727	107565742	-	ENSG00000137760
ELMOD1	11	107591091	107666779	+	ENSG00000110675
SLN	11	107707375	107719696	-	ENSG00000170290
SLC35F2	11	107790991	107928293	-	ENSG00000110660
RAB39A	11	107928448	107963482	+	ENSG00000179331
CUL5	11	108008898	108107781	+	ENSG00000166266
ACAT1	11	108116695	108148957	+	ENSG00000075239
NPAT	11	108155280	108222638	-	ENSG00000149308
ATM	11	108222804	108369102	+	ENSG00000149311
C11orf65	11	108308519	108467531	-	ENSG00000166323
POGLUT3	11	108472112	108498405	-	ENSG00000178202
EXPH5	11	108505435	108593768	-	ENSG00000110723
DDX10	11	108665053	108940999	+	ENSG00000178105
C11orf87	11	109422190	109429167	+	ENSG00000185742
RDX	11	109864295	110296712	-	ENSG00000137710
ZC3H12C	11	110093392	110171841	+	ENSG00000149289
FDX1	11	110429379	110464884	+	ENSG00000137714
ARHGAP20	11	110577042	110713189	-	ENSG00000137727
POU2AF2	11	111245725	111286401	+	ENSG00000150750
POU2AF3	11	111298546	111308735	+	ENSG00000214290
POU2AF1	11	111352255	111455630	-	ENSG00000110777
BTG4	11	111467526	111514367	-	ENSG00000137707
HOATZ	11	111514778	111537043	+	ENSG00000183644
LAYN	11	111540280	111561745	+	ENSG00000204381
SIK2	11	111602404	111730855	+	ENSG00000170145
PPP2R1B	11	111726908	111766658	-	ENSG00000137713
ALG9	11	111782195	111872405	-	ENSG00000086848
FDXACB1	11	111874056	111881243	-	ENSG00000255561
CFAP68	11	111878935	111885975	+	ENSG00000137720
CRYAB	11	111908564	111923722	-	ENSG00000109846
HSPB2	11	111912159	111914093	+	ENSG00000170276
HSPB2-C11orf52	11	111912736	111926871	+	ENSG00000254445
C11orf52	11	111918032	111926871	+	ENSG00000149300
DIXDC1	11	111927144	112022653	+	ENSG00000150764
DLAT	11	112025033	112064404	+	ENSG00000150768
PIH1D2	11	112063218	112074274	-	ENSG00000150773
NKAPD1	11	112074086	112085152	+	ENSG00000150776
TIMM8B	11	112084800	112086798	-	ENSG00000150779
SDHD	11	112086824	112120016	+	ENSG00000204370
IL18	11	112143251	112164106	-	ENSG00000150782
TEX12	11	112167372	112172556	+	ENSG00000150783
BCO2	11	112175472	112225877	+	ENSG00000197580
PTS	11	112226367	112269955	+	ENSG00000150787
PLET1	11	112248153	112260860	-	ENSG00000188771
NCAM1	11	112961275	113278436	+	ENSG00000149294
TTC12	11	113314579	113383544	+	ENSG00000149292
ANKK1	11	113387779	113400416	+	ENSG00000170209
DRD2	11	113409605	113476402	-	ENSG00000149295
TMPRSS5	11	113687543	113706382	-	ENSG00000166682
ZW10	11	113733183	113773746	-	ENSG00000086827
CLDN25	11	113779796	113780485	+	ENSG00000228607
USP28	11	113797870	113875590	-	ENSG00000048028
HTR3B	11	113904796	113949079	+	ENSG00000149305
HTR3A	11	113975075	113990313	+	ENSG00000166736
ZBTB16	11	114058335	114256765	+	ENSG00000109906
NNMT	11	114257765	114314329	+	ENSG00000166741
C11orf71	11	114391443	114400511	-	ENSG00000180425
RBM7	11	114400030	114414203	+	ENSG00000076053
REXO2	11	114439386	114450296	+	ENSG00000076043
NXPE1	11	114518842	114559888	-	ENSG00000095110
NXPE4	11	114570591	114598282	-	ENSG00000137634
NXPE2	11	114678527	114707069	+	ENSG00000204361
CADM1	11	115169218	115504957	-	ENSG00000182985
BUD13	11	116748170	116773039	-	ENSG00000137656
ZPR1	11	116773799	116788046	-	ENSG00000109917
APOA5	11	116789014	116793026	-	ENSG00000110243
APOA4	11	116820700	116823304	-	ENSG00000110244
APOC3	11	116827019	116833343	+	ENSG00000110245
APOA1	11	116835750	116838203	-	ENSG00000118137
SIK3	11	116843402	117098445	-	ENSG00000160584
PAFAH1B2	11	117144284	117176894	+	ENSG00000168092
SIDT2	11	117178736	117197445	+	ENSG00000149577
TAGLN	11	117197509	117207464	+	ENSG00000149591
PCSK7	11	117204337	117232528	-	ENSG00000160613
RNF214	11	117232154	117287429	+	ENSG00000167257
BACE1	11	117285232	117316286	-	ENSG00000186318
CEP164	11	117314557	117413605	+	ENSG00000110274
DSCAML1	11	117427772	117817525	-	ENSG00000177103
FXYD2	11	117800839	117828698	-	ENSG00000137731
FXYD6-FXYD2	11	117820163	117876667	-	ENSG00000255245
FXYD6	11	117836976	117877675	-	ENSG00000137726
TMPRSS13	11	117900641	117929459	-	ENSG00000137747
IL10RA	11	117986370	118003037	+	ENSG00000110324
SMIM35	11	118003634	118088299	-	ENSG00000255274
TMPRSS4	11	118077012	118125510	+	ENSG00000137648
SCN4B	11	118133377	118152888	-	ENSG00000177098
SCN2B	11	118162806	118176639	-	ENSG00000149575
JAML	11	118193725	118226323	-	ENSG00000160593
MPZL3	11	118226690	118252365	-	ENSG00000160588
MPZL2	11	118253416	118264536	-	ENSG00000149573
CD3E	11	118304730	118316175	+	ENSG00000198851
CD3D	11	118334537	118342705	-	ENSG00000167286
CD3G	11	118344344	118355161	+	ENSG00000160654
UBE4A	11	118359587	118399211	+	ENSG00000110344
ATP5MG	11	118401346	118433278	+	ENSG00000167283
KMT2A	11	118436456	118526832	+	ENSG00000118058
TTC36	11	118527437	118531197	+	ENSG00000172425
TMEM25	11	118531041	118547280	+	ENSG00000149582
IFT46	11	118544528	118572970	-	ENSG00000118096
ARCN1	11	118572390	118603033	+	ENSG00000095139
PHLDB1	11	118606396	118658038	+	ENSG00000019144
TREH	11	118657316	118679690	-	ENSG00000118094
DDX6	11	118747763	118791226	-	ENSG00000110367
CXCR5	11	118883892	118897787	+	ENSG00000160683
BCL9L	11	118893875	118925926	-	ENSG00000186174
UPK2	11	118925164	118958559	+	ENSG00000110375
FOXR1	11	118971712	118981287	+	ENSG00000176302
CENATAC	11	118998138	119015793	+	ENSG00000186166
RPS25	11	119015508	119018724	-	ENSG00000118181
TRAPPC4	11	119018733	119025454	+	ENSG00000196655
SLC37A4	11	119023751	119030906	-	ENSG00000137700
HYOU1	11	119044185	119057252	-	ENSG00000149428
VPS11	11	119067789	119082753	+	ENSG00000160695
HMBS	11	119084861	119093834	+	ENSG00000256269
H2AX	11	119093874	119095465	-	ENSG00000188486
DPAGT1	11	119096025	119108331	-	ENSG00000172269
C2CD2L	11	119102198	119118544	+	ENSG00000172375
HINFP	11	119121509	119136059	+	ENSG00000172273
ABCG4	11	119149052	119162653	+	ENSG00000172350
NLRX1	11	119166481	119184017	+	ENSG00000160703
NHERF4	11	119185457	119190223	+	ENSG00000172367
DRC12	11	119190055	119196769	-	ENSG00000248712
CBL	11	119206298	119313926	+	ENSG00000110395
MCAM	11	119307972	119321521	-	ENSG00000076706
RNF26	11	119334527	119337309	+	ENSG00000173456
C1QTNF5	11	119338942	119340940	-	ENSG00000223953
MFRP	11	119338942	119346705	-	ENSG00000235718
USP2	11	119355215	119381711	-	ENSG00000036672
THY1	11	119415476	119424985	-	ENSG00000154096
NECTIN1	11	119623408	119729200	-	ENSG00000110400
TRIM29	11	120111286	120185529	-	ENSG00000137699
OAF	11	120211032	120230334	+	ENSG00000184232
POU2F3	11	120236640	120319945	+	ENSG00000137709
TLCD5	11	120325180	120333686	+	ENSG00000181264
ARHGEF12	11	120336238	120489937	+	ENSG00000196914
GRIK4	11	120511717	120988906	+	ENSG00000149403
TBCEL	11	121024072	121090776	+	ENSG00000154114
TBCEL-TECTA	11	121024125	121113108	+	ENSG00000285509
TECTA	11	121101243	121191490	+	ENSG00000109927
SC5D	11	121292681	121313410	+	ENSG00000109929
SORL1	11	121452314	121633763	+	ENSG00000137642
BLID	11	122115340	122116215	-	ENSG00000259571
UBASH3B	11	122655722	122814473	+	ENSG00000154127
CRTAM	11	122829482	122872643	+	ENSG00000109943
JHY	11	122882683	122963865	+	ENSG00000109944
BSX	11	122977570	122981834	-	ENSG00000188909
HSPA8	11	123057485	123063230	-	ENSG00000109971
CLMP	11	123069853	123196697	-	ENSG00000166250
GRAMD1B	11	123358251	123627774	+	ENSG00000023171
SCN3B	11	123629187	123655244	-	ENSG00000166257
ZNF202	11	123723914	123742513	-	ENSG00000166261
OR6X1	11	123753580	123754518	-	ENSG00000221931
OR6M1	11	123805408	123806349	-	ENSG00000196099
TMEM225	11	123882920	123885670	-	ENSG00000204300
OR8D4	11	123902167	123909229	+	ENSG00000181518
OR4D5	11	123939617	123940573	+	ENSG00000171014
OR6T1	11	123942867	123943838	-	ENSG00000181499
OR10S1	11	123976661	123977781	-	ENSG00000196248
OR10G6	11	123994163	123995161	-	ENSG00000198674
OR10G4	11	124012997	124018732	+	ENSG00000254737
OR10G9	11	124023013	124023948	+	ENSG00000236981
OR10G8	11	124026798	124030634	+	ENSG00000234560
OR10G7	11	124036013	124041325	-	ENSG00000182634
VWA5A	11	124115404	124147721	+	ENSG00000110002
OR10D3	11	124183345	124188780	+	ENSG00000197309
OR8G3	11	124211707	124215828	+	ENSG00000255425
OR8G2P	11	124224732	124225666	+	ENSG00000181214
OR8G1	11	124241095	124254364	+	ENSG00000197849
OR8G5	11	124256376	124266224	+	ENSG00000255298
OR8D1	11	124302831	124315099	-	ENSG00000196341
OR8D2	11	124319262	124320197	-	ENSG00000279116
OR8B2	11	124382394	124384499	-	ENSG00000284680
OR8B3	11	124395534	124399024	-	ENSG00000284609
OR8B4	11	124423942	124424871	-	ENSG00000280090
OR8B8	11	124437445	124445696	-	ENSG00000197125
OR8B12	11	124539635	124545333	-	ENSG00000170953
OR8A1	11	124566660	124582942	+	ENSG00000196119
PANX3	11	124611428	124620356	+	ENSG00000154143
TBRG1	11	124622836	124635926	+	ENSG00000154144
SIAE	11	124633113	124695707	-	ENSG00000110013
SPA17	11	124673796	124698309	+	ENSG00000064199
NRGN	11	124739939	124747210	+	ENSG00000154146
VSIG2	11	124747472	124752255	-	ENSG00000019102
ESAM	11	124752583	124762315	-	ENSG00000149564
MSANTD2	11	124766498	124800706	-	ENSG00000120458
ROBO3	11	124865432	124881471	+	ENSG00000154134
ROBO4	11	124883666	124898500	-	ENSG00000154133
HEPACAM	11	124919205	124936431	-	ENSG00000165478
HEPN1	11	124919250	124920677	+	ENSG00000221932
CCDC15	11	124954095	125041649	+	ENSG00000149548
SLC37A2	11	125063302	125090516	+	ENSG00000134955
TMEM218	11	125094386	125111870	-	ENSG00000150433
PKNOX2	11	125164537	125434287	+	ENSG00000165495
FEZ1	11	125442881	125592578	-	ENSG00000149557
EI24	11	125568248	125584690	+	ENSG00000149547
STT3A	11	125591712	125625215	+	ENSG00000134910
CHEK1	11	125625163	125676255	+	ENSG00000149554
ACRV1	11	125671522	125680874	-	ENSG00000134940
PATE1	11	125746279	125749867	+	ENSG00000171053
PATE2	11	125776113	125778828	-	ENSG00000196844
PATE3	11	125788127	125791600	+	ENSG00000236027
PATE4	11	125833316	125840072	+	ENSG00000237353
HYLS1	11	125883614	125900846	+	ENSG00000198331
PUS3	11	125893485	125903224	-	ENSG00000110060
DDX25	11	125903348	125943702	+	ENSG00000109832
VSIG10L2	11	125946044	125958647	+	ENSG00000283703
CDON	11	125955796	126063335	-	ENSG00000064309
RPUSD4	11	126202095	126211692	-	ENSG00000165526
FAM118B	11	126211687	126263051	+	ENSG00000197798
SRPRA	11	126262912	126269144	-	ENSG00000182934
FOXRED1	11	126269024	126278132	+	ENSG00000110074
TIRAP	11	126282497	126298845	+	ENSG00000150455
DCPS	11	126304047	126350005	+	ENSG00000110063
ST3GAL4	11	126354677	126440344	+	ENSG00000110080
KIRREL3	11	126423358	127003460	-	ENSG00000149571
ETS1	11	128458761	128587606	-	ENSG00000134954
FLI1	11	128686535	128813267	+	ENSG00000151702
KCNJ1	11	128836315	128874671	-	ENSG00000151704
KCNJ5	11	128890453	128921163	+	ENSG00000120457
TP53AIP1	11	128934731	128943399	-	ENSG00000120471
ARHGAP32	11	128965060	129279324	-	ENSG00000134909
BARX2	11	129375848	129452279	+	ENSG00000043039
TMEM45B	11	129815791	129861265	+	ENSG00000151715
NFRKB	11	129863636	129895590	-	ENSG00000170322
PRDM10	11	129899706	130002853	-	ENSG00000170325
APLP2	11	130068147	130144811	+	ENSG00000084234
ST14	11	130159746	130210367	+	ENSG00000149418
ZBTB44	11	130226677	130314917	-	ENSG00000196323
ADAMTS8	11	130404923	130428609	-	ENSG00000134917
ADAMTS15	11	130448645	130476645	+	ENSG00000166106
SNX19	11	130866250	130916479	-	ENSG00000120451
NTM	11	131370478	132336822	+	ENSG00000182667
OPCML	11	132414977	133532501	-	ENSG00000183715
SPATA19	11	133840631	133845538	-	ENSG00000166118
IGSF9B	11	133896438	133956968	-	ENSG00000080854
JAM3	11	134068998	134152001	+	ENSG00000166086
NCAPD3	11	134150113	134225504	-	ENSG00000151503
VPS26B	11	134224613	134247794	+	ENSG00000151502
THYN1	11	134248270	134253370	-	ENSG00000151500
ACAD8	11	134253514	134265855	+	ENSG00000151498
GLB1L3	11	134274245	134319579	+	ENSG00000166105
GLB1L2	11	134331886	134378341	+	ENSG00000149328
B3GAT1	11	134378504	134412242	-	ENSG00000109956
IQSEC3	12	66767	178455	+	ENSG00000120645
SLC6A12	12	190069	220144	-	ENSG00000111181
SLC6A13	12	220621	262873	-	ENSG00000010379
KDM5A	12	280057	389320	-	ENSG00000073614
CCDC77	12	389273	442644	+	ENSG00000120647
B4GALNT3	12	459923	563509	+	ENSG00000139044
NINJ2	12	562852	663742	-	ENSG00000171840
WNK1	12	752536	911452	+	ENSG00000060237
RAD52	12	910870	990053	-	ENSG00000002016
ERC1	12	989998	1495933	+	ENSG00000082805
WNT5B	12	1529854	1647243	+	ENSG00000111186
FBXL14	12	1565993	1594581	-	ENSG00000171823
ADIPOR2	12	1688574	1788680	+	ENSG00000006831
CACNA2D4	12	1791963	1918666	-	ENSG00000151062
LRTM2	12	1820267	1836753	+	ENSG00000166159
DCP1B	12	1946052	2004535	-	ENSG00000151065
CACNA1C	12	1970772	2697950	+	ENSG00000151067
FKBP4	12	2794290	2805423	+	ENSG00000004478
ITFG2	12	2812622	2859791	+	ENSG00000111203
NRIP2	12	2825348	2835544	-	ENSG00000053702
TEX52	12	2849046	2857039	-	ENSG00000283297
FOXM1	12	2857676	2877174	-	ENSG00000111206
RHNO1	12	2876258	2889524	+	ENSG00000171792
TULP3	12	2877223	2941138	+	ENSG00000078246
TEAD4	12	2959330	3040676	+	ENSG00000197905
TSPAN9	12	3077355	3286564	+	ENSG00000011105
PRMT8	12	3381349	3593977	+	ENSG00000111218
CRACR2A	12	3606633	3764819	-	ENSG00000130038
PARP11	12	3791047	3873448	-	ENSG00000111224
CCND2	12	4269771	4306933	+	ENSG00000118971
TIGAR	12	4307763	4360028	+	ENSG00000078237
FGF23	12	4368227	4379712	-	ENSG00000118972
FGF6	12	4428155	4445815	-	ENSG00000111241
FERRY3	12	4487735	4538519	-	ENSG00000047621
RAD51AP1	12	4538798	4560254	+	ENSG00000111247
DYRK4	12	4562208	4615302	+	ENSG00000010219
AKAP3	12	4613383	4649072	-	ENSG00000111254
NDUFA9	12	4649095	4694317	+	ENSG00000139180
GALNT8	12	4720267	4851927	+	ENSG00000130035
KCNA6	12	4809334	4813318	+	ENSG00000151079
KCNA1	12	4909905	4918256	+	ENSG00000111262
KCNA5	12	5043879	5046788	+	ENSG00000130037
NTF3	12	5432108	5521536	+	ENSG00000185652
ANO2	12	5531869	5946232	-	ENSG00000047617
VWF	12	5948877	6124770	-	ENSG00000110799
CD9	12	6199715	6238271	+	ENSG00000010278
PLEKHG6	12	6310225	6328934	+	ENSG00000008323
TNFRSF1A	12	6328757	6342114	-	ENSG00000067182
SCNN1A	12	6346843	6383917	-	ENSG00000111319
LTBR	12	6375045	6391571	+	ENSG00000111321
CD27	12	6444941	6451718	+	ENSG00000139193
TAPBPL	12	6451690	6466517	+	ENSG00000139192
VAMP1	12	6462237	6470677	-	ENSG00000139190
MRPL51	12	6491886	6493846	-	ENSG00000111639
NCAPD2	12	6493356	6531970	+	ENSG00000010292
GAPDH	12	6534012	6538930	+	ENSG00000111640
IFFO1	12	6538961	6556102	-	ENSG00000010295
NOP2	12	6556863	6568691	-	ENSG00000111641
CHD4	12	6570081	6614982	-	ENSG00000111642
LPAR5	12	6618835	6636444	-	ENSG00000184574
ACRBP	12	6638075	6647433	-	ENSG00000111644
ING4	12	6650300	6663148	-	ENSG00000111653
ZNF384	12	6666477	6689572	-	ENSG00000126746
PIANP	12	6693791	6700848	-	ENSG00000139200
COPS7A	12	6724014	6731875	+	ENSG00000111652
MLF2	12	6747986	6768932	-	ENSG00000089693
PTMS	12	6765516	6770952	+	ENSG00000159335
LAG3	12	6772360	6778455	+	ENSG00000089692
CD4	12	6786858	6820807	+	ENSG00000010610
GPR162	12	6821624	6829972	+	ENSG00000250510
P3H3	12	6828381	6839854	+	ENSG00000110811
GNB3	12	6839954	6847393	+	ENSG00000111664
CDCA3	12	6844793	6851318	-	ENSG00000111665
USP5	12	6852122	6866632	+	ENSG00000111667
TPI1	12	6867119	6870948	+	ENSG00000111669
SPSB2	12	6870934	6889358	-	ENSG00000111671
LRRC23	12	6873569	6914241	+	ENSG00000010626
ENO2	12	6913745	6923707	+	ENSG00000111674
ATN1	12	6924463	6942322	+	ENSG00000111676
C12orf57	12	6942938	6946003	+	ENSG00000111678
PTPN6	12	6946417	6961316	+	ENSG00000111679
PHB2	12	6965327	6970841	-	ENSG00000215021
EMG1	12	6970805	6979936	+	ENSG00000126749
LPCAT3	12	6976176	7018538	-	ENSG00000111684
C1S	12	6988259	7071281	+	ENSG00000182326
C1R	12	7080213	7092540	-	ENSG00000159403
C1RL	12	7089587	7109245	-	ENSG00000139178
RBP5	12	7115736	7128889	-	ENSG00000139194
CLSTN3	12	7128077	7158945	+	ENSG00000139182
PEX5	12	7188653	7218574	+	ENSG00000139197
ACSM4	12	7304072	7328719	+	ENSG00000215009
CD163L1	12	7346685	7479897	-	ENSG00000177675
CD163	12	7470811	7503910	-	ENSG00000177575
APOBEC1	12	7649400	7665908	-	ENSG00000111701
GDF3	12	7689784	7695775	-	ENSG00000184344
DPPA3	12	7711402	7717561	+	ENSG00000187569
CLEC4C	12	7724646	7751620	-	ENSG00000198178
NANOGNB	12	7765216	7774121	+	ENSG00000205857
NANOG	12	7787794	7799146	+	ENSG00000111704
SLC2A14	12	7812512	7891148	-	ENSG00000173262
SLC2A3	12	7919230	8019007	-	ENSG00000059804
FOXJ2	12	8032698	8055522	+	ENSG00000065970
C3AR1	12	8056844	8066374	-	ENSG00000171860
NECAP1	12	8076939	8097881	+	ENSG00000089818
CLEC4A	12	8123617	8138607	+	ENSG00000111729
ZNF705A	12	8157015	8188537	+	ENSG00000196946
FAM90A1	12	8221260	8227621	-	ENSG00000171847
CLEC6A	12	8455962	8478330	+	ENSG00000205846
CLEC4D	12	8509475	8522366	+	ENSG00000166527
CLEC4E	12	8533305	8540905	-	ENSG00000166523
AICDA	12	8602155	8613242	-	ENSG00000111732
MFAP5	12	8637346	8672519	-	ENSG00000197614
RIMKLB	12	8681483	8783095	+	ENSG00000166532
A2ML1	12	8822621	8887001	+	ENSG00000166535
PHC1	12	8913827	8942938	+	ENSG00000111752
M6PR	12	8940358	8951856	-	ENSG00000003056
KLRG1	12	8950044	9010760	+	ENSG00000139187
A2M	12	9067664	9116229	-	ENSG00000175899
PZP	12	9148840	9208399	-	ENSG00000126838
KLRB1	12	9594551	9607916	-	ENSG00000111796
CLEC2D	12	9664969	9699553	+	ENSG00000069493
CD69	12	9752486	9760901	-	ENSG00000110848
KLRF1	12	9827481	9845007	+	ENSG00000150045
CLEC2B	12	9852369	9870635	-	ENSG00000110852
KLRF2	12	9881489	9895833	+	ENSG00000256797
CLEC2A	12	9898673	9932370	-	ENSG00000188393
CLEC12A	12	9951316	9995694	+	ENSG00000172322
CLEC1B	12	9985642	10013424	-	ENSG00000165682
CLEC12B	12	10010627	10018796	+	ENSG00000256660
CLEC9A	12	10030678	10066031	+	ENSG00000197992
CLEC1A	12	10069554	10111627	-	ENSG00000150048
CLEC7A	12	10116777	10130258	-	ENSG00000172243
OLR1	12	10158301	10172138	-	ENSG00000173391
TMEM52B	12	10170512	10191807	+	ENSG00000165685
GABARAPL1	12	10212458	10223128	+	ENSG00000139112
KLRD1	12	10226058	10329608	+	ENSG00000134539
KLRC4-KLRK1	12	10372353	10410146	-	ENSG00000255819
KLRK1	12	10372353	10391874	-	ENSG00000213809
KLRC4	12	10403059	10409757	-	ENSG00000183542
KLRC3	12	10412315	10420595	-	ENSG00000205810
KLRC2	12	10426854	10442300	-	ENSG00000205809
KLRC1	12	10442264	10454685	-	ENSG00000134545
EIF2S3B	12	10505602	10523135	+	ENSG00000180574
MAGOHB	12	10604190	10613609	-	ENSG00000111196
STYK1	12	10618919	10674318	-	ENSG00000060140
YBX3	12	10699077	10723388	-	ENSG00000060138
TAS2R7	12	10801532	10802627	-	ENSG00000121377
TAS2R8	12	10806051	10807286	-	ENSG00000121314
TAS2R9	12	10809094	10810168	-	ENSG00000121381
PRH1	12	10824960	11171608	-	ENSG00000231887
TAS2R10	12	10825219	10826358	-	ENSG00000121318
PRR4	12	10845849	11171600	-	ENSG00000111215
TAS2R13	12	10907926	10909562	-	ENSG00000212128
PRH2	12	10929236	10934845	+	ENSG00000134551
TAS2R14	12	10937408	11171573	-	ENSG00000212127
TAS2R50	12	10985913	10986912	-	ENSG00000212126
TAS2R20	12	10995961	10998304	-	ENSG00000255837
TAS2R19	12	11021619	11022620	-	ENSG00000212124
TAS2R31	12	11030387	11031407	-	ENSG00000256436
TAS2R46	12	11061365	11062294	-	ENSG00000226761
TAS2R43	12	11091287	11092313	-	ENSG00000255374
TAS2R30	12	11132958	11134644	-	ENSG00000256188
SMIM10L1	12	11171194	11176016	+	ENSG00000256537
TAS2R42	12	11185993	11186937	-	ENSG00000186136
PRB3	12	11265914	11269707	-	ENSG00000197870
PRB4	12	11307077	11310436	-	ENSG00000230657
PRB1	12	11351823	11355591	-	ENSG00000251655
PRB2	12	11391540	11501041	-	ENSG00000121335
ETV6	12	11649623	11895386	+	ENSG00000139083
BCL2L14	12	12049844	12211084	+	ENSG00000121380
LRP6	12	12116025	12267185	-	ENSG00000070018
MANSC1	12	12326056	12350483	-	ENSG00000111261
BORCS5	12	12357078	12471233	+	ENSG00000165714
DUSP16	12	12473282	12563147	-	ENSG00000111266
CREBL2	12	12611827	12645108	+	ENSG00000111269
GPR19	12	12660047	12696705	-	ENSG00000183150
CDKN1B	12	12685498	12722373	+	ENSG00000111276
APOLD1	12	12725917	12829975	+	ENSG00000178878
DDX47	12	12813316	12829981	+	ENSG00000213782
GPRC5A	12	12890782	12917937	+	ENSG00000013588
GPRC5D	12	12940575	12952170	-	ENSG00000111291
HEBP1	12	12974867	13000275	-	ENSG00000013583
FAM234B	12	13044185	13142521	+	ENSG00000084444
GSG1	12	13083532	13103683	-	ENSG00000111305
EMP1	12	13196723	13219941	+	ENSG00000134531
GRIN2B	12	13437942	13982002	-	ENSG00000273079
ATF7IP	12	14365627	14502931	+	ENSG00000171681
PLBD1	12	14503660	14567913	-	ENSG00000121316
GUCY2C	12	14612632	14696599	-	ENSG00000070019
H4C16	12	14767999	14771131	-	ENSG00000197837
H2AJ	12	14774405	14778002	+	ENSG00000246705
WBP11	12	14784582	14803500	-	ENSG00000084463
C12orf60	12	14802864	14906586	+	ENSG00000182993
SMCO3	12	14804650	14814182	-	ENSG00000179256
ART4	12	14825569	14843526	-	ENSG00000111339
MGP	12	14880864	14887639	-	ENSG00000111341
ERP27	12	14914039	14938537	-	ENSG00000139055
ARHGDIB	12	14942015	14961985	-	ENSG00000111348
PDE6H	12	14973042	14981865	+	ENSG00000139053
RERG	12	15107783	15348675	-	ENSG00000134533
PTPRO	12	15322257	15602175	+	ENSG00000151490
EPS8	12	15620134	15882330	-	ENSG00000151491
STRAP	12	15882356	15903478	+	ENSG00000023734
DERA	12	15911284	16037381	+	ENSG00000023697
SLC15A5	12	16188485	16277685	-	ENSG00000188991
MGST1	12	16347115	16609259	+	ENSG00000008394
LMO3	12	16548148	16613168	-	ENSG00000048540
RERGL	12	18080869	18320107	-	ENSG00000111404
PIK3C2G	12	18242960	18648416	+	ENSG00000139144
PLCZ1	12	18683169	18738100	-	ENSG00000139151
CAPZA3	12	18738119	18739188	+	ENSG00000177938
PLEKHA5	12	19129524	19376403	+	ENSG00000052126
AEBP2	12	19404045	19720801	+	ENSG00000139154
PDE3A	12	20368537	20688583	+	ENSG00000172572
SLCO1C1	12	20695332	20753386	+	ENSG00000139155
SLCO1B3	12	20810691	20916911	+	ENSG00000111700
SLCO1B3-SLCO1B7	12	20815674	21090245	+	ENSG00000257046
SLCO1B1	12	21131120	21241074	+	ENSG00000134538
SLCO1A2	12	21264600	21419676	-	ENSG00000084453
IAPP	12	21354959	21379980	+	ENSG00000121351
PYROXD1	12	21437615	21471250	+	ENSG00000121350
RECQL	12	21468910	21501669	-	ENSG00000004700
GOLT1B	12	21501781	21518408	+	ENSG00000111711
SPX	12	21526296	21541249	+	ENSG00000134548
GYS2	12	21536107	21604917	-	ENSG00000111713
LDHB	12	21635340	21757890	-	ENSG00000111716
KCNJ8	12	21764950	21775615	-	ENSG00000121361
ABCC9	12	21797389	21942543	-	ENSG00000069431
CMAS	12	22046174	22065674	+	ENSG00000111726
ST8SIA1	12	22063773	22437041	-	ENSG00000111728
C2CD5	12	22448567	22544574	-	ENSG00000111731
ETNK1	12	22625075	22690665	+	ENSG00000139163
SOX5	12	23529504	24562544	-	ENSG00000134532
BCAT1	12	24810024	24949556	-	ENSG00000060982
IRAG2	12	25004342	25108489	+	ENSG00000118308
DNAI7	12	25108289	25195163	-	ENSG00000118307
ETFRF1	12	25194775	25209645	+	ENSG00000205707
KRAS	12	25205246	25250936	-	ENSG00000133703
LMNTD1	12	25409307	25648579	-	ENSG00000152936
RASSF8	12	25958068	26079892	+	ENSG00000123094
BHLHE41	12	26120030	26125037	-	ENSG00000123095
SSPN	12	26121991	26299290	+	ENSG00000123096
ITPR2	12	26335352	26833194	-	ENSG00000123104
INTS13	12	26904250	26938331	-	ENSG00000064102
FGFR1OP2	12	26938401	26966650	+	ENSG00000111790
TM7SF3	12	26971579	27014507	-	ENSG00000064115
MED21	12	27022546	27066343	+	ENSG00000152944
C12orf71	12	27081057	27082578	-	ENSG00000214700
STK38L	12	27243968	27325959	+	ENSG00000211455
BMAL2	12	27332836	27425289	+	ENSG00000029153
SMCO2	12	27446736	27502185	+	ENSG00000165935
PPFIBP1	12	27523431	27695565	+	ENSG00000110841
REP15	12	27696447	27697596	+	ENSG00000174236
MRPS35	12	27710801	27756301	+	ENSG00000061794
MANSC4	12	27762427	27780236	-	ENSG00000205693
KLHL42	12	27780000	27803040	+	ENSG00000087448
PTHLH	12	27958084	27972755	-	ENSG00000087494
CCDC91	12	28133249	28581511	+	ENSG00000123106
FAR2	12	29149016	29341121	+	ENSG00000064763
ERGIC2	12	29337352	29381189	-	ENSG00000087502
OVCH1	12	29412474	29497686	-	ENSG00000187950
TMTC1	12	29500840	29784759	-	ENSG00000133687
IPO8	12	30628981	30695883	-	ENSG00000133704
CAPRIN2	12	30709512	30823302	-	ENSG00000110888
TSPAN11	12	30926428	30996602	+	ENSG00000110900
DDX11	12	31073282	31104811	+	ENSG00000013573
SINHCAF	12	31280584	31327058	-	ENSG00000139146
DENND5B	12	31382226	31591170	-	ENSG00000170456
AK4P3	12	31615023	31652095	-	ENSG00000233381
ETFBKMT	12	31647160	31673114	+	ENSG00000139160
AMN1	12	31671142	31729121	-	ENSG00000151743
H3-5	12	31791185	31792298	-	ENSG00000188375
RESF1	12	31959370	31993114	+	ENSG00000174718
BICD1	12	32106817	32383633	+	ENSG00000151746
FGD4	12	32399558	32646050	+	ENSG00000139132
DNM1L	12	32679200	32745650	+	ENSG00000087470
YARS2	12	32727490	32755906	-	ENSG00000139131
PKP2	12	32790745	32896798	-	ENSG00000057294
SYT10	12	33374238	33439819	-	ENSG00000110975
ALG10	12	34022468	34029694	+	ENSG00000139133
ALG10B	12	38316762	38329721	+	ENSG00000175548
CPNE8	12	38646822	38907430	-	ENSG00000139117
KIF21A	12	39293228	39443718	-	ENSG00000139116
ABCD2	12	39550033	39619803	-	ENSG00000173208
REDIC1	12	39626167	39908300	+	ENSG00000180116
SLC2A13	12	39755025	40106089	-	ENSG00000151229
LRRK2	12	40196744	40369285	+	ENSG00000188906
MUC19	12	40393395	40570832	+	ENSG00000205592
CNTN1	12	40692431	41072415	+	ENSG00000018236
PDZRN4	12	41188320	41574745	+	ENSG00000165966
GXYLT1	12	42081845	42144874	-	ENSG00000151233
YAF2	12	42157104	42238349	-	ENSG00000015153
PPHLN1	12	42238418	42459715	+	ENSG00000134283
ZCRB1	12	42312086	42326257	-	ENSG00000139168
PRICKLE1	12	42456753	42590355	-	ENSG00000139174
ADAMTS20	12	43352771	43552203	-	ENSG00000173157
PUS7L	12	43718992	43759193	-	ENSG00000129317
IRAK4	12	43758944	43798307	+	ENSG00000198001
TWF1	12	43793460	43806328	-	ENSG00000151239
TMEM117	12	43835967	44389762	+	ENSG00000139173
NELL2	12	44508274	44921889	-	ENSG00000184613
DBX2	12	45014672	45051099	-	ENSG00000185610
ANO6	12	45215987	45482280	+	ENSG00000177119
ARID2	12	45728910	45908040	+	ENSG00000189079
SCAF11	12	45919131	45992120	-	ENSG00000139218
SLC38A1	12	46183054	46270070	-	ENSG00000111371
SLC38A2	12	46358185	46372832	-	ENSG00000134294
SLC38A4	12	46763642	46832500	-	ENSG00000139209
AMIGO2	12	47075707	47080902	-	ENSG00000139211
PCED1B	12	47077945	47236664	+	ENSG00000179715
RPAP3	12	47661249	47706038	-	ENSG00000005175
ENDOU	12	47709734	47725567	-	ENSG00000111405
RAPGEF3	12	47734363	47771040	-	ENSG00000079337
SLC48A1	12	47753916	47782751	+	ENSG00000211584
HDAC7	12	47782722	47833132	-	ENSG00000061273
VDR	12	47841537	47943048	-	ENSG00000111424
TMEM106C	12	47963569	47968885	+	ENSG00000134291
COL2A1	12	47972967	48004689	-	ENSG00000139219
SENP1	12	48039784	48106308	-	ENSG00000079387
PFKM	12	48105139	48150704	+	ENSG00000152556
ASB8	12	48147789	48181213	-	ENSG00000177981
CCDC184	12	48183644	48185926	+	ENSG00000177875
OR10AD1	12	48202339	48203292	-	ENSG00000172640
H1-7	12	48328980	48330279	+	ENSG00000187166
ZNF641	12	48337180	48351414	-	ENSG00000167528
ANP32D	12	48472559	48473622	+	ENSG00000139223
C12orf54	12	48482498	48496524	+	ENSG00000177627
OR8S1	12	48525632	48526570	+	ENSG00000284723
OR5BS1	12	48559882	48562956	+	ENSG00000198678
LALBA	12	48567684	48570066	-	ENSG00000167531
KANSL2	12	48653211	48682247	-	ENSG00000139620
CCNT1	12	48688458	48716998	-	ENSG00000129315
SPMIP11	12	48727435	48765790	+	ENSG00000257987
ADCY6	12	48766191	48789906	-	ENSG00000174233
CACNB3	12	48813794	48828941	+	ENSG00000167535
DDX23	12	48829756	48852842	-	ENSG00000174243
RND1	12	48857145	48865870	-	ENSG00000172602
CCDC65	12	48904110	48931840	+	ENSG00000139537
FKBP11	12	48921518	48926474	-	ENSG00000134285
ARF3	12	48935723	48957514	-	ENSG00000134287
WNT10B	12	48965340	48971735	-	ENSG00000169884
WNT1	12	48978322	48982620	+	ENSG00000125084
DDN	12	48995149	48999375	-	ENSG00000181418
PRKAG1	12	49002274	49018807	-	ENSG00000181929
KMT2D	12	49018975	49060794	-	ENSG00000167548
RHEBL1	12	49064676	49070039	-	ENSG00000167550
DHH	12	49086656	49094801	-	ENSG00000139549
LMBR1L	12	49097136	49110900	-	ENSG00000139636
TUBA1B	12	49127782	49131397	-	ENSG00000123416
TUBA1A	12	49184686	49189324	-	ENSG00000167552
TUBA1C	12	49188736	49274600	+	ENSG00000167553
PRPH	12	49295147	49298686	+	ENSG00000135406
TROAP	12	49323216	49331733	+	ENSG00000135451
C1QL4	12	49332409	49337188	-	ENSG00000186897
DNAJC22	12	49345607	49357546	+	ENSG00000178401
SPATS2	12	49366240	49528438	+	ENSG00000123352
KCNH3	12	49539028	49558337	+	ENSG00000135519
MCRS1	12	49556544	49568145	-	ENSG00000187778
PRPF40B	12	49568218	49644666	+	ENSG00000110844
FAM186B	12	49582885	49605639	-	ENSG00000135436
FMNL3	12	49636499	49708165	-	ENSG00000161791
TMBIM6	12	49707725	49764935	+	ENSG00000139644
NCKAP5L	12	49791140	49828750	-	ENSG00000167566
BCDIN3D	12	49836043	49843106	-	ENSG00000186666
FAIM2	12	49866896	49904217	-	ENSG00000135472
AQP2	12	49950737	49958878	+	ENSG00000167580
AQP5	12	49961811	49965682	+	ENSG00000161798
AQP6	12	49967194	49977139	+	ENSG00000086159
RACGAP1	12	49976923	50033136	-	ENSG00000161800
ASIC1	12	50057548	50083621	+	ENSG00000110881
SMARCD1	12	50085200	50100712	+	ENSG00000066117
GPD1	12	50103982	50111316	+	ENSG00000167588
COX14	12	50112082	50120457	+	ENSG00000178449
CERS5	12	50129289	50167533	-	ENSG00000139624
LIMA1	12	50175788	50283524	-	ENSG00000050405
FAM186A	12	50326230	50396622	-	ENSG00000185958
LARP4	12	50392383	50480007	+	ENSG00000161813
DIP2B	12	50504962	50748657	+	ENSG00000066084
ATF1	12	50763710	50821162	+	ENSG00000123268
TMPRSS12	12	50842920	50887884	+	ENSG00000186452
TMT1A	12	50923472	50932510	+	ENSG00000185432
HIGD1C	12	50952538	50970607	+	ENSG00000214511
SLC11A2	12	50979401	51028566	-	ENSG00000110911
LETMD1	12	51047962	51060426	+	ENSG00000050426
CSRNP2	12	51061205	51083664	-	ENSG00000110925
TFCP2	12	51093656	51173137	-	ENSG00000135457
POU6F1	12	51186936	51218062	-	ENSG00000184271
DAZAP2	12	51238724	51271362	+	ENSG00000183283
SMAGP	12	51244558	51270415	-	ENSG00000170545
BIN2	12	51281038	51324668	-	ENSG00000110934
CELA1	12	51328442	51346679	-	ENSG00000139610
GALNT6	12	51351247	51392867	-	ENSG00000139629
SLC4A8	12	51391317	51515763	+	ENSG00000050438
SCN8A	12	51590266	51812864	+	ENSG00000196876
TMDD1	12	51813921	51814925	-	ENSG00000284730
FIGNL2	12	51817899	51848718	-	ENSG00000261308
ANKRD33	12	51888009	51891727	+	ENSG00000167612
ACVRL1	12	51906908	51923361	+	ENSG00000139567
ACVR1B	12	51951679	51997082	+	ENSG00000135503
TAMALIN	12	52006946	52015889	+	ENSG00000161835
NR4A1	12	52022832	52059509	+	ENSG00000123358
ATG101	12	52069246	52077495	+	ENSG00000123395
SMIM41	12	52079704	52108255	+	ENSG00000284791
KRT80	12	52168996	52192014	-	ENSG00000167767
KRT7	12	52232520	52252186	+	ENSG00000135480
KRT86	12	52249300	52309163	+	ENSG00000170442
KRT81	12	52285913	52291534	-	ENSG00000205426
KRT83	12	52314301	52321398	-	ENSG00000170523
KRT85	12	52360006	52367481	-	ENSG00000135443
KRT84	12	52377812	52385652	-	ENSG00000161849
KRT82	12	52393931	52406335	-	ENSG00000161850
KRT75	12	52424070	52434371	-	ENSG00000170454
KRT6B	12	52446651	52452146	-	ENSG00000185479
KRT6C	12	52468516	52473805	-	ENSG00000170465
KRT6A	12	52487176	52493257	-	ENSG00000205420
KRT5	12	52514575	52520530	-	ENSG00000186081
KRT71	12	52543909	52553145	-	ENSG00000139648
KRT74	12	52565782	52573843	-	ENSG00000170484
KRT72	12	52585589	52601538	-	ENSG00000170486
KRT73	12	52607570	52618559	-	ENSG00000186049
KRT2	12	52644558	52652211	-	ENSG00000172867
KRT1	12	52674736	52680407	-	ENSG00000167768
KRT77	12	52689626	52703524	-	ENSG00000189182
KRT76	12	52768155	52777345	-	ENSG00000185069
KRT3	12	52789685	52796117	-	ENSG00000186442
KRT4	12	52806549	52814116	-	ENSG00000170477
KRT79	12	52821408	52834311	-	ENSG00000185640
KRT78	12	52837804	52849092	-	ENSG00000170423
KRT8	12	52897182	52949954	-	ENSG00000170421
KRT18	12	52945688	52952911	+	ENSG00000111057
EIF4B	12	53006279	53042230	+	ENSG00000063046
TNS2	12	53046969	53064379	+	ENSG00000111077
SPRYD3	12	53064316	53079414	-	ENSG00000167778
IGFBP6	12	53097436	53102345	+	ENSG00000167779
SOAT2	12	53103461	53124538	+	ENSG00000167780
CSAD	12	53157663	53180933	-	ENSG00000139631
ZNF740	12	53180694	53195142	+	ENSG00000139651
ITGB7	12	53191318	53207282	-	ENSG00000139626
RARG	12	53210566	53232980	-	ENSG00000172819
MFSD5	12	53251251	53254406	+	ENSG00000182544
ESPL1	12	53268285	53293643	+	ENSG00000135476
PFDN5	12	53295291	53299452	+	ENSG00000123349
MYG1	12	53299695	53307177	+	ENSG00000139637
AAAS	12	53307456	53324864	-	ENSG00000094914
SP7	12	53326575	53345315	-	ENSG00000170374
SP1	12	53380176	53416446	+	ENSG00000185591
AMHR2	12	53423672	53431672	+	ENSG00000135409
PRR13	12	53441308	53446660	+	ENSG00000205352
PCBP2	12	53451900	53481162	+	ENSG00000197111
MAP3K12	12	53479669	53500063	-	ENSG00000139625
TARBP2	12	53500921	53506431	+	ENSG00000139546
NPFF	12	53506684	53507491	-	ENSG00000139574
ATF7-NPFF	12	53506691	53625979	-	ENSG00000267281
ATF7	12	53507856	53626410	-	ENSG00000170653
ATP5MC2	12	53632726	53677651	-	ENSG00000135390
CALCOCO1	12	53708517	53727745	-	ENSG00000012822
HOXC13	12	53938831	53946544	+	ENSG00000123364
HOXC12	12	53954903	53958956	+	ENSG00000123407
HOXC11	12	53973126	53977643	+	ENSG00000123388
HOXC10	12	53985065	53990279	+	ENSG00000180818
HOXC6	12	53990624	54030823	+	ENSG00000197757
HOXC9	12	53994895	54003337	+	ENSG00000180806
HOXC8	12	54008985	54012769	+	ENSG00000037965
HOXC4	12	54016931	54056030	+	ENSG00000198353
HOXC5	12	54033050	54035361	+	ENSG00000172789
SMUG1	12	54121277	54189008	-	ENSG00000123415
CBX5	12	54230942	54280133	-	ENSG00000094916
HNRNPA1	12	54280193	54287088	+	ENSG00000135486
NFE2	12	54292107	54301259	-	ENSG00000123405
COPZ1	12	54301202	54351848	+	ENSG00000111481
GPR84	12	54362445	54364487	-	ENSG00000139572
ZNF385A	12	54369129	54391307	-	ENSG00000161642
ITGA5	12	54395261	54419266	-	ENSG00000161638
GTSF1	12	54455950	54473602	-	ENSG00000170627
NCKAP1L	12	54497721	54548243	+	ENSG00000123338
PDE1B	12	54549601	54579241	+	ENSG00000123360
PPP1R1A	12	54575387	54588659	-	ENSG00000135447
LACRT	12	54630811	54634895	-	ENSG00000135413
DCD	12	54644589	54648493	-	ENSG00000161634
MUCL1	12	54830518	54896008	+	ENSG00000172551
TESPA1	12	54948015	54989104	-	ENSG00000135426
NEUROD4	12	55019974	55030017	+	ENSG00000123307
OR9K2	12	55126406	55132750	+	ENSG00000170605
OR10A7	12	55221025	55221975	+	ENSG00000179919
OR6C74	12	55244609	55256625	+	ENSG00000197706
OR6C6	12	55293988	55296569	-	ENSG00000188324
OR6C1	12	55314343	55322364	+	ENSG00000205330
OR6C3	12	55330043	55332687	+	ENSG00000205329
OR6C75	12	55362975	55369279	+	ENSG00000187857
OR6C65	12	55400529	55401467	+	ENSG00000205328
OR6C76	12	55426254	55427192	+	ENSG00000185821
OR6C2	12	55444069	55453347	+	ENSG00000179695
OR6C70	12	55469200	55470138	-	ENSG00000184954
OR6C68	12	55492378	55493316	+	ENSG00000205327
OR6C4	12	55549602	55555832	+	ENSG00000179626
OR2AP1	12	55572468	55575612	+	ENSG00000179615
OR10P1	12	55636892	55637833	+	ENSG00000175398
TMT1B	12	55681736	55684611	+	ENSG00000170439
ITGA7	12	55684568	55716404	-	ENSG00000135424
BLOC1S1	12	55716033	55720087	+	ENSG00000135441
RDH5	12	55720367	55724710	+	ENSG00000135437
CD63	12	55723511	55730023	-	ENSG00000135404
GDF11	12	55743122	55757264	+	ENSG00000135414
SARNP	12	55752463	55817748	-	ENSG00000205323
ORMDL2	12	55818041	55821879	+	ENSG00000123353
DNAJC14	12	55820746	55830824	-	ENSG00000135392
MMP19	12	55835433	55842968	-	ENSG00000123342
PYM1	12	55901413	55932618	-	ENSG00000170473
DGKA	12	55927319	55954027	+	ENSG00000065357
PMEL	12	55954104	55973317	-	ENSG00000185664
CDK2	12	55966781	55972789	+	ENSG00000123374
RAB5B	12	55973913	55996683	+	ENSG00000111540
SUOX	12	55996855	56006641	+	ENSG00000139531
IKZF4	12	56007430	56038435	+	ENSG00000123411
RPS26	12	56041351	56044697	+	ENSG00000197728
ERBB3	12	56076799	56103505	+	ENSG00000065361
PA2G4	12	56104349	56116329	+	ENSG00000170515
RPL41	12	56116590	56117967	+	ENSG00000229117
ESYT1	12	56118250	56144674	+	ENSG00000139641
ZC3H10	12	56118256	56127514	+	ENSG00000135482
MYL6B	12	56151966	56159647	+	ENSG00000196465
MYL6	12	56158345	56163496	+	ENSG00000092841
SMARCC2	12	56162359	56189567	-	ENSG00000139613
RNF41	12	56202179	56224275	-	ENSG00000181852
NABP2	12	56222000	56229859	+	ENSG00000139579
SLC39A5	12	56230039	56238214	+	ENSG00000139540
ANKRD52	12	56237807	56258384	-	ENSG00000139645
COQ10A	12	56266846	56270966	+	ENSG00000135469
CS	12	56271699	56300391	-	ENSG00000062485
CNPY2	12	56308024	56316346	-	ENSG00000257727
PAN2	12	56316223	56334053	-	ENSG00000135473
IL23A	12	56334174	56340410	+	ENSG00000110944
STAT2	12	56341597	56360274	-	ENSG00000170581
APOF	12	56360568	56362857	-	ENSG00000175336
TIMELESS	12	56416363	56449445	-	ENSG00000111602
MIP	12	56449502	56469166	-	ENSG00000135517
SPRYD4	12	56468578	56479708	+	ENSG00000176422
GLS2	12	56470945	56488414	-	ENSG00000135423
RBMS2	12	56521820	56596193	+	ENSG00000076067
BAZ2A	12	56595596	56636913	-	ENSG00000076108
ATP5F1B	12	56638171	56646079	-	ENSG00000110955
PTGES3	12	56663338	56688408	-	ENSG00000110958
NACA	12	56712305	56731628	-	ENSG00000196531
PRIM1	12	56730438	56752374	-	ENSG00000198056
HSD17B6	12	56751817	56788409	+	ENSG00000025423
SDR9C7	12	56923133	56934408	-	ENSG00000170426
RDH16	12	56950087	56959374	-	ENSG00000139547
GPR182	12	56994492	56998889	+	ENSG00000166856
ZBTB39	12	56998836	57006546	-	ENSG00000166860
TAC3	12	57010000	57028883	-	ENSG00000166863
MYO1A	12	57028517	57051198	-	ENSG00000166866
NEMP1	12	57055643	57088063	-	ENSG00000166881
NAB2	12	57089014	57095476	+	ENSG00000166886
STAT6	12	57095404	57132139	-	ENSG00000166888
LRP1	12	57128483	57213361	+	ENSG00000123384
NXPH4	12	57216794	57226449	+	ENSG00000182379
SHMT2	12	57226554	57234935	+	ENSG00000182199
NDUFA4L2	12	57234903	57240715	-	ENSG00000185633
STAC3	12	57243453	57251188	-	ENSG00000185482
R3HDM2	12	57253762	57431043	-	ENSG00000179912
INHBC	12	57434784	57452062	+	ENSG00000175189
INHBE	12	57452323	57459280	+	ENSG00000139269
GLI1	12	57459785	57472268	+	ENSG00000111087
ARHGAP9	12	57472262	57488824	-	ENSG00000123329
MARS1	12	57475445	57517569	+	ENSG00000166986
DDIT3	12	57516588	57521737	-	ENSG00000175197
MBD6	12	57520710	57530148	+	ENSG00000166987
DCTN2	12	57529633	57547242	-	ENSG00000175203
KIF5A	12	57546026	57586633	+	ENSG00000155980
PIP4K2C	12	57591174	57603418	+	ENSG00000166908
DTX3	12	57604484	57609804	+	ENSG00000178498
ARHGEF25	12	57610180	57617245	+	ENSG00000240771
B4GALNT1	12	57623409	57633239	-	ENSG00000135454
OS9	12	57693841	57728342	+	ENSG00000135506
AGAP2	12	57723761	57742157	-	ENSG00000135439
TSPAN31	12	57738013	57750219	+	ENSG00000135452
CDK4	12	57747722	57756013	-	ENSG00000135446
MARCHF9	12	57755103	57760411	+	ENSG00000139266
CYP27B1	12	57762334	57768986	-	ENSG00000111012
METTL1	12	57768471	57772131	-	ENSG00000037897
EEF1AKMT3	12	57771492	57782541	+	ENSG00000123427
TSFM	12	57782731	57808071	+	ENSG00000123297
AVIL	12	57797376	57818734	-	ENSG00000135407
CTDSP2	12	57819927	57846729	-	ENSG00000175215
ATP23	12	57906039	57959148	+	ENSG00000166896
LRIG3	12	58872037	58920551	-	ENSG00000139263
SLC16A7	12	59596027	59789855	+	ENSG00000118596
TAFA2	12	61707341	62279150	-	ENSG00000198673
USP15	12	62260338	62417431	+	ENSG00000135655
MON2	12	62466799	62600476	+	ENSG00000061987
PPM1H	12	62643994	62935163	-	ENSG00000111110
AVPR1A	12	63142759	63151201	-	ENSG00000166148
DPY19L2	12	63558913	63668939	-	ENSG00000177990
RXYLT1	12	63779833	63809792	+	ENSG00000118600
SRGAP1	12	63843761	64162217	+	ENSG00000196935
KICS2	12	64186226	64222296	-	ENSG00000174206
C12orf56	12	64264762	64390758	-	ENSG00000185306
XPOT	12	64404168	64451129	+	ENSG00000184575
TBK1	12	64452090	64502114	+	ENSG00000183735
RASSF3	12	64507001	64697567	+	ENSG00000153179
GNS	12	64713442	64759446	-	ENSG00000135677
TBC1D30	12	64759484	64881033	+	ENSG00000111490
WIF1	12	65050626	65121548	-	ENSG00000156076
LEMD3	12	65169342	65248355	+	ENSG00000174106
MSRB3	12	65278643	65491430	+	ENSG00000174099
HMGA2	12	65824460	65966291	+	ENSG00000149948
LLPH	12	66116555	66130750	-	ENSG00000139233
TMBIM4	12	66135846	66170027	-	ENSG00000155957
IRAK3	12	66188995	66254622	+	ENSG00000090376
HELB	12	66302493	66343643	+	ENSG00000127311
GRIP1	12	66347431	67069162	-	ENSG00000155974
CAND1	12	67269358	67319953	+	ENSG00000111530
DYRK2	12	67647913	67665406	+	ENSG00000127334
IFNG	12	68154768	68159740	-	ENSG00000111537
IL26	12	68201349	68225810	-	ENSG00000111536
IL22	12	68248242	68253604	-	ENSG00000127318
MDM1	12	68272443	68332381	-	ENSG00000111554
RAP1B	12	68610410	68671901	+	ENSG00000127314
NUP107	12	68686951	68745809	+	ENSG00000111581
SLC35E3	12	68746125	68793964	+	ENSG00000175782
MDM2	12	68808175	68845544	+	ENSG00000135679
CPM	12	68842197	68971570	-	ENSG00000135678
CPSF6	12	69239543	69279829	+	ENSG00000111605
LYZ	12	69348381	69354234	+	ENSG00000090382
YEATS4	12	69359710	69390870	+	ENSG00000127337
FRS2	12	69470349	69579793	+	ENSG00000166225
CCT2	12	69585423	69601577	+	ENSG00000166226
LRRC10	12	69608564	69610907	-	ENSG00000198812
BEST3	12	69643360	69699476	-	ENSG00000127325
RAB3IP	12	69738860	69823204	+	ENSG00000127328
MYRFL	12	69825227	69959097	+	ENSG00000166268
CNOT2	12	70243002	70354993	+	ENSG00000111596
KCNMB4	12	70366290	70434292	+	ENSG00000135643
PTPRB	12	70515870	70637440	-	ENSG00000127329
PTPRR	12	70638073	70920738	-	ENSG00000153233
TSPAN8	12	71124454	71441898	-	ENSG00000127324
LGR5	12	71439797	71586310	+	ENSG00000139292
ZFC3H1	12	71609599	71667725	-	ENSG00000133858
THAP2	12	71664301	71680644	+	ENSG00000173451
TMEM19	12	71686082	71705047	+	ENSG00000139291
RAB21	12	71754863	71800286	+	ENSG00000080371
TBC1D15	12	71839707	71927248	+	ENSG00000121749
TPH2	12	71938845	72186618	+	ENSG00000139287
TRHDE	12	72087266	72670758	+	ENSG00000072657
ATXN7L3B	12	74537835	74545430	+	ENSG00000253719
KCNC2	12	75040077	75209839	-	ENSG00000166006
CAPS2	12	75275979	75390950	-	ENSG00000180881
GLIPR1L1	12	75334670	75370560	+	ENSG00000173401
GLIPR1L2	12	75391089	75432688	+	ENSG00000180481
GLIPR1	12	75480753	75503863	+	ENSG00000139278
KRR1	12	75490863	75511636	-	ENSG00000111615
PHLDA1	12	76025447	76031776	-	ENSG00000139289
NAP1L1	12	76032987	76085261	-	ENSG00000187109
BBS10	12	76344474	76348437	-	ENSG00000179941
OSBPL8	12	76351797	76559809	-	ENSG00000091039
ZDHHC17	12	76764103	76853696	+	ENSG00000186908
CSRP2	12	76858703	76879638	-	ENSG00000175183
E2F7	12	77021246	77065572	-	ENSG00000165891
NAV3	12	77324641	78213010	+	ENSG00000067798
SYT1	12	78863650	79452009	+	ENSG00000067715
PAWR	12	79574979	79690964	-	ENSG00000177425
PPP1R12A	12	79773563	79935460	-	ENSG00000058272
OTOGL	12	80099537	80380880	+	ENSG00000165899
PTPRQ	12	80402178	80680273	+	ENSG00000139304
MYF6	12	80707633	80709557	+	ENSG00000111046
MYF5	12	80716912	80719671	+	ENSG00000111049
LIN7A	12	80792520	80937934	-	ENSG00000111052
ACSS3	12	80936414	81261210	+	ENSG00000111058
PPFIA2	12	81257975	81759553	-	ENSG00000139220
CCDC59	12	82223681	82358805	-	ENSG00000133773
METTL25	12	82358500	82479239	+	ENSG00000127720
TMTC2	12	82686880	83134870	+	ENSG00000179104
SLC6A15	12	84859491	84913629	-	ENSG00000072041
TSPAN19	12	85014311	85036277	-	ENSG00000231738
LRRIQ1	12	85036314	85264457	+	ENSG00000133640
ALX1	12	85280220	85301784	+	ENSG00000180318
RASSF9	12	85800703	85836409	-	ENSG00000198774
NTS	12	85874162	85882992	+	ENSG00000133636
MGAT4C	12	85955666	86838904	-	ENSG00000182050
C12orf50	12	87980035	88034037	-	ENSG00000165805
RLIG1	12	88033846	88050160	+	ENSG00000133641
CEP290	12	88049016	88142099	-	ENSG00000198707
TMTC3	12	88142181	88199887	+	ENSG00000139324
KITLG	12	88492789	88580851	-	ENSG00000049130
DUSP6	12	89347235	89352501	-	ENSG00000139318
POC1B	12	89419718	89526135	-	ENSG00000139323
POC1B-GALNT4	12	89519408	89526262	-	ENSG00000259075
GALNT4	12	89519412	89524796	-	ENSG00000257594
ATP2B1	12	89588049	89709527	-	ENSG00000070961
CCER1	12	90905622	90955176	-	ENSG00000197651
EPYC	12	90963682	91005026	-	ENSG00000083782
KERA	12	91050491	91058024	-	ENSG00000139330
LUM	12	91102629	91111512	-	ENSG00000139329
DCN	12	91140484	91183217	-	ENSG00000011465
BTG1	12	92140278	92145846	-	ENSG00000133639
PLEKHG7	12	92702843	92772455	+	ENSG00000187510
EEA1	12	92770637	92929350	-	ENSG00000102189
NUDT4	12	93377883	93408146	+	ENSG00000173598
UBE2N	12	93405673	93442258	-	ENSG00000177889
MRPL42	12	93467490	93516214	+	ENSG00000198015
SOCS2	12	93569808	93583487	+	ENSG00000120833
CRADD	12	93677375	93894840	+	ENSG00000169372
PLXNC1	12	94148577	94307675	+	ENSG00000136040
CEP83	12	94306449	94459988	-	ENSG00000173588
TMCC3	12	94567122	94650557	-	ENSG00000057704
NDUFA12	12	94895297	95003748	-	ENSG00000184752
NR2C1	12	95020229	95073628	-	ENSG00000120798
FGD6	12	95076749	95217482	-	ENSG00000180263
VEZT	12	95217746	95302799	+	ENSG00000028203
METAP2	12	95473520	95515839	+	ENSG00000111142
USP44	12	95516560	95553341	-	ENSG00000136014
NTN4	12	95657807	95791189	-	ENSG00000074527
SNRPF	12	95858931	95903828	+	ENSG00000139343
CCDC38	12	95867048	95942635	-	ENSG00000165972
AMDHD1	12	95943301	95968720	+	ENSG00000139344
HAL	12	95972662	95996365	-	ENSG00000084110
LTA4H	12	96000753	96043520	-	ENSG00000111144
ELK3	12	96193978	96269835	+	ENSG00000111145
CDK17	12	96278242	96400562	-	ENSG00000059758
CFAP54	12	96489571	96875555	+	ENSG00000188596
NEDD1	12	96907224	96953780	+	ENSG00000139350
TMPO	12	98515561	98550351	+	ENSG00000120802
SLC25A3	12	98592455	98606379	+	ENSG00000075415
IKBIP	12	98613405	98645113	-	ENSG00000166130
APAF1	12	98645149	98735433	+	ENSG00000120868
ANKS1B	12	98726457	99984936	-	ENSG00000185046
GARIN6	12	99647753	99650114	+	ENSG00000180219
BLTP3B	12	100028455	100142886	-	ENSG00000111647
ACTR6	12	100199122	100241865	+	ENSG00000075089
DEPDC4	12	100203669	100267089	-	ENSG00000166153
SCYL2	12	100266830	100341728	+	ENSG00000136021
SLC17A8	12	100356842	100422055	+	ENSG00000179520
NR1H4	12	100473708	100564414	+	ENSG00000012504
GAS2L3	12	100573681	100628288	+	ENSG00000139354
ANO4	12	100717244	101128648	+	ENSG00000151572
SLC5A8	12	101155493	101210238	-	ENSG00000256870
UTP20	12	101280105	101386618	+	ENSG00000120800
ARL1	12	101393116	101407772	-	ENSG00000120805
SPIC	12	101475336	101486997	+	ENSG00000166211
MYBPC1	12	101568353	101686181	+	ENSG00000196091
CHPT1	12	101696947	101744140	+	ENSG00000111666
SYCP3	12	101728648	101739472	-	ENSG00000139351
GNPTAB	12	101745486	101830980	-	ENSG00000111670
DRAM1	12	101877314	102012130	+	ENSG00000136048
WASHC3	12	102011769	102062149	-	ENSG00000120860
NUP37	12	102073103	102120120	-	ENSG00000075188
PARPBP	12	102120122	102197531	+	ENSG00000185480
PMCH	12	102196459	102197833	-	ENSG00000183395
IGF1	12	102395874	102481744	-	ENSG00000017427
PAH	12	102836889	102958410	-	ENSG00000171759
ASCL1	12	102957674	102960513	+	ENSG00000139352
C12orf42	12	103237591	103495978	-	ENSG00000179088
STAB2	12	103587273	103766719	+	ENSG00000136011
NT5DC3	12	103770453	103841260	-	ENSG00000111696
HSP90B1	12	103930107	103953931	+	ENSG00000166598
UQCC6	12	103940763	103965722	-	ENSG00000204954
TDG	12	103965822	103988874	+	ENSG00000139372
GLT8D2	12	103988612	104064468	-	ENSG00000120820
HCFC2	12	104064531	104106525	+	ENSG00000111727
NFYB	12	104117080	104138241	-	ENSG00000120837
TXNRD1	12	104215779	104350307	+	ENSG00000198431
EID3	12	104303739	104305205	+	ENSG00000255150
CHST11	12	104455295	104762014	+	ENSG00000171310
SLC41A2	12	104801801	104958759	-	ENSG00000136052
NOPCHAP1	12	104986316	105074197	+	ENSG00000151131
ALDH1L2	12	105019784	105107643	-	ENSG00000136010
WASHC4	12	105107324	105169134	+	ENSG00000136051
APPL2	12	105172485	105236221	-	ENSG00000136044
C12orf75	12	105235290	105396097	+	ENSG00000235162
NUAK1	12	106063345	106138954	-	ENSG00000074590
CKAP4	12	106237880	106304279	-	ENSG00000136026
TCP11L2	12	106301929	106347609	+	ENSG00000166046
POLR3B	12	106357693	106510201	+	ENSG00000013503
RFX4	12	106582691	106762803	+	ENSG00000111783
RIC8B	12	106774621	106889316	+	ENSG00000111785
TMEM263	12	106955667	106978778	+	ENSG00000151135
MTERF2	12	106973120	106987173	-	ENSG00000120832
CRY1	12	106991364	107093855	-	ENSG00000008405
ABTB3	12	107318421	107659642	+	ENSG00000151136
PWP1	12	107685766	107713462	+	ENSG00000136045
PRDM4	12	107732867	107761327	-	ENSG00000110851
ASCL4	12	107774704	107776644	+	ENSG00000187855
WSCD2	12	108129288	108250537	+	ENSG00000075035
CMKLR1	12	108288044	108339317	-	ENSG00000174600
FICD	12	108513710	108525837	+	ENSG00000198855
SART3	12	108522214	108561400	-	ENSG00000075856
ISCU	12	108562582	108569380	+	ENSG00000136003
TMEM119	12	108589851	108598320	-	ENSG00000183160
SELPLG	12	108620413	108633894	-	ENSG00000110876
CORO1C	12	108645109	108732563	-	ENSG00000110880
SSH1	12	108778191	108857613	-	ENSG00000084112
DAO	12	108858932	108901051	+	ENSG00000110887
SVOP	12	108907741	109021068	-	ENSG00000166111
USP30	12	109023089	109088023	+	ENSG00000135093
ALKBH2	12	109088188	109098462	-	ENSG00000189046
UNG	12	109097572	109126725	+	ENSG00000076248
ACACB	12	109116587	109268226	+	ENSG00000076555
FOXN4	12	109277978	109309284	-	ENSG00000139445
MYO1H	12	109347900	109455523	+	ENSG00000174527
KCTD10	12	109448655	109477359	-	ENSG00000110906
UBE3B	12	109477402	109536705	+	ENSG00000151148
MMAB	12	109553715	109573580	-	ENSG00000139428
MVK	12	109573255	109598125	+	ENSG00000110921
FAM222A	12	109713825	109770495	+	ENSG00000139438
TRPV4	12	109783087	109833406	-	ENSG00000111199
GLTP	12	109850943	109880541	-	ENSG00000139433
TCHP	12	109900264	109983841	+	ENSG00000139437
GIT2	12	109929792	109996389	-	ENSG00000139436
ANKRD13A	12	109999186	110039763	+	ENSG00000076513
C12orf76	12	110027028	110073636	-	ENSG00000174456
IFT81	12	110124335	110218795	+	ENSG00000122970
ATP2A2	12	110280669	110351093	+	ENSG00000174437
ANAPC7	12	110372900	110403730	-	ENSG00000196510
ARPC3	12	110434582	110450422	-	ENSG00000111229
GPN3	12	110452486	110469268	-	ENSG00000111231
FAM216A	12	110468411	110492196	+	ENSG00000204856
VPS29	12	110491083	110502111	-	ENSG00000111237
RAD9B	12	110501655	110533556	+	ENSG00000151164
PPTC7	12	110533245	110583383	-	ENSG00000196850
TCTN1	12	110614027	110663431	+	ENSG00000204852
HVCN1	12	110627841	110704950	-	ENSG00000122986
PPP1CC	12	110719680	110742939	-	ENSG00000186298
CCDC63	12	110846769	110907535	+	ENSG00000173093
MYL2	12	110909996	111052434	-	ENSG00000111245
CUX2	12	111033853	111350554	+	ENSG00000111249
PHETA1	12	111360651	111369173	-	ENSG00000198324
SH2B3	12	111405000	111451623	+	ENSG00000111252
ATXN2	12	111443485	111599676	-	ENSG00000204842
BRAP	12	111642146	111685991	-	ENSG00000089234
ACAD10	12	111686037	111757125	+	ENSG00000111271
ALDH2	12	111766887	111817532	+	ENSG00000111275
MAPKAPK5	12	111842013	111902222	+	ENSG00000089022
TMEM116	12	111930181	112013908	-	ENSG00000198270
ERP29	12	112012815	112025268	+	ENSG00000089248
NAA25	12	112026689	112109434	-	ENSG00000111300
TRAFD1	12	112125514	112153610	+	ENSG00000135148
HECTD4	12	112160188	112382439	-	ENSG00000173064
RPL6	12	112405170	112418844	-	ENSG00000089009
PTPN11	12	112418351	112509918	+	ENSG00000179295
RPH3A	12	112570380	112898881	+	ENSG00000089169
OAS1	12	112905856	112933219	+	ENSG00000089127
OAS3	12	112938051	112976460	+	ENSG00000111331
OAS2	12	112978395	113011723	+	ENSG00000111335
DTX1	12	113056710	113098028	+	ENSG00000135144
RASAL1	12	113096517	113136258	-	ENSG00000111344
CFAP73	12	113149716	113159526	+	ENSG00000186710
DDX54	12	113157173	113185508	-	ENSG00000123064
RITA1	12	113185045	113193653	+	ENSG00000139405
IQCD	12	113194156	113221098	-	ENSG00000166578
TPCN1	12	113221050	113298589	+	ENSG00000186815
SLC8B1	12	113298759	113359502	-	ENSG00000089060
PLBD2	12	113358544	113391629	+	ENSG00000151176
SDS	12	113392423	113426301	-	ENSG00000135094
SDSL	12	113418087	113438386	+	ENSG00000139410
LHX5	12	113462033	113472280	-	ENSG00000089116
RBM19	12	113816738	113966344	-	ENSG00000122965
TBX5	12	114353911	114409103	-	ENSG00000089225
TBX3	12	114670255	114684175	-	ENSG00000135111
MED13L	12	115957905	116277693	-	ENSG00000123066
MAP1LC3B2	12	116548105	116576606	+	ENSG00000258102
SPRING1	12	116710171	116738070	-	ENSG00000111412
RNFT2	12	116738178	116853631	+	ENSG00000135119
HRK	12	116856144	116881441	-	ENSG00000135116
FBXW8	12	116910839	117032498	+	ENSG00000174989
TESC	12	117038923	117099479	-	ENSG00000088992
FBXO21	12	117141991	117190504	-	ENSG00000135108
NOS1	12	117208142	117452170	-	ENSG00000089250
KSR2	12	117453012	117968990	-	ENSG00000171435
RFC5	12	118013588	118033545	+	ENSG00000111445
WSB2	12	118032687	118062430	-	ENSG00000176871
VSIG10	12	118063593	118136026	-	ENSG00000176834
PEBP1	12	118136071	118145584	+	ENSG00000089220
TAOK3	12	118149801	118372920	-	ENSG00000135090
SUDS3	12	118376531	118418033	+	ENSG00000111707
SRRM4	12	118981541	119163051	+	ENSG00000139767
HSPB8	12	119171555	119224855	+	ENSG00000152137
CCDC60	12	119334703	119541047	+	ENSG00000183273
TMEM233	12	119593774	119643075	+	ENSG00000224982
PRKAB1	12	119667864	119681624	+	ENSG00000111725
CIT	12	119685791	119877332	-	ENSG00000122966
BICDL1	12	119988925	120094496	+	ENSG00000135127
RAB35	12	120095094	120117502	-	ENSG00000111737
GCN1	12	120127202	120194976	-	ENSG00000089154
RPLP0	12	120196699	120201235	-	ENSG00000089157
PXN	12	120210439	120265795	-	ENSG00000089159
SIRT4	12	120292162	120313249	+	ENSG00000089163
PLA2G1B	12	120322115	120327779	-	ENSG00000170890
MSI1	12	120341329	120369437	-	ENSG00000135097
COX6A1	12	120438090	120440742	+	ENSG00000111775
TRIAP1	12	120443958	120446412	-	ENSG00000170855
GATC	12	120446444	120463749	+	ENSG00000257218
SRSF9	12	120456138	120495946	-	ENSG00000111786
DYNLL1	12	120469804	120498495	+	ENSG00000088986
COQ5	12	120503279	120534434	-	ENSG00000110871
RNF10	12	120533480	120577588	+	ENSG00000022840
POP5	12	120578764	120581411	-	ENSG00000167272
CABP1	12	120640590	120667327	+	ENSG00000157782
MLEC	12	120687125	120704282	+	ENSG00000110917
UNC119B	12	120710440	120723640	+	ENSG00000175970
ACADS	12	120725774	120740009	+	ENSG00000122971
SPPL3	12	120762510	120904358	-	ENSG00000157837
HNF1A	12	120978543	121002512	+	ENSG00000135100
C12orf43	12	121000486	121016504	-	ENSG00000157895
OASL	12	121017763	121039246	-	ENSG00000135114
P2RX7	12	121132819	121188032	+	ENSG00000089041
P2RX4	12	121210065	121234112	+	ENSG00000135124
CAMKK2	12	121237675	121298308	-	ENSG00000110931
ANAPC5	12	121308245	121399896	-	ENSG00000089053
RNF34	12	121400078	121430623	+	ENSG00000170633
KDM2B	12	121429096	121582279	-	ENSG00000089094
ORAI1	12	121626509	121643109	+	ENSG00000276045
MORN3	12	121648742	121672649	-	ENSG00000139714
TMEM120B	12	121712752	121783001	+	ENSG00000188735
RHOF	12	121777754	121803403	-	ENSG00000139725
SETD1B	12	121804009	121832656	+	ENSG00000139718
HPD	12	121839277	121863596	-	ENSG00000158104
PSMD9	12	121888726	121918297	+	ENSG00000110801
CFAP251	12	121918574	122003927	+	ENSG00000158023
BCL7A	12	122019422	122062044	+	ENSG00000110987
MLXIP	12	122078666	122147344	+	ENSG00000175727
LRRC43	12	122167738	122203471	+	ENSG00000158113
IL31	12	122172029	122174221	-	ENSG00000204671
B3GNT4	12	122203681	122208952	+	ENSG00000176383
DIABLO	12	122207394	122226062	-	ENSG00000184047
VPS33A	12	122229564	122266502	-	ENSG00000139719
CLIP1	12	122271432	122422778	-	ENSG00000130779
ZCCHC8	12	122471600	122500932	-	ENSG00000033030
RSRC2	12	122503454	122527100	-	ENSG00000111011
KNTC1	12	122527246	122626396	+	ENSG00000184445
HCAR2	12	122701293	122703357	-	ENSG00000182782
HCAR3	12	122714756	122716811	-	ENSG00000255398
HCAR1	12	122726076	122730844	-	ENSG00000196917
DENR	12	122752824	122771064	+	ENSG00000139726
CCDC62	12	122774526	122827528	+	ENSG00000130783
HIP1R	12	122834453	122862961	+	ENSG00000130787
VPS37B	12	122865330	122896127	-	ENSG00000139722
ABCB9	12	122920951	122981649	-	ENSG00000150967
OGFOD2	12	122974580	122980043	+	ENSG00000111325
ARL6IP4	12	122980045	122983479	+	ENSG00000182196
PITPNM2	12	122983480	123151142	-	ENSG00000090975
MPHOSPH9	12	123152320	123244014	-	ENSG00000051825
MTRFR	12	123232142	123258079	+	ENSG00000130921
CDK2AP1	12	123250112	123272334	-	ENSG00000111328
SBNO1	12	123289109	123365184	-	ENSG00000139697
KMT5A	12	123384132	123409353	+	ENSG00000183955
RILPL2	12	123409714	123436684	-	ENSG00000150977
SNRNP35	12	123458078	123473154	+	ENSG00000184209
RILPL1	12	123470054	123534103	-	ENSG00000188026
TMED2	12	123584526	123598582	+	ENSG00000086598
DDX55	12	123602077	123620943	+	ENSG00000111364
EIF2B1	12	123620406	123633766	-	ENSG00000111361
GTF2H3	12	123633739	123662604	+	ENSG00000111358
TCTN2	12	123671110	123708399	+	ENSG00000168778
ATP6V0A2	12	123712342	123761755	+	ENSG00000185344
DNAH10	12	123762188	123935720	+	ENSG00000197653
CCDC92	12	123918660	123974253	-	ENSG00000119242
ZNF664	12	123971745	124015445	+	ENSG00000179195
RFLNA	12	123973241	124316024	+	ENSG00000178882
NCOR2	12	124324407	124567623	-	ENSG00000196498
SCARB1	12	124776856	124882668	-	ENSG00000073060
UBC	12	124911604	124917368	-	ENSG00000150991
DHX37	12	124946825	124989133	-	ENSG00000150990
BRI3BP	12	124993645	125031231	+	ENSG00000184992
AACS	12	125065364	125143333	+	ENSG00000081760
TMEM132B	12	125186386	125662377	+	ENSG00000139364
TMEM132C	12	128267170	128707911	+	ENSG00000181234
SLC15A4	12	128793193	128824035	-	ENSG00000139370
GLT1D1	12	128853427	128984968	+	ENSG00000151948
TMEM132D	12	129071725	129904025	-	ENSG00000151952
FZD10	12	130162459	130165740	+	ENSG00000111432
PIWIL1	12	130337887	130372637	+	ENSG00000125207
RIMBP2	12	130396131	130768228	-	ENSG00000060709
STX2	12	130789600	130839265	-	ENSG00000111450
RAN	12	130872037	130877678	+	ENSG00000132341
ADGRD1	12	130953055	131142466	+	ENSG00000111452
SFSWAP	12	131711081	131799738	+	ENSG00000061936
MMP17	12	131828393	131851783	+	ENSG00000198598
ULK1	12	131894621	131923161	+	ENSG00000177169
PUS1	12	131929200	131945896	+	ENSG00000177192
EP400	12	131949931	132080460	+	ENSG00000183495
DDX51	12	132136591	132144335	-	ENSG00000185163
NOC4L	12	132144425	132152473	+	ENSG00000184967
GALNT9	12	132196372	132329598	-	ENSG00000182870
FBRSL1	12	132489551	132585188	+	ENSG00000112787
LRCOL1	12	132603150	132610582	-	ENSG00000204583
P2RX2	12	132618776	132622388	+	ENSG00000187848
POLE	12	132623753	132687376	-	ENSG00000177084
PXMP2	12	132687587	132705098	+	ENSG00000176894
PGAM5	12	132710786	132722734	+	ENSG00000247077
ANKLE2	12	132725503	132761832	-	ENSG00000176915
GOLGA3	12	132768902	132829143	-	ENSG00000090615
CHFR	12	132822187	132956304	-	ENSG00000072609
ZNF605	12	132918306	132956306	-	ENSG00000196458
ZNF26	12	132986365	133032952	+	ENSG00000198393
ZNF84	12	133037262	133063304	+	ENSG00000198040
ZNF140	12	133080388	133107981	+	ENSG00000196387
ZNF891	12	133104779	133130289	-	ENSG00000214029
ZNF10	12	133130349	133159465	+	ENSG00000256223
ZNF268	12	133181409	133214832	+	ENSG00000090612
ANHX	12	133218312	133235877	-	ENSG00000227059
TUBA3C	13	19173772	19181824	-	ENSG00000198033
TPTE2	13	19422876	19561625	-	ENSG00000132958
MPHOSPH8	13	19633659	19673441	+	ENSG00000196199
PSPC1	13	19674752	19783019	-	ENSG00000121390
ZMYM5	13	19823482	19864915	-	ENSG00000132950
ZMYM2	13	19958677	20091829	+	ENSG00000121741
GJA3	13	20138252	20161615	-	ENSG00000121743
GJB2	13	20187463	20192980	-	ENSG00000165474
GJB6	13	20221962	20232450	-	ENSG00000121742
CRYL1	13	20403666	20525873	-	ENSG00000165475
IFT88	13	20566600	20691697	+	ENSG00000032742
IL17D	13	20702127	20723099	+	ENSG00000172458
EEF1AKMT1	13	20727970	20773961	-	ENSG00000150456
XPO4	13	20777329	20903048	-	ENSG00000132953
LATS2	13	20973029	21061603	-	ENSG00000150457
SAP18	13	21140119	21149097	+	ENSG00000150459
SKA3	13	21153594	21176602	-	ENSG00000165480
MRPL57	13	21176647	21179084	+	ENSG00000173141
ZDHHC20	13	21348784	21459467	-	ENSG00000180776
MICU2	13	21492691	21604181	-	ENSG00000165487
FGF9	13	21671073	21704498	+	ENSG00000102678
SGCG	13	23180877	23325165	+	ENSG00000102683
SACS	13	23288689	23433763	-	ENSG00000151835
TNFRSF19	13	23570370	23676104	+	ENSG00000127863
MIPEP	13	23730176	23889448	-	ENSG00000027001
C1QTNF9B	13	23891099	23897502	-	ENSG00000205863
SPATA13	13	23979805	24307074	+	ENSG00000182957
C1QTNF9	13	24307166	24322535	+	ENSG00000240654
PARP4	13	24420931	24512925	-	ENSG00000102699
ATP12A	13	24680408	24712472	+	ENSG00000075673
RNF17	13	24764169	24879921	+	ENSG00000132972
CPAP	13	24882276	24922889	-	ENSG00000151849
PABPC3	13	25096136	25099254	+	ENSG00000151846
AMER2	13	25161679	25172288	-	ENSG00000165566
MTMR6	13	25245495	25287521	-	ENSG00000139505
NUP58	13	25301524	25365390	+	ENSG00000139496
ATP8A2	13	25371974	26025851	+	ENSG00000132932
SHISA2	13	26044597	26052016	-	ENSG00000180730
RNF6	13	26132115	26222460	-	ENSG00000127870
CDK8	13	26253891	26420982	+	ENSG00000132964
WASF3	13	26557661	26688948	+	ENSG00000132970
GPR12	13	26755200	26760802	-	ENSG00000132975
USP12	13	27066150	27171885	-	ENSG00000152484
RPL21	13	27251283	27259609	+	ENSG00000122026
RASL11A	13	27270810	27275192	+	ENSG00000122035
GTF3A	13	27424619	27435823	+	ENSG00000122034
MTIF3	13	27435634	27450613	-	ENSG00000122033
LNX2	13	27545911	27621344	-	ENSG00000139517
POLR1D	13	27620742	27744237	+	ENSG00000186184
GSX1	13	27792483	27794768	+	ENSG00000169840
PDX1	13	27920000	27926313	+	ENSG00000139515
CDX2	13	27960914	27975983	-	ENSG00000165556
URAD	13	27977717	27988693	-	ENSG00000183463
FLT3	13	28003274	28100592	-	ENSG00000122025
PAN3	13	28138207	28295335	+	ENSG00000152520
FLT1	13	28300346	28495145	-	ENSG00000102755
POMP	13	28659065	28678959	+	ENSG00000132963
SLC46A3	13	28700064	28719012	-	ENSG00000139508
MTUS2	13	28820021	29505947	+	ENSG00000132938
SLC7A1	13	29509410	29595781	-	ENSG00000139514
UBL3	13	29764371	29850617	-	ENSG00000122042
KATNAL1	13	30202630	30307551	-	ENSG00000102781
UBE2L5	13	30422488	30429758	+	ENSG00000236444
HMGB1	13	30456704	30618872	-	ENSG00000189403
USPL1	13	30617693	30660770	+	ENSG00000132952
ALOX5AP	13	30713478	30765072	+	ENSG00000132965
MEDAG	13	30906271	30925572	+	ENSG00000102802
TEX26	13	30932656	30975500	+	ENSG00000175664
HSPH1	13	31134876	31162388	-	ENSG00000120694
B3GLCT	13	31199975	31332276	+	ENSG00000187676
RXFP2	13	31739526	31803389	+	ENSG00000133105
FRY	13	31846713	32299125	+	ENSG00000073910
ZAR1L	13	32303699	32315363	-	ENSG00000189167
BRCA2	13	32315086	32400268	+	ENSG00000139618
N4BP2L1	13	32400723	32428311	-	ENSG00000139597
N4BP2L2	13	32432417	32538885	-	ENSG00000244754
PDS5B	13	32586315	32778022	+	ENSG00000083642
KL	13	33016423	33066143	+	ENSG00000133116
STARD13	13	33103137	33350630	-	ENSG00000133121
RFC3	13	33818069	33966558	+	ENSG00000133119
NBEA	13	34942270	35673022	+	ENSG00000172915
MAB21L1	13	35473419	35478764	-	ENSG00000180660
DCLK1	13	35768652	36132164	-	ENSG00000133083
SOHLH2	13	36168217	36214588	-	ENSG00000120669
CCDC169-SOHLH2	13	36168794	36297842	-	ENSG00000250709
CCDC169	13	36222008	36297840	-	ENSG00000242715
SPART	13	36301638	36370215	-	ENSG00000133104
CCNA1	13	36431520	36442870	+	ENSG00000133101
SERTM1	13	36673881	36697839	+	ENSG00000180440
RFXAP	13	36819222	36829104	+	ENSG00000133111
SMAD9	13	36844831	36920887	-	ENSG00000120693
ALG5	13	36949738	37000763	-	ENSG00000120697
EXOSC8	13	36998816	37025881	+	ENSG00000120699
SUPT20H	13	37009312	37059713	-	ENSG00000102710
CSNK1A1L	13	37103259	37105664	-	ENSG00000180138
POSTN	13	37562582	37598855	-	ENSG00000133110
TRPC4	13	37632063	37870204	-	ENSG00000133107
UFM1	13	38349826	38363619	+	ENSG00000120686
FREM2	13	38687077	38887131	+	ENSG00000150893
STOML3	13	38965925	38990871	-	ENSG00000133115
PROSER1	13	39009865	39038096	-	ENSG00000120685
NHLRC3	13	39038306	39050109	+	ENSG00000188811
LHFPL6	13	39209116	39603735	-	ENSG00000183722
COG6	13	39655627	39791666	+	ENSG00000133103
FOXO1	13	40555667	40667612	-	ENSG00000150907
MRPS31	13	40729128	40771351	-	ENSG00000102738
SLC25A15	13	40789412	40812460	+	ENSG00000102743
ELF1	13	40931242	41061440	-	ENSG00000120690
WBP4	13	41061509	41084006	+	ENSG00000120688
KBTBD6	13	41127569	41132802	-	ENSG00000165572
KBTBD7	13	41189834	41194569	-	ENSG00000120696
MTRF1	13	41216145	41263775	-	ENSG00000120662
NAA16	13	41311267	41377035	+	ENSG00000172766
RGCC	13	41457532	41470877	+	ENSG00000102760
VWA8	13	41566834	41961129	-	ENSG00000102763
DGKH	13	42040036	42256578	+	ENSG00000102780
AKAP11	13	42271475	42323283	+	ENSG00000023516
TNFSF11	13	42562736	42608013	+	ENSG00000120659
FAM216B	13	42781550	42791549	+	ENSG00000179813
EPSTI1	13	42886388	42992392	-	ENSG00000133106
DNAJC15	13	43023203	43114213	+	ENSG00000120675
ENOX1	13	43213004	43787328	-	ENSG00000120658
CCDC122	13	43823909	43880035	-	ENSG00000151773
LACC1	13	43878917	43895091	+	ENSG00000179630
SERP2	13	44373476	44397714	+	ENSG00000151778
TSC22D1	13	44432143	44577316	-	ENSG00000102804
NUFIP1	13	44939249	44989471	-	ENSG00000083635
GPALPP1	13	44989529	45037669	+	ENSG00000133114
GTF2F2	13	45120443	45284907	+	ENSG00000188342
KCTD4	13	45192853	45201045	-	ENSG00000180332
TPT1	13	45333471	45341284	-	ENSG00000133112
SLC25A30	13	45393316	45418455	-	ENSG00000174032
COG3	13	45464898	45536701	+	ENSG00000136152
ERICH6B	13	45534522	45615739	-	ENSG00000165837
CBY2	13	45702320	45714559	+	ENSG00000174015
SIAH3	13	45777242	45851753	-	ENSG00000215475
ZC3H13	13	45954364	46052781	-	ENSG00000123200
CPB2	13	46052958	46105073	-	ENSG00000080618
LCP1	13	46125920	46211871	-	ENSG00000136167
LRRC63	13	46211928	46277115	+	ENSG00000173988
RUBCNL	13	46334681	46438190	-	ENSG00000102445
LRCH1	13	46553168	46753040	+	ENSG00000136141
ESD	13	46770748	46799772	-	ENSG00000139684
HTR2A	13	46831546	46897076	-	ENSG00000102468
SUCLA2	13	47745736	48037968	-	ENSG00000136143
NUDT15	13	48037694	48054196	+	ENSG00000136159
MED4	13	48053323	48095131	-	ENSG00000136146
ITM2B	13	48232612	48270357	+	ENSG00000136156
RB1	13	48303735	48599436	+	ENSG00000139687
LPAR6	13	48389567	48444704	-	ENSG00000139679
RCBTB2	13	48488959	48536006	-	ENSG00000136161
CYSLTR2	13	48653709	48711227	+	ENSG00000152207
FNDC3A	13	48975912	49209779	+	ENSG00000102531
MLNR	13	49220118	49225201	+	ENSG00000102539
CDADC1	13	49247917	49293485	+	ENSG00000102543
CAB39L	13	49308629	49444342	-	ENSG00000102547
SETDB2	13	49443794	49495003	+	ENSG00000136169
PHF11	13	49495095	49528981	+	ENSG00000136147
RCBTB1	13	49531944	49586740	-	ENSG00000136144
ARL11	13	49628464	49634842	+	ENSG00000152213
EBPL	13	49660674	49691500	-	ENSG00000123179
KPNA3	13	49697744	49793068	-	ENSG00000102753
SPRYD7	13	49912702	49936490	-	ENSG00000123178
TRIM13	13	49995888	50020481	+	ENSG00000204977
KCNRG	13	50015254	50020922	+	ENSG00000198553
DLEU7	13	50519364	50843939	-	ENSG00000186047
RNASEH2B	13	50909747	51024120	+	ENSG00000136104
C13orf42	13	51082119	51200252	-	ENSG00000226792
FAM124A	13	51222334	51284239	+	ENSG00000150510
SERPINE3	13	51335773	51364735	+	ENSG00000253309
INTS6	13	51354077	51454264	-	ENSG00000102786
WDFY2	13	51583927	51767709	+	ENSG00000139668
DHRS12	13	51767520	51804187	-	ENSG00000102796
TMEM272	13	51813347	51845177	-	ENSG00000281106
CCDC70	13	51861969	51866232	+	ENSG00000123171
ATP7B	13	51930436	52012166	-	ENSG00000123191
ALG11	13	52012391	52079232	+	ENSG00000253710
UTP14C	13	52024691	52033600	+	ENSG00000253797
NEK5	13	52033611	52129092	-	ENSG00000197168
NEK3	13	52132639	52159600	-	ENSG00000136098
THSD1	13	52377163	52416373	-	ENSG00000136114
VPS36	13	52412602	52450684	-	ENSG00000136100
CKAP2	13	52455429	52476630	+	ENSG00000136108
HNRNPA1L2	13	52642431	52643773	+	ENSG00000139675
SUGT1	13	52652682	52700909	+	ENSG00000165416
CNMD	13	52703258	52740089	-	ENSG00000136110
PCDH8	13	52842889	52848641	-	ENSG00000136099
OLFM4	13	53028813	53052057	+	ENSG00000102837
PRR20A	13	57140918	57143939	+	ENSG00000204919
PRR20C	13	57140918	57157082	+	ENSG00000229665
PRR20B	13	57147488	57150509	+	ENSG00000204918
PRR20D	13	57160632	57163653	+	ENSG00000227151
PRR20E	13	57167197	57170218	+	ENSG00000234278
PCDH17	13	57631744	57729311	+	ENSG00000118946
DIAPH3	13	59665583	60163928	-	ENSG00000139734
TDRD3	13	60396457	60573879	+	ENSG00000083544
PCDH20	13	61409685	61415849	-	ENSG00000280165
PCDH9	13	66302834	67230445	-	ENSG00000184226
KLHL1	13	69700594	70108493	-	ENSG00000150361
DACH1	13	71437966	71867204	-	ENSG00000276644
MZT1	13	72708367	72727629	-	ENSG00000204899
BORA	13	72727749	72756198	+	ENSG00000136122
DIS3	13	72752169	72782096	-	ENSG00000083520
PIBF1	13	72781641	73017823	+	ENSG00000083535
KLF5	13	73054976	73077541	+	ENSG00000102554
KLF12	13	73686089	74134922	-	ENSG00000118922
TBC1D4	13	75283503	75482651	-	ENSG00000136111
COMMD6	13	75525214	75549439	-	ENSG00000188243
UCHL3	13	75549483	75607472	+	ENSG00000118939
LMO7	13	75620434	75859870	+	ENSG00000136153
KCTD12	13	76880175	76886405	-	ENSG00000178695
ACOD1	13	76948511	76958638	+	ENSG00000102794
CLN5	13	76990660	77019143	+	ENSG00000102805
FBXL3	13	76992598	77027195	-	ENSG00000005812
MYCBP2	13	77042474	77327094	-	ENSG00000005810
SCEL	13	77535605	77646769	+	ENSG00000136155
SLAIN1	13	77697687	77764242	+	ENSG00000139737
EDNRB	13	77895481	77975529	-	ENSG00000136160
POU4F1	13	78598362	78603552	-	ENSG00000152192
OBI1	13	78614283	78659166	-	ENSG00000152193
RBM26	13	79311824	79406477	-	ENSG00000139746
NDFIP2	13	79481155	79556077	+	ENSG00000102471
SPRY2	13	80335518	80342983	-	ENSG00000136158
SLITRK1	13	83877205	83882474	-	ENSG00000178235
SLITRK6	13	85792790	85806683	-	ENSG00000184564
SLITRK5	13	87671371	87696272	+	ENSG00000165300
GPC5	13	91398621	92873682	+	ENSG00000179399
GPC6	13	93226807	94408020	+	ENSG00000183098
DCT	13	94436811	94479682	-	ENSG00000080166
TGDS	13	94574054	94596276	-	ENSG00000088451
GPR180	13	94601857	94634661	+	ENSG00000152749
SOX21	13	94709622	94712545	-	ENSG00000125285
ABCC4	13	95019835	95301822	-	ENSG00000125257
CLDN10	13	95433604	95579759	+	ENSG00000134873
DZIP1	13	95578202	95644740	-	ENSG00000134874
DNAJC3	13	95677114	95794988	+	ENSG00000102580
UGGT2	13	95801580	96053482	-	ENSG00000102595
HS6ST3	13	96090107	96839562	+	ENSG00000185352
OXGR1	13	96985713	96994730	-	ENSG00000165621
MBNL2	13	97221434	97394121	+	ENSG00000139793
RAP2A	13	97434169	97469128	+	ENSG00000125249
IPO5	13	97953658	98024296	+	ENSG00000065150
FARP1	13	98142165	98455176	+	ENSG00000152767
RNF113B	13	98175785	98177269	-	ENSG00000139797
STK24	13	98445185	98577940	-	ENSG00000102572
SLC15A1	13	98683801	98752836	-	ENSG00000088386
DOCK9	13	98793429	99086625	-	ENSG00000088387
UBAC2	13	99200758	99386504	+	ENSG00000134882
GPR18	13	99254732	99261744	-	ENSG00000125245
GPR183	13	99294273	99307474	-	ENSG00000169508
TM9SF2	13	99446311	99564048	+	ENSG00000125304
CLYBL	13	99606641	99909459	+	ENSG00000125246
ZIC5	13	99962964	99971767	-	ENSG00000139800
ZIC2	13	99981784	99986765	+	ENSG00000043355
PCCA	13	100089015	100530437	+	ENSG00000175198
GGACT	13	100528034	100589528	-	ENSG00000134864
TMTC4	13	100603625	100675633	-	ENSG00000125247
NALCN	13	101053773	101416508	-	ENSG00000102452
ITGBL1	13	101452593	101720856	+	ENSG00000198542
FGF14	13	101710804	102402457	-	ENSG00000102466
TPP2	13	102596958	102679958	+	ENSG00000134900
METTL21C	13	102685747	102695044	-	ENSG00000139780
CCDC168	13	102729367	102759072	-	ENSG00000175820
TEX30	13	102765888	102773811	-	ENSG00000151287
POGLUT2	13	102784281	102799040	-	ENSG00000134901
BIVM	13	102799110	102841748	+	ENSG00000134897
BIVM-ERCC5	13	102799110	102875994	+	ENSG00000270181
ERCC5	13	102845831	102875995	+	ENSG00000134899
METTL21EP	13	102880040	102896033	+	ENSG00000250878
SLC10A2	13	103043998	103066417	-	ENSG00000125255
DAOA	13	105465867	105491034	+	ENSG00000182346
EFNB2	13	106489745	106535662	-	ENSG00000125266
ARGLU1	13	106541673	106568161	-	ENSG00000134884
NALF1	13	107163510	107867496	-	ENSG00000204442
LIG4	13	108207439	108218368	-	ENSG00000174405
ABHD13	13	108218167	108234243	+	ENSG00000139826
TNFSF13B	13	108251240	108308484	+	ENSG00000102524
MYO16	13	108596152	109208005	+	ENSG00000041515
IRS2	13	109752695	109786583	-	ENSG00000185950
COL4A1	13	110148963	110307202	-	ENSG00000187498
COL4A2	13	110305812	110513209	+	ENSG00000134871
RAB20	13	110523066	110562127	-	ENSG00000139832
NAXD	13	110615512	110639996	+	ENSG00000213995
CARS2	13	110641411	110713603	-	ENSG00000134905
ING1	13	110712736	110723339	+	ENSG00000153487
ANKRD10	13	110878540	110915071	-	ENSG00000088448
ARHGEF7	13	111114559	111305737	+	ENSG00000102606
TEX29	13	111316184	111344249	+	ENSG00000153495
SOX1	13	112067149	112071706	+	ENSG00000182968
SPACA7	13	112376355	112434689	+	ENSG00000153498
TUBGCP3	13	112485005	112588205	-	ENSG00000126216
ATP11A	13	112689911	112887168	+	ENSG00000068650
MCF2L	13	112894378	113099742	+	ENSG00000126217
F7	13	113105762	113120685	+	ENSG00000057593
F10	13	113122788	113149531	+	ENSG00000126218
PROZ	13	113158622	113172387	+	ENSG00000126231
PCID2	13	113177536	113208715	-	ENSG00000126226
CUL4A	13	113208193	113267108	+	ENSG00000139842
LAMP1	13	113297088	113323674	+	ENSG00000185896
GRTP1	13	113324163	113364158	-	ENSG00000139835
ADPRHL1	13	113399611	113453488	-	ENSG00000153531
DCUN1D2	13	113455819	113490984	-	ENSG00000150401
TMCO3	13	113490816	113554590	+	ENSG00000150403
TFDP1	13	113584525	113641509	+	ENSG00000198176
ATP4B	13	113648804	113658198	-	ENSG00000186009
GRK1	13	113667219	113737736	+	ENSG00000185974
TMEM255B	13	113759194	113816995	+	ENSG00000184497
GAS6	13	113820468	113864123	-	ENSG00000183087
C13orf46	13	113953705	113974076	-	ENSG00000283199
RASA3	13	113977783	114132775	-	ENSG00000185989
CFAP97D2	13	114154691	114223085	+	ENSG00000283361
CDC16	13	114234856	114272723	+	ENSG00000130177
UPF3A	13	114281568	114305817	+	ENSG00000169062
CHAMP1	13	114314482	114337626	+	ENSG00000198824
OR11H12	14	18601117	18602097	+	ENSG00000257115
POTEM	14	18967434	19003752	+	ENSG00000222036
POTEG	14	19402486	19434341	-	ENSG00000187537
OR11H2	14	19712936	19713883	-	ENSG00000258453
OR4N2	14	19719015	19830253	+	ENSG00000176294
OR4Q3	14	19743571	19749469	+	ENSG00000182652
OR4M1	14	19773504	19783696	+	ENSG00000176299
OR4K3	14	19868197	19869143	-	ENSG00000176290
OR4K2	14	19875142	19883932	+	ENSG00000165762
OR4K5	14	19920607	19921578	+	ENSG00000176281
OR4K1	14	19930917	19936757	+	ENSG00000155249
OR4K15	14	19975591	19976565	+	ENSG00000169488
OR4Q2	14	19999913	20004760	+	ENSG00000196383
OR4K14	14	20014143	20019307	-	ENSG00000169484
OR4K13	14	20029399	20036038	-	ENSG00000176253
OR4L1	14	20060045	20060983	+	ENSG00000176246
OR4K17	14	20110739	20122199	+	ENSG00000176230
OR4N5	14	20138820	20145471	+	ENSG00000184394
OR11G2	14	20190896	20201075	+	ENSG00000196832
OR11H6	14	20223710	20224702	+	ENSG00000176219
OR11H7	14	20229402	20230346	+	ENSG00000258806
OR11H4	14	20239286	20244349	+	ENSG00000176198
TTC5	14	20256558	20305963	-	ENSG00000136319
CCNB1IP1	14	20311353	20333314	-	ENSG00000100814
PARP2	14	20343601	20357905	+	ENSG00000129484
TEP1	14	20365667	20413501	-	ENSG00000129566
KLHL33	14	20425852	20436166	-	ENSG00000185271
OSGEP	14	20446401	20455089	-	ENSG00000092094
APEX1	14	20454525	20457779	+	ENSG00000100823
PIP4P1	14	20457681	20461617	-	ENSG00000165782
PNP	14	20461992	20477094	+	ENSG00000198805
RNASE10	14	20505537	20513884	+	ENSG00000182545
RNASE9	14	20556093	20561047	-	ENSG00000188655
RNASE11	14	20582892	20609884	-	ENSG00000173464
RNASE12	14	20590073	20591376	-	ENSG00000258436
OR6S1	14	20640696	20641691	-	ENSG00000181803
RNASE4	14	20682598	20701216	+	ENSG00000258818
ANG	14	20682950	20698971	+	ENSG00000214274
EDDM3A	14	20745887	20748380	+	ENSG00000181562
EDDM3B	14	20768404	20770948	+	ENSG00000181552
RNASE6	14	20781068	20782467	+	ENSG00000169413
RNASE1	14	20801228	20802884	-	ENSG00000129538
RNASE3	14	20891385	20892348	+	ENSG00000169397
RNASE2	14	20955487	20956436	+	ENSG00000169385
METTL17	14	20989973	20997035	+	ENSG00000165792
SLC39A2	14	20999255	21001871	+	ENSG00000165794
NDRG2	14	21016763	21071094	-	ENSG00000165795
TPPP2	14	21024109	21036276	+	ENSG00000179636
RNASE13	14	21032818	21034807	-	ENSG00000206150
RNASE7	14	21042316	21044234	+	ENSG00000165799
RNASE8	14	21057822	21058455	+	ENSG00000173431
ARHGEF40	14	21069647	21090248	+	ENSG00000165801
ZNF219	14	21090053	21104722	-	ENSG00000165804
TMEM253	14	21098811	21103724	+	ENSG00000232070
OR5AU1	14	21148370	21159060	-	ENSG00000169327
HNRNPC	14	21207375	21269792	-	ENSG00000092199
RPGRIP1	14	21280083	21351301	+	ENSG00000092200
SUPT16H	14	21351472	21384042	-	ENSG00000092201
CHD8	14	21385194	21456126	-	ENSG00000100888
RAB2B	14	21459020	21476960	-	ENSG00000129472
TOX4	14	21476597	21499175	+	ENSG00000092203
METTL3	14	21498128	21511362	-	ENSG00000165819
SALL2	14	21521080	21537216	-	ENSG00000165821
OR10G3	14	21568520	21580076	-	ENSG00000169208
OR10G2	14	21633836	21634940	-	ENSG00000255582
OR4E2	14	21653835	21667642	+	ENSG00000221977
OR4E1	14	21667886	21673818	-	ENSG00000276240
DAD1	14	22564902	22589235	-	ENSG00000129562
ABHD4	14	22598249	22612963	+	ENSG00000100439
OR6J1	14	22630929	22644352	-	ENSG00000255804
OXA1L	14	22766522	22773042	+	ENSG00000155463
SLC7A7	14	22773222	22829820	-	ENSG00000155465
MRPL52	14	22829875	22835037	+	ENSG00000172590
MMP14	14	22836532	22849041	+	ENSG00000157227
LRP10	14	22871709	22881713	+	ENSG00000197324
REM2	14	22883136	22887686	+	ENSG00000139890
RBM23	14	22893204	22919182	-	ENSG00000100461
PRMT5	14	22920525	22929458	-	ENSG00000100462
HAUS4	14	22946228	22957161	-	ENSG00000092036
AJUBA	14	22971177	22982551	-	ENSG00000129474
C14orf93	14	22985894	23010529	-	ENSG00000100802
PSMB5	14	23016543	23035230	-	ENSG00000100804
PSMB11	14	23042212	23044060	+	ENSG00000222028
CDH24	14	23047062	23057538	-	ENSG00000139880
ACIN1	14	23058561	23095614	-	ENSG00000100813
C14orf119	14	23094692	23100456	+	ENSG00000179933
CIROP	14	23099062	23105018	-	ENSG00000283654
CEBPE	14	23117036	23120256	-	ENSG00000092067
SLC7A8	14	23125295	23183674	-	ENSG00000092068
RNF212B	14	23185316	23273477	+	ENSG00000215277
HOMEZ	14	23272422	23299796	-	ENSG00000290292
PPP1R3E	14	23295652	23302908	-	ENSG00000235194
BCL2L2	14	23298790	23313069	+	ENSG00000129473
BCL2L2-PABPN1	14	23306833	23326175	+	ENSG00000258643
PABPN1	14	23321457	23326163	+	ENSG00000100836
SLC22A17	14	23346314	23352912	-	ENSG00000092096
EFS	14	23353248	23366286	-	ENSG00000100842
IL25	14	23372809	23376403	+	ENSG00000166090
CMTM5	14	23376627	23379772	+	ENSG00000166091
MYH6	14	23381576	23408945	-	ENSG00000197616
MYH7	14	23412733	23436137	-	ENSG00000092054
NGDN	14	23469679	23509862	+	ENSG00000129460
ZFHX2	14	23520857	23556192	-	ENSG00000136367
THTPA	14	23555988	23560271	+	ENSG00000259431
AP1G2	14	23559557	23568070	-	ENSG00000213983
JPH4	14	23568038	23578790	-	ENSG00000092051
DHRS2	14	23630115	23645639	+	ENSG00000100867
DHRS4	14	23953713	23969279	+	ENSG00000157326
DHRS4L2	14	23969874	24006408	+	ENSG00000187630
CARMIL3	14	24052009	24069734	+	ENSG00000186648
CPNE6	14	24070837	24078100	+	ENSG00000100884
NRL	14	24078662	24115010	-	ENSG00000129535
PCK2	14	24094053	24110598	+	ENSG00000100889
DCAF11	14	24114010	24125614	+	ENSG00000100897
FITM1	14	24130659	24132849	+	ENSG00000139914
PSME1	14	24136156	24138967	+	ENSG00000092010
EMC9	14	24138958	24142023	-	ENSG00000100908
PSME2	14	24143362	24147570	-	ENSG00000100911
RNF31	14	24146683	24160660	+	ENSG00000092098
IRF9	14	24161101	24168043	+	ENSG00000213928
REC8	14	24171853	24180923	+	ENSG00000100918
IPO4	14	24180219	24188990	-	ENSG00000196497
TM9SF1	14	24189140	24196287	-	ENSG00000100926
TSSK4	14	24205696	24208362	+	ENSG00000139908
CHMP4A	14	24209615	24213830	-	ENSG00000254505
MDP1	14	24213943	24216070	-	ENSG00000213920
NEDD8-MDP1	14	24213955	24232352	-	ENSG00000255526
NEDD8	14	24216802	24232385	-	ENSG00000129559
GMPR2	14	24232211	24239246	+	ENSG00000100938
TINF2	14	24238286	24242663	-	ENSG00000092330
TGM1	14	24249114	24264432	-	ENSG00000092295
RABGGTA	14	24265538	24271611	-	ENSG00000100949
DHRS1	14	24290598	24300136	-	ENSG00000157379
NOP9	14	24299850	24309124	+	ENSG00000196943
CIDEB	14	24305187	24311440	-	ENSG00000136305
LTB4R2	14	24305734	24312053	+	ENSG00000213906
LTB4R	14	24311450	24318036	+	ENSG00000213903
ADCY4	14	24318349	24335093	-	ENSG00000129467
RIPK3	14	24336025	24340022	-	ENSG00000129465
NFATC4	14	24365673	24379604	+	ENSG00000100968
NYNRIN	14	24399003	24419304	+	ENSG00000205978
KHNYN	14	24423052	24441843	+	ENSG00000100441
CBLN3	14	24423886	24430972	-	ENSG00000139899
SDR39U1	14	24439766	24442905	-	ENSG00000100445
CMA1	14	24505353	24508265	-	ENSG00000092009
CTSG	14	24573518	24576250	-	ENSG00000100448
GZMH	14	24606480	24609821	-	ENSG00000100450
GZMB	14	24630954	24634267	-	ENSG00000100453
STXBP6	14	24809454	25050333	-	ENSG00000168952
NOVA1	14	26443090	26598033	-	ENSG00000139910
FOXG1	14	28764329	28770277	+	ENSG00000176165
PRKD1	14	29576479	30191898	-	ENSG00000184304
G2E3	14	30559148	30620064	+	ENSG00000092140
SCFD1	14	30622291	30737694	+	ENSG00000092108
COCH	14	30874438	30895065	+	ENSG00000100473
STRN3	14	30893799	31026418	-	ENSG00000196792
AP4S1	14	31024996	31130996	+	ENSG00000100478
HECTD1	14	31100115	31208381	-	ENSG00000092148
HEATR5A	14	31290636	31420607	-	ENSG00000129493
DTD2	14	31446036	31457506	-	ENSG00000129480
GPR33	14	31482875	31488039	-	ENSG00000214943
NUBPL	14	31489956	31861226	+	ENSG00000151413
ARHGAP5	14	32075794	32159728	+	ENSG00000100852
AKAP6	14	32329298	32837684	+	ENSG00000151320
NPAS3	14	32934396	33820863	+	ENSG00000151322
EGLN3	14	33924227	34462774	-	ENSG00000129521
SPTSSA	14	34432788	34462240	-	ENSG00000165389
EAPP	14	34515938	34539721	-	ENSG00000129518
SNX6	14	34561093	34630177	-	ENSG00000129515
CFL2	14	34709113	34714823	-	ENSG00000165410
BAZ1A	14	34752028	34875647	-	ENSG00000198604
SRP54	14	34981957	35029686	+	ENSG00000100883
FAM177A1	14	35045117	35116630	+	ENSG00000151327
PPP2R3C	14	35085467	35122532	-	ENSG00000092020
PRORP	14	35121842	35277622	+	ENSG00000100890
PSMA6	14	35278633	35318734	+	ENSG00000100902
NFKBIA	14	35401079	35404749	-	ENSG00000100906
INSM2	14	35534164	35537054	+	ENSG00000168348
RALGAPA1	14	35538352	35809304	-	ENSG00000174373
BRMS1L	14	35826310	35932325	+	ENSG00000100916
MBIP	14	36298555	36320671	-	ENSG00000151332
SFTA3	14	36473207	36521149	-	ENSG00000257520
NKX2-1	14	36516392	36521149	-	ENSG00000136352
NKX2-8	14	36580004	36582614	-	ENSG00000136327
PAX9	14	36657568	36679362	+	ENSG00000198807
SLC25A21	14	36677921	37172606	-	ENSG00000183032
MIPOL1	14	37197891	37579125	+	ENSG00000151338
FOXA1	14	37589552	37596059	-	ENSG00000129514
TTC6	14	37595629	38041442	+	ENSG00000139865
SSTR1	14	38207904	38213067	+	ENSG00000139874
CLEC14A	14	38254000	38256093	-	ENSG00000176435
SEC23A	14	39031918	39109646	-	ENSG00000100934
GEMIN2	14	39114285	39139037	+	ENSG00000092208
TRAPPC6B	14	39147811	39170532	-	ENSG00000182400
PNN	14	39175163	39183220	+	ENSG00000100941
MIA2	14	39230231	39388513	+	ENSG00000150527
FBXO33	14	39397684	39432466	-	ENSG00000165355
LRFN5	14	41606733	41904549	+	ENSG00000165379
FSCB	14	44504149	44507283	-	ENSG00000189139
DORIP1	14	44897200	44907257	+	ENSG00000179476
KLHL28	14	44924324	45042322	-	ENSG00000179454
TOGARAM1	14	44962190	45074431	+	ENSG00000198718
PRPF39	14	45084107	45116282	+	ENSG00000185246
FKBP3	14	45115599	45135319	-	ENSG00000100442
FANCM	14	45135909	45200890	+	ENSG00000187790
MIS18BP1	14	45203190	45253542	-	ENSG00000129534
RPL10L	14	46651010	46651781	-	ENSG00000165496
MDGA2	14	46840092	47675605	-	ENSG00000139915
RPS29	14	49570984	49599164	-	ENSG00000213741
LRR1	14	49598761	49614672	+	ENSG00000165501
RPL36AL	14	49618530	49620649	-	ENSG00000165502
MGAT2	14	49620799	49623481	+	ENSG00000168282
DNAAF2	14	49625174	49635244	-	ENSG00000165506
POLE2	14	49643555	49688422	-	ENSG00000100479
KLHDC1	14	49693105	49753636	+	ENSG00000197776
KLHDC2	14	49767677	49786385	+	ENSG00000165516
NEMF	14	49782083	49852822	-	ENSG00000165525
ARF6	14	49892608	49897054	+	ENSG00000165527
VCPKMT	14	50108632	50116600	-	ENSG00000100483
SOS2	14	50117130	50231906	-	ENSG00000100485
L2HGDH	14	50237563	50312229	-	ENSG00000087299
DMAC2L	14	50312301	50335558	+	ENSG00000125375
CDKL1	14	50326265	50416461	-	ENSG00000100490
MAP4K5	14	50417845	50561126	-	ENSG00000012983
ATL1	14	50532509	50634017	+	ENSG00000198513
SAV1	14	50632058	50668337	-	ENSG00000151748
NIN	14	50719763	50831504	-	ENSG00000100503
PYGL	14	50857891	50944734	-	ENSG00000100504
ABHD12B	14	50872053	50904970	+	ENSG00000131969
TRIM9	14	50975261	51096078	-	ENSG00000100505
TMX1	14	51240162	51257655	+	ENSG00000139921
FRMD6	14	51489100	51730727	+	ENSG00000139926
GNG2	14	51826195	51979342	+	ENSG00000186469
RTRAF	14	51989441	52010694	+	ENSG00000087302
NID2	14	52004809	52069059	-	ENSG00000087303
PTGDR	14	52267698	52276724	+	ENSG00000168229
PTGER2	14	52314305	52329822	+	ENSG00000125384
TXNDC16	14	52429472	52553563	-	ENSG00000087301
GPR137C	14	52552823	52637713	+	ENSG00000180998
ERO1A	14	52639915	52696025	-	ENSG00000197930
PSMC6	14	52707156	52728590	+	ENSG00000100519
STYX	14	52730043	52774989	+	ENSG00000198252
GNPNAT1	14	52770976	52791668	-	ENSG00000100522
FERMT2	14	52857267	52952435	-	ENSG00000073712
DDHD1	14	53036745	53153353	-	ENSG00000100523
BMP4	14	53949736	53958761	-	ENSG00000125378
CDKN3	14	54396849	54420218	+	ENSG00000100526
CNIH1	14	54423561	54441439	-	ENSG00000100528
GMFB	14	54474466	54489077	-	ENSG00000197045
CGRRF1	14	54509812	54539292	+	ENSG00000100532
SAMD4A	14	54566117	54793315	+	ENSG00000020577
GCH1	14	54842008	54903280	-	ENSG00000131979
WDHD1	14	54938949	55027450	-	ENSG00000198554
SOCS4	14	55027120	55049489	+	ENSG00000180008
MAPK1IP1L	14	55051647	55070194	+	ENSG00000168175
LGALS3	14	55121352	55148022	+	ENSG00000131981
DLGAP5	14	55148110	55191608	-	ENSG00000126787
FBXO34	14	55271344	55370053	+	ENSG00000178974
CHMP4BP1	14	55271686	55299503	+	ENSG00000258469
ATG14	14	55366391	55411830	-	ENSG00000126775
TBPL2	14	55414210	55456726	-	ENSG00000182521
KTN1	14	55559072	55701526	+	ENSG00000126777
PELI2	14	56117814	56301524	+	ENSG00000139946
TMEM260	14	56488354	56650606	+	ENSG00000070269
OTX2	14	56799905	56816693	-	ENSG00000165588
EXOC5	14	57200507	57268974	-	ENSG00000070367
AP5M1	14	57268504	57298742	+	ENSG00000053770
NAA30	14	57390544	57415906	+	ENSG00000139977
CCDC198	14	57469300	57493872	-	ENSG00000100557
SLC35F4	14	57563920	57982194	-	ENSG00000151812
ARMH4	14	57999735	58298139	-	ENSG00000139971
ACTR10	14	58200080	58235636	+	ENSG00000131966
PSMA3	14	58244740	58272012	+	ENSG00000100567
ARID4A	14	58298504	58373887	+	ENSG00000032219
TOMM20L	14	58395928	58408702	+	ENSG00000196860
TIMM9	14	58407461	58427655	-	ENSG00000100575
KIAA0586	14	58427385	58551297	+	ENSG00000100578
DACT1	14	58633967	58648321	+	ENSG00000165617
DAAM1	14	59188646	59371405	+	ENSG00000100592
GPR135	14	59429022	59465380	-	ENSG00000181619
L3HYPDH	14	59460363	59484408	-	ENSG00000126790
JKAMP	14	59484443	59505410	+	ENSG00000050130
CCDC175	14	59504539	59576812	-	ENSG00000151838
RTN1	14	59595976	59870796	-	ENSG00000139970
LRRC9	14	59919713	60066817	+	ENSG00000131951
PCNX4	14	60091911	60169133	+	ENSG00000126773
DHRS7	14	60144119	60169856	-	ENSG00000100612
PPM1A	14	60245752	60299089	+	ENSG00000100614
C14orf39	14	60396469	60515543	-	ENSG00000179008
SIX6	14	60509146	60512850	+	ENSG00000184302
SIX1	14	60643421	60658259	-	ENSG00000126778
SIX4	14	60709539	60724351	-	ENSG00000100625
MNAT1	14	60734742	60969965	+	ENSG00000020426
TRMT5	14	60971441	60981170	-	ENSG00000126814
SLC38A6	14	60981114	61114316	+	ENSG00000139974
PRKCH	14	61187559	61550980	+	ENSG00000027075
TMEM30B	14	61277370	61281761	-	ENSG00000182107
HIF1A	14	61695456	61748263	+	ENSG00000100644
SNAPC1	14	61762325	61796443	+	ENSG00000023608
SYT16	14	61811849	62112550	+	ENSG00000139973
KCNH5	14	62699464	63102037	-	ENSG00000140015
RHOJ	14	63204114	63293508	+	ENSG00000126785
GPHB5	14	63312835	63318935	-	ENSG00000179600
PPP2R5E	14	63371364	63543410	-	ENSG00000154001
WDR89	14	63597039	63642080	-	ENSG00000140006
SGPP1	14	63684216	63728065	-	ENSG00000126821
SYNE2	14	63761899	64226433	+	ENSG00000054654
ESR2	14	64084232	64338112	-	ENSG00000140009
MTHFD1	14	64388031	64463457	+	ENSG00000100714
ZBTB25	14	64449106	64505232	-	ENSG00000089775
AKAP5	14	64465499	64474503	+	ENSG00000179841
ZBTB1	14	64502152	64533690	+	ENSG00000126804
HSPA2	14	64535905	64546173	+	ENSG00000126803
PPP1R36	14	64549918	64589384	+	ENSG00000165807
PLEKHG3	14	64704102	64750249	+	ENSG00000126822
SPTB	14	64746283	64879907	-	ENSG00000070182
CHURC1	14	64914361	64944591	+	ENSG00000258289
CHURC1-FNTB	14	64914485	65061803	+	ENSG00000125954
GPX2	14	64939152	64942746	-	ENSG00000176153
RAB15	14	64945814	64973226	-	ENSG00000139998
FNTB	14	64986837	65062655	+	ENSG00000257365
MAX	14	65006174	65102695	-	ENSG00000125952
FUT8	14	65410592	65744125	+	ENSG00000033170
CCDC196	14	66411704	66498677	+	ENSG00000196553
GPHN	14	66507407	67181803	+	ENSG00000171723
GARIN2	14	67189393	67228550	+	ENSG00000172717
PALS1	14	67240713	67336061	+	ENSG00000072415
ATP6V1D	14	67294371	67360265	-	ENSG00000100554
EIF2S1	14	67360011	67386516	+	ENSG00000134001
PLEK2	14	67385652	67412176	-	ENSG00000100558
TMEM229B	14	67447084	67533878	-	ENSG00000198133
PLEKHH1	14	67533290	67589612	+	ENSG00000054690
PIGH	14	67581955	67600286	-	ENSG00000100564
ARG2	14	67619920	67651708	+	ENSG00000081181
VTI1B	14	67646904	67674903	-	ENSG00000100568
RDH11	14	67676800	67695793	-	ENSG00000072042
RDH12	14	67701886	67734451	+	ENSG00000139988
ZFYVE26	14	67727374	67816590	-	ENSG00000072121
RAD51B	14	67819779	68730218	+	ENSG00000182185
ZFP36L1	14	68787655	68796253	-	ENSG00000185650
ACTN1	14	68874121	68980277	-	ENSG00000072110
DCAF5	14	69050881	69153179	-	ENSG00000139990
EXD2	14	69191498	69244020	+	ENSG00000081177
GALNT16	14	69259277	69357033	+	ENSG00000100626
ERH	14	69380123	69398334	-	ENSG00000100632
SLC39A9	14	69398015	69462390	+	ENSG00000029364
PLEKHD1	14	69484692	69531551	+	ENSG00000175985
CCDC177	14	69569799	69574871	-	ENSG00000267909
SUSD6	14	69611591	69715144	+	ENSG00000100647
SRSF5	14	69726893	69773904	+	ENSG00000100650
SLC10A1	14	69775358	69797285	-	ENSG00000100652
SMOC1	14	69854131	70032366	+	ENSG00000198732
SLC8A3	14	70044215	70189480	-	ENSG00000100678
COX16	14	70325081	70416984	-	ENSG00000133983
SYNJ2BP-COX16	14	70326064	70417074	-	ENSG00000258644
SYNJ2BP	14	70366499	70417097	-	ENSG00000213463
ADAM21	14	70417107	70460427	+	ENSG00000139985
ADAM20	14	70522358	70535015	-	ENSG00000134007
MED6	14	70581257	70600690	-	ENSG00000133997
TTC9	14	70641665	70675366	+	ENSG00000133985
MAP3K9	14	70722526	70809545	-	ENSG00000006432
PCNX1	14	70907405	71115382	+	ENSG00000100731
SIPA1L1	14	71320277	71741230	+	ENSG00000197555
RGS6	14	71932429	72566530	+	ENSG00000182732
DPF3	14	72609034	72894101	-	ENSG00000205683
DCAF4	14	72926358	72962098	+	ENSG00000119599
ZFYVE1	14	72969451	73027131	-	ENSG00000165861
RBM25	14	73058532	73123899	+	ENSG00000119707
PSEN1	14	73136418	73223691	+	ENSG00000080815
PAPLN	14	73236338	73275334	+	ENSG00000100767
NUMB	14	73274146	73466167	-	ENSG00000133961
HEATR4	14	73478484	73558947	-	ENSG00000187105
RIOX1	14	73490933	73493394	+	ENSG00000170468
ACOT1	14	73537143	73543796	+	ENSG00000184227
ACOT2	14	73567620	73575658	+	ENSG00000119673
ACOT4	14	73591873	73595766	+	ENSG00000177465
ACOT6	14	73610945	73619888	+	ENSG00000205669
DNAL1	14	73644875	73703732	+	ENSG00000119661
PNMA1	14	73711783	73714384	-	ENSG00000176903
MIDEAS	14	73715122	73790285	-	ENSG00000156030
PTGR2	14	73851799	73885726	+	ENSG00000140043
ZNF410	14	73886201	73932521	+	ENSG00000119725
FAM161B	14	73931501	73950414	-	ENSG00000156050
COQ6	14	73949926	73963670	+	ENSG00000119723
ENTPD5	14	73958010	74019399	-	ENSG00000187097
BBOF1	14	74019347	74082863	+	ENSG00000119636
ALDH6A1	14	74056847	74084492	-	ENSG00000119711
LIN52	14	74084956	74201493	+	ENSG00000205659
VSX2	14	74239449	74262738	+	ENSG00000119614
ABCD4	14	74285269	74303055	-	ENSG00000119688
VRTN	14	74303069	74360011	+	ENSG00000133980
SYNDIG1L	14	74405894	74426210	-	ENSG00000183379
NPC2	14	74476192	74494177	-	ENSG00000119655
ISCA2	14	74493756	74497106	+	ENSG00000165898
LTBP2	14	74498183	74612378	-	ENSG00000119681
AREL1	14	74653437	74713117	-	ENSG00000119682
FCF1	14	74713144	74738620	+	ENSG00000119616
YLPM1	14	74763316	74859435	+	ENSG00000119596
PROX2	14	74852871	74876154	-	ENSG00000119608
DLST	14	74881891	74903966	+	ENSG00000119689
RPS6KL1	14	74903951	74923302	-	ENSG00000198208
PGF	14	74941830	74955626	-	ENSG00000119630
EIF2B2	14	75002894	75012366	+	ENSG00000119718
MLH3	14	75013769	75051532	-	ENSG00000119684
ACYP1	14	75053221	75069483	-	ENSG00000119640
ZC2HC1C	14	75064109	75119502	+	ENSG00000119703
NEK9	14	75079353	75127344	-	ENSG00000119638
TMED10	14	75131443	75176652	-	ENSG00000170348
FOS	14	75278826	75283190	+	ENSG00000170345
JDP2	14	75427716	75474111	+	ENSG00000140044
BATF	14	75522455	75546993	+	ENSG00000156127
FLVCR2	14	75578594	75663214	+	ENSG00000119686
TTLL5	14	75633625	75955084	+	ENSG00000119685
ERG28	14	75649791	75661570	-	ENSG00000133935
IFT43	14	75902136	76084585	+	ENSG00000119650
TGFB3	14	75958097	75983026	-	ENSG00000119699
GPATCH2L	14	76151916	76254342	+	ENSG00000089916
ESRRB	14	76310712	76501837	+	ENSG00000119715
VASH1	14	76761468	76783015	+	ENSG00000071246
ANGEL1	14	76781733	76826246	-	ENSG00000013523
LRRC74A	14	76826372	76870304	+	ENSG00000100565
IRF2BPL	14	77024543	77028708	-	ENSG00000119669
CIPC	14	77098126	77117287	+	ENSG00000198894
TMEM63C	14	77116568	77259498	+	ENSG00000165548
ZDHHC22	14	77131270	77143032	-	ENSG00000177108
NGB	14	77265483	77271206	-	ENSG00000165553
POMT2	14	77274956	77320883	-	ENSG00000009830
GSTZ1	14	77320996	77331597	+	ENSG00000100577
TMED8	14	77335029	77377097	-	ENSG00000100580
SAMD15	14	77376689	77392163	+	ENSG00000100583
NOXRED1	14	77394021	77423523	-	ENSG00000165555
VIPAS39	14	77426675	77457952	-	ENSG00000151445
AHSA1	14	77457743	77469482	+	ENSG00000100591
ISM2	14	77474394	77499408	-	ENSG00000100593
SPTLC2	14	77505997	77616672	-	ENSG00000100596
ALKBH1	14	77672404	77708023	-	ENSG00000100601
SLIRP	14	77708045	77761104	+	ENSG00000119705
SNW1	14	77717599	77761207	-	ENSG00000100603
ADCK1	14	77800064	77935014	+	ENSG00000063761
NRXN3	14	78170373	79868291	+	ENSG00000021645
DIO2	14	80197526	80387757	-	ENSG00000211448
CEP128	14	80476969	80959517	-	ENSG00000100629
TSHR	14	80954989	81146306	+	ENSG00000165409
GTF2A1	14	81175452	81221377	-	ENSG00000165417
STON2	14	81260652	81436517	-	ENSG00000140022
SEL1L	14	81471547	81533863	-	ENSG00000071537
FLRT2	14	85530017	85654428	+	ENSG00000185070
GALC	14	87837820	87993665	-	ENSG00000054983
GPR65	14	88005135	88014811	+	ENSG00000140030
KCNK10	14	88180103	88326907	-	ENSG00000100433
SPATA7	14	88384924	88470350	+	ENSG00000042317
PTPN21	14	88465778	88555013	-	ENSG00000070778
ZC3H14	14	88562948	88627596	+	ENSG00000100722
EML5	14	88612240	88792994	-	ENSG00000165521
TTC8	14	88824153	88881078	+	ENSG00000165533
FOXN3	14	89124871	89619271	-	ENSG00000053254
EFCAB11	14	89794669	89954777	-	ENSG00000140025
TDP1	14	89954939	90044820	+	ENSG00000042088
KCNK13	14	90061994	90185853	+	ENSG00000152315
PSMC1	14	90256527	90275429	+	ENSG00000100764
NRDE2	14	90267860	90331981	-	ENSG00000119720
CALM1	14	90396502	90408268	+	ENSG00000198668
TTC7B	14	90524564	90816500	-	ENSG00000165914
RPS6KA5	14	90847861	91060682	-	ENSG00000100784
DGLUCY	14	91060044	91226929	+	ENSG00000133943
GPR68	14	91232532	91254026	-	ENSG00000119714
CCDC88C	14	91271323	91417844	-	ENSG00000015133
PPP4R3A	14	91457139	91510556	-	ENSG00000100796
CATSPERB	14	91580696	91780707	-	ENSG00000133962
TC2N	14	91779746	91867536	-	ENSG00000165929
FBLN5	14	91869410	91948064	-	ENSG00000140092
TRIP11	14	91965991	92040896	-	ENSG00000100815
ATXN3	14	92044496	92106622	-	ENSG00000066427
NDUFB1	14	92116119	92121978	-	ENSG00000183648
CPSF2	14	92121512	92172145	+	ENSG00000165934
SLC24A4	14	92322581	92501481	+	ENSG00000140090
RIN3	14	92513615	92688994	+	ENSG00000100599
LGMN	14	92703798	92751131	-	ENSG00000100600
GOLGA5	14	92794230	92839963	+	ENSG00000066455
CHGA	14	92922630	92935293	+	ENSG00000100604
ITPK1	14	92936914	93116458	-	ENSG00000100605
MOAP1	14	93182176	93184930	-	ENSG00000165943
LYSET	14	93184951	93188463	+	ENSG00000153485
GON7	14	93202890	93207068	-	ENSG00000170270
UBR7	14	93207241	93229215	+	ENSG00000012963
BTBD7	14	93237550	93333092	-	ENSG00000011114
UNC79	14	93333219	93707876	+	ENSG00000133958
COX8C	14	93347182	93348356	+	ENSG00000187581
PRIMA1	14	93718298	93788994	-	ENSG00000175785
FAM181A	14	93918894	93929608	+	ENSG00000140067
ASB2	14	93933783	93978831	-	ENSG00000100628
CCDC197	14	93987225	94008863	+	ENSG00000175699
OTUB2	14	94026340	94048930	+	ENSG00000089723
DDX24	14	94048287	94081215	-	ENSG00000089737
IFI27L1	14	94081271	94103846	+	ENSG00000165948
IFI27	14	94104836	94116700	+	ENSG00000165949
IFI27L2	14	94125580	94130253	-	ENSG00000119632
PPP4R4	14	94146128	94279734	+	ENSG00000119698
SERPINA10	14	94278767	94293295	-	ENSG00000140093
SERPINA6	14	94304248	94323389	-	ENSG00000170099
SERPINA2	14	94364316	94366698	-	ENSG00000258597
SERPINA1	14	94376745	94390866	-	ENSG00000197249
SERPINA11	14	94442464	94452828	-	ENSG00000186910
SERPINA9	14	94462717	94481125	-	ENSG00000170054
SERPINA12	14	94487274	94517844	-	ENSG00000165953
SERPINA4	14	94561390	94570482	+	ENSG00000100665
SERPINA5	14	94561442	94593120	+	ENSG00000188488
SERPINA3	14	94612377	94624645	+	ENSG00000196136
GSC	14	94768223	94770113	-	ENSG00000133937
DICER1	14	95086228	95158010	-	ENSG00000100697
CLMN	14	95181940	95319921	-	ENSG00000165959
SYNE3	14	95407266	95516678	-	ENSG00000176438
GLRX5	14	95533503	95544724	+	ENSG00000182512
TCL1B	14	95686397	95692638	+	ENSG00000213231
TCL1A	14	95709947	95714196	-	ENSG00000100721
TUNAR	14	95866587	95925871	+	ENSG00000250366
C14orf132	14	96039362	96093971	+	ENSG00000227051
BDKRB2	14	96204526	96244461	+	ENSG00000168398
BDKRB1	14	96256182	96268967	+	ENSG00000100739
ATG2B	14	96279195	96363341	-	ENSG00000066739
GSKIP	14	96363452	96387288	+	ENSG00000100744
AK7	14	96392128	96490031	+	ENSG00000140057
PAPOLA	14	96501433	96567118	+	ENSG00000090060
VRK1	14	96797304	96954846	+	ENSG00000100749
BCL11B	14	99169287	99272197	-	ENSG00000127152
SETD3	14	99395061	99480927	-	ENSG00000183576
CCNK	14	99481169	99535044	+	ENSG00000090061
CCDC85C	14	99500190	99604207	-	ENSG00000205476
HHIPL1	14	99645129	99680569	+	ENSG00000182218
CYP46A1	14	99684250	99727318	+	ENSG00000036530
EML1	14	99737693	99942060	+	ENSG00000066629
EVL	14	99971449	100144236	+	ENSG00000196405
DEGS2	14	100143957	100159645	-	ENSG00000168350
YY1	14	100238298	100282788	+	ENSG00000100811
SLC25A29	14	100291116	100306547	-	ENSG00000197119
SLC25A47	14	100323339	100330421	+	ENSG00000140107
WARS1	14	100333784	100376805	-	ENSG00000140105
WDR25	14	100376418	100530306	+	ENSG00000176473
BEGAIN	14	100537147	100587417	-	ENSG00000183092
DLK1	14	100725705	100738224	+	ENSG00000185559
RTL1	14	100879753	100903722	-	ENSG00000254656
DIO3	14	101560139	101563452	+	ENSG00000197406
PPP2R5C	14	101761682	101927989	+	ENSG00000078304
DYNC1H1	14	101964573	102056443	+	ENSG00000197102
HSP90AA1	14	102080738	102139699	-	ENSG00000080824
WDR20	14	102139503	102224847	+	ENSG00000140153
MOK	14	102224500	102305190	-	ENSG00000080823
ZNF839	14	102317377	102342702	+	ENSG00000022976
CINP	14	102341102	102362916	-	ENSG00000100865
TECPR2	14	102362941	102502477	+	ENSG00000196663
ANKRD9	14	102501767	102509824	-	ENSG00000156381
RCOR1	14	102592649	102730576	+	ENSG00000089902
TRAF3	14	102777326	102911500	+	ENSG00000131323
AMN	14	102922663	102933596	+	ENSG00000166126
CDC42BPB	14	102932380	103057549	-	ENSG00000198752
LBHD2	14	103084210	103090027	+	ENSG00000283071
EXOC3L4	14	103094538	103110570	+	ENSG00000205436
TNFAIP2	14	103121407	103137441	+	ENSG00000185215
EIF5	14	103333544	103345025	+	ENSG00000100664
MARK3	14	103385361	103503831	+	ENSG00000075413
CKB	14	103519660	103523167	-	ENSG00000166165
TRMT61A	14	103521582	103537073	+	ENSG00000166166
BAG5	14	103556545	103562657	-	ENSG00000166170
KLC1	14	103561896	103714249	+	ENSG00000126214
COA8	14	103562960	103607523	+	ENSG00000256053
XRCC3	14	103697569	103715504	-	ENSG00000126215
ZFYVE21	14	103715730	103733669	+	ENSG00000100711
PPP1R13B	14	103733195	103847614	-	ENSG00000088808
ATP5MJ	14	103912281	103928269	-	ENSG00000156411
TDRD9	14	103928456	104052667	+	ENSG00000156414
RD3L	14	103940426	103942561	-	ENSG00000227729
ASPG	14	104085537	104115582	+	ENSG00000166183
KIF26A	14	104136454	104180894	+	ENSG00000066735
TMEM179	14	104474678	104605647	-	ENSG00000258986
C14orf180	14	104579550	104590515	+	ENSG00000184601
INF2	14	104681146	104722535	+	ENSG00000203485
ADSS1	14	104724174	104747325	+	ENSG00000185100
SIVA1	14	104753131	104768494	+	ENSG00000184990
AKT1	14	104769348	104799934	-	ENSG00000142208
ZBTB42	14	104799415	104804712	+	ENSG00000179627
CEP170B	14	104864541	104896770	+	ENSG00000099814
PLD4	14	104924713	104937761	+	ENSG00000166428
AHNAK2	14	104937244	104978374	-	ENSG00000185567
CLBA1	14	104985775	105010482	+	ENSG00000140104
CDCA4	14	105008533	105025018	-	ENSG00000170779
GPR132	14	105048658	105065940	-	ENSG00000183484
JAG2	14	105140982	105168919	-	ENSG00000184916
NUDT14	14	105172937	105181323	-	ENSG00000183828
BRF1	14	105209277	105315589	-	ENSG00000185024
BTBD6	14	105248533	105251110	+	ENSG00000184887
PACS2	14	105300563	105398147	+	ENSG00000179364
TEX22	14	105398525	105450106	+	ENSG00000226174
MTA1	14	105419808	105470737	+	ENSG00000182979
CRIP2	14	105472962	105480162	+	ENSG00000182809
CRIP1	14	105484603	105488947	+	ENSG00000213145
TEDC1	14	105489855	105499575	+	ENSG00000185347
TMEM121	14	105525996	105530205	+	ENSG00000184986
GOLGA6L6	15	20531856	20541800	-	ENSG00000277322
POTEB2	15	20835372	20866314	-	ENSG00000230031
POTEB3	15	21405401	21440499	-	ENSG00000278522
LINC02203	15	21552795	21653276	+	ENSG00000280709
OR4M2B	15	21637909	21638992	+	ENSG00000182974
OR4N4C	15	21651844	21652968	+	ENSG00000279408
POTEB	15	21846329	21877735	-	ENSG00000233917
OR4M2-OT1	15	22015233	22095857	+	ENSG00000285472
OR4M2	15	22070241	22083221	+	ENSG00000274102
OR4N4	15	22094522	22095862	+	ENSG00000183706
GOLGA6L22	15	22458903	22469226	+	ENSG00000277865
NIPA1	15	22773063	22829789	+	ENSG00000170113
NIPA2	15	22838625	22869362	+	ENSG00000140157
CYFIP1	15	22867052	22981063	-	ENSG00000273749
TUBGCP5	15	22983192	23039640	-	ENSG00000275835
GOLGA6L1	15	23127066	23136822	-	ENSG00000273976
GOLGA6L26	15	23324535	23334196	-	ENSG00000273756
GOLGA8S	15	23354748	23368341	+	ENSG00000261739
GOLGA6L2	15	23439038	23447243	-	ENSG00000174450
MKRN3	15	23565674	23630075	+	ENSG00000179455
MAGEL2	15	23643549	23647867	-	ENSG00000254585
NDN	15	23685400	23687305	-	ENSG00000182636
NPAP1	15	24675775	24683393	+	ENSG00000185823
SNRPN	15	24823637	24978723	+	ENSG00000128739
SNURF	15	24954987	24977850	+	ENSG00000273173
UBE3A	15	25333728	25439092	-	ENSG00000114062
ATP10A	15	25677273	25865184	-	ENSG00000206190
GABRB3	15	26543552	26939539	-	ENSG00000166206
GABRA5	15	26866911	26949208	+	ENSG00000186297
GABRG3	15	26971181	27541984	+	ENSG00000182256
OCA2	15	27754874	28099664	-	ENSG00000104044
HERC2	15	28111040	28322179	-	ENSG00000128731
GOLGA6L24	15	28347851	28358084	-	ENSG00000237850
GOLGA8F	15	28378621	28392021	+	ENSG00000153684
GOLGA8G	15	28519611	28533014	-	ENSG00000183629
GOLGA6L25	15	28553568	28563779	+	ENSG00000227717
GOLGA8M	15	28698583	28738384	-	ENSG00000188626
GOLGA6L7	15	28841832	28848675	-	ENSG00000261649
APBA2	15	28884449	29118317	+	ENSG00000034053
ENTREP2	15	29120252	29571103	-	ENSG00000104059
NSMCE3	15	29264989	29269822	-	ENSG00000185115
TJP1	15	29699367	29968915	-	ENSG00000104067
GOLGA8J	15	30082955	30096690	+	ENSG00000179938
GOLGA8T	15	30135051	30148748	+	ENSG00000261247
CHRFAM7A	15	30360566	30393858	-	ENSG00000166664
GOLGA8R	15	30400562	30414260	-	ENSG00000186399
GOLGA8Q	15	30552050	30565684	+	ENSG00000178115
GOLGA8H	15	30604028	30617752	+	ENSG00000261794
ARHGAP11B	15	30624494	30649529	+	ENSG00000285077
FAN1	15	30890559	30946209	+	ENSG00000198690
MTMR10	15	30938941	30991904	-	ENSG00000166912
TRPM1	15	31001065	31161160	-	ENSG00000134160
KLF13	15	31326706	31435665	+	ENSG00000169926
OTUD7A	15	31475398	31870789	-	ENSG00000169918
CHRNA7	15	31923438	32173018	+	ENSG00000175344
GOLGA8K	15	32389599	32403292	-	ENSG00000249931
GOLGA8O	15	32441914	32455634	-	ENSG00000206127
GOLGA8N	15	32593456	32607310	+	ENSG00000232653
ARHGAP11A-SCG5	15	32613860	32697095	+	ENSG00000288864
ARHGAP11A	15	32615144	32639952	+	ENSG00000198826
SCG5	15	32641385	32697098	+	ENSG00000166922
GREM1	15	32716998	32745106	+	ENSG00000166923
FMN1	15	32765544	33194714	-	ENSG00000248905
RYR3	15	33310962	33866121	+	ENSG00000198838
AVEN	15	33858782	34075155	-	ENSG00000169857
CHRM5	15	33968497	34067458	+	ENSG00000184984
EMC7	15	34083980	34101910	-	ENSG00000134153
PGBD4	15	34102083	34108686	+	ENSG00000182405
KATNBL1	15	34140365	34210119	-	ENSG00000134152
EMC4	15	34225013	34230161	+	ENSG00000128463
SLC12A6	15	34229784	34338060	-	ENSG00000140199
NOP10	15	34339159	34343180	-	ENSG00000182117
NUTM1	15	34343315	34357737	+	ENSG00000184507
LPCAT4	15	34358633	34367539	-	ENSG00000176454
GOLGA8A	15	34378935	34437851	-	ENSG00000175265
GOLGA8B	15	34525095	34588503	-	ENSG00000215252
GJD2	15	34751032	34754998	-	ENSG00000159248
ACTC1	15	34790107	34795912	-	ENSG00000159251
AQR	15	34851782	34969765	-	ENSG00000021776
ZNF770	15	34978341	34989479	-	ENSG00000198146
NANOGP8	15	35083410	35085295	-	ENSG00000255192
DPH6	15	35217345	35546193	-	ENSG00000134146
CDIN1	15	36579626	36810248	+	ENSG00000186073
MEIS2	15	36889204	37101307	-	ENSG00000134138
TMCO5A	15	37921858	37967724	+	ENSG00000166069
SPRED1	15	38252139	38357249	+	ENSG00000166068
FAM98B	15	38454127	38487710	+	ENSG00000171262
RASGRP1	15	38488103	38565575	-	ENSG00000172575
THBS1	15	39580130	39599466	+	ENSG00000137801
FSIP1	15	39588357	39782858	-	ENSG00000150667
GPR176	15	39799008	39920936	-	ENSG00000166073
EIF2AK4	15	39934115	40035736	+	ENSG00000128829
SRP14	15	40035690	40039181	-	ENSG00000140319
BMF	15	40087889	40108928	-	ENSG00000104081
BUB1B	15	40161023	40221136	+	ENSG00000156970
PAK6	15	40217428	40277489	+	ENSG00000137843
BUB1B-PAK6	15	40218500	40264890	+	ENSG00000259288
PLCB2	15	40278176	40307941	-	ENSG00000137841
ANKRD63	15	40278372	40283064	-	ENSG00000230778
INAFM2	15	40323692	40326715	+	ENSG00000259330
CCDC9B	15	40331452	40340939	-	ENSG00000188549
PHGR1	15	40351033	40356434	+	ENSG00000233041
DISP2	15	40358219	40378621	+	ENSG00000140323
KNSTRN	15	40382721	40394288	+	ENSG00000128944
IVD	15	40405485	40435947	+	ENSG00000128928
BAHD1	15	40436611	40468242	+	ENSG00000140320
CHST14	15	40470984	40473158	+	ENSG00000169105
CCDC32	15	40528683	40565054	-	ENSG00000128891
RPUSD2	15	40569299	40575171	+	ENSG00000166133
KNL1	15	40594020	40664342	+	ENSG00000137812
RAD51	15	40694774	40732344	+	ENSG00000051180
RMDN3	15	40733696	40755851	-	ENSG00000137824
GCHFR	15	40764068	40767708	+	ENSG00000137880
DNAJC17	15	40765161	40807498	-	ENSG00000104129
C15orf62	15	40769980	40772449	+	ENSG00000188277
ZFYVE19	15	40807086	40815084	+	ENSG00000166140
PPP1R14D	15	40815446	40829391	-	ENSG00000166143
SPINT1	15	40843513	40858383	+	ENSG00000166145
RHOV	15	40872214	40874234	-	ENSG00000104140
VPS18	15	40894415	40903975	+	ENSG00000104142
DLL4	15	40929338	40939078	+	ENSG00000128917
CHAC1	15	40952962	40956512	+	ENSG00000128965
INO80	15	40978880	41116568	-	ENSG00000128908
EXD1	15	41182725	41230757	-	ENSG00000178997
CHP1	15	41230824	41281888	+	ENSG00000187446
OIP5	15	41309268	41332595	-	ENSG00000104147
NUSAP1	15	41320794	41381054	+	ENSG00000137804
NDUFAF1	15	41387218	41409403	-	ENSG00000137806
RTF1	15	41408408	41483563	+	ENSG00000137815
ITPKA	15	41493360	41503554	+	ENSG00000137825
LTK	15	41503634	41513887	-	ENSG00000062524
RPAP1	15	41517176	41544278	-	ENSG00000103932
TYRO3	15	41557675	41583589	+	ENSG00000092445
MGA	15	41621134	41773081	+	ENSG00000174197
MAPKBP1	15	41774434	41827855	+	ENSG00000137802
JMJD7	15	41828092	41837585	+	ENSG00000243789
JMJD7-PLA2G4B	15	41828095	41848155	+	ENSG00000168970
PLA2G4B	15	41837775	41848147	+	ENSG00000243708
SPTBN5	15	41848146	41894053	-	ENSG00000137877
EHD4	15	41895933	41972593	-	ENSG00000103966
PLA2G4E	15	41981394	42051190	-	ENSG00000188089
PLA2G4D	15	42067009	42094562	-	ENSG00000159337
PLA2G4F	15	42139034	42156659	-	ENSG00000168907
VPS39	15	42158701	42208326	-	ENSG00000166887
TMEM87A	15	42210447	42274128	-	ENSG00000103978
GANC	15	42273201	42353666	+	ENSG00000214013
CAPN3	15	42359498	42412949	+	ENSG00000092529
ZNF106	15	42412823	42491141	-	ENSG00000103994
SNAP23	15	42491233	42545356	+	ENSG00000092531
LRRC57	15	42537820	42548802	-	ENSG00000180979
HAUS2	15	42548828	42569994	+	ENSG00000137814
STARD9	15	42575606	42720998	+	ENSG00000159433
CDAN1	15	42723544	42737156	-	ENSG00000140326
TTBK2	15	42738730	42920850	-	ENSG00000128881
UBR1	15	42942897	43106113	-	ENSG00000159459
TMEM62	15	43123279	43185144	+	ENSG00000137842
CCNDBP1	15	43185118	43197177	+	ENSG00000166946
EPB42	15	43197227	43221018	-	ENSG00000166947
TGM5	15	43232590	43266928	-	ENSG00000104055
TGM7	15	43276271	43302255	-	ENSG00000159495
LCMT2	15	43323649	43330582	-	ENSG00000168806
MAPDA	15	43330307	43355418	+	ENSG00000168803
ZSCAN29	15	43357920	43371048	-	ENSG00000140265
TUBGCP4	15	43369221	43409771	+	ENSG00000137822
TP53BP1	15	43403061	43510728	-	ENSG00000067369
MAP1A	15	43510958	43531620	+	ENSG00000166963
PPIP5K1	15	43533462	43590228	-	ENSG00000168781
CKMT1B	15	43593054	43604901	+	ENSG00000237289
STRC	15	43599563	43618800	-	ENSG00000242866
CATSPER2	15	43628503	43668118	-	ENSG00000166762
CKMT1A	15	43692886	43702501	+	ENSG00000223572
PDIA3	15	43746394	43773279	+	ENSG00000167004
ELL3	15	43772605	43777315	-	ENSG00000128886
SERF2	15	43777087	43804427	+	ENSG00000140264
SERINC4	15	43794162	43800220	-	ENSG00000184716
HYPK	15	43796142	43804574	+	ENSG00000242028
MFAP1	15	43804492	43824733	-	ENSG00000140259
WDR76	15	43824498	43868414	+	ENSG00000092470
FRMD5	15	43870761	44195271	-	ENSG00000171877
GOLM2	15	44288699	44415758	+	ENSG00000166734
CTDSPL2	15	44427599	44529038	+	ENSG00000137770
EIF3J	15	44537098	44563029	+	ENSG00000104131
SPG11	15	44554818	44663688	-	ENSG00000104133
PATL2	15	44665732	44711370	-	ENSG00000229474
B2M	15	44711253	44718851	+	ENSG00000166710
TRIM69	15	44728988	44767829	+	ENSG00000185880
TERB2	15	44956687	44979229	+	ENSG00000167014
SORD	15	45023147	45077185	+	ENSG00000140263
DUOX2	15	45092650	45114172	-	ENSG00000140279
DUOXA2	15	45114325	45118421	+	ENSG00000140274
DUOXA1	15	45117364	45130611	-	ENSG00000140254
DUOX1	15	45129468	45165576	+	ENSG00000137857
SHF	15	45167214	45201175	-	ENSG00000138606
SLC28A2	15	45252234	45277846	+	ENSG00000137860
GATM	15	45361124	45402327	-	ENSG00000171766
AFG2B	15	45402336	45421415	+	ENSG00000171763
C15orf48	15	45430579	45448761	+	ENSG00000166920
SLC30A4	15	45479606	45522829	-	ENSG00000104154
BLOC1S6	15	45587214	45615945	+	ENSG00000104164
SQOR	15	45631148	45691299	+	ENSG00000137767
SEMA6D	15	47184101	47774228	+	ENSG00000137872
SLC24A5	15	48120990	48142672	+	ENSG00000188467
MYEF2	15	48134632	48178353	-	ENSG00000104177
CTXN2	15	48177875	48203758	+	ENSG00000233932
SLC12A1	15	48178438	48304078	+	ENSG00000074803
DUT	15	48331011	48343373	+	ENSG00000128951
FBN1	15	48408313	48645721	-	ENSG00000166147
CEP152	15	48712928	48811146	-	ENSG00000103995
SHC4	15	48823741	48963919	-	ENSG00000185634
EID1	15	48878134	48880173	+	ENSG00000255302
SECISBP2L	15	48988476	49046477	-	ENSG00000138593
COPS2	15	49106068	49155661	-	ENSG00000166200
GALK2	15	49155656	49367869	+	ENSG00000156958
FAM227B	15	49326962	49620929	-	ENSG00000166262
FGF7	15	49423170	49488775	+	ENSG00000140285
DTWD1	15	49621031	49656232	+	ENSG00000104047
ATP8B4	15	49858238	50182817	-	ENSG00000104043
SLC27A2	15	50182196	50236445	+	ENSG00000140284
HDC	15	50241947	50265965	-	ENSG00000140287
GABPB1	15	50275389	50355440	-	ENSG00000104064
USP8	15	50424372	50514421	+	ENSG00000138592
USP50	15	50494018	50546708	-	ENSG00000170236
TRPM7	15	50552473	50686797	-	ENSG00000092439
SPPL2A	15	50702266	50765948	-	ENSG00000138600
AP4E1	15	50908672	51005895	+	ENSG00000081014
TNFAIP8L3	15	51056598	51105276	-	ENSG00000183578
CYP19A1	15	51208057	51338601	-	ENSG00000137869
GLDN	15	51341611	51408005	+	ENSG00000186417
DMXL2	15	51447711	51622981	-	ENSG00000104093
SCG3	15	51681492	51721026	+	ENSG00000104112
LYSMD2	15	51723011	51751585	-	ENSG00000140280
TMOD2	15	51751564	51816363	+	ENSG00000128872
TMOD3	15	51829628	51947295	+	ENSG00000138594
LEO1	15	51938025	51971791	-	ENSG00000166477
MAPK6	15	51952106	52067375	+	ENSG00000069956
BCL2L10	15	52109263	52112775	-	ENSG00000137875
GNB5	15	52115100	52191392	-	ENSG00000069966
MYO5C	15	52192309	52295815	-	ENSG00000128833
MYO5A	15	52307281	52529132	-	ENSG00000197535
ARPP19	15	52547045	52569883	-	ENSG00000128989
ATOSA	15	52581317	52709817	-	ENSG00000047346
ONECUT1	15	52755053	52791078	-	ENSG00000169856
WDR72	15	53513741	53762878	-	ENSG00000166415
UNC13C	15	53978201	54628707	+	ENSG00000137766
RSL24D1	15	55180797	55197076	-	ENSG00000137876
RAB27A	15	55202966	55319113	-	ENSG00000069974
PIGBOS1	15	55317175	55319419	-	ENSG00000225973
PIGB	15	55318960	55355648	+	ENSG00000069943
CCPG1	15	55340032	55408510	-	ENSG00000260916
PIERCE2	15	55408495	55418798	+	ENSG00000261652
DNAAF4	15	55410525	55508234	-	ENSG00000256061
PYGO1	15	55538884	55588947	-	ENSG00000171016
PRTG	15	55611544	55743152	-	ENSG00000166450
NEDD4	15	55826917	55993660	-	ENSG00000069869
RFX7	15	56087280	56245103	-	ENSG00000181827
TEX9	15	56243971	56445997	+	ENSG00000151575
MNS1	15	56421544	56465168	-	ENSG00000138587
ZNF280D	15	56630176	56734086	-	ENSG00000137871
TCF12	15	56918099	57299707	+	ENSG00000140262
CGNL1	15	57375967	57550729	+	ENSG00000128849
MYZAP	15	57591900	57685364	+	ENSG00000263155
GCOM1	15	57591908	57714745	+	ENSG00000137878
POLR2M	15	57706695	57782762	+	ENSG00000255529
ALDH1A2	15	57953424	58497866	-	ENSG00000128918
AQP9	15	58138169	58185914	+	ENSG00000103569
LIPC	15	58410380	58570449	+	ENSG00000166035
ADAM10	15	58588809	58749842	-	ENSG00000137845
MINDY2	15	58771117	58861900	+	ENSG00000128923
RNF111	15	58865175	59097419	+	ENSG00000157450
SLTM	15	58879049	58933991	-	ENSG00000137776
CCNB2	15	59105078	59125045	+	ENSG00000157456
MYO1E	15	59132434	59372871	-	ENSG00000157483
LDHAL6B	15	59206843	59208588	+	ENSG00000171989
FAM81A	15	59372692	59523555	+	ENSG00000157470
GCNT3	15	59594875	59640239	+	ENSG00000140297
GTF2A2	15	59638058	59657541	-	ENSG00000140307
BNIP2	15	59659146	59689350	-	ENSG00000140299
FOXB1	15	60004234	60061730	+	ENSG00000171956
ANXA2	15	60347134	60402883	-	ENSG00000182718
ICE2	15	60419608	60479160	-	ENSG00000128915
RORA	15	60488284	61229302	-	ENSG00000069667
VPS13C	15	61852389	62060473	-	ENSG00000129003
C2CD4A	15	62066977	62070917	+	ENSG00000198535
C2CD4B	15	62163535	62165719	-	ENSG00000205502
TLN2	15	62390512	62844631	+	ENSG00000171914
TPM1	15	63042481	63071915	+	ENSG00000140416
LACTB	15	63121833	63142061	+	ENSG00000103642
RPS27L	15	63125872	63158021	-	ENSG00000185088
RAB8B	15	63189560	63267776	+	ENSG00000166128
APH1B	15	63276018	63309126	+	ENSG00000138613
CA12	15	63321378	63382027	-	ENSG00000074410
USP3	15	63504501	63594640	+	ENSG00000140455
FBXL22	15	63597353	63602428	+	ENSG00000197361
HERC1	15	63608618	63833948	-	ENSG00000103657
DAPK2	15	63907036	64072033	-	ENSG00000035664
CIAO2A	15	64072114	64094262	-	ENSG00000166797
SNX1	15	64094123	64146090	+	ENSG00000028528
SNX22	15	64151713	64157481	+	ENSG00000157734
PPIB	15	64155740	64163159	-	ENSG00000166794
CSNK1G1	15	64165525	64356554	-	ENSG00000169118
PCLAF	15	64364304	64387687	-	ENSG00000166803
TRIP4	15	64387748	64455305	+	ENSG00000103671
ZNF609	15	64460578	64686068	+	ENSG00000180357
OAZ2	15	64687573	64703281	-	ENSG00000180304
RBPMS2	15	64739886	64775621	-	ENSG00000166831
PIF1	15	64815629	64825677	-	ENSG00000140451
PLEKHO2	15	64839231	64868002	+	ENSG00000241839
ANKDD1A	15	64911861	64958700	+	ENSG00000166839
SPG21	15	64963022	64990312	-	ENSG00000090487
MTFMT	15	65001512	65029643	-	ENSG00000103707
SLC51B	15	65045387	65053397	+	ENSG00000186198
RASL12	15	65053337	65076690	-	ENSG00000103710
KBTBD13	15	65076746	65079948	+	ENSG00000234438
UBAP1L	15	65092760	65115200	-	ENSG00000246922
PDCD7	15	65117379	65133808	-	ENSG00000090470
CLPX	15	65148219	65185393	-	ENSG00000166855
CILP	15	65194760	65211478	-	ENSG00000138615
PARP16	15	65234460	65300618	-	ENSG00000138617
IGDCC3	15	65327127	65378078	-	ENSG00000174498
IGDCC4	15	65381479	65423083	-	ENSG00000103742
DPP8	15	65442463	65517724	-	ENSG00000074603
HACD3	15	65530418	65578349	+	ENSG00000074696
INTS14	15	65578753	65611615	-	ENSG00000138614
SLC24A1	15	65611366	65660995	+	ENSG00000074621
DENND4A	15	65658046	65792293	-	ENSG00000174485
RAB11A	15	65726054	65891989	+	ENSG00000103769
MEGF11	15	65895079	66253811	-	ENSG00000157890
DIS3L	15	66293217	66333898	+	ENSG00000166938
TIPIN	15	66336191	66386746	-	ENSG00000075131
MAP2K1	15	66386825	66491656	+	ENSG00000169032
SNAPC5	15	66490135	66497780	-	ENSG00000174446
RPL4	15	66498015	66524532	-	ENSG00000174444
ZWILCH	15	66504959	66550130	+	ENSG00000174442
LCTL	15	66547179	66565998	-	ENSG00000188501
SMAD6	15	66702236	66782849	+	ENSG00000137834
SMAD3	15	67063763	67195173	+	ENSG00000166949
AAGAB	15	67200667	67255195	-	ENSG00000103591
IQCH	15	67254786	67502260	+	ENSG00000103599
C15orf61	15	67521131	67530146	+	ENSG00000189227
MAP2K5	15	67542611	67807123	+	ENSG00000137764
SKOR1	15	67819704	67834582	+	ENSG00000188779
PIAS1	15	68054301	68198603	+	ENSG00000033800
CALML4	15	68190705	68206087	-	ENSG00000129007
CLN6	15	68206992	68257211	-	ENSG00000128973
FEM1B	15	68277745	68295862	+	ENSG00000169018
ITGA11	15	68296532	68432191	-	ENSG00000137809
CORO2B	15	68578971	68727806	+	ENSG00000103647
ANP32A	15	68778534	68820924	-	ENSG00000140350
SPESP1	15	68818221	68946811	+	ENSG00000258484
SPESP1-NOX5	15	68930504	69062743	+	ENSG00000290203
NOX5	15	69014695	69062762	+	ENSG00000255346
GLCE	15	69160584	69272217	+	ENSG00000138604
PAQR5	15	69298888	69407780	+	ENSG00000137819
KIF23	15	69414246	69448427	+	ENSG00000137807
RPLP1	15	69452809	69456205	+	ENSG00000137818
TLE3	15	70047790	70098176	-	ENSG00000140332
UACA	15	70654554	70763564	-	ENSG00000137831
LARP6	15	70829130	70854157	-	ENSG00000166173
LRRC49	15	70853239	71053658	+	ENSG00000137821
THAP10	15	70881342	70892433	-	ENSG00000129028
THSD4	15	71096952	71783383	+	ENSG00000187720
NR2E3	15	71792638	71818259	+	ENSG00000278570
MYO9A	15	71822291	72118577	-	ENSG00000066933
SENP8	15	72114258	72143692	+	ENSG00000166192
GRAMD2A	15	72159806	72197830	-	ENSG00000175318
PKM	15	72199026	72231819	-	ENSG00000067225
PARP6	15	72241176	72272999	-	ENSG00000137817
CELF6	15	72284727	72320448	-	ENSG00000140488
HEXA	15	72340924	72376420	-	ENSG00000213614
TMEM202	15	72398302	72408367	+	ENSG00000187806
ARIH1	15	72474308	72602987	+	ENSG00000166233
GOLGA6B	15	72654697	72669599	+	ENSG00000215186
HIGD2B	15	72675798	72686182	-	ENSG00000175202
BBS4	15	72686186	72742006	+	ENSG00000140463
ADPGK	15	72751294	72785846	-	ENSG00000159322
NEO1	15	73051645	73305205	+	ENSG00000067141
HCN4	15	73319859	73368958	-	ENSG00000138622
REC114	15	73443164	73560013	+	ENSG00000183324
NPTN	15	73560003	73634134	-	ENSG00000156642
CD276	15	73683966	73714518	+	ENSG00000103855
INSYN1	15	73735441	73753351	-	ENSG00000205363
TBC1D21	15	73873564	73889214	+	ENSG00000167139
LOXL1	15	73925989	73952137	+	ENSG00000129038
STOML1	15	73978926	73994622	-	ENSG00000067221
PML	15	73994673	74047827	+	ENSG00000140464
GOLGA6A	15	74069857	74082550	-	ENSG00000159289
ISLR2	15	74100311	74138540	+	ENSG00000167178
ISLR	15	74172414	74176872	+	ENSG00000129009
STRA6	15	74179466	74212267	-	ENSG00000137868
CCDC33	15	74202705	74336472	+	ENSG00000140481
CYP11A1	15	74337746	74367680	-	ENSG00000140459
SEMA7A	15	74409289	74433958	-	ENSG00000138623
UBL7	15	74445187	74461182	-	ENSG00000138629
ARID3B	15	74541188	74598131	+	ENSG00000179361
CLK3	15	74598500	74645414	+	ENSG00000179335
EDC3	15	74630557	74696292	-	ENSG00000179151
CYP1A1	15	74719542	74725536	-	ENSG00000140465
CYP1A2	15	74748795	74756607	+	ENSG00000140505
CSK	15	74782055	74803198	+	ENSG00000103653
LMAN1L	15	74812716	74825757	+	ENSG00000140506
CPLX3	15	74826627	74831802	+	ENSG00000213578
ULK3	15	74836116	74843346	-	ENSG00000140474
SCAMP2	15	74843728	74873374	-	ENSG00000140497
MPI	15	74890005	74902219	+	ENSG00000178802
FAM219B	15	74899992	74907331	-	ENSG00000178761
COX5A	15	74919791	74939351	-	ENSG00000178741
RPP25	15	74954418	74956772	-	ENSG00000178718
SCAMP5	15	74957219	75021497	+	ENSG00000198794
PPCDC	15	75023586	75117462	+	ENSG00000138621
C15orf39	15	75195623	75212169	+	ENSG00000167173
GOLGA6C	15	75258334	75273455	+	ENSG00000167195
GOLGA6D	15	75282835	75295530	+	ENSG00000140478
COMMD4	15	75336009	75343224	+	ENSG00000140365
NEIL1	15	75346878	75357115	+	ENSG00000140398
MAN2C1	15	75355207	75368656	-	ENSG00000140400
SIN3A	15	75369379	75455842	-	ENSG00000169375
PTPN9	15	75463251	75579583	-	ENSG00000169410
SNUPN	15	75598083	75626469	-	ENSG00000169371
IMP3	15	75639085	75648706	-	ENSG00000177971
SNX33	15	75647912	75662301	+	ENSG00000173548
CSPG4	15	75674322	75712848	-	ENSG00000173546
CIMAP1C	15	75724041	75727688	+	ENSG00000182950
UBE2Q2	15	75843307	75901078	+	ENSG00000140367
FBXO22	15	75903876	75942511	+	ENSG00000167196
NRG4	15	75935969	76059795	-	ENSG00000169752
TMEM266	15	76059936	76229121	+	ENSG00000169758
ETFA	15	76188555	76311730	-	ENSG00000140374
ISL2	15	76336773	76342475	+	ENSG00000159556
SCAPER	15	76347904	76905970	-	ENSG00000140386
RCN2	15	76931738	76954393	+	ENSG00000117906
PSTPIP1	15	76993325	77037475	+	ENSG00000140368
TSPAN3	15	77041404	77083984	-	ENSG00000140391
PEAK1	15	77100656	77420216	-	ENSG00000173517
HMG20A	15	77419830	77485955	+	ENSG00000140382
LINGO1	15	77613027	77820900	-	ENSG00000169783
TBC1D2B	15	77984036	78077724	-	ENSG00000167202
SH2D7	15	78077808	78104370	+	ENSG00000183476
CIB2	15	78104606	78131535	-	ENSG00000136425
IDH3A	15	78131498	78171945	+	ENSG00000166411
ACSBG1	15	78167468	78245688	-	ENSG00000103740
DNAJA4	15	78264086	78282196	+	ENSG00000140403
SKIC8	15	78274515	78299703	-	ENSG00000140395
CRABP1	15	78340260	78348250	+	ENSG00000166426
IREB2	15	78437431	78501453	+	ENSG00000136381
HYKK	15	78507564	78537372	+	ENSG00000188266
PSMA4	15	78540089	78552417	+	ENSG00000041357
CHRNA5	15	78565520	78595269	+	ENSG00000169684
CHRNA3	15	78593052	78621295	-	ENSG00000080644
CHRNB4	15	78624111	78727754	-	ENSG00000117971
ADAMTS7	15	78759204	78811503	-	ENSG00000136378
MORF4L1	15	78810487	78903078	+	ENSG00000185787
CTSH	15	78921058	78949574	-	ENSG00000103811
RASGRF1	15	78959906	79090780	-	ENSG00000058335
ANKRD34C	15	79282722	79298239	+	ENSG00000235711
TMED3	15	79311109	79427432	+	ENSG00000166557
MINAR1	15	79431003	79472304	+	ENSG00000169330
MTHFS	15	79833585	79897379	-	ENSG00000136371
ST20-MTHFS	15	79845150	79923754	-	ENSG00000259332
BCL2A1	15	79960892	79971196	-	ENSG00000140379
ZFAND6	15	80058894	80140292	+	ENSG00000086666
FAH	15	80152292	80186990	+	ENSG00000103876
CTXND1	15	80195481	80252234	-	ENSG00000259417
ARNT2	15	80404315	80597937	+	ENSG00000172379
ABHD17C	15	80679684	80755621	+	ENSG00000136379
CEMIP	15	80779343	80951776	+	ENSG00000103888
MESD	15	80946289	80989834	-	ENSG00000117899
TLNRD1	15	81000923	81005788	+	ENSG00000140406
CFAP161	15	81007033	81149179	+	ENSG00000156206
IL16	15	81159575	81314058	+	ENSG00000172349
STARD5	15	81309053	81324183	-	ENSG00000172345
TMC3	15	81331088	81374213	-	ENSG00000188869
MEX3B	15	82041778	82046119	-	ENSG00000183496
EFL1	15	82130206	82262773	-	ENSG00000140598
SAXO2	15	82262810	82284930	+	ENSG00000188659
GOLGA6L10	15	82339993	82349475	-	ENSG00000278662
GOLGA6L9	15	82429816	82439153	+	ENSG00000197978
RPS17	15	82536748	82540535	-	ENSG00000182774
CPEB1	15	82543201	82648861	-	ENSG00000214575
AP3B2	15	82659281	82710112	-	ENSG00000103723
FSD2	15	82755362	82806111	-	ENSG00000186628
WHAMM	15	82809599	82836108	+	ENSG00000156232
HOMER2	15	82834664	82986153	-	ENSG00000103942
RAMAC	15	82986203	82991057	+	ENSG00000169612
C15orf40	15	82988441	83011641	-	ENSG00000169609
BTBD1	15	83016423	83067281	-	ENSG00000064726
TM6SF1	15	83107454	83144854	+	ENSG00000136404
HDGFL3	15	83112738	83208424	-	ENSG00000166503
BNC1	15	83255884	83284664	-	ENSG00000169594
SH3GL3	15	83447228	83618743	+	ENSG00000140600
ADAMTSL3	15	83653683	84039842	+	ENSG00000156218
GOLGA6L4	15	84235773	84245358	+	ENSG00000184206
ZSCAN2	15	84600986	84627796	+	ENSG00000176371
WDR73	15	84639285	84654343	-	ENSG00000177082
NMB	15	84655129	84658563	-	ENSG00000197696
SEC11A	15	84669529	84716460	-	ENSG00000140612
ZNF592	15	84748362	84806445	+	ENSG00000166716
ALPK3	15	84817176	84873479	+	ENSG00000136383
SLC28A1	15	84884612	84945803	+	ENSG00000156222
PDE8A	15	84980440	85139145	+	ENSG00000073417
AKAP13	15	85380571	85749358	+	ENSG00000170776
KLHL25	15	85759326	85794948	-	ENSG00000183655
AGBL1	15	86079871	87049169	+	ENSG00000273540
NTRK3	15	87859751	88256993	-	ENSG00000140538
MRPL46	15	88459468	88467420	-	ENSG00000259494
MRPS11	15	88467421	88480776	+	ENSG00000181991
DET1	15	88494440	88547321	-	ENSG00000140543
AEN	15	88620070	88632281	+	ENSG00000181026
ISG20	15	88635618	88656483	+	ENSG00000172183
ACAN	15	88803436	88875353	+	ENSG00000157766
HAPLN3	15	88877294	88895597	-	ENSG00000140511
MFGE8	15	88898683	88913468	-	ENSG00000140545
ABHD2	15	89087459	89202355	+	ENSG00000140526
RLBP1	15	89209869	89222577	-	ENSG00000140522
FANCI	15	89243854	89318091	+	ENSG00000140525
POLG	15	89305198	89334861	-	ENSG00000140521
POLGARF	15	89330208	89333809	-	ENSG00000291307
RHCG	15	89471398	89496614	-	ENSG00000140519
TICRR	15	89575469	89631056	+	ENSG00000140534
KIF7	15	89608789	89663098	-	ENSG00000166813
PLIN1	15	89664365	89679450	-	ENSG00000166819
PEX11A	15	89677764	89690783	-	ENSG00000166821
WDR93	15	89690811	89743639	+	ENSG00000140527
MESP1	15	89749875	89751249	-	ENSG00000166823
MESP2	15	89760591	89778754	+	ENSG00000188095
ANPEP	15	89784875	89815401	-	ENSG00000166825
AP3S2	15	89830599	89894638	-	ENSG00000157823
ARPIN-AP3S2	15	89834308	89912882	-	ENSG00000250021
ARPIN	15	89895006	89912952	-	ENSG00000242498
ZNF710	15	89999180	90082206	+	ENSG00000140548
IDH2	15	90083045	90102490	-	ENSG00000182054
SEMA4B	15	90160604	90229679	+	ENSG00000185033
CIB1	15	90229975	90234047	-	ENSG00000185043
GDPGP1	15	90233471	90245811	+	ENSG00000183208
TTLL13	15	90249530	90265482	+	ENSG00000213471
NGRN	15	90265659	90275778	+	ENSG00000182768
ZNF774	15	90352284	90369146	+	ENSG00000196391
IQGAP1	15	90388207	90502239	+	ENSG00000140575
CRTC3	15	90529890	90645345	+	ENSG00000140577
BLM	15	90717340	90816166	+	ENSG00000197299
FURIN	15	90868588	90883564	+	ENSG00000140564
FES	15	90883695	90896213	+	ENSG00000182511
MAN2A2	15	90902218	90922585	+	ENSG00000196547
HDDC3	15	90929968	90935196	-	ENSG00000184508
UNC45A	15	90930180	90954093	+	ENSG00000140553
RCCD1	15	90954825	90964809	+	ENSG00000166965
PRC1	15	90966038	90995629	-	ENSG00000198901
VPS33B	15	90998673	91022603	-	ENSG00000184056
SV2B	15	91099869	91302565	+	ENSG00000185518
SLCO3A1	15	91853708	92172435	+	ENSG00000176463
ST8SIA2	15	92393881	92468728	+	ENSG00000140557
FAM174B	15	92617448	92809884	-	ENSG00000185442
CHD2	15	92886203	93027996	+	ENSG00000173575
RGMA	15	93035271	93089211	-	ENSG00000182175
MCTP2	15	94231526	94483952	+	ENSG00000140563
NR2F2	15	96325797	96340263	+	ENSG00000185551
ARRDC4	15	97960703	97973838	+	ENSG00000140450
IGF1R	15	98648539	98964530	+	ENSG00000140443
PGPEP1L	15	98966720	99007792	-	ENSG00000183571
SYNM	15	99098217	99135593	+	ENSG00000182253
TTC23	15	99136323	99251226	-	ENSG00000103852
LRRC28	15	99250937	99390729	+	ENSG00000168904
MEF2A	15	99565404	99716488	+	ENSG00000068305
LYSMD4	15	99715697	99733561	-	ENSG00000183060
ADAMTS17	15	99971437	100342005	-	ENSG00000140470
CERS3	15	100400395	100544995	-	ENSG00000154227
LINS1	15	100559369	100603230	-	ENSG00000140471
ASB7	15	100602547	100651703	+	ENSG00000183475
ALDH1A3	15	100861924	100916628	+	ENSG00000184254
LRRK1	15	100919327	101078257	+	ENSG00000154237
CHSY1	15	101175727	101252048	-	ENSG00000131873
SELENOS	15	101270531	101277500	-	ENSG00000131871
SNRPA1	15	101281510	101295282	-	ENSG00000131876
PCSK6	15	101289784	101525202	-	ENSG00000140479
TM2D3	15	101621444	101652391	-	ENSG00000184277
TARS3	15	101653596	101724565	-	ENSG00000185418
OR4F6	15	101803509	101806887	+	ENSG00000184140
OR4F15	15	101812202	101820197	+	ENSG00000182854
OR4F4	15	101922042	101923113	-	ENSG00000177693
POLR3K	16	46407	53658	-	ENSG00000161980
SNRNP25	16	53828	57669	+	ENSG00000161981
RHBDF1	16	58058	78176	-	ENSG00000007384
MPG	16	77007	85851	+	ENSG00000103152
NPRL3	16	83205	138716	-	ENSG00000103148
HBZ	16	142728	154503	+	ENSG00000130656
HBM	16	153892	166764	+	ENSG00000206177
HBA2	16	172876	173710	+	ENSG00000188536
HBA1	16	176680	177522	+	ENSG00000206172
HBQ1	16	180459	181179	+	ENSG00000086506
LUC7L	16	188961	229463	-	ENSG00000007392
FAM234A	16	234521	272183	+	ENSG00000167930
RGS11	16	268301	275980	-	ENSG00000076344
ARHGDIG	16	280450	283010	+	ENSG00000242173
PDIA2	16	283152	287215	+	ENSG00000185615
AXIN1	16	287440	352730	-	ENSG00000103126
MRPL28	16	365916	371289	-	ENSG00000086504
PGAP6	16	370788	387113	-	ENSG00000129925
NME4	16	396725	410367	+	ENSG00000103202
DECR2	16	401854	412492	+	ENSG00000242612
RAB11FIP3	16	425593	523012	+	ENSG00000090565
CAPN15	16	527712	554636	+	ENSG00000103326
PRR35	16	559688	565532	+	ENSG00000161992
PIGQ	16	566995	584120	+	ENSG00000007541
NHLRC4	16	567005	569495	+	ENSG00000257108
RAB40C	16	589007	629273	+	ENSG00000197562
WFIKKN1	16	629239	634117	+	ENSG00000127578
METTL26	16	634412	636378	-	ENSG00000130731
MCRIP2	16	636817	648474	+	ENSG00000172366
WDR90	16	649287	667837	+	ENSG00000161996
RHOT2	16	668100	674174	+	ENSG00000140983
RHBDL1	16	675671	678268	+	ENSG00000103269
STUB1	16	679980	682870	+	ENSG00000103266
JMJD8	16	681666	684528	-	ENSG00000161999
WDR24	16	684621	690444	-	ENSG00000127580
FBXL16	16	692498	705843	-	ENSG00000127585
METRN	16	715118	719655	+	ENSG00000103260
ANTKMT	16	720581	722590	+	ENSG00000103254
CCDC78	16	722581	726954	-	ENSG00000162004
HAGHL	16	726494	735525	+	ENSG00000103253
CIAO3	16	729759	741329	-	ENSG00000103245
MSLN	16	760734	768866	+	ENSG00000102854
MSLNL	16	769428	782054	-	ENSG00000162006
RPUSD1	16	784974	788406	-	ENSG00000007376
CHTF18	16	788046	800737	+	ENSG00000127586
GNG13	16	798041	800734	-	ENSG00000127588
LMF1	16	853634	981318	-	ENSG00000103227
SOX8	16	981444	986979	+	ENSG00000005513
SSTR5	16	1063867	1081467	+	ENSG00000162009
C1QTNF8	16	1088226	1099401	-	ENSG00000184471
CACNA1H	16	1153103	1224169	+	ENSG00000196557
TPSG1	16	1221651	1225793	-	ENSG00000116176
TPSB2	16	1227272	1233725	-	ENSG00000197253
TPSAB1	16	1239266	1242555	+	ENSG00000172236
TPSD1	16	1256059	1259008	+	ENSG00000095917
UBE2I	16	1291357	1327018	+	ENSG00000103275
BAIAP3	16	1333638	1349439	+	ENSG00000007516
TSR3	16	1349237	1351878	-	ENSG00000007520
GNPTG	16	1351931	1365737	+	ENSG00000090581
UNKL	16	1363205	1414751	-	ENSG00000059145
UQCC4	16	1419752	1420756	-	ENSG00000174109
PERCC1	16	1431078	1434441	+	ENSG00000284395
CCDC154	16	1434383	1444556	-	ENSG00000197599
CLCN7	16	1444934	1475104	-	ENSG00000103249
PTX4	16	1485886	1488981	-	ENSG00000251692
TELO2	16	1493329	1510459	+	ENSG00000100726
IFT140	16	1510427	1612075	-	ENSG00000187535
TMEM204	16	1528688	1555580	+	ENSG00000131634
CRAMP1	16	1612337	1677908	+	ENSG00000007545
JPT2	16	1678256	1702859	+	ENSG00000206053
MAPK8IP3	16	1706166	1770351	+	ENSG00000138834
NME3	16	1770317	1771732	-	ENSG00000103024
MRPS34	16	1771890	1773158	-	ENSG00000074071
EME2	16	1772810	1781708	+	ENSG00000197774
SPSB3	16	1776710	1793700	-	ENSG00000162032
NUBP2	16	1782932	1789189	+	ENSG00000095906
IGFALS	16	1790413	1794971	-	ENSG00000099769
HAGH	16	1795620	1827157	-	ENSG00000063854
FAHD1	16	1826967	1840207	+	ENSG00000180185
MEIOB	16	1833986	1884294	-	ENSG00000162039
HS3ST6	16	1911475	1918415	-	ENSG00000162040
MSRB1	16	1938229	1943199	-	ENSG00000198736
RPL3L	16	1943968	1957606	-	ENSG00000140986
NDUFB10	16	1959508	1962021	+	ENSG00000140990
RPS2	16	1962050	1965510	-	ENSG00000140988
RNF151	16	1966823	1968975	+	ENSG00000179580
TBL3	16	1972050	1982929	+	ENSG00000183751
NOXO1	16	1978912	1984636	-	ENSG00000196408
GFER	16	1984193	1987749	+	ENSG00000127554
SYNGR3	16	1989660	1994275	+	ENSG00000127561
ZNF598	16	1997654	2009821	-	ENSG00000167962
NPW	16	2009926	2020755	+	ENSG00000183971
NHERF2	16	2025356	2039026	+	ENSG00000065054
NTHL1	16	2039814	2047866	-	ENSG00000065057
TSC2	16	2047345	2089491	+	ENSG00000103197
PKD1	16	2088708	2135898	-	ENSG00000008710
RAB26	16	2140803	2154165	+	ENSG00000167964
TRAF7	16	2155692	2178129	+	ENSG00000131653
CASKIN1	16	2177180	2196605	-	ENSG00000167971
MLST8	16	2204248	2209453	+	ENSG00000167965
BRICD5	16	2209253	2210905	-	ENSG00000182685
PGP	16	2211593	2214840	-	ENSG00000184207
E4F1	16	2223440	2235743	+	ENSG00000167967
DNASE1L2	16	2235816	2238711	+	ENSG00000167968
ECI1	16	2239402	2252300	-	ENSG00000167969
RNPS1	16	2253116	2268397	-	ENSG00000205937
ABCA3	16	2275878	2340749	-	ENSG00000167972
CCNF	16	2429394	2458854	+	ENSG00000162063
TEDC2	16	2460086	2464963	+	ENSG00000162062
NTN3	16	2471297	2474145	+	ENSG00000162068
TBC1D24	16	2475051	2509671	+	ENSG00000162065
ATP6V0C	16	2513713	2520218	+	ENSG00000185883
AMDHD2	16	2520340	2531422	+	ENSG00000162066
CEMP1	16	2530035	2531417	-	ENSG00000205923
PDPK1	16	2537978	2603190	+	ENSG00000140992
KCTD5	16	2682521	2709030	+	ENSG00000167977
PRSS27	16	2712419	2721166	-	ENSG00000172382
SRRM2	16	2752626	2772538	+	ENSG00000167978
ELOB	16	2771414	2777290	-	ENSG00000103363
PRSS33	16	2783926	2787948	-	ENSG00000103355
PRSS41	16	2798470	2805304	+	ENSG00000215148
PRSS21	16	2817180	2826304	+	ENSG00000007038
ZG16B	16	2830162	2839585	+	ENSG00000162078
PRSS22	16	2852728	2858210	-	ENSG00000005001
FLYWCH2	16	2883165	2903099	+	ENSG00000162076
FLYWCH1	16	2911599	2951208	+	ENSG00000059122
KREMEN2	16	2963960	2968380	+	ENSG00000131650
PKMYT1	16	2968024	2980813	-	ENSG00000127564
PAQR4	16	2969242	2973484	+	ENSG00000162073
GREP1	16	2988256	3002295	+	ENSG00000262152
CLDN9	16	3012923	3014505	+	ENSG00000213937
CLDN6	16	3014705	3020071	-	ENSG00000184697
TNFRSF12A	16	3018445	3022385	+	ENSG00000006327
THOC6	16	3022541	3027755	+	ENSG00000131652
HCFC1R1	16	3022625	3024286	-	ENSG00000103145
BICDL2	16	3027682	3036993	-	ENSG00000162069
MMP25	16	3046062	3060729	+	ENSG00000008516
IL32	16	3064301	3082192	+	ENSG00000008517
ZSCAN10	16	3088890	3099295	-	ENSG00000130182
ZNF205	16	3112550	3120527	+	ENSG00000122386
ZNF213	16	3129777	3142804	+	ENSG00000085644
OR1F1	16	3188204	3224779	+	ENSG00000168124
ZNF200	16	3222324	3236221	-	ENSG00000010539
MEFV	16	3240392	3256954	-	ENSG00000103313
ZNF263	16	3263800	3301401	+	ENSG00000006194
TIGD7	16	3298390	3305729	-	ENSG00000140993
ZNF75A	16	3305406	3318852	+	ENSG00000162086
OR2C1	16	3355889	3357306	+	ENSG00000168158
ZSCAN32	16	3382081	3401065	-	ENSG00000140987
ZNF174	16	3401215	3409364	+	ENSG00000103343
ZNF597	16	3432414	3443504	-	ENSG00000167981
NAA60	16	3443649	3486954	+	ENSG00000122390
C16orf90	16	3493484	3495489	-	ENSG00000215131
CLUAP1	16	3500976	3540653	+	ENSG00000103351
NLRC3	16	3539033	3577403	-	ENSG00000167984
SLX4	16	3581181	3611606	-	ENSG00000188827
DNASE1	16	3611728	3680143	+	ENSG00000213918
TRAP1	16	3651639	3717591	-	ENSG00000126602
CREBBP	16	3725054	3880713	-	ENSG00000005339
ADCY9	16	3953387	4116442	-	ENSG00000162104
SRL	16	4189374	4242083	-	ENSG00000185739
TFAP4	16	4257186	4273075	-	ENSG00000090447
GLIS2	16	4314761	4339597	+	ENSG00000126603
PAM16	16	4331549	4355607	-	ENSG00000217930
CORO7-PAM16	16	4340251	4420494	-	ENSG00000103426
CORO7	16	4354542	4425705	-	ENSG00000262246
VASN	16	4371848	4383538	+	ENSG00000168140
DNAJA3	16	4425805	4456775	+	ENSG00000103423
NMRAL1	16	4461684	4495763	-	ENSG00000153406
HMOX2	16	4474246	4510352	+	ENSG00000103415
CDIP1	16	4510619	4538828	-	ENSG00000089486
C16orf96	16	4556340	4600758	+	ENSG00000205832
UBALD1	16	4608883	4615027	-	ENSG00000153443
MGRN1	16	4616493	4690977	+	ENSG00000102858
NUDT16L1	16	4693562	4695861	+	ENSG00000168101
ANKS3	16	4696510	4734378	-	ENSG00000168096
DNAAF8	16	4734344	4749396	+	ENSG00000166246
ZNF500	16	4748239	4767624	-	ENSG00000103199
SEPTIN12	16	4777606	4788398	-	ENSG00000140623
SMIM22	16	4788397	4796731	+	ENSG00000267795
ROGDI	16	4796962	4802926	-	ENSG00000067836
GLYR1	16	4803202	4847343	-	ENSG00000140632
UBN1	16	4846665	4882401	+	ENSG00000118900
PPL	16	4882507	4960741	-	ENSG00000118898
SEC14L5	16	4958295	5019157	+	ENSG00000103184
NAGPA	16	5024756	5034141	-	ENSG00000103174
ALG1	16	5033702	5087379	+	ENSG00000033011
C16orf89	16	5044122	5066110	-	ENSG00000153446
EEF2KMT	16	5084284	5097909	-	ENSG00000118894
RBFOX1	16	5239802	7713340	+	ENSG00000078328
TMEM114	16	8537605	8590511	-	ENSG00000232258
METTL22	16	8621682	8649654	+	ENSG00000067365
ABAT	16	8674596	8784575	+	ENSG00000183044
TMEM186	16	8780384	8797763	-	ENSG00000184857
PMM2	16	8788823	8862534	+	ENSG00000140650
CARHSP1	16	8852942	8870941	-	ENSG00000153048
LITAFD	16	8875704	8885353	+	ENSG00000283516
USP7	16	8892097	8975328	-	ENSG00000187555
HAPSTR1	16	9091610	9121635	+	ENSG00000182831
GRIN2A	16	9753404	10183337	-	ENSG00000183454
ATF7IP2	16	10326434	10483640	+	ENSG00000166669
EMP2	16	10528422	10580689	-	ENSG00000213853
TEKT5	16	10627501	10694930	-	ENSG00000153060
NUBP1	16	10743786	10769353	+	ENSG00000103274
TVP23A	16	10760919	10818794	-	ENSG00000166676
CIITA	16	10866222	10943021	+	ENSG00000179583
DEXI	16	10928891	10942468	-	ENSG00000182108
CLEC16A	16	10944539	11182186	+	ENSG00000038532
SOCS1	16	11249101	11256556	-	ENSG00000185338
RMI2	16	11249619	11381662	+	ENSG00000175643
TNP2	16	11267748	11269533	-	ENSG00000178279
PRM3	16	11273199	11273629	-	ENSG00000178257
PRM2	16	11275639	11276480	-	ENSG00000122304
PRM1	16	11280841	11281330	-	ENSG00000175646
LITAF	16	11546875	11636395	-	ENSG00000189067
SNN	16	11668027	11679159	+	ENSG00000184602
TXNDC11	16	11679079	11742907	-	ENSG00000153066
ZC3H7A	16	11750586	11797258	-	ENSG00000122299
RSL1D1	16	11833850	11851586	-	ENSG00000171490
GSPT1	16	11868128	11916082	-	ENSG00000103342
NPIPB2	16	11927259	11976643	-	ENSG00000234719
TNFRSF17	16	11965210	11968068	+	ENSG00000048462
SNX29	16	11976734	12574287	+	ENSG00000048471
CPPED1	16	12659799	12803887	-	ENSG00000103381
SHISA9	16	12901598	13240416	+	ENSG00000237515
ERCC4	16	13920138	13952348	+	ENSG00000175595
MRTFB	16	14071058	14266778	+	ENSG00000186260
PARN	16	14435699	14632728	-	ENSG00000140694
BFAR	16	14632830	14669237	+	ENSG00000103429
PLA2G10	16	14672548	14694308	-	ENSG00000069764
NPIPA3	16	14703411	14726342	+	ENSG00000224712
NPIPA2	16	14742533	14765462	+	ENSG00000254852
NOMO1	16	14833721	14896157	+	ENSG00000103512
NPIPA1	16	14922802	14952060	+	ENSG00000183426
PDXDC1	16	14974591	15153671	+	ENSG00000179889
NTAN1	16	15037854	15056079	-	ENSG00000157045
RRN3	16	15060022	15094311	-	ENSG00000085721
NPIPA5	16	15363628	15381047	-	ENSG00000183793
MPV17L	16	15395754	15413271	+	ENSG00000156968
BMERB1	16	15434475	15625028	+	ENSG00000166780
MARF1	16	15594302	15643209	-	ENSG00000166783
NDE1	16	15643267	15734691	+	ENSG00000072864
MYH11	16	15703135	15858438	-	ENSG00000133392
CEP20	16	15865719	15888644	-	ENSG00000133393
ABCC1	16	15949138	16143257	+	ENSG00000103222
ABCC6	16	16149565	16223637	-	ENSG00000091262
NOMO3	16	16232506	16300806	+	ENSG00000103226
NPIPA6	16	16317444	16350608	+	ENSG00000183889
NPIPA7	16	16371207	16393972	+	ENSG00000214967
XYLT1	16	17101769	17470960	-	ENSG00000103489
NPIPA8	16	18317919	18336736	-	ENSG00000214940
NPIPA9	16	18358086	18379331	-	ENSG00000233024
NOMO2	16	18417325	18562211	-	ENSG00000185164
RPS15A	16	18781295	18790383	-	ENSG00000134419
ARL6IP1	16	18791609	18801572	-	ENSG00000170540
SMG1	16	18804860	18926412	-	ENSG00000157106
TMC7	16	18983934	19063942	+	ENSG00000170537
COQ7	16	19067614	19080095	+	ENSG00000167186
ITPRIPL2	16	19113932	19121629	+	ENSG00000205730
SYT17	16	19167971	19268332	+	ENSG00000103528
CLEC19A	16	19285731	19322145	+	ENSG00000261210
TMC5	16	19410428	19499113	+	ENSG00000103534
GDE1	16	19501693	19522123	-	ENSG00000006007
CCP110	16	19523811	19553408	+	ENSG00000103540
VPS35L	16	19555240	19706793	+	ENSG00000103544
KNOP1	16	19701937	19718552	-	ENSG00000103550
IQCK	16	19716456	19858467	+	ENSG00000174628
GPRC5B	16	19856691	19886173	-	ENSG00000167191
GPR139	16	20028239	20073890	-	ENSG00000180269
GP2	16	20309574	20328412	-	ENSG00000169347
UMOD	16	20331549	20356402	-	ENSG00000169344
PDILT	16	20359175	20404737	-	ENSG00000169340
ACSM5	16	20409308	20441337	+	ENSG00000183549
ACSM2A	16	20444012	20487669	+	ENSG00000183747
ACSM2B	16	20536226	20576442	-	ENSG00000066813
ACSM3	16	20610243	20797843	+	ENSG00000005187
ACSM1	16	20623233	20698890	-	ENSG00000166743
THUMPD1	16	20702816	20742084	-	ENSG00000066654
ERI2	16	20780193	20900349	-	ENSG00000196678
REXO5	16	20806157	20849668	+	ENSG00000005189
DCUN1D3	16	20854897	20900400	-	ENSG00000188215
LYRM1	16	20899821	20925011	+	ENSG00000102897
DNAH3	16	20933111	21159441	-	ENSG00000158486
LDAF1	16	21158305	21181330	+	ENSG00000011638
ZP2	16	21197450	21214510	-	ENSG00000103310
ANKS4B	16	21233699	21253850	+	ENSG00000175311
CRYM	16	21238874	21303083	-	ENSG00000103316
NPIPB3	16	21402237	21448567	-	ENSG00000169246
METTL9	16	21597218	21657471	+	ENSG00000197006
IGSF6	16	21639550	21652611	-	ENSG00000140749
OTOA	16	21663968	21761935	+	ENSG00000155719
NPIPB4	16	21834563	21880827	-	ENSG00000185864
UQCRC2	16	21952636	21985391	+	ENSG00000140740
PDZD9	16	21983865	22001116	-	ENSG00000155714
MOSMO	16	22007638	22087534	+	ENSG00000185716
VWA3A	16	22092528	22156964	+	ENSG00000175267
SDR42E2	16	22162492	22192208	+	ENSG00000183921
EEF2K	16	22206272	22288738	+	ENSG00000103319
POLR3E	16	22297375	22335101	+	ENSG00000058600
CDR2	16	22345936	22437165	-	ENSG00000140743
NPIPB5	16	22479121	22536540	+	ENSG00000243716
HS3ST2	16	22814162	22916338	+	ENSG00000122254
USP31	16	23061406	23149452	-	ENSG00000103404
SCNN1G	16	23182677	23216883	+	ENSG00000166828
SCNN1B	16	23278231	23381299	+	ENSG00000168447
COG7	16	23388493	23453207	-	ENSG00000168434
GGA2	16	23462213	23521995	-	ENSG00000103365
EARS2	16	23520754	23557731	-	ENSG00000103356
UBFD1	16	23557721	23574394	+	ENSG00000103353
NDUFAB1	16	23581014	23596319	-	ENSG00000004779
PALB2	16	23603160	23641321	-	ENSG00000083093
DCTN5	16	23641381	23677472	+	ENSG00000166847
PLK1	16	23677656	23690367	+	ENSG00000166851
ERN2	16	23690292	23713255	-	ENSG00000134398
CHP2	16	23754618	23758951	+	ENSG00000166869
PRKCB	16	23835959	24220611	+	ENSG00000166501
CACNG3	16	24256286	24362412	+	ENSG00000006116
RBBP6	16	24537693	24572863	+	ENSG00000122257
TNRC6A	16	24610209	24827632	+	ENSG00000090905
SLC5A11	16	24845841	24911628	+	ENSG00000158865
ARHGAP17	16	24919389	25015666	-	ENSG00000140750
LCMT1	16	25111731	25178231	+	ENSG00000205629
AQP8	16	25215731	25228932	+	ENSG00000103375
ZKSCAN2	16	25236001	25257845	-	ENSG00000155592
HS3ST4	16	25691959	26137685	+	ENSG00000182601
C16orf82	16	27066927	27069166	+	ENSG00000234186
KDM8	16	27203486	27225987	+	ENSG00000155666
NSMCE1	16	27224993	27268788	-	ENSG00000169189
IL4R	16	27313462	27364811	+	ENSG00000077238
IL21R	16	27402174	27452050	+	ENSG00000103522
GTF3C1	16	27459555	27549960	-	ENSG00000077235
KATNIP	16	27550133	27780371	+	ENSG00000047578
GSG1L	16	27787526	28063754	-	ENSG00000169181
XPO6	16	28097976	28211976	-	ENSG00000169180
SBK1	16	28259246	28323849	+	ENSG00000188322
NPIPB6	16	28342517	28363508	-	ENSG00000198156
EIF3CL	16	28379397	28403846	-	ENSG00000205609
NPIPB7	16	28456322	28472336	-	ENSG00000233232
CLN3	16	28474111	28495575	-	ENSG00000188603
APOBR	16	28494639	28498964	+	ENSG00000184730
IL27	16	28499362	28512051	-	ENSG00000197272
NUPR1	16	28532708	28539038	-	ENSG00000176046
SGF29	16	28553915	28591790	+	ENSG00000176476
SULT1A2	16	28591790	28599913	-	ENSG00000197165
SULT1A1	16	28605008	28612503	-	ENSG00000196502
NPIPB8	16	28637654	28658744	+	ENSG00000255524
EIF3C	16	28688558	28735730	+	ENSG00000184110
NPIPB9	16	28751787	28772864	+	ENSG00000196993
ATXN2L	16	28822999	28837237	+	ENSG00000168488
TUFM	16	28842410	28846419	-	ENSG00000178952
SH2B1	16	28846600	28874212	+	ENSG00000178188
ATP2A1	16	28878405	28904466	+	ENSG00000196296
RABEP2	16	28904420	28936526	-	ENSG00000177548
CD19	16	28931965	28939342	+	ENSG00000177455
NFATC2IP	16	28950807	28967092	+	ENSG00000176953
SPNS1	16	28974221	28984548	+	ENSG00000169682
LAT	16	28984808	28990784	+	ENSG00000213658
NPIPB11	16	29381310	29406711	-	ENSG00000254206
BOLA2-SMG1P6	16	29443230	29454651	-	ENSG00000261740
BOLA2	16	29453588	29455012	-	ENSG00000183336
SLX1B	16	29454533	29458223	+	ENSG00000181625
SULT1A4	16	29458993	29464966	+	ENSG00000213648
NPIPB12	16	29483534	29508595	-	ENSG00000169203
SPN	16	29662979	29670876	+	ENSG00000197471
QPRT	16	29663279	29698704	+	ENSG00000103485
C16orf54	16	29742463	29745990	-	ENSG00000185905
ZG16	16	29777882	29783272	+	ENSG00000174992
KIF22	16	29790718	29805388	+	ENSG00000079616
MAZ	16	29806106	29811164	+	ENSG00000103495
PRRT2	16	29811382	29815892	+	ENSG00000167371
PAGR1	16	29816152	29822489	+	ENSG00000280789
MVP	16	29820394	29848039	+	ENSG00000013364
CDIPT	16	29858357	29863414	-	ENSG00000103502
SEZ6L2	16	29871159	29899550	-	ENSG00000174938
ASPHD1	16	29900375	29919864	+	ENSG00000174939
KCTD13	16	29905012	29926236	-	ENSG00000174943
TMEM219	16	29940885	29973052	+	ENSG00000149932
TAOK2	16	29973868	29992261	+	ENSG00000149930
HIRIP3	16	29992330	29996120	-	ENSG00000149929
INO80E	16	29995715	30005793	+	ENSG00000169592
DOC2A	16	30005507	30023270	-	ENSG00000149927
C16orf92	16	30023198	30027736	+	ENSG00000167194
TLCD3B	16	30024426	30052978	-	ENSG00000149926
ALDOA	16	30064164	30070457	+	ENSG00000149925
PPP4C	16	30075967	30085385	+	ENSG00000149923
TBX6	16	30085793	30091933	-	ENSG00000149922
YPEL3	16	30092314	30096915	-	ENSG00000090238
GDPD3	16	30104810	30113537	-	ENSG00000102886
MAPK3	16	30114105	30123506	-	ENSG00000102882
CORO1A	16	30182817	30189085	+	ENSG00000102879
BOLA2B	16	30192930	30194306	-	ENSG00000169627
SLX1A	16	30193875	30197566	+	ENSG00000132207
SULT1A3	16	30198059	30204324	+	ENSG00000261052
NPIPB13	16	30222893	30255268	-	ENSG00000198064
CD2BP2	16	30350767	30355308	-	ENSG00000169217
TBC1D10B	16	30357102	30370529	-	ENSG00000169221
MYL11	16	30370332	30377991	+	ENSG00000180209
ZNF48	16	30378106	30400108	+	ENSG00000180035
SEPTIN1	16	30378135	30395991	-	ENSG00000180096
ZNF771	16	30407143	30431108	+	ENSG00000179965
DCTPP1	16	30423615	30430030	-	ENSG00000179958
SEPHS2	16	30443631	30445874	-	ENSG00000179918
ITGAL	16	30472658	30523567	+	ENSG00000005844
ZNF768	16	30524004	30526821	-	ENSG00000169957
ZNF747	16	30530367	30535347	-	ENSG00000169955
ZNF764	16	30553764	30558374	-	ENSG00000169951
ZNF688	16	30569281	30572734	-	ENSG00000229809
ZNF785	16	30573740	30585806	-	ENSG00000197162
ZNF689	16	30602558	30624012	-	ENSG00000156853
PRR14	16	30650717	30656413	+	ENSG00000156858
FBRS	16	30658431	30670810	+	ENSG00000156860
SRCAP	16	30698166	30741409	+	ENSG00000080603
TMEM265	16	30740642	30745196	+	ENSG00000281991
PHKG2	16	30748293	30761176	+	ENSG00000156873
CFAP119	16	30757423	30762221	-	ENSG00000196118
RNF40	16	30761745	30776307	+	ENSG00000103549
ZNF629	16	30778456	30787205	-	ENSG00000102870
BCL7C	16	30833626	30894302	-	ENSG00000099385
CTF1	16	30896614	30903547	+	ENSG00000150281
FBXL19	16	30923055	30948783	+	ENSG00000099364
ORAI3	16	30949068	30956461	+	ENSG00000175938
SETD1A	16	30957294	30984664	+	ENSG00000099381
HSD3B7	16	30985143	30989154	+	ENSG00000099377
STX1B	16	30989256	31010672	-	ENSG00000099365
STX4	16	31032889	31042975	+	ENSG00000103496
ZNF668	16	31060842	31074240	-	ENSG00000167394
ZNF646	16	31074403	31084196	+	ENSG00000167395
PRSS53	16	31083437	31089628	-	ENSG00000151006
VKORC1	16	31090842	31095980	-	ENSG00000167397
BCKDK	16	31106107	31112791	+	ENSG00000103507
KAT8	16	31114489	31131393	+	ENSG00000103510
PRSS8	16	31131433	31135727	-	ENSG00000052344
PRSS36	16	31138926	31150091	-	ENSG00000178226
FUS	16	31180134	31196963	+	ENSG00000089280
PYCARD	16	31201486	31203450	-	ENSG00000103490
TRIM72	16	31214119	31231537	+	ENSG00000177238
PYDC1	16	31215962	31217162	-	ENSG00000169900
ITGAM	16	31259967	31332892	+	ENSG00000169896
ITGAX	16	31355134	31382999	+	ENSG00000140678
ITGAD	16	31393335	31426505	+	ENSG00000156886
COX6A2	16	31427731	31428360	-	ENSG00000156885
ZNF843	16	31432593	31444323	-	ENSG00000176723
ARMC5	16	31458080	31467172	+	ENSG00000140691
TGFB1I1	16	31471585	31478727	+	ENSG00000140682
SLC5A2	16	31483002	31490860	+	ENSG00000140675
RUSF1	16	31489471	31509309	-	ENSG00000140688
AHSP	16	31527876	31528803	+	ENSG00000169877
KRBOX5	16	31713229	31794869	+	ENSG00000197302
ZNF267	16	31873788	31917357	+	ENSG00000185947
TP53TG3D	16	32253286	32255928	+	ENSG00000205456
TP53TG3	16	32673528	32676165	-	ENSG00000183632
TP53TG3C	16	33194226	33196858	+	ENSG00000205457
TP53TG3E	16	33304306	33306945	+	ENSG00000275034
TP53TG3B	16	33360841	33363478	+	ENSG00000261509
TP53TG3F	16	33459612	33462249	+	ENSG00000278848
CCNYL1B	16	34351499	34381110	-	ENSG00000284209
SHCBP1	16	46578591	46621379	-	ENSG00000171241
VPS35	16	46656132	46689518	-	ENSG00000069329
ORC6	16	46689394	46698394	+	ENSG00000091651
MYLK3	16	46702282	46790407	-	ENSG00000140795
C16orf87	16	46796603	46831180	-	ENSG00000155330
GPT2	16	46882857	46931298	+	ENSG00000166123
DNAJA2	16	46955362	46973704	-	ENSG00000069345
NETO2	16	47077703	47144006	-	ENSG00000171208
ITFG1	16	47154387	47464149	-	ENSG00000129636
PHKB	16	47461123	47701523	+	ENSG00000102893
ABCC12	16	48080882	48156018	-	ENSG00000140798
ABCC11	16	48165773	48247568	-	ENSG00000121270
LONP2	16	48244267	48363122	+	ENSG00000102910
SIAH1	16	48356364	48448402	-	ENSG00000196470
N4BP1	16	48538726	48620148	-	ENSG00000102921
CBLN1	16	49277917	49281838	-	ENSG00000102924
C16orf78	16	49373804	49399431	+	ENSG00000166152
ZNF423	16	49487524	49857919	-	ENSG00000102935
CNEP1R1	16	50024410	50037088	+	ENSG00000205423
HEATR3	16	50065964	50107272	+	ENSG00000155393
TENT4B	16	50152911	50235310	+	ENSG00000121274
ADCY7	16	50246137	50318135	+	ENSG00000121281
BRD7	16	50313487	50368988	-	ENSG00000166164
NKD1	16	50548396	50649249	+	ENSG00000140807
SNX20	16	50666300	50681743	-	ENSG00000167208
NOD2	16	50693217	50733348	+	ENSG00000167207
CYLD	16	50742032	50801935	+	ENSG00000083799
SALL1	16	51135982	51152683	-	ENSG00000103449
HNRNPA1L3	16	51553436	51647132	+	ENSG00000224578
TOX3	16	52436417	52547802	-	ENSG00000103460
CHD9NB	16	53035690	53052897	-	ENSG00000277639
CHD9	16	53054991	53329150	+	ENSG00000177200
RBL2	16	53433977	53491649	+	ENSG00000103479
AKTIP	16	53490502	53504411	-	ENSG00000166971
RPGRIP1L	16	53598153	53703938	-	ENSG00000103494
FTO	16	53701692	54158512	+	ENSG00000140718
IRX3	16	54283304	54286787	-	ENSG00000177508
IRX5	16	54930865	54934485	+	ENSG00000176842
IRX6	16	55323974	55330757	+	ENSG00000159387
MMP2	16	55389700	55506691	+	ENSG00000087245
LPCAT2	16	55508994	55586666	+	ENSG00000087253
CAPNS2	16	55566684	55567687	+	ENSG00000256812
SLC6A2	16	55655988	55707645	+	ENSG00000103546
CES1	16	55802845	55833337	-	ENSG00000198848
CES5A	16	55846154	55956031	-	ENSG00000159398
GNAO1	16	56189660	56357444	+	ENSG00000087258
AMFR	16	56361449	56425545	-	ENSG00000159461
NUDT21	16	56429133	56452199	-	ENSG00000167005
OGFOD1	16	56451508	56479104	+	ENSG00000087263
BBS2	16	56465640	56582667	-	ENSG00000125124
MT4	16	56565073	56568957	+	ENSG00000102891
MT3	16	56589074	56591088	+	ENSG00000087250
MT2A	16	56608584	56609497	+	ENSG00000125148
MT1E	16	56625475	56627112	+	ENSG00000169715
MT1M	16	56632562	56633981	+	ENSG00000205364
MT1A	16	56638202	56640087	+	ENSG00000205362
MT1B	16	56651886	56653204	+	ENSG00000169688
MT1F	16	56657640	56660698	+	ENSG00000198417
MT1G	16	56666730	56668069	-	ENSG00000125144
MT1H	16	56669814	56671129	+	ENSG00000205358
MT1X	16	56682468	56684196	+	ENSG00000187193
NUP93	16	56730095	56850286	+	ENSG00000102900
SLC12A3	16	56865207	56915850	+	ENSG00000070915
HERPUD1	16	56930815	56944864	+	ENSG00000051108
CETP	16	56961923	56983845	+	ENSG00000087237
NLRC5	16	56989485	57084238	+	ENSG00000140853
CPNE2	16	57092549	57148369	+	ENSG00000140848
PSME3IP1	16	57152466	57186175	-	ENSG00000172775
RSPRY1	16	57186137	57240479	+	ENSG00000159579
ARL2BP	16	57245259	57253635	+	ENSG00000102931
PLLP	16	57248547	57284675	-	ENSG00000102934
CCL22	16	57357925	57366191	+	ENSG00000102962
CX3CL1	16	57372477	57385044	+	ENSG00000006210
CCL17	16	57404767	57416063	+	ENSG00000102970
CIAPIN1	16	57428177	57447420	-	ENSG00000005194
COQ9	16	57447425	57461274	+	ENSG00000088682
POLR2C	16	57462660	57472009	+	ENSG00000102978
DOK4	16	57471917	57487382	-	ENSG00000125170
CCDC102A	16	57511999	57537163	-	ENSG00000135736
ADGRG5	16	57542643	57591681	+	ENSG00000159618
ADGRG1	16	57610652	57665580	+	ENSG00000205336
ADGRG3	16	57668277	57689378	+	ENSG00000182885
DRC7	16	57694793	57731805	+	ENSG00000159625
KATNB1	16	57735669	57758271	+	ENSG00000140854
KIFC3	16	57755668	57863053	-	ENSG00000140859
CNGB1	16	57882340	57971128	-	ENSG00000070729
SPMIP8	16	57976435	57988116	+	ENSG00000159648
ZNF319	16	57994673	58000672	-	ENSG00000166188
USB1	16	57999546	58021618	+	ENSG00000103005
MMP15	16	58025606	58046901	+	ENSG00000102996
CFAP20	16	58113588	58129429	-	ENSG00000070761
CSNK2A2	16	58157907	58198191	-	ENSG00000070770
CFAP263	16	58231157	58283836	+	ENSG00000103021
PRSS54	16	58279997	58295047	-	ENSG00000103023
GINS3	16	58295080	58406147	+	ENSG00000181938
NDRG4	16	58462846	58513628	+	ENSG00000103034
SETD6	16	58515479	58523842	+	ENSG00000103037
CNOT1	16	58519951	58629885	-	ENSG00000125107
SLC38A7	16	58663015	58684770	-	ENSG00000103042
GOT2	16	58707130	58734361	-	ENSG00000125166
CDH8	16	61647242	62037035	-	ENSG00000150394
CDH11	16	64943753	65126112	-	ENSG00000140937
CDH5	16	66366636	66404784	+	ENSG00000179776
BEAN1	16	66427295	66493529	+	ENSG00000166546
TK2	16	66508003	66552544	-	ENSG00000166548
CKLF	16	66552563	66566251	+	ENSG00000217555
CKLF-CMTM1	16	66552587	66579135	+	ENSG00000254788
CMTM1	16	66566393	66579137	+	ENSG00000089505
CMTM2	16	66579448	66588275	+	ENSG00000140932
CMTM3	16	66603874	66613892	+	ENSG00000140931
CMTM4	16	66614750	66696743	-	ENSG00000183723
DYNC1LI2	16	66720893	66751836	-	ENSG00000135720
TERB1	16	66754640	66801620	-	ENSG00000249961
NAE1	16	66802874	66873256	-	ENSG00000159593
CA7	16	66844414	66854153	+	ENSG00000168748
PDP2	16	66878589	66895754	+	ENSG00000172840
CDH16	16	66908122	66919187	-	ENSG00000166589
RRAD	16	66921682	66926308	-	ENSG00000166592
CIAO2B	16	66932065	66934423	-	ENSG00000166595
CES2	16	66934444	66945096	+	ENSG00000172831
CES3	16	66961245	66975149	+	ENSG00000172828
CES4A	16	66988585	67010417	+	ENSG00000172824
CBFB	16	67028984	67101058	+	ENSG00000067955
PHAF1	16	67109941	67148544	+	ENSG00000125149
B3GNT9	16	67148104	67151260	-	ENSG00000237172
TRADD	16	67153969	67163760	-	ENSG00000102871
FBXL8	16	67159932	67164570	+	ENSG00000135722
HSF4	16	67164681	67169945	+	ENSG00000102878
NOL3	16	67170154	67176189	+	ENSG00000140939
MATCAP1	16	67175599	67184228	-	ENSG00000196123
EXOC3L1	16	67184314	67190242	-	ENSG00000179044
E2F4	16	67192155	67198918	+	ENSG00000205250
ELMO3	16	67199111	67204029	+	ENSG00000102890
TMEM208	16	67227103	67229278	+	ENSG00000168701
FHOD1	16	67229387	67247539	-	ENSG00000135723
SLC9A5	16	67237683	67272191	+	ENSG00000135740
PLEKHG4	16	67277510	67289499	+	ENSG00000196155
KCTD19	16	67289428	67326760	-	ENSG00000168676
LRRC36	16	67326798	67385204	+	ENSG00000159708
TPPP3	16	67389027	67393518	-	ENSG00000159713
ZDHHC1	16	67394152	67416833	-	ENSG00000159714
HSD11B2	16	67430652	67437553	+	ENSG00000176387
ATP6V0D1	16	67438005	67481188	-	ENSG00000159720
AGRP	16	67482571	67483548	-	ENSG00000159723
RIPOR1	16	67518418	67546788	+	ENSG00000039523
CTCF	16	67561831	67639189	+	ENSG00000102974
CARMIL2	16	67644988	67657569	+	ENSG00000159753
ACD	16	67657512	67660810	-	ENSG00000102977
PARD6A	16	67660909	67662777	+	ENSG00000102981
ENKD1	16	67662945	67667265	-	ENSG00000124074
C16orf86	16	67666814	67668757	+	ENSG00000159761
GFOD2	16	67674531	67719339	-	ENSG00000141098
RANBP10	16	67723070	67806560	-	ENSG00000141084
TSNAXIP1	16	67806765	67832148	+	ENSG00000102904
CENPT	16	67828157	67847811	-	ENSG00000102901
THAP11	16	67842320	67844195	+	ENSG00000168286
NUTF2	16	67846867	67872569	+	ENSG00000102898
EDC4	16	67873049	67884516	+	ENSG00000038358
NRN1L	16	67884885	67888855	+	ENSG00000188038
PSKH1	16	67893254	67929676	+	ENSG00000159792
CTRL	16	67927640	67932365	-	ENSG00000141086
PSMB10	16	67934506	67936864	-	ENSG00000205220
LCAT	16	67939750	67944131	-	ENSG00000213398
SLC12A4	16	67943474	67969601	-	ENSG00000124067
DPEP3	16	67975663	67980554	-	ENSG00000141096
DPEP2	16	67987392	68000615	-	ENSG00000167261
DUS2	16	67987746	68079344	+	ENSG00000167264
DPEP2NB	16	68013436	68015911	-	ENSG00000263201
DDX28	16	68020916	68023232	-	ENSG00000182810
NFATC3	16	68084751	68229259	+	ENSG00000072736
ESRP2	16	68229033	68238102	-	ENSG00000103067
PLA2G15	16	68245304	68261063	+	ENSG00000103066
SLC7A6	16	68264233	68301823	+	ENSG00000103064
SLC7A6OS	16	68284503	68310952	-	ENSG00000103061
PRMT7	16	68310916	68360852	+	ENSG00000132600
SMPD3	16	68358327	68448508	-	ENSG00000103056
ZFP90	16	68530090	68576072	+	ENSG00000184939
CDH3	16	68636189	68727468	+	ENSG00000062038
CDH1	16	68737292	68835540	+	ENSG00000039068
TANGO6	16	68843531	69086515	+	ENSG00000103047
HAS3	16	69105653	69118719	+	ENSG00000103044
CHTF8	16	69118010	69132588	-	ENSG00000168802
DERPC	16	69118010	69132588	-	ENSG00000286140
UTP4	16	69131291	69231130	+	ENSG00000141076
SNTB2	16	69187142	69309052	+	ENSG00000168807
VPS4A	16	69311336	69326939	+	ENSG00000132612
COG8	16	69320140	69339583	-	ENSG00000213380
PDF	16	69326913	69330588	-	ENSG00000258429
NIP7	16	69337996	69343106	+	ENSG00000132603
TMED6	16	69343250	69351786	-	ENSG00000157315
TERF2	16	69355464	69408571	-	ENSG00000132604
CYB5B	16	69398402	69466264	+	ENSG00000103018
NFAT5	16	69565094	69704666	+	ENSG00000102908
NQO1	16	69706996	69726668	-	ENSG00000181019
NOB1	16	69741871	69754942	-	ENSG00000141101
WWP2	16	69762281	69944553	+	ENSG00000198373
CLEC18A	16	69950705	69964452	+	ENSG00000157322
PDPR	16	70114246	70162537	+	ENSG00000090857
CLEC18C	16	70173322	70187361	+	ENSG00000157335
EXOSC6	16	70246778	70251940	-	ENSG00000223496
AARS1	16	70251983	70289707	-	ENSG00000090861
DDX19B	16	70289663	70335305	+	ENSG00000157349
DDX19A	16	70346861	70373992	+	ENSG00000168872
ST3GAL2	16	70375977	70439263	-	ENSG00000157350
FCSK	16	70454398	70480274	+	ENSG00000157353
COG4	16	70480568	70523560	-	ENSG00000103051
SF3B3	16	70523782	70577670	+	ENSG00000189091
IL34	16	70579878	70661556	+	ENSG00000157368
MTSS2	16	70661204	70686053	-	ENSG00000132613
VAC14	16	70687439	70801173	-	ENSG00000103043
HYDIN	16	70802084	71230722	-	ENSG00000157423
CMTR2	16	71281389	71289715	-	ENSG00000180917
CALB2	16	71358713	71390436	+	ENSG00000172137
TLE7	16	71429980	71442054	-	ENSG00000260734
ZNF23	16	71447597	71463095	-	ENSG00000167377
ZNF19	16	71464555	71565502	-	ENSG00000157429
CHST4	16	71525233	71541950	+	ENSG00000140835
TAT	16	71565660	71577095	-	ENSG00000198650
MARVELD3	16	71626161	71642114	+	ENSG00000140832
PHLPP2	16	71637835	71724701	-	ENSG00000040199
AP1G1	16	71729000	71809201	-	ENSG00000166747
ATXN1L	16	71808439	71885268	+	ENSG00000224470
IST1	16	71845996	71931199	+	ENSG00000182149
ZNF821	16	71859680	71895336	-	ENSG00000102984
PKD1L3	16	71929538	72000402	-	ENSG00000277481
DHODH	16	72008588	72027664	+	ENSG00000102967
HP	16	72054505	72061071	+	ENSG00000257017
HPR	16	72063148	72077246	+	ENSG00000261701
TXNL4B	16	72084854	72094431	-	ENSG00000140830
DHX38	16	72093613	72112912	+	ENSG00000140829
PMFBP1	16	72112157	72176878	-	ENSG00000118557
ZFHX3	16	72782885	73891871	-	ENSG00000140836
PSMD7	16	74296809	74306288	+	ENSG00000103035
NPIPB15	16	74376306	74392115	+	ENSG00000196436
CLEC18B	16	74408631	74424179	-	ENSG00000140839
GLG1	16	74447427	74607144	-	ENSG00000090863
RFWD3	16	74621393	74666912	-	ENSG00000168411
MLKL	16	74671855	74701156	-	ENSG00000168404
FA2H	16	74712955	74774837	-	ENSG00000103089
WDR59	16	74871362	75000173	-	ENSG00000103091
ZNRF1	16	74999014	75110994	+	ENSG00000186187
LDHD	16	75111855	75116782	-	ENSG00000166816
ZFP1	16	75148494	75172236	+	ENSG00000184517
CTRB2	16	75204103	75207161	-	ENSG00000168928
CTRB1	16	75218988	75226338	+	ENSG00000168925
BCAR1	16	75228181	75268053	-	ENSG00000050820
CFDP1	16	75293698	75433503	-	ENSG00000153774
TMEM170A	16	75443054	75465497	-	ENSG00000166822
CHST6	16	75472052	75495458	-	ENSG00000183196
CHST5	16	75528530	75536108	-	ENSG00000135702
TMEM231	16	75536741	75556289	-	ENSG00000205084
GABARAPL2	16	75566375	75577881	+	ENSG00000034713
ADAT1	16	75596868	75623300	-	ENSG00000065457
KARS1	16	75627472	75648663	-	ENSG00000065427
TERF2IP	16	75647765	75761872	+	ENSG00000166848
CPHXL2	16	75660227	75677009	-	ENSG00000284484
DUXB	16	75693893	75701461	-	ENSG00000282757
CPHXL	16	75714131	75726490	-	ENSG00000283755
CNTNAP4	16	76277278	76560757	+	ENSG00000152910
MON1B	16	77190835	77202398	+	ENSG00000103111
SYCE1L	16	77199408	77213215	+	ENSG00000205078
ADAMTS18	16	77247813	77435034	-	ENSG00000140873
NUDT7	16	77722485	77742260	+	ENSG00000140876
VAT1L	16	77788564	77980107	+	ENSG00000171724
CLEC3A	16	78022515	78066761	+	ENSG00000166509
WWOX	16	78099400	79212667	+	ENSG00000186153
MAF	16	79585843	79600737	-	ENSG00000178573
DYNLRB2	16	80540734	80550811	+	ENSG00000168589
CDYL2	16	80597907	80804598	-	ENSG00000166446
CMC2	16	80966448	81020270	-	ENSG00000103121
CENPN	16	81006506	81033114	+	ENSG00000166451
ATMIN	16	81035842	81047350	+	ENSG00000166454
C16orf46	16	81053497	81077267	-	ENSG00000166455
GCSH	16	81081945	81096406	-	ENSG00000140905
PKD1L2	16	81100875	81220370	-	ENSG00000166473
BCO1	16	81238576	81291226	+	ENSG00000135697
GAN	16	81314944	81390884	+	ENSG00000261609
CMIP	16	81444808	81711762	+	ENSG00000153815
PLCG2	16	81738248	81962685	+	ENSG00000197943
SDR42E1	16	81988855	82011482	-	ENSG00000184860
HSD17B2	16	82034988	82098534	+	ENSG00000086696
MPHOSPH6	16	82147798	82170228	-	ENSG00000135698
CDH13	16	82626965	83800640	+	ENSG00000140945
HSBP1	16	83719311	83819737	+	ENSG00000230989
MLYCD	16	83899115	83951445	+	ENSG00000103150
OSGIN1	16	83931311	83966333	+	ENSG00000140961
NECAB2	16	83968244	84002776	+	ENSG00000103154
SLC38A8	16	84009667	84043143	-	ENSG00000166558
MBTPS1	16	84053761	84116942	-	ENSG00000140943
HSDL1	16	84122141	84145212	-	ENSG00000103160
DNAAF1	16	84145261	84178769	+	ENSG00000154099
TAF1C	16	84177846	84187070	-	ENSG00000103168
ADAD2	16	84191125	84197168	+	ENSG00000140955
KCNG4	16	84218657	84240012	-	ENSG00000168418
WFDC1	16	84294615	84329853	+	ENSG00000103175
ATP2C2	16	84368476	84465779	+	ENSG00000064270
MEAK7	16	84476345	84565284	-	ENSG00000140950
COTL1	16	84565596	84618078	-	ENSG00000103187
KLHL36	16	84643425	84667837	+	ENSG00000135686
USP10	16	84699971	84779926	+	ENSG00000103194
CRISPLD2	16	84819981	84920768	+	ENSG00000103196
ZDHHC7	16	84974175	85011536	-	ENSG00000153786
KIAA0513	16	85027709	85094230	+	ENSG00000135709
CIBAR2	16	85098358	85112472	-	ENSG00000153789
GSE1	16	85169525	85676204	+	ENSG00000131149
GINS2	16	85676198	85690073	-	ENSG00000131153
C16orf74	16	85690084	85751129	-	ENSG00000154102
EMC8	16	85771758	85799625	-	ENSG00000131148
COX4I1	16	85798633	85807068	+	ENSG00000131143
IRF8	16	85899116	85922606	+	ENSG00000140968
FOXF1	16	86510527	86515422	+	ENSG00000103241
MTHFSD	16	86530178	86555235	-	ENSG00000103248
FOXC2	16	86566829	86569728	+	ENSG00000176692
FOXL1	16	86576340	86583478	+	ENSG00000176678
C16orf95	16	87083562	87317420	-	ENSG00000260456
FBXO31	16	87326987	87392142	-	ENSG00000103264
MAP1LC3B	16	87383953	87405090	+	ENSG00000140941
ZCCHC14	16	87406246	87493024	-	ENSG00000140948
JPH3	16	87601835	87698156	+	ENSG00000154118
KLHDC4	16	87696485	87765998	-	ENSG00000104731
SLC7A5	16	87830016	87869507	-	ENSG00000103257
CA5A	16	87881546	87936580	-	ENSG00000174990
BANP	16	87949127	88077321	+	ENSG00000172530
ZNF469	16	88382959	88440757	+	ENSG00000225614
ZFPM1	16	88453280	88537031	+	ENSG00000179588
ZC3H18	16	88570403	88631964	+	ENSG00000158545
IL17C	16	88638572	88640468	+	ENSG00000124391
CYBA	16	88643275	88651083	-	ENSG00000051523
MVD	16	88651934	88663161	-	ENSG00000167508
SNAI3	16	88677688	88686507	-	ENSG00000185669
RNF166	16	88696495	88706424	-	ENSG00000158717
CTU2	16	88706473	88715396	+	ENSG00000174177
PIEZO1	16	88715338	88785251	-	ENSG00000103335
CDT1	16	88803789	88809258	+	ENSG00000167513
APRT	16	88809339	88811963	-	ENSG00000198931
GALNS	16	88813733	88856970	-	ENSG00000141012
TRAPPC2L	16	88856220	88862686	+	ENSG00000167515
PABPN1L	16	88863333	88866660	-	ENSG00000205022
CBFA2T3	16	88874858	88977207	-	ENSG00000129993
ACSF3	16	89088375	89164121	+	ENSG00000176715
CDH15	16	89171748	89195492	+	ENSG00000129910
SLC22A31	16	89195761	89201651	-	ENSG00000259803
ZNF778	16	89217692	89237141	+	ENSG00000170100
ANKRD11	16	89267619	89490561	-	ENSG00000167522
SPG7	16	89490719	89557766	+	ENSG00000197912
RPL13	16	89560637	89567834	+	ENSG00000167526
CPNE7	16	89575732	89597247	+	ENSG00000178773
DPEP1	16	89613308	89638456	+	ENSG00000015413
CHMP1A	16	89640816	89657738	-	ENSG00000131165
SPATA33	16	89657740	89671272	+	ENSG00000167523
CDK10	16	89680737	89696369	+	ENSG00000185324
SPATA2L	16	89696357	89701705	-	ENSG00000158792
VPS9D1	16	89707128	89721324	-	ENSG00000075399
ZNF276	16	89720400	89740925	+	ENSG00000158805
FANCA	16	89726683	89816977	-	ENSG00000187741
SPIRE2	16	89818179	89871319	+	ENSG00000204991
TCF25	16	89873566	89913627	+	ENSG00000141002
MC1R	16	89912119	89920977	+	ENSG00000258839
TUBB3	16	89921392	89938761	+	ENSG00000258947
DEF8	16	89948127	89968066	+	ENSG00000140995
DBNDD1	16	90004871	90019890	-	ENSG00000003249
GAS8	16	90019629	90044975	+	ENSG00000141013
PRDM7	16	90056566	90092072	-	ENSG00000126856
SCGB1C2	17	137569	139067	+	ENSG00000268320
DOC2B	17	142789	181691	-	ENSG00000272636
RPH3AL	17	212389	386376	-	ENSG00000181031
LIAT1	17	410325	431062	+	ENSG00000187624
RFLNB	17	439978	445939	-	ENSG00000183688
VPS53	17	508503	721717	-	ENSG00000141252
TLCD3A	17	732412	742968	+	ENSG00000167695
GEMIN4	17	744421	753999	-	ENSG00000179409
GLOD4	17	757097	782341	-	ENSG00000167699
MRM3	17	782345	792509	+	ENSG00000171861
NXN	17	799310	979776	-	ENSG00000167693
TIMM22	17	997118	1003671	+	ENSG00000177370
ABR	17	1003519	1229738	-	ENSG00000159842
BHLHA9	17	1270444	1271815	+	ENSG00000205899
TRARG1	17	1279662	1300978	+	ENSG00000184811
YWHAE	17	1344275	1400255	-	ENSG00000108953
CRK	17	1420689	1463162	-	ENSG00000167193
MYO1C	17	1464186	1492698	-	ENSG00000197879
INPP5K	17	1494575	1516742	-	ENSG00000132376
PITPNA	17	1517718	1562792	-	ENSG00000174238
SLC43A2	17	1569268	1630103	-	ENSG00000167703
SCARF1	17	1633851	1645753	-	ENSG00000074660
RILP	17	1646143	1650077	-	ENSG00000167705
PRPF8	17	1650624	1684876	-	ENSG00000174231
TLCD2	17	1702816	1710377	-	ENSG00000185561
WDR81	17	1716523	1738599	+	ENSG00000167716
SERPINF2	17	1742069	1755271	+	ENSG00000167711
SERPINF1	17	1761979	1777627	+	ENSG00000132386
SMYD4	17	1779485	1830634	-	ENSG00000186532
RPA1	17	1829702	1900082	+	ENSG00000132383
RTN4RL1	17	1934677	2025334	-	ENSG00000185924
DPH1	17	2030137	2043898	+	ENSG00000108963
OVCA2	17	2042022	2043425	+	ENSG00000262664
HIC1	17	2054154	2063241	+	ENSG00000177374
SMG6	17	2059839	2303785	-	ENSG00000070366
SRR	17	2303383	2325260	+	ENSG00000167720
TSR1	17	2322392	2336657	-	ENSG00000167721
SGSM2	17	2337492	2381058	+	ENSG00000141258
MNT	17	2384073	2401142	-	ENSG00000070444
METTL16	17	2405562	2511891	-	ENSG00000127804
PAFAH1B1	17	2593183	2685616	+	ENSG00000007168
CLUH	17	2689386	2712663	-	ENSG00000132361
CCDC92B	17	2720801	2749652	-	ENSG00000277200
RAP1GAP2	17	2755705	3037741	+	ENSG00000132359
OR1D5	17	3062669	3063607	-	ENSG00000262628
OR1D2	17	3088484	3104422	-	ENSG00000184166
OR1G1	17	3126610	3127551	-	ENSG00000183024
OR1P1	17	3153889	3154882	-	ENSG00000262085
OR1A2	17	3197519	3198448	+	ENSG00000172150
OR1A1	17	3207539	3218896	+	ENSG00000172146
OR3A2	17	3276177	3386328	-	ENSG00000221882
OR3A1	17	3291017	3298360	-	ENSG00000180090
OR1R1P	17	3385930	3386874	+	ENSG00000180042
OR1E1	17	3397104	3398410	-	ENSG00000180016
OR3A3	17	3411370	3424070	+	ENSG00000159961
OR1E2	17	3432870	3433841	-	ENSG00000127780
SPATA22	17	3440019	3513852	-	ENSG00000141255
ASPA	17	3472374	3503405	+	ENSG00000108381
TRPV3	17	3510502	3557812	-	ENSG00000167723
TRPV1	17	3565444	3609411	-	ENSG00000196689
SHPK	17	3608240	3636250	-	ENSG00000197417
CTNS	17	3636459	3663103	+	ENSG00000040531
TAX1BP3	17	3662895	3668679	-	ENSG00000213977
P2RX5-TAX1BP3	17	3663063	3696194	-	ENSG00000257950
EMC6	17	3668812	3669668	+	ENSG00000127774
P2RX5	17	3672199	3696398	-	ENSG00000083454
ITGAE	17	3714628	3801193	-	ENSG00000083457
HASPIN	17	3723903	3726699	+	ENSG00000177602
NCBP3	17	3802158	3846246	-	ENSG00000074356
CAMKK1	17	3860315	3894891	-	ENSG00000004660
P2RX1	17	3896592	3916500	-	ENSG00000108405
ATP2A3	17	3923866	3964491	-	ENSG00000074370
ZZEF1	17	4004445	4143628	-	ENSG00000074755
CYB5D2	17	4143168	4187310	+	ENSG00000167740
ANKFY1	17	4163821	4263995	-	ENSG00000185722
UBE2G1	17	4269259	4366675	-	ENSG00000132388
SPNS3	17	4433940	4488208	+	ENSG00000182557
SPNS2	17	4498850	4539036	+	ENSG00000183018
MYBBP1A	17	4538897	4555400	-	ENSG00000132382
GGT6	17	4556927	4560818	-	ENSG00000167741
SMTNL2	17	4583999	4608319	+	ENSG00000188176
ALOX15	17	4630919	4642294	-	ENSG00000161905
PELP1	17	4669774	4704337	-	ENSG00000141456
ARRB2	17	4710393	4721500	+	ENSG00000141480
MED11	17	4731428	4733608	+	ENSG00000161920
CXCL16	17	4733533	4739934	-	ENSG00000161921
ZMYND15	17	4739108	4746119	+	ENSG00000141497
TM4SF5	17	4771849	4783213	+	ENSG00000142484
VMO1	17	4785285	4786433	-	ENSG00000182853
GLTPD2	17	4788964	4790589	+	ENSG00000182327
PSMB6	17	4796144	4798503	+	ENSG00000142507
C17orf114	17	4801159	4807013	-	ENSG00000262165
PLD2	17	4807117	4823434	+	ENSG00000129219
MINK1	17	4833147	4898065	+	ENSG00000141503
CHRNE	17	4897771	4934438	-	ENSG00000108556
C17orf107	17	4899418	4902934	+	ENSG00000205710
GP1BA	17	4932277	4935023	+	ENSG00000185245
SLC25A11	17	4934570	4940156	-	ENSG00000108528
RNF167	17	4939997	4945222	+	ENSG00000108523
PFN1	17	4945652	4950517	-	ENSG00000108518
ENO3	17	4948046	4957132	+	ENSG00000108515
SPAG7	17	4959226	4967825	-	ENSG00000091640
CAMTA2	17	4967992	4987684	-	ENSG00000108509
INCA1	17	4988130	4999117	-	ENSG00000196388
KIF1C	17	4997722	5028401	+	ENSG00000129250
SLC52A1	17	5032600	5052009	-	ENSG00000132517
ZFP3	17	5078467	5096376	+	ENSG00000180787
ZNF232	17	5105269	5123162	-	ENSG00000167840
USP6	17	5116032	5175034	+	ENSG00000129204
ZNF594	17	5179535	5191868	-	ENSG00000180626
SCIMP	17	5208920	5234860	-	ENSG00000161929
RABEP1	17	5282259	5386340	+	ENSG00000029725
NUP88	17	5359668	5420164	-	ENSG00000108559
RPAIN	17	5419216	5432882	+	ENSG00000129197
C1QBP	17	5432777	5448830	-	ENSG00000108561
DHX33	17	5440917	5468982	-	ENSG00000005100
DERL2	17	5471254	5486811	-	ENSG00000072849
MIS12	17	5486285	5490816	+	ENSG00000167842
NLRP1	17	5499415	5619424	-	ENSG00000091592
WSCD1	17	6057807	6124427	+	ENSG00000179314
AIPL1	17	6393693	6435199	-	ENSG00000129221
PIMREG	17	6443807	6451469	+	ENSG00000129195
PITPNM3	17	6451263	6556555	-	ENSG00000091622
KIAA0753	17	6578147	6640711	-	ENSG00000198920
TXNDC17	17	6640712	6644541	+	ENSG00000129235
MED31	17	6643311	6651634	-	ENSG00000108590
C17orf100	17	6651762	6693202	+	ENSG00000256806
SLC13A5	17	6684715	6713377	-	ENSG00000141485
XAF1	17	6755377	6775647	+	ENSG00000132530
FBXO39	17	6776215	6797101	+	ENSG00000177294
TEKT1	17	6789133	6831761	-	ENSG00000167858
ALOX12	17	6996049	7010754	+	ENSG00000108839
RNASEK	17	7012417	7014532	+	ENSG00000219200
RNASEK-C17orf49	17	7012635	7017520	+	ENSG00000161939
BACC1	17	7014495	7017544	+	ENSG00000258315
BCL6B	17	7023050	7030290	+	ENSG00000161940
SLC16A13	17	7036015	7040117	+	ENSG00000174327
SLC16A11	17	7041621	7044092	-	ENSG00000174326
CLEC10A	17	7074537	7081166	-	ENSG00000132514
ASGR2	17	7100166	7116603	-	ENSG00000161944
ASGR1	17	7172535	7179648	-	ENSG00000141505
DLG4	17	7187187	7219836	-	ENSG00000132535
ACADVL	17	7217125	7225269	+	ENSG00000072778
DVL2	17	7225342	7234524	-	ENSG00000004975
PHF23	17	7235029	7239722	-	ENSG00000040633
GABARAP	17	7240008	7242449	-	ENSG00000170296
CTDNEP1	17	7243589	7252841	-	ENSG00000175826
ELP5	17	7250823	7260165	+	ENSG00000170291
CLDN7	17	7259347	7264016	-	ENSG00000181885
SLC2A4	17	7281667	7289241	+	ENSG00000181856
YBX2	17	7288263	7294639	-	ENSG00000006047
EIF5A	17	7306944	7312466	+	ENSG00000132507
GPS2	17	7311324	7315564	-	ENSG00000132522
NEURL4	17	7315628	7329393	-	ENSG00000215041
ACAP1	17	7332960	7351478	+	ENSG00000072818
KCTD11	17	7351889	7354944	+	ENSG00000213859
TMEM95	17	7355123	7357219	+	ENSG00000182896
TNK1	17	7380534	7389774	+	ENSG00000174292
PLSCR3	17	7389727	7397054	-	ENSG00000187838
TMEM256-PLSCR3	17	7389734	7404097	-	ENSG00000262481
TMEM256	17	7402975	7404097	-	ENSG00000205544
NLGN2	17	7404874	7419860	+	ENSG00000169992
SPEM1	17	7420324	7421632	+	ENSG00000181323
SPEM2	17	7425616	7427568	+	ENSG00000184560
SPEM3	17	7428857	7432820	+	ENSG00000283439
TMEM102	17	7435430	7437679	+	ENSG00000181284
FGF11	17	7438265	7444937	+	ENSG00000161958
CHRNB1	17	7445061	7457710	+	ENSG00000170175
ZBTB4	17	7459366	7484263	-	ENSG00000174282
SLC35G6	17	7481446	7483496	+	ENSG00000259224
POLR2A	17	7484366	7514616	+	ENSG00000181222
TNFSF12	17	7548508	7557890	+	ENSG00000239697
TNFSF12-TNFSF13	17	7549099	7561601	+	ENSG00000248871
TNFSF13	17	7558292	7561608	+	ENSG00000161955
SENP3	17	7561919	7571969	+	ENSG00000161956
SENP3-EIF4A1	17	7563287	7578715	+	ENSG00000277957
EIF4A1	17	7572760	7579006	+	ENSG00000161960
CD68	17	7579380	7582112	+	ENSG00000129226
MPDU1	17	7583529	7592789	+	ENSG00000129255
SOX15	17	7588178	7590094	-	ENSG00000129194
FXR2	17	7591230	7614897	-	ENSG00000129245
SHBG	17	7613946	7633469	+	ENSG00000129214
SAT2	17	7626234	7627876	-	ENSG00000141504
ATP1B2	17	7646627	7657770	+	ENSG00000129244
TP53	17	7661779	7687546	-	ENSG00000141510
WRAP53	17	7686071	7703505	+	ENSG00000141499
EFNB3	17	7705202	7711372	+	ENSG00000108947
DNAH2	17	7717744	7833742	+	ENSG00000183914
KDM6B	17	7834193	7854796	+	ENSG00000132510
TMEM88	17	7855059	7856114	+	ENSG00000167874
NAA38	17	7856685	7885238	-	ENSG00000183011
CYB5D1	17	7857746	7862282	+	ENSG00000182224
CHD3	17	7884796	7912760	+	ENSG00000170004
RNF227	17	7913339	7916289	-	ENSG00000179859
KCNAB3	17	7921577	7929856	-	ENSG00000170049
TRAPPC1	17	7930345	7932123	-	ENSG00000170043
CNTROB	17	7932101	7949920	+	ENSG00000170037
GUCY2D	17	8002615	8020342	+	ENSG00000132518
ALOX15B	17	8039011	8049134	+	ENSG00000179593
ALOX12B	17	8072636	8087716	-	ENSG00000179477
ALOXE3	17	8095900	8119047	-	ENSG00000179148
HES7	17	8120592	8124106	-	ENSG00000179111
PER1	17	8140467	8156506	-	ENSG00000179094
VAMP2	17	8159149	8163546	-	ENSG00000220205
TMEM107	17	8172457	8176405	-	ENSG00000179029
BORCS6	17	8188345	8190180	-	ENSG00000196544
AURKB	17	8204335	8210634	-	ENSG00000178999
CTC1	17	8224815	8248058	-	ENSG00000178971
PFAS	17	8247618	8270491	+	ENSG00000178921
SLC25A35	17	8287763	8295410	-	ENSG00000125434
RANGRF	17	8288631	8290092	+	ENSG00000108961
ARHGEF15	17	8310241	8323127	+	ENSG00000198844
ODF4	17	8339840	8346048	+	ENSG00000184650
KRBA2	17	8356902	8376738	-	ENSG00000184619
RPL26	17	8377503	8384062	-	ENSG00000161970
RNF222	17	8390702	8397827	-	ENSG00000189051
NDEL1	17	8408528	8490411	+	ENSG00000166579
MYH10	17	8474205	8632303	-	ENSG00000133026
CCDC42	17	8729930	8745970	-	ENSG00000161973
SPDYE4	17	8747524	8758559	-	ENSG00000183318
MFSD6L	17	8797110	8799365	-	ENSG00000185156
PIK3R6	17	8802722	8867686	-	ENSG00000276231
PIK3R5	17	8878911	8965726	-	ENSG00000141506
NTN1	17	9021210	9244000	+	ENSG00000065320
STX8	17	9250471	9576591	-	ENSG00000170310
CFAP52	17	9576627	9643447	+	ENSG00000166596
USP43	17	9644663	9729693	+	ENSG00000154914
DHRS7C	17	9771434	9791592	-	ENSG00000184544
GSG1L2	17	9800608	9822079	-	ENSG00000214978
GLP2R	17	9822206	9892099	+	ENSG00000065325
RCVRN	17	9896320	9905271	-	ENSG00000109047
GAS7	17	9910606	10198853	-	ENSG00000007237
MYH13	17	10300865	10373130	-	ENSG00000006788
MYH8	17	10390322	10421950	-	ENSG00000133020
MYH4	17	10443290	10469559	-	ENSG00000264424
MYH1	17	10491389	10518719	-	ENSG00000109061
MYH2	17	10521148	10549700	-	ENSG00000125414
MYH3	17	10628526	10657309	-	ENSG00000109063
SCO1	17	10672474	10698375	-	ENSG00000133028
ADPRM	17	10697594	10711558	+	ENSG00000170222
TMEM220	17	10699015	10730354	-	ENSG00000187824
TMEM238L	17	10794908	10804099	-	ENSG00000263429
PIRT	17	10822470	10838087	-	ENSG00000233670
SHISA6	17	11241213	11564063	+	ENSG00000188803
DNAH9	17	11598470	11969748	+	ENSG00000007174
ZNF18	17	11977439	11997475	-	ENSG00000154957
MAP2K4	17	12020828	12143830	+	ENSG00000065559
MYOCD	17	12665890	12768949	+	ENSG00000141052
ARHGAP44	17	12789498	12991643	+	ENSG00000006740
ELAC2	17	12991268	13018065	-	ENSG00000006744
HS3ST3A1	17	13494032	13601929	-	ENSG00000153976
COX10	17	14069490	14231736	+	ENSG00000006695
CDRT15	17	14235673	14236862	-	ENSG00000223510
HS3ST3B1	17	14301081	14349404	+	ENSG00000125430
PMP22	17	15229773	15272292	-	ENSG00000109099
TEKT3	17	15303811	15341632	-	ENSG00000125409
CDRT4	17	15436015	15475733	-	ENSG00000239704
TVP23C-CDRT4	17	15436021	15563561	-	ENSG00000259024
TVP23C	17	15502264	15563595	-	ENSG00000175106
FBXW10B	17	15565484	15619704	-	ENSG00000241322
TRIM16	17	15627950	15684311	-	ENSG00000221926
ZNF286A-TBC1D26	17	15699552	15745940	+	ENSG00000255104
ZNF286A	17	15699577	15720787	+	ENSG00000187607
TBC1D26	17	15732247	15746162	+	ENSG00000214946
ADORA2B	17	15945130	15975746	+	ENSG00000170425
ZSWIM7	17	15976560	15999717	-	ENSG00000214941
TTC19	17	15999783	16045015	+	ENSG00000011295
NCOR1	17	16029065	16218185	-	ENSG00000141027
PIGL	17	16217191	16351797	+	ENSG00000108474
CENPV	17	16342534	16353656	-	ENSG00000166582
UBB	17	16380667	16382745	+	ENSG00000170315
TRPV2	17	16415571	16437003	+	ENSG00000187688
LRRC75A	17	16441577	16492237	-	ENSG00000181350
ZNF287	17	16546954	16569218	-	ENSG00000141040
ZNF624	17	16620734	16653856	-	ENSG00000197566
CCDC144A	17	16689537	16777974	+	ENSG00000170160
TNFRSF13B	17	16929816	16972118	-	ENSG00000240505
MPRIP	17	17042457	17217679	+	ENSG00000133030
PLD6	17	17200995	17206333	-	ENSG00000179598
FLCN	17	17212206	17237203	-	ENSG00000154803
COPS3	17	17246616	17281303	-	ENSG00000141030
NT5M	17	17303331	17347663	+	ENSG00000205309
MED9	17	17476994	17493221	+	ENSG00000141026
RASD1	17	17494437	17496396	-	ENSG00000108551
PEMT	17	17505561	17591718	-	ENSG00000133027
RAI1	17	17681458	17811453	+	ENSG00000108557
SREBF1	17	17810399	17837030	-	ENSG00000072310
TOM1L2	17	17843507	17972469	-	ENSG00000175662
DRC3	17	17972813	18016889	+	ENSG00000171962
ATPAF2	17	17977409	18039209	-	ENSG00000171953
GID4	17	18039408	18068405	+	ENSG00000141034
DRG2	17	18087892	18107979	+	ENSG00000108591
MYO15A	17	18108756	18179802	+	ENSG00000091536
ALKBH5	17	18183078	18209954	+	ENSG00000091542
LLGL1	17	18225569	18244876	+	ENSG00000131899
FLII	17	18244782	18258772	-	ENSG00000177731
MIEF2	17	18259527	18266552	+	ENSG00000177427
TOP3A	17	18271428	18315007	-	ENSG00000177302
SMCR8	17	18315293	18328056	+	ENSG00000176994
SHMT1	17	18327686	18363550	-	ENSG00000176974
EVPLL	17	18377674	18389652	+	ENSG00000214860
LGALS9C	17	18476737	18494945	+	ENSG00000171916
TBC1D28	17	18634247	18644427	-	ENSG00000189375
FOXO3B	17	18667629	18682314	-	ENSG00000240445
FBXW10	17	18744026	18779349	+	ENSG00000171931
TVP23B	17	18781111	18806715	+	ENSG00000171928
PRPSAP2	17	18840085	18931287	+	ENSG00000141127
SLC5A10	17	18950345	19022595	+	ENSG00000154025
FAM83G	17	18968789	19004815	-	ENSG00000188522
GRAP	17	19020656	19047143	-	ENSG00000154016
GRAPL	17	19127535	19162274	+	ENSG00000189152
EPN2	17	19214837	19336715	+	ENSG00000072134
B9D1	17	19334308	19378193	-	ENSG00000108641
MAPK7	17	19377721	19383544	+	ENSG00000166484
MFAP4	17	19383442	19387197	-	ENSG00000166482
RNF112	17	19410959	19417281	+	ENSG00000128482
SLC47A1	17	19495385	19579034	+	ENSG00000142494
ALDH3A2	17	19647291	19685760	+	ENSG00000072210
SLC47A2	17	19678288	19718979	-	ENSG00000180638
ALDH3A1	17	19737984	19748943	-	ENSG00000108602
ULK2	17	19770829	19867937	-	ENSG00000083290
AKAP10	17	19904302	19978343	-	ENSG00000108599
SPECC1	17	20008865	20319026	+	ENSG00000128487
LGALS9B	17	20449395	20467548	-	ENSG00000170298
CDRT15L2	17	20579724	20580911	+	ENSG00000214819
MEIS3P2	17	20589058	20590700	+	ENSG00000188013
USP22	17	20999596	21043760	-	ENSG00000124422
DHRS7B	17	21123364	21193265	+	ENSG00000109016
TMEM11	17	21197954	21214595	-	ENSG00000178307
NATD1	17	21238870	21253410	-	ENSG00000274180
MAP2K3	17	21284672	21315240	+	ENSG00000034152
KCNJ12	17	21376303	21419870	+	ENSG00000184185
KCNJ18	17	21692523	21704612	+	ENSG00000260458
WSB1	17	27294067	27315926	+	ENSG00000109046
KSR1	17	27456448	27626438	+	ENSG00000141068
LGALS9	17	27629798	27649561	+	ENSG00000168961
NOS2	17	27756766	27800758	-	ENSG00000007171
LYRM9	17	27878314	27894752	-	ENSG00000232859
NLK	17	28041723	28196381	+	ENSG00000087095
TMEM97	17	28319200	28328685	+	ENSG00000109084
IFT20	17	28328319	28335489	-	ENSG00000109083
TNFAIP1	17	28335602	28347009	+	ENSG00000109079
POLDIP2	17	28346173	28357584	-	ENSG00000004142
VMA12	17	28357642	28363683	+	ENSG00000244045
SEBOX	17	28363506	28365199	-	ENSG00000274529
SARM1	17	28364356	28404049	+	ENSG00000004139
VTN	17	28367265	28373091	-	ENSG00000109072
SLC46A1	17	28394642	28407197	-	ENSG00000076351
RSKR	17	28455752	28614197	-	ENSG00000167524
SLC13A2	17	28473275	28497782	+	ENSG00000007216
FOXN1	17	28506243	28538900	+	ENSG00000109101
UNC119	17	28546708	28552653	-	ENSG00000109103
PIGS	17	28553383	28571794	-	ENSG00000087111
ALDOC	17	28573115	28576948	-	ENSG00000109107
SPAG5	17	28577565	28599025	-	ENSG00000076382
BLTP2	17	28614440	28645454	-	ENSG00000007202
SDF2	17	28648346	28662189	-	ENSG00000132581
SUPT6H	17	28661929	28702682	+	ENSG00000109111
PROCA1	17	28703197	28711888	-	ENSG00000167525
RAB34	17	28713545	28719594	-	ENSG00000109113
RPL23A	17	28719983	28724359	+	ENSG00000198242
TLCD1	17	28724348	28727935	-	ENSG00000160606
NEK8	17	28725897	28743455	+	ENSG00000160602
TRAF4	17	28744011	28750956	+	ENSG00000076604
FAM222B	17	28755971	28855232	-	ENSG00000173065
ERAL1	17	28855009	28861067	+	ENSG00000132591
FLOT2	17	28879335	28897739	-	ENSG00000132589
DHRS13	17	28897781	28903079	-	ENSG00000167536
PHF12	17	28905250	28951771	-	ENSG00000109118
PIPOX	17	28950513	29057583	+	ENSG00000179761
SEZ6	17	28954901	29006440	-	ENSG00000063015
MYO18A	17	29071119	29180456	-	ENSG00000196535
CRYBA1	17	29246859	29254494	+	ENSG00000108255
NUFIP2	17	29255839	29294148	-	ENSG00000108256
TAOK1	17	29390351	29551903	+	ENSG00000160551
ABHD15	17	29560547	29567037	-	ENSG00000168792
TP53I13	17	29566052	29573164	+	ENSG00000167543
GIT1	17	29573475	29594054	-	ENSG00000108262
ANKRD13B	17	29589769	29614761	+	ENSG00000198720
CORO6	17	29614756	29622923	-	ENSG00000167549
SSH2	17	29625938	29930276	-	ENSG00000141298
EFCAB5	17	29929200	30108452	+	ENSG00000176927
NSRP1	17	30115521	30186475	+	ENSG00000126653
SLC6A4	17	30194312	30238482	-	ENSG00000108576
BLMH	17	30248200	30292152	-	ENSG00000108578
TMIGD1	17	30315839	30334098	-	ENSG00000182271
CPD	17	30378922	30469989	+	ENSG00000108582
GOSR1	17	30477362	30527592	+	ENSG00000108587
CRLF3	17	30769388	30824692	-	ENSG00000176390
ATAD5	17	30831966	30895869	+	ENSG00000176208
TEFM	17	30897336	30906249	-	ENSG00000172171
ADAP2	17	30906344	30959945	+	ENSG00000184060
RNF135	17	30970984	30999911	+	ENSG00000181481
NF1	17	31094927	31382116	+	ENSG00000196712
OMG	17	31272013	31297539	-	ENSG00000126861
EVI2B	17	31303770	31314421	-	ENSG00000185862
EVI2A	17	31316410	31321749	-	ENSG00000126860
RAB11FIP4	17	31391675	31538211	+	ENSG00000131242
COPRS	17	31851871	31859291	-	ENSG00000172301
UTP6	17	31860904	31901746	-	ENSG00000108651
SUZ12	17	31936995	32001045	+	ENSG00000178691
LRRC37B	17	32007383	32053504	+	ENSG00000185158
RHOT1	17	32142442	32253374	+	ENSG00000126858
RHBDL3	17	32265787	32324663	+	ENSG00000141314
C17orf75	17	32324565	32350023	-	ENSG00000108666
ZNF207	17	32350122	32381885	+	ENSG00000010244
PSMD11	17	32444379	32483319	+	ENSG00000108671
CDK5R1	17	32486156	32491253	+	ENSG00000176749
MYO1D	17	32492522	32877192	-	ENSG00000176658
H2BN1	17	32895433	32906586	+	ENSG00000290320
TMEM98	17	32927910	32945106	+	ENSG00000006042
SPACA3	17	32970376	32997877	+	ENSG00000141316
ASIC2	17	33013087	34174964	-	ENSG00000108684
CCL2	17	34255274	34257208	+	ENSG00000108691
CCL7	17	34270221	34272242	+	ENSG00000108688
CCL11	17	34285742	34288334	+	ENSG00000172156
CCL8	17	34319435	34321402	+	ENSG00000108700
CCL13	17	34356480	34358610	+	ENSG00000181374
CCL1	17	34360328	34363233	-	ENSG00000108702
TMEM132E	17	34579487	34639318	+	ENSG00000181291
CCT6B	17	34927859	34981078	-	ENSG00000132141
ZNF830	17	34961540	34963777	+	ENSG00000198783
LIG3	17	34980462	35009743	+	ENSG00000005156
RFFL	17	35005990	35089899	-	ENSG00000092871
RAD51D	17	35092221	35121522	-	ENSG00000185379
FNDC8	17	35121615	35130732	+	ENSG00000073598
NLE1	17	35128730	35142306	-	ENSG00000073536
UNC45B	17	35146495	35189346	+	ENSG00000141161
SLC35G3	17	35192520	35194393	-	ENSG00000164729
SLFN5	17	35243043	35273655	+	ENSG00000166750
SLFN11	17	35350305	35373701	-	ENSG00000172716
SLFN12	17	35409347	35433475	-	ENSG00000172123
SLFN13	17	35435096	35449766	-	ENSG00000154760
SLFN12L	17	35464249	35537683	-	ENSG00000205045
SLFN14	17	35543985	35560819	-	ENSG00000236320
PEX12	17	35574795	35578863	-	ENSG00000108733
AP2B1	17	35578046	35726417	+	ENSG00000006125
RASL10B	17	35731639	35743521	+	ENSG00000270885
GAS2L2	17	35744511	35753260	-	ENSG00000270765
MMP28	17	35756249	35795707	-	ENSG00000271447
C17orf50	17	35760887	35765079	+	ENSG00000270806
TAF15	17	35809481	35864615	+	ENSG00000270647
HEATR9	17	35854946	35868891	-	ENSG00000270379
CCL5	17	35871491	35880793	-	ENSG00000271503
RDM1	17	35918066	35930773	-	ENSG00000278023
LYZL6	17	35934518	35943713	-	ENSG00000275722
CCL16	17	35976194	35981537	-	ENSG00000275152
CCL14	17	35983288	35987033	-	ENSG00000276409
CCL15-CCL14	17	35983656	36001621	-	ENSG00000275688
CCL15	17	35996440	36001553	-	ENSG00000275718
CCL23	17	36013056	36017972	-	ENSG00000274736
CCL18	17	36064272	36072032	+	ENSG00000275385
CCL3	17	36088256	36090169	-	ENSG00000277632
CCL4	17	36103827	36105621	+	ENSG00000275302
TBC1D3B	17	36165683	36176636	-	ENSG00000274808
CCL3L3	17	36194869	36196758	-	ENSG00000276085
CCL4L2	17	36210924	36212878	+	ENSG00000276070
TBC1D3I	17	36253456	36264570	-	ENSG00000274933
TBC1D3G	17	36323884	36334759	+	ENSG00000260287
TBC1D3H	17	36377531	36388435	-	ENSG00000274226
TBC1D3F	17	36428612	36439566	-	ENSG00000275954
ZNHIT3	17	36486629	36499310	+	ENSG00000273611
MYO19	17	36495118	36545884	-	ENSG00000278259
PIGW	17	36534987	36539310	+	ENSG00000277161
GGNBP2	17	36544888	36589848	+	ENSG00000278311
DHRS11	17	36591797	36600805	+	ENSG00000278535
MRM1	17	36601583	36608971	+	ENSG00000278619
LHX1	17	36936784	36944612	+	ENSG00000273706
AATF	17	36948925	37056874	+	ENSG00000275700
ACACA	17	37084992	37406836	-	ENSG00000278540
C17orf78	17	37375985	37392708	+	ENSG00000278505
TADA2A	17	37406884	37479725	+	ENSG00000276234
DUSP14	17	37488397	37513517	+	ENSG00000276023
SYNRG	17	37514807	37609472	-	ENSG00000275066
DDX52	17	37609739	37643446	-	ENSG00000278053
HNF1B	17	37686431	37745091	-	ENSG00000275410
TBC1D3K	17	37924415	37935371	+	ENSG00000273513
TBC1D3L	17	37978154	37989389	-	ENSG00000274512
TBC1D3D	17	38003976	38014908	+	ENSG00000274419
TBC1D3C	17	38057693	38068634	-	ENSG00000278299
TBC1D3E	17	38127951	38138868	+	ENSG00000278599
TBC1D3	17	38181659	38194017	-	ENSG00000274611
MRPL45	17	38297023	38323218	+	ENSG00000278845
GPR179	17	38324571	38343956	-	ENSG00000277399
SOCS7	17	38351844	38405593	+	ENSG00000274211
ARHGAP23	17	38419280	38512385	+	ENSG00000275832
SRCIN1	17	38530031	38605952	-	ENSG00000277363
EPOP	17	38671703	38674957	-	ENSG00000273604
MLLT6	17	38705273	38729795	+	ENSG00000275023
CISD3	17	38730318	38735605	+	ENSG00000277972
PCGF2	17	38733894	38752555	-	ENSG00000277258
PSMB3	17	38752736	38764231	+	ENSG00000277791
PIP4K2B	17	38765691	38800126	-	ENSG00000276293
CWC25	17	38800441	38825646	-	ENSG00000273559
SPMAP1	17	38835086	38841438	-	ENSG00000275489
RPL23	17	38847860	38868644	-	ENSG00000125691
LASP1	17	38869185	38921771	+	ENSG00000002834
LASP1NB	17	38925614	38929381	+	ENSG00000263874
FBXO47	17	38936432	38967403	-	ENSG00000204952
PLXDC1	17	39063313	39154394	-	ENSG00000161381
ARL5C	17	39156894	39167484	-	ENSG00000141748
CACNB1	17	39173453	39197723	-	ENSG00000067191
RPL19	17	39200283	39204840	+	ENSG00000108298
STAC2	17	39210540	39225945	-	ENSG00000141750
FBXL20	17	39252663	39402523	-	ENSG00000108306
MED1	17	39404285	39451272	-	ENSG00000125686
CDK12	17	39461437	39567559	+	ENSG00000167258
NEUROD2	17	39603536	39609777	-	ENSG00000171532
PPP1R1B	17	39626740	39636626	+	ENSG00000131771
STARD3	17	39637090	39664201	+	ENSG00000131748
TCAP	17	39665349	39666554	+	ENSG00000173991
PNMT	17	39667981	39670475	+	ENSG00000141744
PGAP3	17	39671122	39696797	-	ENSG00000161395
ERBB2	17	39687914	39730426	+	ENSG00000141736
MIEN1	17	39728496	39730555	-	ENSG00000141741
GRB7	17	39737490	39747292	+	ENSG00000141738
IKZF3	17	39757715	39864312	-	ENSG00000161405
ZPBP2	17	39868202	39877896	+	ENSG00000186075
GSDMB	17	39904595	39919854	-	ENSG00000073605
ORMDL3	17	39921037	39929328	-	ENSG00000172057
LRRC3C	17	39927732	39944999	+	ENSG00000204913
GSDMA	17	39953263	39977768	+	ENSG00000167914
PSMD3	17	39980800	39997960	+	ENSG00000108344
CSF3	17	40015361	40017816	+	ENSG00000108342
MED24	17	40019097	40061215	-	ENSG00000008838
THRA	17	40058290	40093867	+	ENSG00000126351
NR1D1	17	40092793	40100589	-	ENSG00000126368
MSL1	17	40121971	40136917	+	ENSG00000188895
CASC3	17	40140278	40177001	+	ENSG00000108349
RAPGEFL1	17	40177010	40195656	+	ENSG00000108352
WIPF2	17	40218743	40284136	+	ENSG00000171475
CDC6	17	40287831	40304657	+	ENSG00000094804
RARA	17	40309180	40357643	+	ENSG00000131759
GJD3	17	40360652	40364737	-	ENSG00000183153
TOP2A	17	40388525	40417896	-	ENSG00000131747
IGFBP4	17	40443446	40457727	+	ENSG00000141753
TNS4	17	40475828	40501627	-	ENSG00000131746
CCR7	17	40551081	40565472	-	ENSG00000126353
SMARCE1	17	40624962	40648654	-	ENSG00000073584
KRT222	17	40654665	40665181	-	ENSG00000213424
KRT24	17	40697991	40703752	-	ENSG00000167916
KRT25	17	40748021	40755331	-	ENSG00000204897
KRT26	17	40766238	40772201	-	ENSG00000186393
KRT27	17	40776808	40782550	-	ENSG00000171446
KRT28	17	40792196	40799959	-	ENSG00000173908
KRT10	17	40818117	40822614	-	ENSG00000186395
KRT12	17	40861303	40867223	-	ENSG00000187242
KRT20	17	40874934	40885243	-	ENSG00000171431
KRT23	17	40922700	40937646	-	ENSG00000108244
KRT39	17	40958417	40966948	-	ENSG00000196859
KRT40	17	40977715	40987135	-	ENSG00000204889
KRTAP3-3	17	40993430	40994164	-	ENSG00000212899
KRTAP3-2	17	40999193	40999906	-	ENSG00000212900
KRTAP3-1	17	41008521	41019324	-	ENSG00000212901
KRTAP1-5	17	41026026	41027208	-	ENSG00000221852
KRTAP1-4	17	41029351	41030195	-	ENSG00000204887
KRTAP1-3	17	41033884	41034874	-	ENSG00000221880
KRTAP1-1	17	41040541	41041450	-	ENSG00000188581
KRTAP2-1	17	41046541	41047316	-	ENSG00000212725
KRTAP2-2	17	41054498	41055230	-	ENSG00000214518
KRTAP2-3	17	41059240	41060114	-	ENSG00000212724
KRTAP2-4	17	41065116	41065879	-	ENSG00000213417
KRTAP4-7	17	41084150	41085144	+	ENSG00000240871
KRTAP4-8	17	41096981	41098142	-	ENSG00000204880
KRTAP4-16	17	41101502	41102209	-	ENSG00000241241
KRTAP4-9	17	41105389	41106488	+	ENSG00000212722
KRTAP4-11	17	41117181	41118373	-	ENSG00000212721
KRTAP4-12	17	41123091	41124182	-	ENSG00000213416
KRTAP4-6	17	41139433	41140544	-	ENSG00000198090
KRTAP4-5	17	41148924	41149825	-	ENSG00000198271
KRTAP4-4	17	41159649	41160748	-	ENSG00000171396
KRTAP4-3	17	41167231	41168221	-	ENSG00000196156
KRTAP4-2	17	41177446	41178221	-	ENSG00000244537
KRTAP4-1	17	41184100	41184911	-	ENSG00000198443
KRTAP9-1	17	41189887	41190639	+	ENSG00000240542
KRTAP9-2	17	41226648	41227652	+	ENSG00000239886
KRTAP9-3	17	41232449	41233454	+	ENSG00000204873
KRTAP9-8	17	41237999	41239004	+	ENSG00000187272
KRTAP9-4	17	41249687	41250653	+	ENSG00000241595
KRTAP9-9	17	41255384	41256364	+	ENSG00000198083
KRTAP9-6	17	41265378	41265860	+	ENSG00000212659
KRTAP9-7	17	41275698	41276207	+	ENSG00000180386
KRTAP29-1	17	41301826	41302851	-	ENSG00000212658
KRTAP16-1	17	41307700	41309309	-	ENSG00000212657
KRTAP17-1	17	41314912	41315710	-	ENSG00000186860
KRT33A	17	41346092	41350828	-	ENSG00000006059
KRT33B	17	41363498	41369813	-	ENSG00000131738
KRT34	17	41377669	41382306	-	ENSG00000131737
KRT31	17	41393721	41397608	-	ENSG00000094796
KRT37	17	41420547	41424585	-	ENSG00000108417
KRT38	17	41436154	41440983	-	ENSG00000171360
KRT32	17	41459513	41467386	-	ENSG00000108759
KRT35	17	41476710	41481151	-	ENSG00000197079
KRT36	17	41486136	41492546	-	ENSG00000126337
KRT13	17	41500981	41505705	-	ENSG00000171401
KRT15	17	41513745	41522529	-	ENSG00000171346
KRT19	17	41523613	41528308	-	ENSG00000171345
KRT9	17	41565836	41572059	-	ENSG00000171403
KRT14	17	41582279	41586895	-	ENSG00000186847
KRT16	17	41609778	41615899	-	ENSG00000186832
KRT17	17	41619437	41624842	-	ENSG00000128422
EIF1	17	41688883	41692668	+	ENSG00000173812
GAST	17	41712331	41715969	+	ENSG00000184502
HAP1	17	41717742	41734644	-	ENSG00000173805
JUP	17	41750887	41786931	-	ENSG00000173801
P3H4	17	41801944	41812750	-	ENSG00000141696
FKBP10	17	41812680	41823221	+	ENSG00000141756
NT5C3B	17	41825057	41836260	-	ENSG00000141698
KLHL10	17	41835685	41848384	+	ENSG00000161594
KLHL11	17	41848518	41865423	-	ENSG00000178502
ACLY	17	41866916	41930545	-	ENSG00000131473
ODAD4	17	41930617	41966503	+	ENSG00000204815
CNP	17	41966763	41977740	+	ENSG00000173786
DNAJC7	17	41976421	42021376	-	ENSG00000168259
NKIRAS2	17	42011382	42025644	+	ENSG00000168256
ZNF385C	17	42025576	42098479	-	ENSG00000187595
C17orf113	17	42038232	42050601	-	ENSG00000267221
DHX58	17	42101404	42112733	-	ENSG00000108771
KAT2A	17	42113111	42121382	-	ENSG00000108773
HSPB9	17	42122804	42123352	+	ENSG00000260325
RAB5C	17	42124976	42155044	-	ENSG00000108774
KCNH4	17	42156891	42181142	-	ENSG00000089558
HCRT	17	42184060	42185452	-	ENSG00000161610
GHDC	17	42188799	42194513	-	ENSG00000167925
STAT5B	17	42199176	42288633	-	ENSG00000173757
STAT5A	17	42287547	42311943	+	ENSG00000126561
STAT3	17	42313324	42388568	-	ENSG00000168610
CAVIN1	17	42402449	42423256	-	ENSG00000177469
ATP6V0A1	17	42458844	42522582	+	ENSG00000033627
NAGLU	17	42536241	42544449	+	ENSG00000108784
HSD17B1	17	42552922	42555214	+	ENSG00000108786
COASY	17	42561467	42566277	+	ENSG00000068120
MLX	17	42567072	42573239	+	ENSG00000108788
PSMC3IP	17	42572310	42577831	-	ENSG00000131470
RETREG3	17	42579513	42610623	-	ENSG00000141699
TUBG1	17	42609637	42615241	+	ENSG00000131462
TUBG2	17	42659223	42667007	+	ENSG00000037042
PLEKHH3	17	42667914	42677030	-	ENSG00000068137
CCR10	17	42678889	42683917	-	ENSG00000184451
CNTNAP1	17	42682531	42699993	+	ENSG00000108797
EZH1	17	42700270	42745060	-	ENSG00000108799
RAMP2	17	42758447	42763041	+	ENSG00000131477
VPS25	17	42773449	42779599	+	ENSG00000131475
WNK4	17	42780610	42797066	+	ENSG00000126562
COA3	17	42795147	42798704	-	ENSG00000183978
CNTD1	17	42798800	42811587	+	ENSG00000176563
BECN1	17	42809870	42833350	-	ENSG00000126581
PSME3	17	42824385	42843760	+	ENSG00000131467
AOC2	17	42844580	42850707	+	ENSG00000131480
AOC3	17	42851184	42858130	+	ENSG00000131471
G6PC1	17	42900797	42914438	+	ENSG00000131482
AARSD1	17	42950431	42964498	-	ENSG00000266967
PTGES3L-AARSD1	17	42950526	42980528	-	ENSG00000108825
PTGES3L	17	42968088	42980499	-	ENSG00000267060
RUNDC1	17	42980552	42995142	+	ENSG00000198863
RPL27	17	42998273	43002973	+	ENSG00000131469
IFI35	17	43006740	43014456	+	ENSG00000068079
VAT1	17	43010692	43025123	-	ENSG00000108828
RND2	17	43025222	43032041	+	ENSG00000108830
BRCA1	17	43044292	43170245	-	ENSG00000012048
NBR1	17	43170317	43211689	+	ENSG00000188554
TMEM106A	17	43211835	43220041	+	ENSG00000184988
CCDC200	17	43216941	43305397	-	ENSG00000236383
ARL4D	17	43398150	43401137	+	ENSG00000175906
DHX8	17	43483865	43610338	+	ENSG00000067596
ETV4	17	43527842	43579620	-	ENSG00000175832
MEOX1	17	43640389	43661922	-	ENSG00000005102
SOST	17	43753738	43758791	-	ENSG00000167941
DUSP3	17	43766121	43779000	-	ENSG00000108861
CFAP97D1	17	43780435	43787620	+	ENSG00000231256
MPP3	17	43800799	43833170	-	ENSG00000161647
CD300LG	17	43847114	43863639	+	ENSG00000161649
MPP2	17	43875357	43909711	-	ENSG00000108852
PPY	17	43940804	43944144	-	ENSG00000108849
PYY	17	43952733	44004469	-	ENSG00000131096
NAGS	17	44004581	44011028	+	ENSG00000161653
TMEM101	17	44011188	44023946	-	ENSG00000091947
LSM12	17	44034328	44067619	-	ENSG00000161654
G6PC3	17	44070620	44082151	+	ENSG00000141349
HDAC5	17	44076746	44123702	-	ENSG00000108840
HROB	17	44141903	44162481	+	ENSG00000125319
ASB16	17	44170447	44179084	+	ENSG00000161664
TMUB2	17	44186966	44191931	+	ENSG00000168591
ATXN7L3	17	44191805	44200961	-	ENSG00000087152
UBTF	17	44205033	44221626	-	ENSG00000108312
SLC4A1	17	44248390	44268141	-	ENSG00000004939
RUNDC3A	17	44307947	44318675	+	ENSG00000108309
SLC25A39	17	44319625	44325801	-	ENSG00000013306
GRN	17	44345108	44353106	+	ENSG00000030582
FAM171A2	17	44353215	44363868	-	ENSG00000161682
ITGA2B	17	44372177	44389649	-	ENSG00000005961
GPATCH8	17	44395281	44503595	-	ENSG00000186566
FZD2	17	44557484	44561262	+	ENSG00000180340
MEIOC	17	44656404	44690308	+	ENSG00000180336
CCDC43	17	44673069	44689779	-	ENSG00000180329
DBF4B	17	44708608	44752264	+	ENSG00000161692
ADAM11	17	44758988	44781846	+	ENSG00000073670
GJC1	17	44798448	44831496	-	ENSG00000182963
HIGD1B	17	44844791	44850480	+	ENSG00000131097
EFTUD2	17	44849948	44899626	-	ENSG00000108883
DNAAF19	17	44899142	44905390	+	ENSG00000167131
GFAP	17	44903159	44916937	-	ENSG00000131095
FAM187A	17	44903433	44905390	+	ENSG00000214447
KIF18B	17	44924707	44947776	-	ENSG00000186185
NMT1	17	44957992	45109016	+	ENSG00000136448
C1QL1	17	44959693	44968303	-	ENSG00000131094
DCAKD	17	45023338	45061131	-	ENSG00000172992
PLCD3	17	45108959	45133354	-	ENSG00000161714
ACBD4	17	45132600	45144181	+	ENSG00000181513
HEXIM1	17	45148475	45152099	+	ENSG00000186834
HEXIM2	17	45160700	45170701	+	ENSG00000168517
FMNL1	17	45220736	45247319	+	ENSG00000184922
SPATA32	17	45254393	45262094	-	ENSG00000184361
MAP3K14	17	45263119	45317112	-	ENSG00000006062
ARHGAP27	17	45393898	45434421	-	ENSG00000159314
PLEKHM1	17	45435900	45490758	-	ENSG00000225190
LINC02210-CRHR1	17	45620344	45835826	+	ENSG00000263715
CRHR1	17	45784277	45835828	+	ENSG00000120088
SPPL2C	17	45844881	45847067	+	ENSG00000185294
MAPT	17	45894358	46028334	+	ENSG00000186868
STH	17	45999250	45999694	+	ENSG00000256762
KANSL1	17	46029916	46225389	-	ENSG00000120071
ARL17B	17	46274184	46361766	-	ENSG00000228696
LRRC37A	17	46292733	46338077	+	ENSG00000176681
ARL17A	17	46499780	46579695	-	ENSG00000185829
LRRC37A2	17	46511508	46556910	+	ENSG00000238083
NSF	17	46590669	46757679	+	ENSG00000073969
WNT3	17	46762506	46833154	-	ENSG00000108379
WNT9B	17	46833201	46886730	+	ENSG00000158955
GOSR2	17	46923075	46975524	+	ENSG00000108433
RPRML	17	46978156	46979253	-	ENSG00000179673
CDC27	17	47117703	47189422	-	ENSG00000004897
MYL4	17	47200446	47227683	+	ENSG00000198336
ITGB3	17	47253827	47313743	+	ENSG00000259207
EFCAB13	17	47323290	47441312	+	ENSG00000178852
NPEPPS	17	47522942	47624665	+	ENSG00000141279
KPNB1	17	47649476	47685505	+	ENSG00000108424
TBKBP1	17	47694030	47712063	+	ENSG00000198933
TBX21	17	47733236	47746126	+	ENSG00000073861
OSBPL7	17	47807367	47821803	-	ENSG00000006025
MRPL10	17	47823272	47831541	-	ENSG00000159111
LRRC46	17	47831634	47837719	+	ENSG00000141294
SCRN2	17	47837683	47842125	-	ENSG00000141295
SP6	17	47844908	47855874	-	ENSG00000189120
SP2	17	47896150	47928957	+	ENSG00000167182
PNPO	17	47941506	47949308	+	ENSG00000108439
PRR15L	17	47950851	47960483	-	ENSG00000167183
CDK5RAP3	17	47967810	47981781	+	ENSG00000108465
COPZ2	17	48026142	48038030	-	ENSG00000005243
NFE2L1	17	48047889	48061545	+	ENSG00000082641
CBX1	17	48070052	48101485	-	ENSG00000108468
SNX11	17	48103357	48123601	+	ENSG00000002919
SKAP1	17	48133437	48430275	-	ENSG00000141293
HOXB1	17	48528526	48531011	-	ENSG00000120094
HOXB2	17	48540894	48545109	-	ENSG00000173917
HOXB3	17	48548870	48604912	-	ENSG00000120093
HOXB4	17	48575507	48578350	-	ENSG00000182742
HOXB5	17	48591257	48593779	-	ENSG00000120075
HOXB6	17	48595525	48604992	-	ENSG00000108511
HOXB7	17	48607232	48633572	-	ENSG00000260027
HOXB8	17	48611377	48618003	-	ENSG00000120068
HOXB9	17	48621156	48626358	-	ENSG00000170689
PRAC1	17	48721719	48723082	-	ENSG00000159182
PRAC2	17	48722666	48724767	+	ENSG00000229637
HOXB13	17	48724763	48728750	-	ENSG00000159184
TTLL6	17	48762234	48817229	-	ENSG00000170703
CALCOCO2	17	48830971	48868228	+	ENSG00000136436
ATP5MC1	17	48892765	48895875	+	ENSG00000159199
UBE2Z	17	48908398	48929056	+	ENSG00000159202
SNF8	17	48929316	48944842	-	ENSG00000159210
GIP	17	48958554	48968596	-	ENSG00000159224
IGF2BP1	17	48997225	49056145	+	ENSG00000159217
B4GALNT2	17	49132460	49178647	+	ENSG00000167080
GNGT2	17	49202791	49210593	-	ENSG00000167083
ABI3	17	49210411	49223225	+	ENSG00000108798
PHOSPHO1	17	49223366	49230787	-	ENSG00000173868
ZNF652	17	49289206	49362473	-	ENSG00000198740
PHB1	17	49404009	49414905	-	ENSG00000167085
NGFR	17	49495293	49515008	+	ENSG00000064300
NXPH3	17	49575871	49583827	+	ENSG00000182575
SPOP	17	49598884	49678201	-	ENSG00000121067
SLC35B1	17	49700934	49709014	-	ENSG00000121073
FAM117A	17	49710332	49789180	-	ENSG00000121104
KAT7	17	49788624	49835026	+	ENSG00000136504
TAC4	17	49838300	49848069	-	ENSG00000176358
DLX4	17	49968588	49974959	+	ENSG00000108813
DLX3	17	49990005	49995224	-	ENSG00000064195
ITGA3	17	50055968	50090485	+	ENSG00000005884
PDK2	17	50094737	50112152	+	ENSG00000005882
SAMD14	17	50110040	50130160	-	ENSG00000167100
PPP1R9B	17	50133737	50150703	-	ENSG00000108819
SGCA	17	50164214	50175935	+	ENSG00000108823
COL1A1	17	50184101	50201634	-	ENSG00000108821
TMEM92	17	50271406	50281485	+	ENSG00000167105
XYLT2	17	50346080	50363138	+	ENSG00000015532
MRPL27	17	50367857	50373207	-	ENSG00000108826
EME1	17	50373220	50381483	+	ENSG00000154920
LRRC59	17	50375059	50398227	-	ENSG00000108829
ACSF2	17	50426158	50474845	+	ENSG00000167107
CHAD	17	50464496	50468976	-	ENSG00000136457
RSAD1	17	50478820	50485984	+	ENSG00000136444
MYCBPAP	17	50508409	50531501	+	ENSG00000136449
EPN3	17	50532548	50543750	+	ENSG00000049283
SPATA20	17	50543058	50556481	+	ENSG00000006282
CACNA1G	17	50560715	50627474	+	ENSG00000006283
ABCC3	17	50634609	50692631	+	ENSG00000108846
ANKRD40	17	50693198	50707914	-	ENSG00000154945
LUC7L3	17	50719565	50756219	+	ENSG00000108848
ANKRD40CL	17	50760971	50767570	-	ENSG00000167117
WFIKKN2	17	50834650	50842353	+	ENSG00000173714
TOB1	17	50862223	50867978	-	ENSG00000141232
SPAG9	17	50962174	51120926	-	ENSG00000008294
NME1	17	51152949	51162428	+	ENSG00000239672
NME1-NME2	17	51153590	51171744	+	ENSG00000011052
NME2	17	51163013	51171749	+	ENSG00000243678
MBTD1	17	51177419	51261114	-	ENSG00000011258
UTP18	17	51260491	51297936	+	ENSG00000011260
CA10	17	51630313	52160017	-	ENSG00000154975
KIF2B	17	53822927	53825193	+	ENSG00000141200
TOM1L1	17	54899387	54963841	+	ENSG00000141198
COX11	17	54951902	54968703	-	ENSG00000166260
STXBP4	17	54968727	55173632	+	ENSG00000166263
HLF	17	55264960	55325187	+	ENSG00000108924
MMD	17	55392616	55421944	-	ENSG00000108960
SMIM36	17	55449856	55511452	-	ENSG00000261873
TMEM100	17	55718739	55732121	-	ENSG00000166292
PCTP	17	55751051	55842830	+	ENSG00000141179
ANKFN1	17	55882301	56517016	+	ENSG00000153930
NOG	17	56593699	56595611	+	ENSG00000183691
C17orf67	17	56791913	56838773	-	ENSG00000214226
DGKE	17	56834103	56869567	+	ENSG00000153933
TRIM25	17	56836387	56914080	-	ENSG00000121060
COIL	17	56938199	56961050	-	ENSG00000121058
SCPEP1	17	56978111	57006768	+	ENSG00000121064
AKAP1	17	57085092	57121349	+	ENSG00000121057
MSI2	17	57255851	57684689	+	ENSG00000153944
CCDC182	17	57744495	57745299	-	ENSG00000166329
MRPS23	17	57834781	57850076	-	ENSG00000181610
CUEDC1	17	57861243	57955851	-	ENSG00000180891
VEZF1	17	57971547	57988389	-	ENSG00000136451
SRSF1	17	58000919	58007346	-	ENSG00000136450
DYNLL2	17	58082863	58095542	+	ENSG00000264364
OR4D1	17	58148384	58159585	+	ENSG00000141194
OR4D2	17	58166982	58171411	+	ENSG00000255713
EPX	17	58192726	58205174	+	ENSG00000121053
MKS1	17	58205350	58219605	-	ENSG00000011143
LPO	17	58218548	58268518	+	ENSG00000167419
MPO	17	58269855	58280935	-	ENSG00000005381
TSPOAP1	17	58301228	58328795	-	ENSG00000005379
SUPT4H1	17	58345175	58353093	-	ENSG00000213246
RNF43	17	58353676	58417735	-	ENSG00000108375
HSF5	17	58420167	58488408	-	ENSG00000176160
MTMR4	17	58489529	58517905	-	ENSG00000108389
SEPTIN4	17	58520250	58544368	-	ENSG00000108387
TEX14	17	58556678	58692055	-	ENSG00000121101
IGBP1C	17	58660424	58692045	-	ENSG00000266826
RAD51C	17	58692573	58735611	+	ENSG00000108384
PPM1E	17	58755854	58985179	+	ENSG00000175175
TRIM37	17	58982638	59106921	-	ENSG00000108395
SKA2	17	59109857	59155260	-	ENSG00000182628
PRR11	17	59155732	59206709	+	ENSG00000068489
SMG8	17	59209400	59215248	+	ENSG00000167447
GDPD1	17	59220467	59275970	+	ENSG00000153982
YPEL2	17	59331655	59401729	+	ENSG00000175155
DHX40	17	59565558	59610481	+	ENSG00000108406
CLTC	17	59619680	59696956	+	ENSG00000141367
PTRH2	17	59674636	59707638	-	ENSG00000141378
VMP1	17	59707192	59842255	+	ENSG00000062716
TUBD1	17	59859426	59892945	-	ENSG00000108423
RPS6KB1	17	59893046	59950574	+	ENSG00000108443
RNFT1	17	59952240	59964761	-	ENSG00000189050
HEATR6	17	60041008	60078932	-	ENSG00000068097
CA4	17	60147838	60170899	+	ENSG00000167434
USP32	17	60177327	60422470	-	ENSG00000170832
CHCT1	17	60392429	60431426	+	ENSG00000141371
APPBP2	17	60443158	60526242	-	ENSG00000062725
PPM1D	17	60599735	60666280	+	ENSG00000170836
BCAS3	17	60677453	61392838	+	ENSG00000141376
TBX2	17	61399630	61409466	+	ENSG00000121068
TBX4	17	61451906	61485110	+	ENSG00000121075
NACA2	17	61590421	61591219	-	ENSG00000253506
BRIP1	17	61679139	61863561	-	ENSG00000136492
INTS2	17	61865367	61928016	-	ENSG00000108506
MED13	17	61942605	62065278	-	ENSG00000108510
EFCAB3	17	62343941	62416480	+	ENSG00000172421
METTL2A	17	62423875	62453385	+	ENSG00000087995
TLK2	17	62458658	62615481	+	ENSG00000146872
MRC2	17	62627670	62693597	+	ENSG00000011028
MARCHF10	17	62701314	62808344	-	ENSG00000173838
TANC2	17	62966235	63427703	+	ENSG00000170921
CYB561	17	63432298	63447108	-	ENSG00000008283
ACE	17	63477058	63498380	+	ENSG00000159640
KCNH6	17	63523310	63548987	+	ENSG00000173826
DCAF7	17	63550222	63594286	+	ENSG00000136485
TACO1	17	63600882	63608365	+	ENSG00000136463
MAP3K3	17	63622381	63696305	+	ENSG00000198909
STRADA	17	63682336	63741986	-	ENSG00000266173
LIMD2	17	63695883	63701172	-	ENSG00000136490
CCDC47	17	63745255	63776351	-	ENSG00000108588
DDX42	17	63773603	63819429	+	ENSG00000198231
FTSJ3	17	63819433	63830012	-	ENSG00000108592
PSMC5	17	63827152	63832244	+	ENSG00000087191
SMARCD2	17	63832081	63843065	-	ENSG00000108604
CSH2	17	63872012	63873766	-	ENSG00000213218
GH2	17	63880215	63881944	-	ENSG00000136487
CSH1	17	63894909	63896661	-	ENSG00000136488
CSHL1	17	63909597	63911341	-	ENSG00000204414
GH1	17	63917200	63918839	-	ENSG00000259384
CD79B	17	63928738	63932629	-	ENSG00000007312
SCN4A	17	63938554	63972918	-	ENSG00000007314
PRR29	17	63998351	64004305	+	ENSG00000224383
ICAM2	17	64002594	64020635	-	ENSG00000108622
ERN1	17	64039080	64130819	-	ENSG00000178607
TEX2	17	64147227	64263291	-	ENSG00000136478
PECAM1	17	64319415	64413776	-	ENSG00000261371
MILR1	17	64449037	64492770	+	ENSG00000271605
POLG2	17	64477781	64497071	-	ENSG00000256525
DDX5	17	64498254	64508199	-	ENSG00000108654
CEP95	17	64506767	64542461	+	ENSG00000258890
SMURF2	17	64542282	64662335	-	ENSG00000108854
LRRC37A3	17	64854130	64919480	-	ENSG00000176809
GNA13	17	65009289	65056817	-	ENSG00000120063
RGS9	17	65100812	65227703	+	ENSG00000108370
AXIN2	17	65528561	65562067	-	ENSG00000168646
CEP112	17	65635537	66192251	-	ENSG00000154240
APOH	17	66211595	66256525	-	ENSG00000091583
PRKCA	17	66302613	66810743	+	ENSG00000154229
CACNG5	17	66835117	66894751	+	ENSG00000075429
CACNG4	17	66964707	67033400	+	ENSG00000075461
CACNG1	17	67044554	67056797	+	ENSG00000108878
HELZ	17	67070444	67245989	-	ENSG00000198265
PSMD12	17	67337916	67366605	-	ENSG00000197170
PITPNC1	17	67377281	67697256	+	ENSG00000154217
NOL11	17	67717812	67744531	+	ENSG00000130935
BPTF	17	67825503	67984378	+	ENSG00000171634
C17orf58	17	67991099	67996469	-	ENSG00000186665
KPNA2	17	68035636	68047364	+	ENSG00000182481
AMZ2	17	68205481	68257712	+	ENSG00000196704
ARSG	17	68259182	68422731	+	ENSG00000141337
SLC16A6	17	68267026	68291267	-	ENSG00000108932
WIPI1	17	68420948	68457520	-	ENSG00000070540
PRKAR1A	17	68511780	68551319	+	ENSG00000108946
FAM20A	17	68535113	68601384	-	ENSG00000108950
ABCA8	17	68866052	68955470	-	ENSG00000141338
ABCA9	17	68974488	69060949	-	ENSG00000154258
ABCA6	17	69074255	69142031	-	ENSG00000154262
ABCA10	17	69147214	69244846	-	ENSG00000154263
ABCA5	17	69244311	69327244	-	ENSG00000154265
MAP2K6	17	69414683	69553865	+	ENSG00000108984
KCNJ16	17	70053429	70135608	+	ENSG00000153822
KCNJ2	17	70168302	70180044	+	ENSG00000123700
SOX9	17	72121020	72126416	+	ENSG00000125398
SLC39A11	17	72645947	73092712	-	ENSG00000133195
SSTR2	17	73165010	73176633	+	ENSG00000180616
COG1	17	73193038	73209422	+	ENSG00000166685
VCF1	17	73207353	73236753	-	ENSG00000133193
MTNAP1	17	73232233	73248962	+	ENSG00000141219
CPSF4L	17	73248449	73262352	-	ENSG00000187959
CDC42EP4	17	73283624	73312005	-	ENSG00000179604
SDK2	17	73334384	73644445	-	ENSG00000069188
RPL38	17	74202841	74210655	+	ENSG00000172809
TTYH2	17	74213518	74262020	+	ENSG00000141540
DNAI2	17	74274234	74314886	+	ENSG00000171595
KIF19	17	74326188	74355835	+	ENSG00000196169
BTBD17	17	74356416	74361868	-	ENSG00000204347
GPR142	17	74367458	74372600	+	ENSG00000257008
GPRC5C	17	74424851	74451653	+	ENSG00000170412
CD300A	17	74466399	74484798	+	ENSG00000167851
CD300LB	17	74519000	74531475	-	ENSG00000178789
CD300C	17	74534362	74546133	-	ENSG00000167850
CD300H	17	74560701	74567343	-	ENSG00000284690
CD300LD	17	74579365	74592283	-	ENSG00000204345
CD300E	17	74609878	74623738	-	ENSG00000186407
RAB37	17	74670578	74747337	+	ENSG00000172794
CD300LF	17	74694308	74712981	-	ENSG00000186074
NHERF1	17	74748619	74769360	+	ENSG00000109062
NAT9	17	74770522	74776384	-	ENSG00000109065
TMEM104	17	74776477	74839753	+	ENSG00000109066
GRIN2C	17	74842022	74861767	-	ENSG00000161509
FDXR	17	74862494	74873039	-	ENSG00000161513
FADS6	17	74877295	74893781	-	ENSG00000172782
USH1G	17	74916083	74923256	-	ENSG00000182040
OTOP2	17	74922950	74933912	+	ENSG00000183034
OTOP3	17	74935883	74949992	+	ENSG00000182938
HID1	17	74950741	74973166	-	ENSG00000167861
CDR2L	17	74987583	75005800	+	ENSG00000109089
MRPL58	17	75012664	75021266	+	ENSG00000167862
KCTD2	17	75032575	75065889	+	ENSG00000180901
ATP5PD	17	75038855	75047718	-	ENSG00000167863
SLC16A5	17	75077226	75106162	+	ENSG00000170190
ARMC7	17	75109952	75130272	+	ENSG00000125449
NT5C	17	75130225	75131776	-	ENSG00000125458
JPT1	17	75135248	75168281	-	ENSG00000189159
SUMO2	17	75165586	75182991	-	ENSG00000188612
NUP85	17	75205659	75235758	+	ENSG00000125450
GGA3	17	75236595	75262363	-	ENSG00000125447
MRPS7	17	75261670	75270708	+	ENSG00000125445
MIF4GD	17	75266228	75271237	-	ENSG00000125457
SLC25A19	17	75272012	75289968	-	ENSG00000125454
GRB2	17	75318076	75405709	-	ENSG00000177885
TMEM94	17	75441159	75500452	+	ENSG00000177728
CASKIN2	17	75500261	75515621	-	ENSG00000177303
TSEN54	17	75515944	75524736	+	ENSG00000182173
LLGL2	17	75525080	75575215	+	ENSG00000073350
MYO15B	17	75587800	75626849	+	ENSG00000266714
RECQL5	17	75626845	75667190	-	ENSG00000108469
SMIM5	17	75628368	75642570	+	ENSG00000204323
ERLN	17	75646243	75647975	+	ENSG00000259120
SAP30BP	17	75667230	75708062	+	ENSG00000161526
ITGB4	17	75721190	75757821	+	ENSG00000132470
GALK1	17	75751470	75765251	-	ENSG00000108479
H3-3B	17	75776434	75785893	-	ENSG00000132475
UNK	17	75784806	75825799	+	ENSG00000132478
UNC13D	17	75827225	75845353	-	ENSG00000092929
WBP2	17	75845699	75856507	-	ENSG00000132471
TRIM47	17	75874164	75878581	-	ENSG00000132481
TRIM65	17	75880335	75897014	-	ENSG00000141569
MRPL38	17	75898643	75905093	-	ENSG00000204316
FBF1	17	75909574	75941140	-	ENSG00000188878
ACOX1	17	75941507	75979459	-	ENSG00000161533
TEN1-CDK3	17	75979231	76005999	+	ENSG00000261408
TEN1	17	75979235	76000587	+	ENSG00000257949
CDK3	17	76000644	76005999	+	ENSG00000250506
EVPL	17	76004502	76027438	-	ENSG00000167880
SRP68	17	76038775	76072517	-	ENSG00000167881
ZACN	17	76071961	76083666	+	ENSG00000186919
GALR2	17	76074781	76077537	+	ENSG00000182687
EXOC7	17	76080995	76121576	-	ENSG00000182473
FOXJ1	17	76136333	76141245	-	ENSG00000129654
RNF157	17	76142465	76240532	-	ENSG00000141576
UBALD2	17	76265348	76271298	+	ENSG00000185262
QRICH2	17	76274049	76308276	-	ENSG00000129646
PRPSAP1	17	76309478	76384521	-	ENSG00000161542
SPHK1	17	76376584	76387860	+	ENSG00000176170
UBE2O	17	76389456	76453208	-	ENSG00000175931
AANAT	17	76452749	76470122	+	ENSG00000129673
RHBDF2	17	76470891	76501790	-	ENSG00000129667
CYGB	17	76527356	76551175	-	ENSG00000161544
PRCD	17	76527586	76553578	+	ENSG00000214140
ST6GALNAC2	17	76565377	76586956	-	ENSG00000070731
ST6GALNAC1	17	76624756	76643812	-	ENSG00000070526
MXRA7	17	76672551	76711004	-	ENSG00000182534
JMJD6	17	76712832	76726784	-	ENSG00000070495
METTL23	17	76725981	76733936	+	ENSG00000181038
SRSF2	17	76734115	76737395	-	ENSG00000161547
MFSD11	17	76735865	76781449	+	ENSG00000092931
MGAT5B	17	76868404	76950393	+	ENSG00000167889
SEC14L1	17	77088749	77217101	+	ENSG00000129657
SEPTIN9	17	77280569	77500596	+	ENSG00000184640
TNRC6C	17	77958624	78108822	+	ENSG00000078687
TMC6	17	78107397	78132579	-	ENSG00000141524
TMC8	17	78130770	78142968	+	ENSG00000167895
C17orf99	17	78146385	78166297	+	ENSG00000187997
SYNGR2	17	78168567	78173527	+	ENSG00000108639
TK1	17	78172780	78187233	-	ENSG00000167900
AFMID	17	78187330	78207703	+	ENSG00000183077
BIRC5	17	78214186	78225636	+	ENSG00000089685
TMEM235	17	78231310	78240987	+	ENSG00000204278
SOCS3	17	78356778	78360930	-	ENSG00000184557
PGS1	17	78378637	78425114	+	ENSG00000087157
DNAH17	17	78423697	78577396	-	ENSG00000187775
CYTH1	17	78674048	78782298	-	ENSG00000108669
USP36	17	78787381	78841441	-	ENSG00000055483
TIMP2	17	78852977	78925387	-	ENSG00000035862
CEP295NL	17	78890579	78903217	-	ENSG00000178404
LGALS3BP	17	78971238	78979962	-	ENSG00000108679
CANT1	17	78991707	79009867	-	ENSG00000171302
C1QTNF1	17	79022729	79049788	+	ENSG00000173918
ENGASE	17	79074824	79088599	+	ENSG00000167280
RBFOX3	17	79089345	79611258	-	ENSG00000167281
ENPP7	17	79728809	79742930	+	ENSG00000182156
CBX2	17	79778148	79787983	+	ENSG00000173894
CBX8	17	79792132	79801683	-	ENSG00000141570
CBX4	17	79833156	79839469	-	ENSG00000141582
TBC1D16	17	79932343	80035877	-	ENSG00000167291
CCDC40	17	80036632	80100613	+	ENSG00000141519
GAA	17	80101533	80119881	+	ENSG00000171298
EIF4A3	17	80134369	80147151	-	ENSG00000141543
CARD14	17	80169992	80216073	+	ENSG00000141527
SGSH	17	80206716	80220923	-	ENSG00000181523
SLC26A11	17	80219699	80253509	+	ENSG00000181045
RNF213	17	80260852	80398794	+	ENSG00000173821
ENDOV	17	80415158	80438086	+	ENSG00000173818
NPTX1	17	80466834	80477843	-	ENSG00000171246
RPTOR	17	80544819	80966371	+	ENSG00000141564
CHMP6	17	80991598	81009517	+	ENSG00000176108
BAIAP2	17	81035122	81117434	+	ENSG00000175866
AATK	17	81110487	81166223	-	ENSG00000181409
PVALEF	17	81165507	81183166	+	ENSG00000225180
CEP131	17	81189592	81223014	-	ENSG00000141577
TEPSIN	17	81228277	81239091	-	ENSG00000167302
NDUFAF8	17	81239305	81241310	+	ENSG00000224877
SLC38A10	17	81244811	81295567	-	ENSG00000157637
BAHCC1	17	81395457	81466331	+	ENSG00000266074
ACTG1	17	81509413	81523847	-	ENSG00000184009
FSCN2	17	81528377	81537130	+	ENSG00000186765
FAAP100	17	81539885	81553961	-	ENSG00000185504
NPLOC4	17	81556887	81648465	-	ENSG00000182446
TSPAN10	17	81637171	81648754	+	ENSG00000182612
PDE6G	17	81650459	81663112	-	ENSG00000185527
OXLD1	17	81665036	81666635	-	ENSG00000204237
CCDC137	17	81666737	81673904	+	ENSG00000185298
ARL16	17	81681165	81683797	-	ENSG00000214087
HGS	17	81683326	81703138	+	ENSG00000185359
MRPL12	17	81703367	81707517	+	ENSG00000262814
SLC25A10	17	81711951	81721969	+	ENSG00000183048
GCGR	17	81803105	81814023	+	ENSG00000215644
MCRIP1	17	81821790	81833302	-	ENSG00000225663
PPP1R27	17	81833488	81835050	-	ENSG00000182676
P4HB	17	81843159	81860856	-	ENSG00000185624
ARHGDIA	17	81867719	81871378	-	ENSG00000141522
ALYREF	17	81887835	81891586	-	ENSG00000183684
ANAPC11	17	81890669	81900991	+	ENSG00000141552
NPB	17	81900745	81902905	+	ENSG00000183979
PCYT2	17	81900958	81911461	-	ENSG00000185813
SIRT7	17	81911939	81921323	-	ENSG00000187531
MAFG	17	81918270	81927735	-	ENSG00000197063
PYCR1	17	81932378	81942412	-	ENSG00000183010
MYADML2	17	81939645	81947233	-	ENSG00000185105
NOTUM	17	81952507	81963328	-	ENSG00000185269
ASPSCR1	17	81976807	82017406	+	ENSG00000169696
CENPX	17	82018590	82024107	-	ENSG00000169689
LRRC45	17	82023294	82031153	+	ENSG00000169683
RAC3	17	82031637	82034204	+	ENSG00000169750
DCXR	17	82035136	82037776	-	ENSG00000169738
RFNG	17	82047902	82051831	-	ENSG00000169733
GPS1	17	82050691	82058057	+	ENSG00000169727
DUS1L	17	82057506	82066206	-	ENSG00000169718
FASN	17	82078338	82098294	-	ENSG00000169710
CCDC57	17	82101459	82212878	-	ENSG00000176155
SLC16A3	17	82217878	82261129	+	ENSG00000141526
CSNK1D	17	82239023	82273700	-	ENSG00000141551
CD7	17	82313564	82317608	-	ENSG00000173762
SECTM1	17	82321024	82335518	-	ENSG00000141574
TEX19	17	82359247	82363775	+	ENSG00000182459
UTS2R	17	82368266	82377709	+	ENSG00000181408
OGFOD3	17	82389210	82418637	-	ENSG00000181396
HEXD	17	82418318	82442645	+	ENSG00000169660
CYBC1	17	82440912	82450829	-	ENSG00000178927
NARF	17	82458180	82490537	+	ENSG00000141562
FOXK2	17	82519689	82644662	+	ENSG00000141568
WDR45B	17	82614562	82648553	-	ENSG00000141580
RAB40B	17	82654973	82698698	-	ENSG00000141542
FN3KRP	17	82716706	82730328	+	ENSG00000141560
FN3K	17	82735603	82751197	+	ENSG00000167363
TBCD	17	82751855	82945918	+	ENSG00000141556
ZNF750	17	82829434	82840022	-	ENSG00000141579
B3GNTL1	17	82942149	83051829	-	ENSG00000175711
METRNL	17	83079609	83095122	+	ENSG00000176845
TUBB8B	18	47221	73545	-	ENSG00000173213
USP14	18	158351	214629	+	ENSG00000101557
THOC1	18	214515	268053	-	ENSG00000079134
COLEC12	18	316737	500722	-	ENSG00000158270
CETN1	18	580380	582114	+	ENSG00000177143
CLUL1	18	596988	650334	+	ENSG00000079101
TYMS	18	657515	676613	+	ENSG00000176890
ENOSF1	18	670318	712722	-	ENSG00000132199
YES1	18	721588	813276	-	ENSG00000176105
ADCYAP1	18	904871	912172	+	ENSG00000141433
METTL4	18	2537525	2571509	-	ENSG00000101574
NDC80	18	2571520	2616635	+	ENSG00000080986
SMCHD1	18	2655668	2805017	+	ENSG00000101596
EMILIN2	18	2846930	2916003	+	ENSG00000132205
LPIN2	18	2885296	3013345	-	ENSG00000101577
MYOM1	18	3066693	3220126	-	ENSG00000101605
MYL12A	18	3247481	3256260	+	ENSG00000101608
MYL12B	18	3261479	3278461	+	ENSG00000118680
TGIF1	18	3411608	3459978	+	ENSG00000177426
DLGAP1	18	3496032	4455307	-	ENSG00000170579
AKAIN1	18	5142911	5197503	-	ENSG00000231824
ZBTB14	18	5288863	5297053	-	ENSG00000198081
EPB41L3	18	5392379	5630700	-	ENSG00000082397
TMEM200C	18	5882072	5896084	-	ENSG00000206432
L3MBTL4	18	5952760	6415477	-	ENSG00000154655
ARHGAP28	18	6729680	6915716	+	ENSG00000088756
LAMA1	18	6941742	7117859	-	ENSG00000101680
LRRC30	18	7231089	7232044	+	ENSG00000206422
PTPRM	18	7566782	8406861	+	ENSG00000173482
RAB12	18	8609437	8639383	+	ENSG00000206418
MTCL1	18	8705271	8832780	+	ENSG00000168502
NDUFV2	18	9102433	9134346	+	ENSG00000178127
ANKRD12	18	9136228	9285985	+	ENSG00000101745
TWSG1	18	9334694	9402420	+	ENSG00000128791
RALBP1	18	9474991	9538114	+	ENSG00000017797
PPP4R1	18	9546791	9615240	-	ENSG00000154845
RAB31	18	9708246	9862551	+	ENSG00000168461
TXNDC2	18	9885766	9889275	+	ENSG00000168454
VAPA	18	9913916	9960021	+	ENSG00000101558
APCDD1	18	10454635	10489949	+	ENSG00000154856
NAPG	18	10525905	10552766	+	ENSG00000134265
PIEZO2	18	10666483	11149569	-	ENSG00000154864
SLC35G4	18	11609596	11610612	+	ENSG00000236396
GNAL	18	11689264	11885685	+	ENSG00000141404
CHMP1B	18	11851413	11854444	+	ENSG00000255112
MPPE1	18	11882622	11909180	-	ENSG00000154889
IMPA2	18	11981025	12030877	+	ENSG00000141401
ANKRD62	18	12093843	12129764	+	ENSG00000181626
CIDEA	18	12254361	12277595	+	ENSG00000176194
TUBB6	18	12307287	12344320	+	ENSG00000176014
AFG3L2	18	12328932	12377473	-	ENSG00000141385
PRELID3A	18	12407896	12432238	+	ENSG00000141391
SPIRE1	18	12446512	12658119	-	ENSG00000134278
PSMG2	18	12658043	12728945	+	ENSG00000128789
CEP76	18	12661833	12702777	-	ENSG00000101624
PTPN2	18	12785478	12929643	-	ENSG00000175354
SEH1L	18	12947133	12987667	+	ENSG00000085415
CEP192	18	12991315	13125053	+	ENSG00000101639
LDLRAD4	18	13216173	13652755	+	ENSG00000168675
FAM210A	18	13663347	13726663	-	ENSG00000177150
RNMT	18	13726660	13764556	+	ENSG00000101654
MC5R	18	13824149	13827323	+	ENSG00000176136
MC2R	18	13882043	13915707	-	ENSG00000185231
ZNF519	18	14057457	14132490	-	ENSG00000175322
POTEC	18	14507339	14543600	-	ENSG00000183206
ANKRD30B	18	14728272	14854667	+	ENSG00000180777
ROCK1	18	20944612	21111813	-	ENSG00000067900
GREB1L	18	21242229	21526112	+	ENSG00000141449
ESCO1	18	21529041	21600966	-	ENSG00000141446
SNRPD1	18	21612314	21633524	+	ENSG00000167088
ABHD3	18	21650898	21704808	-	ENSG00000158201
MIB1	18	21704957	21870953	+	ENSG00000101752
GATA6	18	22168837	22204154	+	ENSG00000141448
CTAGE1	18	22413599	22417915	-	ENSG00000212710
RBBP8	18	22798261	23026488	+	ENSG00000101773
CABLES1	18	23134564	23260470	+	ENSG00000134508
TMEM241	18	23197144	23437971	-	ENSG00000134490
RIOK3	18	23453280	23486603	+	ENSG00000101782
RMC1	18	23503483	23531822	+	ENSG00000141452
NPC1	18	23506184	23586969	-	ENSG00000141458
ANKRD29	18	23598926	23663088	-	ENSG00000154065
LAMA3	18	23689453	23956222	+	ENSG00000053747
TTC39C	18	23992773	24135970	+	ENSG00000168234
CABYR	18	24138987	24161603	+	ENSG00000154040
OSBPL1A	18	24162045	24397880	-	ENSG00000141447
IMPACT	18	24426634	24453531	+	ENSG00000154059
HRH4	18	24460637	24479961	+	ENSG00000134489
ZNF521	18	25061924	25352194	-	ENSG00000198795
SS18	18	26016253	26091217	-	ENSG00000141380
PSMA8	18	26133852	26193355	+	ENSG00000154611
TAF4B	18	26226393	26391685	+	ENSG00000141384
KCTD1	18	26454910	26657401	-	ENSG00000134504
AQP4	18	26852043	26865771	-	ENSG00000171885
CHST9	18	26906481	27185344	-	ENSG00000154080
CDH2	18	27932879	28177946	-	ENSG00000170558
DSC3	18	30989365	31042815	-	ENSG00000134762
DSC2	18	31058545	31102600	-	ENSG00000134755
DSC1	18	31129236	31162856	-	ENSG00000134765
DSG1	18	31318160	31359246	+	ENSG00000134760
DSG4	18	31376777	31414912	+	ENSG00000175065
DSG3	18	31447741	31478702	+	ENSG00000134757
DSG2	18	31497624	31551351	+	ENSG00000046604
TTR	18	31557009	31606585	+	ENSG00000118271
B4GALT6	18	31621911	31685836	-	ENSG00000118276
SLC25A52	18	31759584	31760880	-	ENSG00000141437
TRAPPC8	18	31829197	31953136	-	ENSG00000153339
RNF125	18	32018174	32088144	+	ENSG00000101695
RNF138	18	32091871	32131561	+	ENSG00000134758
GAREM1	18	32124877	32470882	-	ENSG00000141441
MEP1B	18	32185069	32220404	+	ENSG00000141434
KLHL14	18	32672601	32773023	-	ENSG00000197705
CCDC178	18	32937402	33441101	-	ENSG00000166960
ASXL3	18	33578219	33751195	+	ENSG00000141431
NOL4	18	33851100	34224952	-	ENSG00000101746
DTNA	18	34493291	34891844	+	ENSG00000134769
MAPRE2	18	34976928	35143470	+	ENSG00000166974
ZNF397	18	35240508	35267133	+	ENSG00000186812
ZSCAN30	18	35251058	35290245	-	ENSG00000186814
ZNF24	18	35332227	35345502	-	ENSG00000172466
ZNF396	18	35366694	35381746	-	ENSG00000186496
INO80C	18	35452230	35497979	-	ENSG00000153391
GALNT1	18	35580892	35713370	+	ENSG00000141429
C18orf21	18	35972625	35979286	+	ENSG00000141428
RPRD1A	18	35984387	36067576	-	ENSG00000141425
SLC39A6	18	36108531	36129385	-	ENSG00000141424
ELP2	18	36129444	36180557	+	ENSG00000134759
MOCOS	18	36186894	36272157	+	ENSG00000075643
FHOD3	18	36297676	36780220	+	ENSG00000134775
TPGS2	18	36777647	36829216	-	ENSG00000134779
KIAA1328	18	36828982	37232172	+	ENSG00000150477
CELF4	18	37243040	37565994	-	ENSG00000101489
PIK3C3	18	41955207	42087830	+	ENSG00000078142
RIT2	18	42743218	43115719	-	ENSG00000152214
SYT4	18	43267892	43277535	-	ENSG00000132872
SETBP1	18	44680173	45068510	+	ENSG00000152217
SLC14A2	18	45212995	45683688	+	ENSG00000132874
SLC14A1	18	45687025	45752521	+	ENSG00000141469
EPG5	18	45800581	45967340	-	ENSG00000152223
SIGLEC15	18	45825675	45844094	+	ENSG00000197046
PSTPIP2	18	45983536	46072296	-	ENSG00000152229
ATP5F1A	18	46080248	46104334	-	ENSG00000152234
HAUS1	18	46104329	46129404	+	ENSG00000152240
ARK2N	18	46173508	46266992	+	ENSG00000152242
ARK2C	18	46326809	46463140	+	ENSG00000141622
LOXHD1	18	46476972	46657220	-	ENSG00000167210
ST8SIA5	18	46667821	46759257	-	ENSG00000101638
PIAS2	18	46803218	46920160	-	ENSG00000078043
KATNAL2	18	46917492	47103478	+	ENSG00000167216
ELOA2	18	47032527	47035621	-	ENSG00000206181
HDHD2	18	47076104	47151106	-	ENSG00000167220
IER3IP1	18	47152834	47176381	-	ENSG00000134049
SKOR2	18	47206169	47251660	-	ENSG00000215474
SMAD2	18	47808957	47931569	-	ENSG00000175387
ZBTB7C	18	48026672	48410752	-	ENSG00000184828
CTIF	18	48539005	48863217	+	ENSG00000134030
SMAD7	18	48919853	48952020	-	ENSG00000101665
DYM	18	49036387	49461347	-	ENSG00000141627
C18orf32	18	49477243	49487256	-	ENSG00000177576
RPL17-C18orf32	18	49481681	49492479	-	ENSG00000215472
RPL17	18	49488346	49492564	-	ENSG00000265681
LIPG	18	49560699	49599185	+	ENSG00000101670
ACAA2	18	49782164	49813953	-	ENSG00000167315
MYO5B	18	49822789	50195164	-	ENSG00000167306
CFAP53	18	50227193	50266504	-	ENSG00000172361
MBD1	18	50266746	50281846	-	ENSG00000141644
CXXC1	18	50282331	50287857	-	ENSG00000154832
SKA1	18	50375017	50394176	+	ENSG00000154839
MAPK4	18	50559451	50731830	+	ENSG00000141639
MRO	18	50795120	50825449	-	ENSG00000134042
ME2	18	50878819	50954257	+	ENSG00000082212
ELAC1	18	50967989	50988991	+	ENSG00000141642
SMAD4	18	51028528	51085045	+	ENSG00000141646
MEX3C	18	51174550	51218333	-	ENSG00000176624
DCC	18	52340197	53535899	+	ENSG00000187323
MBD2	18	54151606	54224669	-	ENSG00000134046
POLI	18	54269510	54321266	+	ENSG00000101751
STARD6	18	54324358	54357964	-	ENSG00000174448
C18orf54	18	54357903	54385218	+	ENSG00000166845
DYNAP	18	54587757	54599493	+	ENSG00000178690
RAB27B	18	54717857	54895516	+	ENSG00000041353
CCDC68	18	54901504	54959519	-	ENSG00000166510
TCF4	18	55222185	55664787	-	ENSG00000196628
TXNL1	18	56597209	56651600	-	ENSG00000091164
WDR7	18	56651343	57029811	+	ENSG00000091157
BOD1L2	18	57147087	57150410	+	ENSG00000228075
ST8SIA3	18	57352557	57371731	+	ENSG00000177511
ONECUT2	18	57435374	57491298	+	ENSG00000119547
FECH	18	57544377	57586761	-	ENSG00000066926
NARS1	18	57600000	57622213	-	ENSG00000134440
ATP8B1	18	57646426	57803560	-	ENSG00000081923
NEDD4L	18	58044050	58401540	+	ENSG00000049759
ALPK2	18	58481247	58629091	-	ENSG00000198796
MALT1	18	58671426	58754477	+	ENSG00000172175
ZNF532	18	58862600	58986480	+	ENSG00000074657
SEC11C	18	59139475	59158837	+	ENSG00000166562
GRP	18	59220158	59230774	+	ENSG00000134443
RAX	18	59267035	59274086	-	ENSG00000134438
CPLX4	18	59275156	59318649	-	ENSG00000166569
LMAN1	18	59327823	59359265	-	ENSG00000074695
CCBE1	18	59430939	59697694	-	ENSG00000183287
PMAIP1	18	59899644	59904305	+	ENSG00000141682
MC4R	18	60371062	60372775	-	ENSG00000166603
CDH20	18	61333430	61555779	+	ENSG00000101542
RNF152	18	61808067	61895097	-	ENSG00000176641
PIGN	18	61905255	62187118	-	ENSG00000197563
RELCH	18	62187255	62310249	+	ENSG00000134444
TNFRSF11A	18	62325269	62391288	+	ENSG00000141655
ZCCHC2	18	62523025	62587709	+	ENSG00000141664
PHLPP1	18	62715464	62980433	+	ENSG00000081913
BCL2	18	63123346	63320128	-	ENSG00000171791
KDSR	18	63327566	63367615	-	ENSG00000119537
VPS4B	18	63389190	63422483	-	ENSG00000119541
SERPINB5	18	63476945	63505085	+	ENSG00000206075
SERPINB12	18	63542369	63569329	+	ENSG00000166634
SERPINB13	18	63586989	63604639	+	ENSG00000197641
SERPINB4	18	63637259	63644256	-	ENSG00000206073
SERPINB11	18	63647579	63726432	+	ENSG00000206072
SERPINB3	18	63653686	63661893	-	ENSG00000057149
SERPINB7	18	63752935	63805376	+	ENSG00000166396
SERPINB2	18	63871692	63903888	+	ENSG00000197632
SERPINB10	18	63907958	63936111	+	ENSG00000242550
HMSD	18	63949301	63981774	+	ENSG00000221887
SERPINB8	18	63970029	64019779	+	ENSG00000166401
CDH7	18	65750252	65890337	+	ENSG00000081138
CDH19	18	66501083	66604438	-	ENSG00000071991
DSEL	18	67506587	67516723	-	ENSG00000171451
TMX3	18	68673688	68715147	-	ENSG00000166479
CCDC102B	18	68715138	69057126	+	ENSG00000150636
DOK6	18	69400888	69849087	+	ENSG00000206052
CD226	18	69831158	69961803	-	ENSG00000150637
RTTN	18	70003031	70206028	-	ENSG00000176225
SOCS6	18	70288888	70330199	+	ENSG00000170677
CBLN2	18	72534118	72638521	-	ENSG00000141668
NETO1	18	72742314	72868146	-	ENSG00000166342
FBXO15	18	74073344	74147867	-	ENSG00000141665
TIMM21	18	74148512	74160531	+	ENSG00000075336
CYB5A	18	74250846	74291995	-	ENSG00000166347
C18orf63	18	74315839	74359189	+	ENSG00000206043
DIPK1C	18	74434775	74457944	-	ENSG00000187773
CNDP2	18	74494112	74523557	+	ENSG00000133313
CNDP1	18	74534400	74587212	+	ENSG00000150656
ZNF407	18	74597848	75065671	+	ENSG00000215421
PTGR3	18	75195113	75209139	-	ENSG00000180011
TSHZ1	18	75210755	75289950	+	ENSG00000179981
SMIM21	18	75409476	75427703	-	ENSG00000206026
ZNF516	18	76357682	76496132	-	ENSG00000101493
ZNF236	18	76822557	76972901	+	ENSG00000130856
MBP	18	76978827	77133683	-	ENSG00000197971
GALR1	18	77249848	77277900	+	ENSG00000166573
SALL3	18	78979818	79002677	+	ENSG00000256463
ATP9B	18	79069272	79378391	+	ENSG00000166377
NFATC1	18	79395856	79529325	+	ENSG00000131196
CTDP1	18	79679803	79754503	+	ENSG00000060069
KCNG2	18	79797904	79900184	+	ENSG00000178342
SLC66A2	18	79902420	79951676	-	ENSG00000122490
HSBP1L1	18	79964582	79970823	+	ENSG00000226742
TXNL4A	18	79970813	80033949	-	ENSG00000141759
RBFA	18	80034389	80050651	+	ENSG00000101546
ADNP2	18	80109262	80147523	+	ENSG00000101544
PARD6G	18	80157232	80247514	-	ENSG00000178184
OR4F17	19	107104	117102	+	ENSG00000176695
PLPP2	19	278504	291403	-	ENSG00000141934
MIER2	19	305573	344815	-	ENSG00000105556
SPMAP2	19	361747	376026	-	ENSG00000105549
C2CD4C	19	405443	409147	-	ENSG00000183186
SHC2	19	416589	461100	-	ENSG00000129946
CIMAP1D	19	463346	474983	-	ENSG00000181781
MADCAM1	19	489176	505343	+	ENSG00000099866
TPGS1	19	507497	519654	+	ENSG00000141933
CDC34	19	531721	542092	+	ENSG00000099804
GZMM	19	544034	549924	+	ENSG00000197540
BSG	19	571277	583498	+	ENSG00000172270
HCN2	19	589881	617159	+	ENSG00000099822
POLRMT	19	617168	633572	-	ENSG00000099821
FGF22	19	639879	644373	+	ENSG00000070388
RNF126	19	647526	663233	-	ENSG00000070423
FSTL3	19	676392	683392	+	ENSG00000070404
PRSS57	19	685546	695498	-	ENSG00000185198
PALM	19	708935	748329	+	ENSG00000099864
MISP	19	748404	764363	+	ENSG00000099812
PTBP1	19	797075	812327	+	ENSG00000011304
PLPPR3	19	812487	822619	-	ENSG00000129951
AZU1	19	825097	832018	+	ENSG00000172232
PRTN3	19	840999	848175	+	ENSG00000196415
ELANE	19	850951	856247	+	ENSG00000197561
CFD	19	859453	869490	+	ENSG00000197766
MED16	19	867630	893218	-	ENSG00000175221
R3HDM4	19	896503	913245	-	ENSG00000198858
KISS1R	19	917287	921005	+	ENSG00000116014
ARID3A	19	924528	975939	+	ENSG00000116017
WDR18	19	984294	998438	+	ENSG00000065268
GRIN3B	19	1000419	1009732	+	ENSG00000116032
TMEM259	19	1009648	1021179	-	ENSG00000182087
CNN2	19	1026547	1039077	+	ENSG00000064666
ABCA7	19	1039997	1065572	+	ENSG00000064687
ARHGAP45	19	1065923	1086642	+	ENSG00000180448
POLR2E	19	1085104	1095389	-	ENSG00000099817
GPX4	19	1103982	1106791	+	ENSG00000167468
SBNO2	19	1107636	1174295	-	ENSG00000064932
STK11	19	1177558	1228431	+	ENSG00000118046
CBARP	19	1228284	1239465	-	ENSG00000099625
ATP5F1D	19	1241746	1244825	+	ENSG00000099624
MIDN	19	1248331	1259145	+	ENSG00000167470
CIRBP	19	1259384	1274880	+	ENSG00000099622
EFNA2	19	1285873	1301431	+	ENSG00000099617
PWWP3A	19	1354293	1378434	+	ENSG00000160953
NDUFS7	19	1383527	1395590	+	ENSG00000115286
GAMT	19	1397026	1401570	-	ENSG00000130005
DAZAP1	19	1407536	1435687	+	ENSG00000071626
RPS15	19	1438354	1440497	+	ENSG00000115268
APC2	19	1446302	1473244	+	ENSG00000115266
C19orf25	19	1461143	1479565	-	ENSG00000119559
PCSK4	19	1481428	1490752	-	ENSG00000115257
REEP6	19	1491034	1497927	+	ENSG00000115255
ADAMTSL5	19	1505022	1513604	-	ENSG00000185761
PLK5	19	1508023	1536046	+	ENSG00000185988
MEX3D	19	1554672	1568325	-	ENSG00000181588
MBD3	19	1573596	1592869	-	ENSG00000071655
UQCR11	19	1597154	1605500	-	ENSG00000127540
TCF3	19	1609291	1652911	-	ENSG00000071564
ONECUT3	19	1753506	1780988	+	ENSG00000205922
ATP8B3	19	1782075	1812276	-	ENSG00000130270
REXO1	19	1815248	1848493	-	ENSG00000079313
KLF16	19	1852399	1863579	-	ENSG00000129911
ABHD17A	19	1876810	1885618	-	ENSG00000129968
SCAMP4	19	1905214	1926013	+	ENSG00000227500
ADAT3	19	1905399	1913447	+	ENSG00000213638
CSNK1G2	19	1941146	1981339	+	ENSG00000133275
BTBD2	19	1985438	2034881	-	ENSG00000133243
MKNK2	19	2037465	2061220	-	ENSG00000099875
MOB3A	19	2071032	2096679	-	ENSG00000172081
IZUMO4	19	2096429	2099593	+	ENSG00000099840
AP3D1	19	2100982	2164468	-	ENSG00000065000
DOT1L	19	2163933	2232578	+	ENSG00000104885
PLEKHJ1	19	2230084	2237704	-	ENSG00000104886
SF3A2	19	2236823	2248672	+	ENSG00000104897
AMH	19	2249309	2252073	+	ENSG00000104899
JSRP1	19	2252074	2269759	-	ENSG00000167476
OAZ1	19	2269509	2273492	+	ENSG00000104904
PEAK3	19	2274631	2282175	-	ENSG00000188305
LINGO3	19	2287164	2308174	-	ENSG00000220008
LSM7	19	2321520	2328612	-	ENSG00000130332
SPPL2B	19	2328613	2355095	+	ENSG00000005206
TMPRSS9	19	2360238	2426261	+	ENSG00000178297
TIMM13	19	2425625	2427588	-	ENSG00000099800
LMNB2	19	2427638	2456992	-	ENSG00000176619
GADD45B	19	2476122	2478805	+	ENSG00000099860
GNG7	19	2511214	2702724	-	ENSG00000176533
DIRAS1	19	2714566	2721438	-	ENSG00000176490
SLC39A3	19	2732204	2740070	-	ENSG00000141873
SGTA	19	2754711	2783390	-	ENSG00000104969
THOP1	19	2785494	2815807	+	ENSG00000172009
ZNF554	19	2819868	2836735	+	ENSG00000172006
ZNF555	19	2841437	2860471	+	ENSG00000186300
ZNF556	19	2867335	2883445	+	ENSG00000172000
ZNF57	19	2900914	2919102	+	ENSG00000171970
ZNF77	19	2933218	2944971	-	ENSG00000175691
TLE6	19	2977538	2995179	+	ENSG00000104953
TLE2	19	2997639	3047635	-	ENSG00000065717
TLE5	19	3052909	3063107	-	ENSG00000104964
GNA11	19	3094362	3123999	+	ENSG00000088256
GNA15	19	3136033	3163749	+	ENSG00000060558
S1PR4	19	3172346	3180332	+	ENSG00000125910
NCLN	19	3185563	3209575	+	ENSG00000125912
CELF5	19	3224650	3297076	+	ENSG00000161082
NFIC	19	3314403	3469217	+	ENSG00000141905
SMIM24	19	3473986	3480525	-	ENSG00000095932
SMIM44	19	3482110	3483441	-	ENSG00000284638
DOHH	19	3490821	3500936	-	ENSG00000129932
FZR1	19	3506277	3538334	+	ENSG00000105325
MFSD12	19	3538261	3574290	-	ENSG00000161091
TEKTIP1	19	3539171	3544030	+	ENSG00000183397
HMG20B	19	3572741	3579088	+	ENSG00000064961
GIPC3	19	3585478	3593541	+	ENSG00000179855
TBXA2R	19	3594506	3606895	-	ENSG00000006638
CACTIN	19	3610645	3626815	-	ENSG00000105298
PIP5K1C	19	3630181	3700487	-	ENSG00000186111
TJP3	19	3708356	3750813	+	ENSG00000105289
APBA3	19	3750772	3761700	-	ENSG00000011132
MRPL54	19	3762672	3768575	+	ENSG00000183617
RAX2	19	3769089	3772228	-	ENSG00000173976
MATK	19	3777969	3802129	-	ENSG00000007264
ZFR2	19	3804024	3869038	-	ENSG00000105278
ATCAY	19	3879864	3928082	+	ENSG00000167654
NMRK2	19	3932994	3943081	+	ENSG00000077009
DAPK3	19	3958453	3971123	-	ENSG00000167657
EEF2	19	3976044	3985479	-	ENSG00000167658
PIAS4	19	4007695	4039386	+	ENSG00000105229
ZBTB7A	19	4043303	4067636	-	ENSG00000178951
MAP2K2	19	4090317	4124216	-	ENSG00000126934
CREB3L3	19	4153621	4173057	+	ENSG00000060566
SIRT6	19	4174109	4182599	-	ENSG00000077463
ANKRD24	19	4182630	4224818	+	ENSG00000089847
EBI3	19	4229314	4237528	+	ENSG00000105246
YJU2	19	4247080	4269091	+	ENSG00000105248
SHD	19	4279030	4290725	+	ENSG00000105251
TMIGD2	19	4292227	4302431	-	ENSG00000167664
FSD1	19	4304595	4323843	+	ENSG00000105255
STAP2	19	4324040	4342786	-	ENSG00000178078
MPND	19	4343527	4360086	+	ENSG00000008382
SH3GL1	19	4360367	4400547	-	ENSG00000141985
CHAF1A	19	4402617	4445018	+	ENSG00000167670
UBXN6	19	4444999	4457794	-	ENSG00000167671
HDGFL2	19	4472244	4502220	+	ENSG00000167674
PLIN4	19	4502182	4520379	-	ENSG00000167676
PLIN5	19	4522531	4535247	-	ENSG00000214456
LRG1	19	4536402	4540067	-	ENSG00000171236
SEMA6B	19	4542588	4581784	-	ENSG00000167680
TNFAIP8L1	19	4639511	4655568	+	ENSG00000185361
MYDGF	19	4641374	4670365	-	ENSG00000074842
DPP9	19	4674341	4724673	-	ENSG00000142002
FEM1A	19	4791734	4801273	+	ENSG00000141965
TICAM1	19	4815932	4831712	-	ENSG00000127666
PLIN3	19	4838339	4867717	-	ENSG00000105355
ARRDC5	19	4890437	4902948	-	ENSG00000205784
UHRF1	19	4903080	4962154	+	ENSG00000276043
KDM4B	19	4969107	5153611	+	ENSG00000127663
PTPRS	19	5158495	5340941	-	ENSG00000105426
ZNRF4	19	5455417	5456856	+	ENSG00000105428
TINCR	19	5558167	5578349	-	ENSG00000223573
SAFB2	19	5586981	5624046	-	ENSG00000130254
SAFB	19	5623035	5668478	+	ENSG00000160633
RPL36	19	5674947	5691881	+	ENSG00000130255
MICOS13	19	5678421	5680516	-	ENSG00000174917
HSD11B1L	19	5680604	5688524	+	ENSG00000167733
LONP1	19	5691834	5720572	-	ENSG00000196365
CATSPERD	19	5720637	5778734	+	ENSG00000174898
PRR22	19	5782960	5784746	-	ENSG00000212123
DUS3L	19	5784832	5791225	-	ENSG00000141994
NRTN	19	5805056	5828324	+	ENSG00000171119
FUT6	19	5830361	5839722	-	ENSG00000156413
FUT3	19	5842888	5851471	-	ENSG00000171124
FUT5	19	5865826	5870540	-	ENSG00000130383
NDUFA11	19	5891207	5904006	-	ENSG00000174886
VMAC	19	5904872	5910853	+	ENSG00000187650
CAPS	19	5912339	5916211	+	ENSG00000105519
RANBP3	19	5916139	5978144	-	ENSG00000031823
RFX2	19	5993164	6199572	-	ENSG00000087903
ACSBG2	19	6135247	6193094	+	ENSG00000130377
MLLT1	19	6210377	6279975	-	ENSG00000130382
ACER1	19	6306142	6333612	-	ENSG00000167769
CLPP	19	6361427	6370242	+	ENSG00000125656
ALKBH7	19	6372763	6375250	+	ENSG00000125652
PSPN	19	6375148	6379058	-	ENSG00000125650
GTF2F1	19	6379572	6393981	-	ENSG00000125651
KHSRP	19	6413102	6424811	-	ENSG00000088247
SLC25A41	19	6426037	6433779	-	ENSG00000181240
SLC25A23	19	6436079	6465203	-	ENSG00000125648
CRB3	19	6463777	6467221	+	ENSG00000130545
DENND1C	19	6467207	6482557	-	ENSG00000205744
TUBB4A	19	6494319	6502848	-	ENSG00000104833
TNFSF9	19	6531026	6535924	+	ENSG00000125657
CD70	19	6583183	6604103	-	ENSG00000125726
TNFSF14	19	6658085	6670621	-	ENSG00000125735
C3	19	6677704	6730562	-	ENSG00000125730
GPR108	19	6729914	6737606	-	ENSG00000125734
TRIP10	19	6737925	6751530	+	ENSG00000125733
SH2D3A	19	6752160	6768109	-	ENSG00000125731
VAV1	19	6772694	6857366	+	ENSG00000141968
ADGRE1	19	6887566	6940459	+	ENSG00000174837
MBD3L2B	19	7018969	7021431	-	ENSG00000196589
MBD3L5	19	7030578	7033011	+	ENSG00000237247
MBD3L4	19	7037749	7040179	-	ENSG00000205718
MBD3L2	19	7049321	7051735	+	ENSG00000230522
MBD3L3	19	7056207	7069665	-	ENSG00000182315
ZNF557	19	7069701	7087968	+	ENSG00000130544
INSR	19	7112255	7294414	-	ENSG00000171105
ARHGEF18	19	7348937	7472485	+	ENSG00000104880
PEX11G	19	7476869	7497449	-	ENSG00000104883
SAXO5	19	7492976	7508450	+	ENSG00000198723
ZNF358	19	7515292	7521027	+	ENSG00000198816
MCOLN1	19	7522611	7534009	+	ENSG00000090674
PNPLA6	19	7534004	7561764	+	ENSG00000032444
CAMSAP3	19	7595826	7618352	+	ENSG00000076826
XAB2	19	7619523	7629565	-	ENSG00000076924
PET100	19	7629711	7631956	+	ENSG00000229833
PCP2	19	7631611	7633719	-	ENSG00000174788
STXBP2	19	7636772	7647873	+	ENSG00000076944
RETN	19	7669049	7670455	+	ENSG00000104918
MCEMP1	19	7677088	7679833	+	ENSG00000183019
TRAPPC5	19	7680833	7687703	+	ENSG00000181029
FCER2	19	7688758	7702146	-	ENSG00000104921
CLEC4G	19	7728957	7733906	-	ENSG00000182566
CD209	19	7739993	7747564	-	ENSG00000090659
CLEC4M	19	7763153	7769606	+	ENSG00000104938
EVI5L	19	7830182	7864980	+	ENSG00000142459
PRR36	19	7868719	7874390	-	ENSG00000183248
LRRC8E	19	7888500	7902021	+	ENSG00000171017
MAP2K7	19	7903843	7914480	+	ENSG00000076984
TGFBR3L	19	7914803	7919097	+	ENSG00000260001
SNAPC2	19	7920320	7923250	+	ENSG00000104976
CTXN1	19	7924491	7926135	-	ENSG00000178531
TIMM44	19	7926718	7943773	-	ENSG00000104980
ELAVL1	19	7958573	8006062	-	ENSG00000066044
CCL25	19	8052293	8062665	+	ENSG00000131142
FBN3	19	8065402	8149693	-	ENSG00000142449
CERS4	19	8206736	8263716	+	ENSG00000090661
CD320	19	8302126	8308366	-	ENSG00000167775
NDUFA7	19	8308768	8321382	-	ENSG00000267855
RPS28	19	8320900	8323567	+	ENSG00000233927
KANK3	19	8322582	8343268	-	ENSG00000186994
ANGPTL4	19	8363223	8374371	+	ENSG00000167772
RAB11B	19	8389981	8405873	+	ENSG00000185236
MARCHF2	19	8411460	8439017	+	ENSG00000099785
HNRNPM	19	8444767	8489114	+	ENSG00000099783
PRAM1	19	8490056	8502647	-	ENSG00000133246
ZNF414	19	8509678	8514167	-	ENSG00000133250
MYO1F	19	8517463	8577464	-	ENSG00000142347
ADAMTS10	19	8580240	8610735	-	ENSG00000142303
NFILZ	19	8630633	8681151	+	ENSG00000268480
ACTL9	19	8697400	8698795	-	ENSG00000181786
OR2Z1	19	8721634	8732160	+	ENSG00000181733
ZNF558	19	8806170	8832314	-	ENSG00000167785
MBD3L1	19	8832377	8843340	+	ENSG00000170948
MUC16	19	8848844	9010390	-	ENSG00000181143
OR1M1	19	9087061	9095669	+	ENSG00000170929
OR7G2	19	9100407	9107475	-	ENSG00000170923
OR7G1	19	9114828	9115763	-	ENSG00000161807
OR7G3	19	9126012	9126950	-	ENSG00000170920
ZNF317	19	9140380	9163424	+	ENSG00000130803
OR7D2	19	9178979	9188818	+	ENSG00000188000
OR7D4	19	9210276	9219589	-	ENSG00000174667
OR7E24	19	9247344	9252625	+	ENSG00000237521
ZNF699	19	9291140	9309838	-	ENSG00000196110
ZNF559	19	9323717	9351162	+	ENSG00000188321
ZNF559-ZNF177	19	9324174	9382617	+	ENSG00000270011
ZNF177	19	9363013	9382617	+	ENSG00000188629
ZNF266	19	9412424	9435601	-	ENSG00000174652
ZNF560	19	9466355	9498616	-	ENSG00000198028
ZNF426	19	9523223	9538826	-	ENSG00000130818
ZNF121	19	9560329	9584504	-	ENSG00000197961
ZNF561	19	9604680	9622601	-	ENSG00000171469
ZNF562	19	9641807	9675100	-	ENSG00000171466
ZNF846	19	9751993	9793180	-	ENSG00000196605
FBXL12	19	9810267	9827816	-	ENSG00000127452
UBL5	19	9827892	9830137	+	ENSG00000198258
PIN1	19	9835257	9849690	+	ENSG00000127445
OLFM2	19	9853718	9936558	-	ENSG00000105088
COL5A3	19	9959561	10010504	-	ENSG00000080573
RDH8	19	10013249	10022279	+	ENSG00000080511
SHFL	19	10086122	10093252	+	ENSG00000130813
ANGPTL6	19	10092337	10106612	-	ENSG00000130812
PPAN-P2RY11	19	10106223	10114780	+	ENSG00000243207
PPAN	19	10106329	10112012	+	ENSG00000130810
P2RY11	19	10111693	10115372	+	ENSG00000244165
EIF3G	19	10115010	10119951	-	ENSG00000130811
DNMT1	19	10133342	10231286	-	ENSG00000130816
S1PR2	19	10221433	10231331	-	ENSG00000267534
MRPL4	19	10251901	10260060	+	ENSG00000105364
ICAM1	19	10271093	10286615	+	ENSG00000090339
ICAM4	19	10286955	10288522	+	ENSG00000105371
ICAM5	19	10289952	10296778	+	ENSG00000105376
ZGLP1	19	10304803	10309880	-	ENSG00000220201
FDX2	19	10309916	10316015	-	ENSG00000267673
RAVER1	19	10316212	10333548	-	ENSG00000161847
ICAM3	19	10333776	10339847	-	ENSG00000076662
TYK2	19	10350528	10380608	-	ENSG00000105397
CDC37	19	10391090	10420185	-	ENSG00000105401
PDE4A	19	10416773	10469630	+	ENSG00000065989
KEAP1	19	10486119	10503558	-	ENSG00000079999
S1PR5	19	10512742	10517931	-	ENSG00000180739
ATG4D	19	10543533	10553423	+	ENSG00000130734
KRI1	19	10553085	10566031	-	ENSG00000129347
CDKN2D	19	10566460	10569059	-	ENSG00000129355
AP1M2	19	10572670	10587315	-	ENSG00000129354
SLC44A2	19	10602457	10644558	+	ENSG00000129353
ILF3	19	10654261	10692415	+	ENSG00000129351
QTRT1	19	10701430	10713437	+	ENSG00000213339
DNM2	19	10717974	10833504	+	ENSG00000079805
TMED1	19	10832067	10836318	-	ENSG00000099203
C19orf38	19	10836567	10869791	+	ENSG00000214212
CARM1	19	10871553	10923075	+	ENSG00000142453
YIPF2	19	10918919	10928681	-	ENSG00000130733
TIMM29	19	10928811	10933535	+	ENSG00000142444
SMARCA4	19	10960824	11079426	+	ENSG00000127616
LDLR	19	11089418	11133830	+	ENSG00000130164
SPC24	19	11131520	11155807	-	ENSG00000161888
KANK2	19	11164267	11197945	-	ENSG00000197256
DOCK6	19	11199295	11262524	-	ENSG00000130158
ANGPTL8	19	11237502	11241943	+	ENSG00000130173
TSPAN16	19	11296139	11326996	+	ENSG00000130167
RAB3D	19	11322068	11346270	-	ENSG00000105514
TMEM205	19	11342776	11346518	-	ENSG00000105518
CCDC159	19	11344684	11354944	+	ENSG00000183401
PLPPR2	19	11355386	11365698	+	ENSG00000105520
SWSAP1	19	11374666	11376951	+	ENSG00000173928
EPOR	19	11377207	11384343	-	ENSG00000187266
RGL3	19	11384341	11419352	-	ENSG00000205517
ODAD3	19	11420604	11435782	-	ENSG00000198003
PRKCSH	19	11422369	11450969	+	ENSG00000130175
ELAVL3	19	11451326	11481051	-	ENSG00000196361
ZNF653	19	11483427	11505839	-	ENSG00000161914
ECSIT	19	11505927	11530564	-	ENSG00000130159
CNN1	19	11538767	11550323	+	ENSG00000130176
ELOF1	19	11551147	11559325	-	ENSG00000130165
ZNF627	19	11559374	11619161	+	ENSG00000198551
ACP5	19	11574653	11579993	-	ENSG00000102575
ZNF823	19	11721264	11739009	-	ENSG00000197933
ZNF441	19	11767000	11784078	+	ENSG00000197044
ZNF491	19	11797642	11809622	+	ENSG00000177599
ZNF440	19	11814273	11835216	+	ENSG00000171295
ZNF439	19	11848726	11883750	+	ENSG00000171291
ZNF69	19	11887782	11914329	+	ENSG00000198429
ZNF700	19	11925068	11950773	+	ENSG00000196757
ZNF763	19	11965037	11980617	+	ENSG00000197054
ZNF433	19	12014715	12035741	-	ENSG00000197647
ZNF878	19	12040992	12052972	-	ENSG00000257446
ZNF844	19	12064731	12081565	+	ENSG00000223547
ZNF20	19	12092843	12140355	-	ENSG00000132010
ZNF625-ZNF20	19	12132117	12156731	-	ENSG00000213297
ZNF625	19	12142090	12156734	-	ENSG00000257591
ZNF136	19	12163064	12189871	+	ENSG00000196646
ZNF44	19	12224686	12294883	-	ENSG00000197857
ZNF563	19	12317477	12333720	-	ENSG00000188868
ZNF442	19	12345944	12365905	-	ENSG00000198342
ZNF799	19	12390016	12401271	-	ENSG00000196466
ZNF443	19	12429706	12441021	-	ENSG00000180855
ZNF709	19	12461184	12513854	-	ENSG00000242852
ZNF564	19	12525373	12551542	-	ENSG00000249709
ZNF490	19	12576100	12640098	-	ENSG00000188033
ZNF791	19	12610918	12633840	+	ENSG00000173875
MAN2B1	19	12643831	12666762	-	ENSG00000104774
WDR83	19	12666802	12675832	+	ENSG00000123154
WDR83OS	19	12668073	12669430	-	ENSG00000105583
DHPS	19	12673411	12681894	-	ENSG00000095059
GNG14	19	12687998	12688422	+	ENSG00000283980
FBXW9	19	12688053	12696649	-	ENSG00000132004
TNPO2	19	12699201	12724011	-	ENSG00000105576
TRIR	19	12730640	12734684	-	ENSG00000123144
GET3	19	12737139	12748325	+	ENSG00000198356
BEST2	19	12751702	12758458	+	ENSG00000039987
HOOK2	19	12762640	12872740	-	ENSG00000095066
JUNB	19	12791486	12793315	+	ENSG00000171223
PRDX2	19	12796817	12801849	-	ENSG00000167815
THSD8	19	12802031	12813581	+	ENSG00000284491
RNASEH2A	19	12806505	12813643	+	ENSG00000104889
RTBDN	19	12825477	12838362	-	ENSG00000132026
MAST1	19	12833951	12874952	+	ENSG00000105613
DNASE2	19	12875209	12881595	-	ENSG00000105612
KLF1	19	12884422	12887201	-	ENSG00000105610
GCDH	19	12891128	12915126	+	ENSG00000105607
SYCE2	19	12898786	12919306	-	ENSG00000161860
FARSA	19	12922276	12934037	-	ENSG00000179115
CALR	19	12938578	12944490	+	ENSG00000179218
RAD23A	19	12945848	12953646	+	ENSG00000179262
GADD45GIP1	19	12953119	12957223	-	ENSG00000179271
DAND5	19	12965159	12974760	+	ENSG00000179284
NFIX	19	12995475	13098796	+	ENSG00000008441
LYL1	19	13099033	13103161	-	ENSG00000104903
TRMT1	19	13104899	13117567	-	ENSG00000104907
NACC1	19	13116468	13141147	+	ENSG00000160877
STX10	19	13144058	13150383	-	ENSG00000104915
IER2	19	13150411	13156981	+	ENSG00000160888
CACNA1A	19	13206442	13624489	-	ENSG00000141837
YJU2B	19	13731752	13763298	+	ENSG00000104957
MRI1	19	13764522	13774282	+	ENSG00000037757
C19orf53	19	13774454	13778773	+	ENSG00000104979
ZSWIM4	19	13795398	13832254	+	ENSG00000132003
NANOS3	19	13862063	13880757	+	ENSG00000187556
BRME1	19	13882343	13906572	-	ENSG00000132016
CC2D1A	19	13906160	13930884	+	ENSG00000132024
PODNL1	19	13931183	13953392	-	ENSG00000132000
DCAF15	19	13952459	13961449	+	ENSG00000132017
RFX1	19	13961529	14007084	-	ENSG00000132005
RLN3	19	14028148	14031551	+	ENSG00000171136
IL27RA	19	14031644	14053223	+	ENSG00000104998
PALM3	19	14053363	14062076	-	ENSG00000187867
MISP3	19	14072108	14075062	+	ENSG00000141854
C19orf67	19	14081624	14085875	-	ENSG00000188032
SAMD1	19	14087851	14091036	-	ENSG00000141858
PRKACA	19	14091688	14118084	-	ENSG00000072062
SMIM46	19	14112324	14112476	-	ENSG00000289762
ASF1B	19	14119512	14136622	-	ENSG00000105011
ADGRL1	19	14147743	14206204	-	ENSG00000072071
ADGRE5	19	14380501	14408729	+	ENSG00000123146
DDX39A	19	14408798	14419383	-	ENSG00000123136
PKN1	19	14433053	14471872	+	ENSG00000123143
PTGER1	19	14472466	14477272	-	ENSG00000160951
GIPC1	19	14477759	14496157	-	ENSG00000123159
DNAJB1	19	14513789	14560391	-	ENSG00000132002
TECR	19	14517085	14565988	+	ENSG00000099797
NDUFB7	19	14566078	14572066	-	ENSG00000099795
CLEC17A	19	14583084	14612035	+	ENSG00000187912
ADGRE3	19	14599080	14690027	-	ENSG00000131355
ZNF333	19	14689801	14733746	+	ENSG00000160961
ADGRE2	19	14732392	14778560	-	ENSG00000127507
OR7C1	19	14789260	14835376	-	ENSG00000127530
OR7A5	19	14826241	14835185	-	ENSG00000188269
OR7A10	19	14840466	14848922	-	ENSG00000127515
OR7A17	19	14878203	14886132	-	ENSG00000185385
OR7C2	19	14941489	14942448	+	ENSG00000127529
SLC1A6	19	14950033	15022990	-	ENSG00000105143
TEKTL1	19	15010726	15023276	+	ENSG00000160994
CASP14	19	15049480	15058293	+	ENSG00000105141
OR1I1	19	15082211	15092970	+	ENSG00000094661
SYDE1	19	15107364	15114988	+	ENSG00000105137
ILVBL	19	15114976	15125792	-	ENSG00000105135
NOTCH3	19	15159038	15200996	-	ENSG00000074181
EPHX3	19	15226899	15233591	-	ENSG00000105131
BRD4	19	15235519	15332545	-	ENSG00000141867
AKAP8	19	15353385	15379829	-	ENSG00000105127
AKAP8L	19	15380050	15419141	-	ENSG00000011243
WIZ	19	15419978	15449975	-	ENSG00000011451
RASAL3	19	15451624	15464583	-	ENSG00000105122
PGLYRP2	19	15468642	15498956	-	ENSG00000161031
CYP4F22	19	15508477	15552317	+	ENSG00000171954
CYP4F8	19	15615218	15630639	+	ENSG00000186526
CYP4F3	19	15640795	15662825	+	ENSG00000186529
CYP4F12	19	15673018	15698817	+	ENSG00000186204
OR10H2	19	15728024	15729052	+	ENSG00000171942
OR10H3	19	15737985	15742343	+	ENSG00000171936
OR10H5	19	15787661	15800357	+	ENSG00000172519
OR10H1	19	15804549	15815664	-	ENSG00000186723
CYP4F2	19	15877893	15900528	-	ENSG00000186115
CYP4F11	19	15912367	15934933	-	ENSG00000171903
OR10H4	19	15944299	15950350	+	ENSG00000176231
TPM4	19	16067021	16103011	+	ENSG00000167460
RAB8A	19	16111843	16134234	+	ENSG00000167461
HSH2D	19	16134028	16158575	+	ENSG00000196684
CIB3	19	16161368	16173525	-	ENSG00000141977
FAM32A	19	16185380	16192048	+	ENSG00000105058
AP1M1	19	16197854	16245906	+	ENSG00000072958
KLF2	19	16324826	16328685	+	ENSG00000127528
EPS15L1	19	16355225	16472085	-	ENSG00000127527
CALR3	19	16479061	16496167	-	ENSG00000269058
C19orf44	19	16496394	16521369	+	ENSG00000105072
CHERP	19	16517882	16542448	-	ENSG00000085872
SLC35E1	19	16549831	16572415	-	ENSG00000127526
MED26	19	16574907	16629062	-	ENSG00000105085
SMIM7	19	16630751	16660442	-	ENSG00000214046
TMEM38A	19	16661129	16690023	+	ENSG00000072954
NWD1	19	16719847	16817963	+	ENSG00000188039
SIN3B	19	16829387	16880355	+	ENSG00000127511
F2RL3	19	16888999	16892606	+	ENSG00000127533
CPAMD8	19	16892951	17026815	-	ENSG00000160111
HAUS8	19	17049729	17075625	-	ENSG00000131351
MYO9B	19	17075728	17214537	+	ENSG00000099331
USE1	19	17215346	17220237	+	ENSG00000053501
OCEL1	19	17226198	17229219	+	ENSG00000099330
NR2F6	19	17231883	17245919	-	ENSG00000160113
USHBP1	19	17249171	17282786	-	ENSG00000130307
BABAM1	19	17267343	17281249	+	ENSG00000105393
ANKLE1	19	17281645	17287649	+	ENSG00000160117
ABHD8	19	17292131	17310236	-	ENSG00000127220
MRPL34	19	17292609	17306843	+	ENSG00000130312
DDA1	19	17309518	17323298	+	ENSG00000130311
ANO8	19	17323223	17334855	-	ENSG00000074855
GTPBP3	19	17334920	17342735	+	ENSG00000130299
PLVAP	19	17351450	17377356	-	ENSG00000130300
CCDC194	19	17387196	17394196	-	ENSG00000269720
BST2	19	17402933	17405665	-	ENSG00000130303
MVB12A	19	17405722	17433724	+	ENSG00000141971
TMEM221	19	17435509	17448668	-	ENSG00000188051
NXNL1	19	17455425	17460926	-	ENSG00000171773
SLC27A1	19	17467666	17506190	+	ENSG00000130304
PGLS	19	17511620	17521288	+	ENSG00000130313
NIBAN3	19	17523301	17553839	+	ENSG00000167483
COLGALT1	19	17555631	17583162	+	ENSG00000130309
UNC13A	19	17601336	17688365	-	ENSG00000130477
MAP1S	19	17718607	17734518	+	ENSG00000130479
FCHO1	19	17747718	17788572	+	ENSG00000130475
B3GNT3	19	17794697	17814175	+	ENSG00000179913
INSL3	19	17816512	17821574	-	ENSG00000248099
JAK3	19	17824780	17848071	-	ENSG00000105639
RPL18A	19	17859868	17864153	+	ENSG00000105640
SLC5A5	19	17871945	17895174	+	ENSG00000105641
CCDC124	19	17932588	17944914	+	ENSG00000007080
KCNN1	19	17947484	18000085	+	ENSG00000105642
ARRDC2	19	18001126	18014102	+	ENSG00000105643
IL12RB1	19	18058995	18098944	-	ENSG00000096996
MAST3	19	18097749	18151692	+	ENSG00000099308
PIK3R2	19	18153160	18170541	+	ENSG00000105647
IFI30	19	18173162	18178121	+	ENSG00000216490
MPV17L2	19	18193218	18196948	+	ENSG00000254858
RAB3A	19	18196752	18204042	-	ENSG00000105649
CIST1	19	18249950	18255395	-	ENSG00000284797
IQCN	19	18257098	18274500	-	ENSG00000130518
JUND	19	18279694	18281622	-	ENSG00000130522
LSM4	19	18306231	18323112	-	ENSG00000130520
PGPEP1	19	18340587	18369950	+	ENSG00000130517
GDF15	19	18374731	18389176	+	ENSG00000130513
LRRC25	19	18391137	18397622	-	ENSG00000175489
SSBP4	19	18418864	18434563	+	ENSG00000130511
ISYNA1	19	18434388	18438178	-	ENSG00000105655
ELL	19	18442663	18522116	-	ENSG00000105656
FKBP8	19	18531751	18544264	-	ENSG00000105701
KXD1	19	18557683	18569387	+	ENSG00000105700
UBA52	19	18571730	18577550	+	ENSG00000221983
CRLF1	19	18572220	18607741	-	ENSG00000006016
REX1BD	19	18588685	18592338	+	ENSG00000006015
TMEM59L	19	18607430	18621040	+	ENSG00000105696
KLHL26	19	18637025	18671721	+	ENSG00000167487
CRTC1	19	18683640	18782333	+	ENSG00000105662
COMP	19	18782773	18791305	-	ENSG00000105664
UPF1	19	18831905	18868232	+	ENSG00000005007
CERS1	19	18868545	18896727	-	ENSG00000223802
GDF1	19	18868545	18896158	-	ENSG00000130283
COPE	19	18899514	18919400	-	ENSG00000105669
DDX49	19	18919700	18929189	+	ENSG00000105671
HOMER3	19	18929201	18941728	-	ENSG00000051128
SUGP2	19	18990888	19034040	-	ENSG00000064607
ARMC6	19	19033575	19060311	+	ENSG00000105676
SLC25A42	19	19061697	19113030	+	ENSG00000181035
TMEM161A	19	19119169	19138513	-	ENSG00000064545
MEF2B	19	19145567	19192131	-	ENSG00000213999
BORCS8-MEF2B	19	19145569	19192158	-	ENSG00000064489
BORCS8	19	19176902	19192591	-	ENSG00000254901
RFXANK	19	19191957	19202844	+	ENSG00000064490
NR2C2AP	19	19201409	19203729	-	ENSG00000184162
NCAN	19	19211948	19252247	+	ENSG00000130287
HAPLN4	19	19254756	19262805	-	ENSG00000187664
TM6SF2	19	19264109	19273391	-	ENSG00000213996
SUGP1	19	19276018	19320511	-	ENSG00000105705
MAU2	19	19320811	19358754	+	ENSG00000129933
GATAD2A	19	19385638	19508932	+	ENSG00000167491
TSSK6	19	19512418	19515548	-	ENSG00000178093
NDUFA13	19	19515736	19529054	+	ENSG00000186010
YJEFN3	19	19528861	19537584	+	ENSG00000250067
CILP2	19	19538248	19546659	+	ENSG00000160161
PBX4	19	19561707	19618732	-	ENSG00000105717
LPAR2	19	19623639	19628930	-	ENSG00000064547
GMIP	19	19629473	19643657	-	ENSG00000089639
ATP13A1	19	19645198	19663700	-	ENSG00000105726
ZNF101	19	19668796	19683509	+	ENSG00000181896
ZNF14	19	19710472	19733112	-	ENSG00000105708
ZNF506	19	19761038	19821751	-	ENSG00000081665
ZNF253	19	19865881	19894674	+	ENSG00000256771
ZNF93	19	19900913	19963464	+	ENSG00000184635
ZNF682	19	19997058	20039505	-	ENSG00000197124
ZNF90	19	20077994	20127076	+	ENSG00000213988
ZNF486	19	20167214	20200488	+	ENSG00000256229
ZNF737	19	20535825	20565809	-	ENSG00000237440
ZNF626	19	20619939	20661596	-	ENSG00000188171
ZNF66	19	20776304	20810361	+	ENSG00000160229
ZNF85	19	20923222	20950697	+	ENSG00000105750
ZNF430	19	21020614	21060050	+	ENSG00000118620
ZNF714	19	21077069	21125270	+	ENSG00000160352
ZNF431	19	21142005	21196053	+	ENSG00000196705
ZNF708	19	21284033	21329425	-	ENSG00000182141
ZNF738	19	21358930	21388582	+	ENSG00000172687
ZNF493	19	21397119	21427577	+	ENSG00000196268
ZNF429	19	21496682	21556270	+	ENSG00000197013
ZNF100	19	21722771	21767598	-	ENSG00000197020
ZNF43	19	21804946	21852125	-	ENSG00000198521
ZNF208	19	21932958	22010949	-	ENSG00000160321
ZNF257	19	22052430	22091480	+	ENSG00000197134
ZNF676	19	22178486	22215801	-	ENSG00000196109
ZNF729	19	22286441	22317176	+	ENSG00000196350
ZNF98	19	22391019	22532485	-	ENSG00000197360
ZNF492	19	22634324	22667671	+	ENSG00000229676
ZNF99	19	22752183	22784151	-	ENSG00000213973
ZNF723	19	22832291	22858667	+	ENSG00000268696
ZNF728	19	22974883	23003176	-	ENSG00000269067
ZNF730	19	23075210	23147221	+	ENSG00000183850
ZNF724	19	23221599	23250394	-	ENSG00000196081
ZNF91	19	23304991	23395501	-	ENSG00000167232
ZNF675	19	23525631	23687220	-	ENSG00000197372
ZNF681	19	23739195	23758891	-	ENSG00000196172
RPSA2	19	23762944	23871162	+	ENSG00000288920
ZNF726	19	23914876	23945159	+	ENSG00000213967
ZNF254	19	24033405	24129968	+	ENSG00000213096
UQCRFS1	19	29205320	29213151	-	ENSG00000169021
VSTM2B	19	29524739	29564553	+	ENSG00000187135
POP4	19	29606283	29617237	+	ENSG00000105171
PLEKHF1	19	29665398	29675477	+	ENSG00000166289
C19orf12	19	29698937	29716060	-	ENSG00000131943
CCNE1	19	29811471	29824313	+	ENSG00000105173
URI1	19	29923644	30016612	+	ENSG00000105176
ZNF536	19	30224891	30713586	+	ENSG00000198597
TSHZ3	19	31149979	31349436	-	ENSG00000121297
ZNF507	19	32345594	32387667	+	ENSG00000168813
DPY19L3	19	32405543	32485895	+	ENSG00000178904
PDCD5	19	32581188	32587453	+	ENSG00000105185
ANKRD27	19	32597000	32676597	-	ENSG00000105186
RGS9BP	19	32675848	32678300	+	ENSG00000186326
NUDT19	19	32691821	32713792	+	ENSG00000213965
TDRD12	19	32719753	32829580	+	ENSG00000173809
SLC7A9	19	32830508	32869805	-	ENSG00000021488
CEP89	19	32875925	32971992	-	ENSG00000121289
FAAP24	19	32972209	32978229	+	ENSG00000131944
RHPN2	19	32978592	33064888	-	ENSG00000131941
GPATCH1	19	33080899	33130954	+	ENSG00000076650
WDR88	19	33132090	33175799	+	ENSG00000166359
LRP3	19	33177603	33208864	+	ENSG00000130881
SLC7A10	19	33208657	33225850	-	ENSG00000130876
CEBPA	19	33299934	33302534	-	ENSG00000245848
CEBPG	19	33373685	33382686	+	ENSG00000153879
PEPD	19	33386950	33521823	-	ENSG00000124299
CHST8	19	33621942	33773509	+	ENSG00000124302
KCTD15	19	33795933	33815763	+	ENSG00000153885
LSM14A	19	34172426	34229302	+	ENSG00000257103
GARRE1	19	34254543	34355566	+	ENSG00000166398
GPI	19	34359480	34402413	+	ENSG00000105220
PDCD2L	19	34404399	34426168	+	ENSG00000126249
UBA2	19	34428352	34471251	+	ENSG00000126261
WTIP	19	34481682	34512304	+	ENSG00000142279
SCGB2B2	19	34590644	34677159	-	ENSG00000205209
ZNF302	19	34677084	34687065	+	ENSG00000089335
ZNF181	19	34734155	34745386	+	ENSG00000197841
ZNF599	19	34758073	34773229	-	ENSG00000153896
ZNF30	19	34926887	34945172	+	ENSG00000168661
ZNF792	19	34956354	34964284	-	ENSG00000180884
GRAMD1A	19	34994784	35026471	+	ENSG00000089351
SCN1B	19	35030447	35040455	+	ENSG00000105711
HPN	19	35040506	35066592	+	ENSG00000105707
FXYD3	19	35115521	35125653	+	ENSG00000089356
LGI4	19	35124510	35142451	-	ENSG00000153902
FXYD1	19	35137159	35143109	+	ENSG00000266964
FXYD7	19	35143148	35154302	+	ENSG00000221946
FXYD5	19	35154569	35171791	+	ENSG00000089327
FAM187B	19	35224800	35228739	-	ENSG00000177558
LSR	19	35248330	35267967	+	ENSG00000105699
USF2	19	35268962	35279821	+	ENSG00000105698
HAMP	19	35280716	35285143	+	ENSG00000105697
MAG	19	35291647	35316351	+	ENSG00000105695
CD22	19	35319261	35347361	+	ENSG00000012124
FFAR1	19	35347902	35353864	+	ENSG00000126266
FFAR3	19	35358348	35360489	+	ENSG00000185897
GPR42	19	35371068	35372962	+	ENSG00000126251
FFAR2	19	35443907	35451767	+	ENSG00000126262
KRTDAP	19	35487324	35495558	-	ENSG00000188508
DMKN	19	35497220	35513693	-	ENSG00000161249
SBSN	19	35523367	35528351	-	ENSG00000189001
GAPDHS	19	35533455	35545319	+	ENSG00000105679
TMEM147	19	35545600	35547527	+	ENSG00000105677
ATP4A	19	35550031	35563658	-	ENSG00000105675
PMIS2	19	35586161	35587296	+	ENSG00000283758
HAUS5	19	35612735	35625355	+	ENSG00000249115
RBM42	19	35628989	35638927	+	ENSG00000126254
ETV2	19	35641745	35644871	+	ENSG00000105672
COX6B1	19	35648230	35658795	+	ENSG00000126267
UPK1A	19	35666517	35678481	+	ENSG00000105668
ZBTB32	19	35704558	35717048	+	ENSG00000011590
KMT2B	19	35717973	35738880	+	ENSG00000272333
IGFLR1	19	35738798	35742455	-	ENSG00000126246
U2AF1L4	19	35742464	35745445	-	ENSG00000161265
PSENEN	19	35745070	35747519	+	ENSG00000205155
LIN37	19	35748361	35754519	+	ENSG00000267796
HSPB6	19	35754566	35758079	-	ENSG00000004776
PROSER3	19	35758143	35771398	+	ENSG00000167595
ARHGAP33	19	35774532	35788822	+	ENSG00000004777
PRODH2	19	35799975	35813299	-	ENSG00000250799
NPHS1	19	35825372	35869287	-	ENSG00000161270
KIRREL2	19	35851369	35867145	+	ENSG00000126259
APLP1	19	35867899	35879803	+	ENSG00000105290
NFKBID	19	35887630	35902303	-	ENSG00000167604
HCST	19	35900635	35904377	+	ENSG00000126264
TYROBP	19	35904401	35908301	-	ENSG00000011600
LRFN3	19	35935358	35946624	+	ENSG00000126243
SDHAF1	19	35995188	35996312	+	ENSG00000205138
SYNE4	19	36003282	36008831	-	ENSG00000181392
ALKBH6	19	36009120	36014297	-	ENSG00000239382
CLIP3	19	36014660	36033343	-	ENSG00000105270
THAP8	19	36034984	36054739	-	ENSG00000161277
WDR62	19	36054649	36105108	+	ENSG00000075702
OVOL3	19	36111116	36113711	+	ENSG00000105261
POLR2I	19	36113709	36115213	-	ENSG00000105258
TBCB	19	36114289	36125947	+	ENSG00000105254
CAPNS1	19	36139953	36150356	+	ENSG00000126247
COX7A1	19	36150922	36152449	-	ENSG00000161281
ZNF565	19	36181542	36246257	-	ENSG00000196357
ZNF146	19	36214602	36238774	+	ENSG00000167635
ZFP14	19	36334453	36379201	-	ENSG00000142065
ZFP82	19	36383120	36418667	-	ENSG00000181007
ZNF566	19	36445119	36489902	-	ENSG00000186017
ZNF260	19	36510687	36528696	-	ENSG00000254004
ZNF529	19	36534774	36605276	-	ENSG00000186020
ZNF382	19	36604817	36634114	+	ENSG00000161298
ZNF461	19	36636618	36666853	-	ENSG00000197808
ZNF567	19	36687268	36727701	+	ENSG00000189042
ZNF850	19	36714383	36772825	-	ENSG00000267041
ZNF790	19	36816904	36850787	-	ENSG00000197863
ZNF345	19	36850338	36913029	+	ENSG00000251247
ZNF829	19	36888124	36916291	-	ENSG00000185869
ZNF568	19	36916316	37005037	+	ENSG00000198453
ZNF420	19	37007823	37130368	+	ENSG00000197050
ZNF585A	19	37106734	37172741	-	ENSG00000196967
ZNF585B	19	37181579	37218153	-	ENSG00000245680
ZNF383	19	37217926	37248740	+	ENSG00000188283
ZNF875	19	37312837	37369365	+	ENSG00000181666
ZNF527	19	37371061	37393066	+	ENSG00000189164
ZNF569	19	37410878	37469282	-	ENSG00000196437
ZNF570	19	37467508	37488652	+	ENSG00000171827
ZNF793	19	37506428	37548762	+	ENSG00000188227
ZNF540	19	37551406	37614179	+	ENSG00000171817
ZNF571	19	37554782	37595134	-	ENSG00000180479
ZFP30	19	37613749	37692337	-	ENSG00000120784
ZNF607	19	37696363	37719775	-	ENSG00000198182
ZNF573	19	37735833	37817300	-	ENSG00000189144
WDR87	19	37884823	37906677	-	ENSG00000171804
SIPA1L3	19	37907208	38208369	+	ENSG00000105738
DPF1	19	38211006	38229714	-	ENSG00000011332
SPINT2	19	38244035	38292615	+	ENSG00000167642
PPP1R14A	19	38251237	38256557	-	ENSG00000167641
YIF1B	19	38303558	38317273	-	ENSG00000167645
C19orf33	19	38304164	38305006	+	ENSG00000167644
KCNK6	19	38319845	38332076	+	ENSG00000099337
CATSPERG	19	38335775	38370943	+	ENSG00000099338
PSMD8	19	38374563	38383850	+	ENSG00000099341
GGN	19	38384267	38388274	-	ENSG00000179168
SPRED3	19	38388421	38399588	+	ENSG00000188766
FAM98C	19	38403093	38409088	+	ENSG00000130244
RASGRP4	19	38409051	38426305	-	ENSG00000171777
RYR1	19	38433691	38595273	+	ENSG00000196218
MAP4K1	19	38587641	38619161	-	ENSG00000104814
EIF3K	19	38619055	38636959	+	ENSG00000178982
ACTN4	19	38647605	38731589	+	ENSG00000130402
CAPN12	19	38730187	38769904	-	ENSG00000182472
LGALS7	19	38770968	38773517	-	ENSG00000205076
LGALS7B	19	38789200	38791754	+	ENSG00000178934
LGALS4	19	38801671	38813070	-	ENSG00000171747
ECH1	19	38815417	38831874	-	ENSG00000104823
HNRNPL	19	38836370	38852347	-	ENSG00000104824
RINL	19	38867830	38878275	-	ENSG00000187994
SIRT2	19	38878555	38900501	-	ENSG00000068903
NFKBIB	19	38899700	38908893	+	ENSG00000104825
CCER2	19	38908980	38912186	-	ENSG00000262484
SARS2	19	38915266	38930768	-	ENSG00000104835
MRPS12	19	38930923	38933183	+	ENSG00000128626
FBXO17	19	38941401	38976773	-	ENSG00000269190
FBXO27	19	38990714	39033773	-	ENSG00000161243
ACP7	19	39083913	39111497	+	ENSG00000183760
PAK4	19	39125728	39182816	+	ENSG00000130669
NCCRP1	19	39196964	39201884	+	ENSG00000188505
SYCN	19	39202825	39204263	-	ENSG00000179751
IFNL3	19	39243455	39245250	-	ENSG00000197110
IFNL4	19	39246314	39248856	-	ENSG00000272395
IFNL2	19	39268396	39270188	+	ENSG00000183709
IFNL1	19	39296407	39298673	+	ENSG00000182393
LRFN1	19	39306566	39320966	-	ENSG00000128011
GMFG	19	39328353	39342372	-	ENSG00000130755
SAMD4B	19	39342421	39385710	+	ENSG00000179134
PAF1	19	39385629	39391154	-	ENSG00000006712
MED29	19	39391303	39400641	+	ENSG00000063322
ZFP36	19	39406847	39409407	+	ENSG00000128016
PLEKHG2	19	39412669	39428415	+	ENSG00000090924
RPS16	19	39433136	39436131	-	ENSG00000105193
SUPT5H	19	39436156	39476670	+	ENSG00000196235
TIMM50	19	39479795	39493785	+	ENSG00000105197
DLL3	19	39498895	39508481	+	ENSG00000090932
SELENOV	19	39515139	39520675	+	ENSG00000186838
EID2B	19	39530987	39532852	-	ENSG00000176401
EID2	19	39538707	39540161	-	ENSG00000176396
LGALS13	19	39602524	39607474	+	ENSG00000105198
LGALS16	19	39655913	39660647	+	ENSG00000249861
LGALS14	19	39704481	39709444	+	ENSG00000006659
CLC	19	39731255	39738029	-	ENSG00000105205
LEUTX	19	39776595	39786291	+	ENSG00000213921
DYRK1B	19	39825350	39834201	-	ENSG00000105204
FBL	19	39834453	39846440	-	ENSG00000105202
FCGBP	19	39863323	39934626	-	ENSG00000275395
PSMC4	19	39971162	39981764	+	ENSG00000013275
ZNF546	19	39984134	40021038	+	ENSG00000187187
ZNF780B	19	40028260	40056231	-	ENSG00000128000
ZNF780A	19	40069152	40091140	-	ENSG00000197782
MAP3K10	19	40191426	40215578	+	ENSG00000130758
TTC9B	19	40216058	40218388	-	ENSG00000174521
CCNP	19	40222208	40226697	-	ENSG00000105219
AKT2	19	40230317	40285536	-	ENSG00000105221
C19orf47	19	40319536	40348527	-	ENSG00000160392
PLD3	19	40348453	40389472	+	ENSG00000105223
HIPK4	19	40379271	40390181	-	ENSG00000160396
PRX	19	40393764	40415070	-	ENSG00000105227
SERTAD1	19	40421589	40425992	-	ENSG00000197019
SERTAD3	19	40440642	40445114	-	ENSG00000167565
BLVRB	19	40447765	40465826	-	ENSG00000090013
SPTBN4	19	40466241	40576464	+	ENSG00000160460
SHKBP1	19	40576844	40591399	+	ENSG00000160410
LTBP4	19	40592883	40629821	+	ENSG00000090006
NUMBL	19	40665905	40690972	-	ENSG00000105245
COQ8B	19	40691514	40725784	-	ENSG00000123815
ITPKC	19	40717112	40740860	+	ENSG00000086544
ACTMAP	19	40740856	40751803	-	ENSG00000188493
SNRPA	19	40750585	40765393	+	ENSG00000077312
MIA	19	40768997	40777490	+	ENSG00000261857
MIA-RAB4B	19	40771648	40796943	+	ENSG00000268975
RAB4B	19	40778195	40798690	+	ENSG00000167578
RAB4B-EGLN2	19	40778242	40808418	+	ENSG00000171570
EGLN2	19	40798996	40808444	+	ENSG00000269858
CYP2A6	19	40843533	40850450	-	ENSG00000255974
CYP2A7	19	40875432	40882752	-	ENSG00000198077
CYP2B6	19	40991281	41018398	+	ENSG00000197408
CYP2A13	19	41088451	41096195	+	ENSG00000197838
CYP2F1	19	41114432	41128381	+	ENSG00000197446
CYP2S1	19	41193045	41207540	+	ENSG00000167600
AXL	19	41219174	41261766	+	ENSG00000167601
HNRNPUL1	19	41262496	41307787	+	ENSG00000105323
TGFB1	19	41301587	41353961	-	ENSG00000105329
CCDC97	19	41310172	41324873	+	ENSG00000142039
TMEM91	19	41350911	41384083	+	ENSG00000142046
B9D2	19	41354417	41364165	-	ENSG00000123810
EXOSC5	19	41386353	41397441	-	ENSG00000077348
BCKDHA	19	41397793	41425005	+	ENSG00000248098
B3GNT8	19	41425359	41428730	-	ENSG00000177191
DMAC2	19	41431318	41440717	-	ENSG00000105341
ERICH4	19	41443156	41444765	+	ENSG00000204978
CEACAM21	19	41549518	41586844	+	ENSG00000007129
CEACAM4	19	41619015	41627074	-	ENSG00000105352
CEACAM7	19	41673298	41706976	-	ENSG00000007306
CEACAM5	19	41708585	41730519	+	ENSG00000105388
CEACAM6	19	41750977	41772211	+	ENSG00000086548
CEACAM3	19	41796587	41811554	+	ENSG00000170956
LYPD4	19	41837074	41844697	-	ENSG00000273111
DMRTC2	19	41844743	41852333	+	ENSG00000142025
RPS19	19	41860255	41872925	+	ENSG00000105372
CD79A	19	41877279	41881372	+	ENSG00000105369
ARHGEF1	19	41883079	41930150	+	ENSG00000076928
ERFL	19	41907704	41928449	-	ENSG00000268041
RABAC1	19	41956681	41959370	-	ENSG00000105404
ATP1A3	19	41966582	41997497	-	ENSG00000105409
GRIK5	19	41998316	42070240	-	ENSG00000105737
ZNF574	19	42068477	42081552	+	ENSG00000105732
POU2F2	19	42086110	42196585	-	ENSG00000028277
DEDD2	19	42198593	42220140	-	ENSG00000160570
ZNF526	19	42216774	42228201	+	ENSG00000167625
GSK3A	19	42226225	42242625	-	ENSG00000105723
ERF	19	42247569	42255131	-	ENSG00000105722
CIC	19	42268537	42295801	+	ENSG00000079432
PAFAH1B3	19	42297023	42303546	-	ENSG00000079462
PRR19	19	42302098	42310814	+	ENSG00000188368
TMEM145	19	42313309	42325064	+	ENSG00000167619
MEGF8	19	42325609	42378769	+	ENSG00000105429
CNFN	19	42387019	42390297	-	ENSG00000105427
LIPE	19	42401497	42427388	-	ENSG00000079435
CXCL17	19	42428278	42442996	-	ENSG00000189377
CEACAM1	19	42507304	42561234	-	ENSG00000079385
CEACAM8	19	42580243	42595055	-	ENSG00000124469
PSG3	19	42721638	42740481	-	ENSG00000221826
PSG8	19	42752686	42765678	-	ENSG00000124467
PSG1	19	42866464	42879822	-	ENSG00000231924
PSG6	19	42902086	42919563	-	ENSG00000170848
PSG7	19	42924132	42937207	-	ENSG00000221878
PSG11	19	43007656	43026474	-	ENSG00000243130
PSG2	19	43064209	43083045	-	ENSG00000242221
PSG5	19	43166256	43186536	-	ENSG00000204941
PSG4	19	43192702	43207299	-	ENSG00000243137
PSG9	19	43211791	43269530	-	ENSG00000183668
CD177	19	43353686	43364395	+	ENSG00000204936
TEX101	19	43401496	43418597	+	ENSG00000131126
LYPD3	19	43460787	43465608	-	ENSG00000124466
PHLDB3	19	43473625	43505301	-	ENSG00000176531
ETHE1	19	43506719	43527257	-	ENSG00000105755
ZNF575	19	43525497	43536498	+	ENSG00000176472
XRCC1	19	43543306	43580473	-	ENSG00000073050
PINLYP	19	43575801	43583964	+	ENSG00000234465
IRGQ	19	43584367	43596145	-	ENSG00000167378
ZNF576	19	43596392	43601189	+	ENSG00000124444
SRRM5	19	43596617	43614498	+	ENSG00000226763
ZNF428	19	43607223	43619639	-	ENSG00000131116
CADM4	19	43622366	43639850	-	ENSG00000105767
PLAUR	19	43646095	43670547	-	ENSG00000011422
IRGC	19	43716076	43720021	+	ENSG00000124449
SMG9	19	43727983	43755054	-	ENSG00000105771
KCNN4	19	43766517	43781021	-	ENSG00000104783
LYPD5	19	43785874	43827206	-	ENSG00000159871
ZNF283	19	43827321	43852017	+	ENSG00000167637
ZNF404	19	43872365	43901809	-	ENSG00000176222
ZNF45	19	43910549	43935306	-	ENSG00000124459
ZNF221	19	43951204	43967709	+	ENSG00000159905
ZNF155	19	43967862	43998326	+	ENSG00000204920
ZNF230	19	44002934	44013924	+	ENSG00000159882
ZNF222	19	44025337	44033222	+	ENSG00000159885
ZNF223	19	44051367	44067999	+	ENSG00000178386
ZNF284	19	44072138	44089613	+	ENSG00000186026
ZNF224	19	44094326	44109886	+	ENSG00000267680
ZNF225	19	44112181	44135055	+	ENSG00000256294
ZNF234	19	44141355	44160313	+	ENSG00000263002
ZNF226	19	44165073	44178381	+	ENSG00000167380
ZNF227	19	44207475	44238179	+	ENSG00000131115
ZNF235	19	44228729	44305046	-	ENSG00000159917
ZNF233	19	44259880	44275878	+	ENSG00000159915
ZNF112	19	44326555	44367217	-	ENSG00000062370
ZNF285	19	44382298	44401608	-	ENSG00000267508
ZNF229	19	44417519	44448578	-	ENSG00000278318
ZNF180	19	44470957	44500540	-	ENSG00000167384
CEACAM20	19	44501677	44529788	-	ENSG00000273777
IGSF23	19	44613563	44636787	+	ENSG00000216588
PVR	19	44643798	44666162	+	ENSG00000073008
CEACAM19	19	44662278	44684360	+	ENSG00000186567
CEACAM16	19	44699151	44710718	+	ENSG00000213892
BCL3	19	44747705	44760044	+	ENSG00000069399
CBLC	19	44777845	44802291	+	ENSG00000142273
BCAM	19	44809070	44821421	+	ENSG00000187244
NECTIN2	19	44846175	44889228	+	ENSG00000130202
TOMM40	19	44890569	44903695	+	ENSG00000130204
APOE	19	44903787	44909396	+	ENSG00000130203
APOC1	19	44913133	44920054	+	ENSG00000130208
APOC4	19	44942235	44945496	+	ENSG00000267467
APOC4-APOC2	19	44942238	44949565	+	ENSG00000224916
APOC2	19	44945709	44949580	+	ENSG00000234906
CLPTM1	19	44954585	44993341	+	ENSG00000104853
RELB	19	45001461	45038192	+	ENSG00000104856
CLASRP	19	45039045	45070956	+	ENSG00000104859
ZNF296	19	45071500	45076478	-	ENSG00000170684
GEMIN7	19	45075575	45091518	+	ENSG00000142252
MARK4	19	45079288	45305284	+	ENSG00000007047
PPP1R37	19	45091396	45148077	+	ENSG00000104866
NKPD1	19	45149744	45160982	-	ENSG00000179846
TRAPPC6A	19	45162928	45178265	-	ENSG00000007255
BLOC1S3	19	45178745	45216933	+	ENSG00000189114
EXOC3L2	19	45212370	45245407	-	ENSG00000283632
CKM	19	45306411	45323372	-	ENSG00000104879
KLC3	19	45333434	45351537	+	ENSG00000104892
ERCC2	19	45349773	45370918	-	ENSG00000104884
PPP1R13L	19	45379634	45406349	-	ENSG00000104881
POLR1G	19	45406644	45410737	+	ENSG00000117877
ERCC1	19	45407333	45478867	-	ENSG00000012061
FOSB	19	45467995	45475179	+	ENSG00000125740
RTN2	19	45485294	45497055	-	ENSG00000125744
PPM1N	19	45488777	45503129	+	ENSG00000213889
VASP	19	45506579	45526991	+	ENSG00000125753
OPA3	19	45527767	45602212	-	ENSG00000125741
GPR4	19	45589764	45602556	-	ENSG00000177464
EML2	19	45606994	45645602	-	ENSG00000125746
GIPR	19	45668221	45683722	+	ENSG00000010310
SNRPD2	19	45687460	45692569	-	ENSG00000125743
QPCTL	19	45692403	45703989	+	ENSG00000011478
FBXO46	19	45710624	45730919	-	ENSG00000177051
MEIOSIN	19	45733439	45764541	+	ENSG00000237452
SIX5	19	45764785	45769252	-	ENSG00000177045
DMPK	19	45769709	45782552	-	ENSG00000104936
DMWD	19	45782947	45792845	-	ENSG00000185800
RSPH6A	19	45795713	45815308	-	ENSG00000104941
SYMPK	19	45815410	45866862	-	ENSG00000125755
FOXA3	19	45863989	45873798	+	ENSG00000170608
IRF2BP1	19	45883608	45886141	-	ENSG00000170604
MYPOP	19	45890020	45902808	-	ENSG00000176182
NANOS2	19	45913214	45914778	-	ENSG00000188425
NOVA2	19	45933734	45974044	-	ENSG00000104967
CCDC61	19	45995444	46021318	+	ENSG00000104983
PGLYRP1	19	46019153	46023053	-	ENSG00000008438
IGFL4	19	46039182	46077118	-	ENSG00000204869
IGFL3	19	46120067	46124688	-	ENSG00000188624
IGFL2	19	46143106	46161298	+	ENSG00000204866
IGFL1	19	46229742	46231243	+	ENSG00000188293
HIF3A	19	46297042	46343433	+	ENSG00000124440
PPP5C	19	46347003	46392981	+	ENSG00000011485
CCDC8	19	46410329	46413564	-	ENSG00000169515
PNMA8C	19	46424697	46428936	-	ENSG00000277531
PNMA8A	19	46466491	46471563	-	ENSG00000182013
PNMA8B	19	46486906	46495879	-	ENSG00000204851
CALM3	19	46601074	46610787	+	ENSG00000160014
PTGIR	19	46618550	46625534	-	ENSG00000160013
GNG8	19	46633953	46636649	-	ENSG00000167414
DACT3	19	46647551	46661182	-	ENSG00000197380
PRKD2	19	46674275	46717127	-	ENSG00000105287
STRN4	19	46719511	46746994	-	ENSG00000090372
FKRP	19	46746046	46776988	+	ENSG00000181027
SLC1A5	19	46774883	46788617	-	ENSG00000105281
AP2S1	19	46838136	46850882	-	ENSG00000042753
ARHGAP35	19	46860997	47005077	+	ENSG00000160007
NPAS1	19	47019474	47047242	+	ENSG00000130751
TMEM160	19	47045909	47048624	-	ENSG00000130748
ZC3H4	19	47064187	47113776	-	ENSG00000130749
SAE1	19	47113274	47210636	+	ENSG00000142230
BBC3	19	47220822	47233019	-	ENSG00000105327
CCDC9	19	47255980	47274055	+	ENSG00000105321
INAFM1	19	47274373	47277755	+	ENSG00000257704
C5AR1	19	47290023	47322066	+	ENSG00000197405
C5AR2	19	47332148	47347329	+	ENSG00000134830
DHX34	19	47349312	47383247	+	ENSG00000134815
MEIS3	19	47403124	47419530	-	ENSG00000105419
SLC8A2	19	47428017	47471918	-	ENSG00000118160
KPTN	19	47475141	47484265	-	ENSG00000118162
NAPA	19	47487637	47515091	-	ENSG00000105402
ZNF541	19	47520690	47573148	-	ENSG00000118156
BICRA	19	47608196	47703277	+	ENSG00000063169
EHD2	19	47713416	47743134	+	ENSG00000024422
NOP53	19	47745520	47757058	+	ENSG00000105373
SELENOW	19	47778677	47784686	+	ENSG00000178980
TPRX1	19	47801232	47819051	-	ENSG00000178928
CRX	19	47819779	47843330	+	ENSG00000105392
TPRX2	19	47859235	47861721	+	ENSG00000259009
SULT2A1	19	47870467	47886347	-	ENSG00000105398
BSPH1	19	47968046	47992170	-	ENSG00000188334
ELSPBP1	19	47994632	48025154	+	ENSG00000169393
CABP5	19	48029383	48044079	-	ENSG00000105507
PLA2G4C	19	48047843	48110850	-	ENSG00000105499
LIG1	19	48115445	48170654	-	ENSG00000105486
ZSWIM9	19	48170645	48197624	+	ENSG00000185453
CARD8	19	48180770	48255946	-	ENSG00000105483
ZNF114	19	48270041	48287743	+	ENSG00000178150
ODAD1	19	48296355	48321971	-	ENSG00000105479
EMP3	19	48321310	48330560	+	ENSG00000142227
TMEM143	19	48332355	48364245	-	ENSG00000161558
SYNGR4	19	48364367	48376377	+	ENSG00000105467
KDELR1	19	48382575	48393837	-	ENSG00000105438
GRIN2D	19	48393668	48444931	+	ENSG00000105464
GRWD1	19	48445824	48457022	+	ENSG00000105447
KCNJ14	19	48455574	48466980	+	ENSG00000182324
CYTH2	19	48469208	48482314	+	ENSG00000105443
LMTK3	19	48485271	48513935	-	ENSG00000142235
SULT2B1	19	48552172	48599425	+	ENSG00000088002
FAM83E	19	48599961	48615093	-	ENSG00000105523
SPACA4	19	48606742	48607714	+	ENSG00000177202
RPL18	19	48615284	48619213	-	ENSG00000063177
SPHK2	19	48619291	48630717	+	ENSG00000063176
DBP	19	48630030	48637379	-	ENSG00000105516
CA11	19	48637946	48646386	-	ENSG00000063180
NTN5	19	48661407	48673081	-	ENSG00000142233
FUT2	19	48695957	48705951	+	ENSG00000176920
MAMSTR	19	48711737	48719725	-	ENSG00000176909
RASIP1	19	48720571	48740611	-	ENSG00000105538
IZUMO1	19	48740852	48746909	-	ENSG00000182264
FUT1	19	48748011	48755390	-	ENSG00000174951
FGF21	19	48755524	48758333	+	ENSG00000105550
BCAT2	19	48795061	48811056	-	ENSG00000105552
HSD17B14	19	48813014	48837064	-	ENSG00000087076
PLEKHA4	19	48837091	48868855	-	ENSG00000105559
PPP1R15A	19	48872212	48876291	+	ENSG00000087074
TULP2	19	48880965	48898744	-	ENSG00000104804
NUCB1	19	48900050	48923473	+	ENSG00000104805
DHDH	19	48933699	48944969	+	ENSG00000104808
BAX	19	48954815	48961798	+	ENSG00000087088
FTL	19	48965275	48967896	+	ENSG00000087086
GYS1	19	48968125	48993337	-	ENSG00000104812
RUVBL2	19	48993562	49015983	+	ENSG00000183207
LHB	19	49015980	49017091	-	ENSG00000104826
SAXO3	19	49017968	49020549	-	ENSG00000268655
CGB3	19	49022869	49024333	-	ENSG00000104827
CGB2	19	49031890	49033238	+	ENSG00000104818
CGB1	19	49035569	49036895	-	ENSG00000267631
CGB5	19	49043848	49045311	+	ENSG00000189052
CGB8	19	49047638	49049125	-	ENSG00000213030
CGB7	19	49054274	49058860	-	ENSG00000196337
NTF4	19	49061066	49065076	-	ENSG00000225950
KCNA7	19	49067397	49072699	-	ENSG00000104848
SNRNP70	19	49085164	49108613	+	ENSG00000104852
LIN7B	19	49114324	49118460	+	ENSG00000104863
C19orf73	19	49118402	49119143	-	ENSG00000221916
PPFIA3	19	49119418	49151027	+	ENSG00000177380
HRC	19	49151194	49155432	-	ENSG00000130528
TRPM4	19	49157741	49211836	+	ENSG00000130529
SLC6A16	19	49289638	49325215	-	ENSG00000063127
CD37	19	49335171	49343335	+	ENSG00000104894
TEAD2	19	49340585	49362729	-	ENSG00000074219
DKKL1	19	49361783	49375116	+	ENSG00000104901
KASH5	19	49388219	49417990	+	ENSG00000161609
PTH2	19	49422419	49423660	-	ENSG00000142538
GFY	19	49423749	49428987	+	ENSG00000261949
SLC17A7	19	49429399	49443197	-	ENSG00000104888
PIH1D1	19	49446291	49453537	-	ENSG00000104872
ALDH16A1	19	49453146	49471052	+	ENSG00000161618
FLT3LG	19	49474150	49486233	+	ENSG00000090554
RPL13A	19	49487510	49493057	+	ENSG00000142541
RPS11	19	49496365	49499708	+	ENSG00000142534
FCGRT	19	49506806	49526917	+	ENSG00000104870
RCN3	19	49526534	49546962	+	ENSG00000142552
NOSIP	19	49555468	49592927	-	ENSG00000142546
PRRG2	19	49580646	49591004	+	ENSG00000126460
PRR12	19	49591182	49626439	+	ENSG00000126464
RRAS	19	49635292	49640143	-	ENSG00000126458
SCAF1	19	49640488	49658649	+	ENSG00000126461
IRF3	19	49659569	49665861	-	ENSG00000126456
BCL2L12	19	49664622	49673916	+	ENSG00000126453
PRMT1	19	49675786	49689029	+	ENSG00000126457
ADM5	19	49688953	49690575	+	ENSG00000224420
CPT1C	19	49690898	49713731	+	ENSG00000169169
TSKS	19	49739753	49763306	-	ENSG00000126467
AP2A1	19	49766990	49807114	+	ENSG00000196961
FUZ	19	49806866	49817376	-	ENSG00000010361
MED25	19	49818277	49840383	+	ENSG00000104973
PTOV1	19	49850735	49860744	+	ENSG00000104960
PNKP	19	49859882	49878351	-	ENSG00000039650
AKT1S1	19	49869033	49879470	-	ENSG00000204673
TBC1D17	19	49877501	49888751	+	ENSG00000104946
IL4I1	19	49889654	49929539	-	ENSG00000104951
NUP62	19	49906825	49929925	-	ENSG00000213024
ATF5	19	49923910	49933935	+	ENSG00000169136
SIGLEC11	19	49948971	49961172	-	ENSG00000161640
SIGLEC16	19	49969600	49975819	+	ENSG00000161643
VRK3	19	49976127	50025946	-	ENSG00000105053
ZNF473	19	50025714	50053414	+	ENSG00000142528
IZUMO2	19	50152537	50163281	-	ENSG00000161652
MYH14	19	50188186	50310545	+	ENSG00000105357
KCNC3	19	50311937	50333515	-	ENSG00000131398
NR1H2	19	50329640	50383404	+	ENSG00000131408
NAPSA	19	50358472	50365830	-	ENSG00000131400
POLD1	19	50384204	50418018	+	ENSG00000062822
SPIB	19	50418938	50431314	+	ENSG00000269404
MYBPC2	19	50432805	50466328	+	ENSG00000086967
GARIN5A	19	50466785	50476866	-	ENSG00000142530
EMC10	19	50476400	50490871	+	ENSG00000161671
JOSD2	19	50505995	50514675	-	ENSG00000161677
ASPDH	19	50511568	50514690	-	ENSG00000204653
LRRC4B	19	50516892	50568435	-	ENSG00000131409
SYT3	19	50621307	50640040	-	ENSG00000213023
C19orf81	19	50648792	50659310	+	ENSG00000235034
SHANK1	19	50659255	50719802	-	ENSG00000161681
CLEC11A	19	50723286	50725719	+	ENSG00000105472
GPR32	19	50770464	50771732	+	ENSG00000142511
SMIM47	19	50776141	50793142	-	ENSG00000261341
ACP4	19	50790415	50795219	+	ENSG00000142513
KLK1	19	50819146	50823787	-	ENSG00000167748
KLK15	19	50825289	50837213	-	ENSG00000174562
KLK3	19	50854915	50860764	+	ENSG00000142515
KLK2	19	50861568	50880567	+	ENSG00000167751
KLK4	19	50906351	50911395	-	ENSG00000167749
KLK5	19	50943299	50953314	-	ENSG00000167754
KLK6	19	50958631	50969673	-	ENSG00000167755
KLK7	19	50976468	50984099	-	ENSG00000169035
KLK8	19	50996007	51002711	-	ENSG00000129455
KLK9	19	51002508	51009634	-	ENSG00000213022
KLK10	19	51012739	51021048	-	ENSG00000129451
KLK11	19	51022216	51028039	-	ENSG00000167757
KLK12	19	51029092	51035230	-	ENSG00000186474
KLK13	19	51055626	51065114	-	ENSG00000167759
KLK14	19	51077317	51086530	-	ENSG00000129437
CTU1	19	51097606	51108424	-	ENSG00000142544
SIGLEC9	19	51124906	51140470	+	ENSG00000129450
SIGLEC7	19	51142288	51153658	+	ENSG00000168995
CD33	19	51217033	51243860	+	ENSG00000105383
SIGLECL1	19	51246348	51269330	+	ENSG00000179213
IGLON5	19	51311644	51330891	+	ENSG00000142549
VSIG10L	19	51331536	51342310	-	ENSG00000186806
ETFB	19	51345161	51366449	-	ENSG00000105379
CLDND2	19	51367098	51369003	-	ENSG00000160318
NKG7	19	51371606	51372704	-	ENSG00000105374
LIM2	19	51379909	51388264	-	ENSG00000105370
C19orf84	19	51388289	51390591	-	ENSG00000262874
SIGLEC10	19	51410020	51417803	-	ENSG00000142512
SIGLEC8	19	51450847	51458469	-	ENSG00000105366
CEACAM18	19	51478539	51491301	+	ENSG00000213822
SIGLEC12	19	51491227	51501800	-	ENSG00000254521
SIGLEC6	19	51517819	51531856	-	ENSG00000105492
ZNF175	19	51571283	51592510	+	ENSG00000105497
SIGLEC5	19	51610948	51630401	-	ENSG00000268500
SIGLEC14	19	51639478	51646825	-	ENSG00000254415
SPACA6	19	51688346	51712387	+	ENSG00000182310
HAS1	19	51713112	51723991	-	ENSG00000105509
FPR1	19	51745172	51804115	-	ENSG00000171051
FPR2	19	51752026	51770531	+	ENSG00000171049
FPR3	19	51795137	51826324	+	ENSG00000187474
ZNF577	19	51804816	51890950	-	ENSG00000161551
ZNF649	19	51889233	51905049	-	ENSG00000198093
ZNF613	19	51927147	51948759	+	ENSG00000176024
ZNF350	19	51964061	51986856	-	ENSG00000256683
ZNF615	19	51991332	52008230	-	ENSG00000197619
ZNF614	19	52012765	52030240	-	ENSG00000142556
ZNF432	19	52031378	52095738	-	ENSG00000256087
ZNF841	19	52064465	52095765	-	ENSG00000197608
ZNF616	19	52113073	52139965	-	ENSG00000204611
ZNF836	19	52153864	52171643	-	ENSG00000196267
PPP2R1A	19	52170936	52229518	+	ENSG00000105568
ZNF766	19	52269587	52296046	+	ENSG00000196214
ZNF480	19	52297167	52325926	+	ENSG00000198464
ZNF610	19	52336243	52367778	+	ENSG00000167554
ZNF880	19	52369917	52393738	+	ENSG00000221923
ZNF528	19	52397849	52418412	+	ENSG00000167555
ZNF534	19	52429148	52452315	+	ENSG00000198633
ZNF578	19	52453553	52516882	+	ENSG00000258405
ZNF808	19	52527652	52564464	+	ENSG00000198482
ZNF701	19	52555822	52599928	+	ENSG00000167562
ZNF83	19	52612356	52638388	-	ENSG00000167766
ZNF611	19	52702813	52735080	-	ENSG00000213020
ZNF600	19	52749942	52786820	-	ENSG00000189190
ZNF28	19	52797408	52857600	-	ENSG00000198538
ZNF468	19	52838010	52857649	-	ENSG00000204604
ZNF320	19	52860851	52897704	-	ENSG00000182986
ZNF888	19	52904415	52923496	-	ENSG00000213793
ZNF816-ZNF321P	19	52928475	52962823	-	ENSG00000221874
ZNF816	19	52949377	52962911	-	ENSG00000180257
ERVV-1	19	53013921	53016123	+	ENSG00000269526
ERVV-2	19	53044740	53051680	+	ENSG00000268964
ZNF160	19	53064884	53103434	-	ENSG00000170949
ZNF415	19	53107879	53133077	-	ENSG00000170954
ZNF347	19	53124072	53159075	-	ENSG00000197937
ZNF665	19	53159213	53193386	-	ENSG00000197497
ZNF677	19	53235381	53254898	-	ENSG00000197928
VN1R2	19	53258292	53261837	+	ENSG00000196131
VN1R4	19	53266676	53267723	-	ENSG00000228567
FAM90A27P	19	53277462	53284947	+	ENSG00000189348
ZNF845	19	53333749	53356906	+	ENSG00000213799
ZNF525	19	53365693	53392217	+	ENSG00000203326
ZNF765	19	53389793	53430413	+	ENSG00000196417
ZNF761	19	53426180	53461862	+	ENSG00000160336
ZNF813	19	53467703	53496255	+	ENSG00000198346
ZNF331	19	53519527	53580271	+	ENSG00000130844
DPRX	19	53600777	53637014	+	ENSG00000204595
NLRP12	19	53792139	53824403	-	ENSG00000142405
MYADM	19	53864763	53878125	+	ENSG00000179820
PRKCG	19	53879190	53907652	+	ENSG00000126583
CACNG7	19	53909278	53943950	+	ENSG00000105605
CACNG8	19	53962937	53990215	+	ENSG00000142408
CACNG6	19	53991637	54012666	+	ENSG00000130433
VSTM1	19	54040825	54063953	-	ENSG00000189068
TARM1	19	54069895	54081365	-	ENSG00000248385
OSCAR	19	54094668	54102692	-	ENSG00000170909
NDUFA3	19	54102728	54109257	+	ENSG00000170906
TFPT	19	54107020	54115657	-	ENSG00000105619
PRPF31	19	54115410	54131719	+	ENSG00000105618
CNOT3	19	54137710	54155708	+	ENSG00000088038
LENG1	19	54155161	54159721	-	ENSG00000105617
TMC4	19	54160095	54173250	-	ENSG00000167608
MBOAT7	19	54173412	54189882	-	ENSG00000125505
TSEN34	19	54189447	54194538	+	ENSG00000170892
RPS9	19	54200484	54249003	+	ENSG00000170889
LILRB3	19	54216278	54223506	-	ENSG00000204577
LILRA6	19	54236590	54242790	-	ENSG00000244482
LILRB5	19	54249421	54257339	-	ENSG00000105609
LILRB2	19	54273812	54281184	-	ENSG00000131042
LILRA5	19	54307041	54313166	-	ENSG00000187116
LILRA4	19	54333185	54339162	-	ENSG00000239961
LAIR1	19	54351384	54370558	-	ENSG00000167613
TTYH1	19	54415219	54436904	+	ENSG00000167614
LENG8	19	54449157	54462022	+	ENSG00000167615
LENG9	19	54461732	54463778	-	ENSG00000275183
CDC42EP5	19	54465026	54473296	-	ENSG00000167617
LAIR2	19	54497879	54510687	+	ENSG00000167618
LILRA2	19	54572920	54590287	+	ENSG00000239998
LILRA1	19	54593582	54602381	+	ENSG00000104974
LILRB1	19	54616309	54638022	+	ENSG00000104972
LILRB4	19	54643889	54670359	+	ENSG00000186818
KIR3DL3	19	54724442	54736632	+	ENSG00000242019
KIR2DL3	19	54738513	54753061	+	ENSG00000243772
KIR2DL1	19	54769793	54784332	+	ENSG00000125498
KIR2DL4	19	54803610	54814517	+	ENSG00000189013
KIR3DL1	19	54816468	54830778	+	ENSG00000167633
KIR2DS4	19	54832676	54848569	+	ENSG00000221957
KIR3DL2	19	54850433	54867209	+	ENSG00000240403
FCAR	19	54874235	54891420	+	ENSG00000186431
NCR1	19	54906148	54916140	+	ENSG00000189430
NLRP7	19	54923509	54966312	-	ENSG00000167634
NLRP2	19	54953130	55001142	+	ENSG00000022556
GP6	19	55013705	55038264	-	ENSG00000088053
RDH13	19	55039108	55071291	-	ENSG00000160439
EPS8L1	19	55072020	55090124	+	ENSG00000131037
PPP1R12C	19	55090913	55117639	-	ENSG00000125503
TNNT1	19	55132698	55149351	-	ENSG00000105048
TNNI3	19	55151767	55157773	-	ENSG00000129991
DNAAF3	19	55158661	55166722	-	ENSG00000167646
SYT5	19	55171196	55180314	-	ENSG00000129990
PTPRH	19	55181230	55209508	-	ENSG00000080031
TMEM86B	19	55226638	55228784	-	ENSG00000180089
PPP6R1	19	55229776	55259070	-	ENSG00000105063
HSPBP1	19	55262219	55280930	-	ENSG00000133265
BRSK1	19	55282072	55312562	+	ENSG00000160469
TMEM150B	19	55312801	55334048	-	ENSG00000180061
KMT5C	19	55339367	55348121	+	ENSG00000133247
COX6B2	19	55349306	55354719	-	ENSG00000160471
GARIN5B	19	55354908	55363260	-	ENSG00000180043
IL11	19	55364382	55370463	-	ENSG00000095752
TMEM190	19	55376816	55378246	+	ENSG00000160472
TMEM238	19	55379244	55384292	-	ENSG00000233493
RPL28	19	55383856	55403250	+	ENSG00000108107
UBE2S	19	55399745	55407788	-	ENSG00000108106
SHISA7	19	55428740	55443300	-	ENSG00000187902
ISOC2	19	55452975	55462343	-	ENSG00000063241
C19orf85	19	55463001	55464751	-	ENSG00000283567
ZNF628	19	55476617	55484487	+	ENSG00000197483
NAT14	19	55485188	55487569	+	ENSG00000090971
SSC5D	19	55488404	55519099	+	ENSG00000179954
SBK2	19	55528609	55537143	-	ENSG00000187550
SBK3	19	55539018	55550284	-	ENSG00000231274
ZNF579	19	55576774	55580916	-	ENSG00000218891
FIZ1	19	55591371	55606194	-	ENSG00000179943
ZNF524	19	55599714	55603138	+	ENSG00000171443
ZNF865	19	55605638	55617269	+	ENSG00000261221
ZNF784	19	55620741	55624566	-	ENSG00000179922
ZNF580	19	55635003	55643470	+	ENSG00000213015
ZNF581	19	55635018	55645626	+	ENSG00000171425
CCDC106	19	55641062	55653161	+	ENSG00000173581
U2AF2	19	55654146	55674716	+	ENSG00000063244
EPN1	19	55675109	55709858	+	ENSG00000063245
NLRP9	19	55708438	55738402	-	ENSG00000185792
RFPL4A	19	55759043	55763424	+	ENSG00000223638
RFPL4AL1	19	55769118	55773420	+	ENSG00000229292
NLRP11	19	55785397	55836800	-	ENSG00000179873
NLRP4	19	55836540	55881855	+	ENSG00000160505
NLRP13	19	55891699	55932336	-	ENSG00000173572
NLRP8	19	55947832	55988629	+	ENSG00000179709
NLRP5	19	55986775	56061810	+	ENSG00000171487
ZNF787	19	56087366	56121295	-	ENSG00000142409
ZNF444	19	56132599	56160897	+	ENSG00000167685
GALP	19	56176008	56185775	+	ENSG00000197487
ZSCAN5B	19	56189686	56197815	-	ENSG00000197213
ZSCAN5C	19	56202273	56209461	+	ENSG00000204532
ZSCAN5A	19	56219670	56368383	-	ENSG00000131848
EDDM13	19	56272748	56310454	+	ENSG00000267710
ZNF582	19	56375846	56393538	-	ENSG00000018869
ZNF583	19	56397966	56436035	+	ENSG00000198440
ZNF667	19	56438634	56478099	-	ENSG00000198046
ZNF471	19	56507731	56530221	+	ENSG00000196263
ZFP28	19	56538948	56556808	+	ENSG00000196867
ZNF470	19	56567468	56588911	+	ENSG00000197016
ZNF71	19	56595265	56626481	+	ENSG00000197951
SMIM17	19	56643159	56657247	+	ENSG00000268182
ZNF835	19	56661980	56671783	-	ENSG00000127903
ZIM2	19	56774547	56840731	-	ENSG00000269699
PEG3	19	56810077	56840728	-	ENSG00000198300
USP29	19	57119138	57131926	+	ENSG00000131864
ZIM3	19	57134096	57145202	-	ENSG00000141946
DUXA	19	57154021	57167485	-	ENSG00000258873
ZNF264	19	57191500	57222846	+	ENSG00000083844
AURKC	19	57231009	57235551	+	ENSG00000105146
ZNF805	19	57240632	57262728	+	ENSG00000204524
ZNF460	19	57279982	57296357	+	ENSG00000197714
ZNF543	19	57320472	57330770	+	ENSG00000178229
ZNF304	19	57351271	57359898	+	ENSG00000131845
ZNF547	19	57363477	57379565	+	ENSG00000152433
TRAPPC2B	19	57363551	57365405	+	ENSG00000256060
ZNF548	19	57389850	57403498	+	ENSG00000188785
ZNF17	19	57410723	57421934	+	ENSG00000186272
ZNF749	19	57435325	57447101	+	ENSG00000186230
VN1R1	19	57454790	57457140	-	ENSG00000178201
ZNF772	19	57466663	57477570	-	ENSG00000197128
ZNF419	19	57487711	57496098	+	ENSG00000105136
ZNF773	19	57499915	57518404	+	ENSG00000152439
ZNF549	19	57527325	57557542	+	ENSG00000121406
ZNF550	19	57535257	57559863	-	ENSG00000251369
ZNF416	19	57571566	57578911	-	ENSG00000083817
ZIK1	19	57578456	57593890	+	ENSG00000171649
ZNF530	19	57599880	57612722	+	ENSG00000183647
ZNF134	19	57614233	57624724	+	ENSG00000213762
ZNF211	19	57630395	57644044	+	ENSG00000121417
ZSCAN4	19	57668935	57679152	+	ENSG00000180532
ZNF551	19	57681969	57717301	+	ENSG00000204519
ZNF154	19	57696275	57709204	-	ENSG00000179909
ZNF671	19	57719751	57727624	-	ENSG00000083814
ZNF776	19	57746815	57758148	+	ENSG00000152443
ZNF586	19	57769655	57819939	+	ENSG00000083828
ZNF552	19	57803841	57814913	-	ENSG00000178935
ZNF587B	19	57819721	57846238	+	ENSG00000269343
ZNF814	19	57848731	57889074	-	ENSG00000204514
ZNF587	19	57849841	57865117	+	ENSG00000198466
ZNF417	19	57900296	57916610	-	ENSG00000173480
ZNF418	19	57921882	57935402	-	ENSG00000196724
ZNF256	19	57940833	57947706	-	ENSG00000152454
C19orf18	19	57958437	57974534	-	ENSG00000177025
ZNF606	19	57977076	58003349	-	ENSG00000166704
ZSCAN1	19	58034025	58054631	+	ENSG00000152467
ZNF135	19	58059239	58086310	+	ENSG00000176293
ZSCAN18	19	58083834	58118427	-	ENSG00000121413
ZNF329	19	58126248	58155110	-	ENSG00000181894
ZNF274	19	58183029	58213573	+	ENSG00000171606
ZNF544	19	58228594	58277495	+	ENSG00000198131
ZNF8	19	58278955	58302791	+	ENSG00000278129
ERVK3-1	19	58305347	58316812	+	ENSG00000142396
ZSCAN22	19	58326994	58342343	+	ENSG00000182318
A1BG	19	58345178	58353492	-	ENSG00000121410
ZNF497	19	58354357	58362848	-	ENSG00000174586
ZNF837	19	58367614	58381054	-	ENSG00000152475
RPS5	19	58380570	58394807	+	ENSG00000083845
RNF225	19	58395656	58397079	+	ENSG00000269855
ZNF584	19	58401504	58431736	+	ENSG00000171574
ZNF132	19	58432814	58440153	-	ENSG00000131849
ZNF324B	19	58450369	58459868	+	ENSG00000249471
ZNF324	19	58467056	58475436	+	ENSG00000083812
ZNF446	19	58474017	58481233	+	ENSG00000083838
SLC27A5	19	58479512	58512413	-	ENSG00000083807
ZBTB45	19	58513530	58538911	-	ENSG00000119574
TRIM28	19	58543740	58550773	+	ENSG00000130726
CHMP2A	19	58551452	58555128	-	ENSG00000130724
UBE2M	19	58555709	58558954	-	ENSG00000130725
MZF1	19	58561915	58573597	-	ENSG00000099326
FAM110C	2	38814	46870	-	ENSG00000184731
SH3YL1	2	217730	266398	-	ENSG00000035115
ACP1	2	264140	279100	+	ENSG00000143727
ALKAL2	2	278286	289623	-	ENSG00000189292
TMEM18	2	663877	677470	-	ENSG00000151353
SNTG2	2	950849	1367613	+	ENSG00000172554
TPO	2	1373933	1543711	+	ENSG00000115705
PXDN	2	1631887	1744852	-	ENSG00000130508
MYT1L	2	1789113	2331664	-	ENSG00000186487
EIPR1	2	3188925	3377852	-	ENSG00000032389
TRAPPC12	2	3379674	3485094	+	ENSG00000171853
ADI1	2	3497366	3519559	-	ENSG00000182551
RNASEH1	2	3541430	3558371	-	ENSG00000171865
RPS7	2	3575198	3580952	+	ENSG00000171863
COLEC11	2	3592791	3644649	+	ENSG00000118004
ALLC	2	3658200	3702671	+	ENSG00000151360
DCDC2C	2	3703575	3848008	+	ENSG00000214866
SOX11	2	5692384	5701385	+	ENSG00000176887
CMPK2	2	6840570	6866635	-	ENSG00000134326
RSAD2	2	6865557	6898239	+	ENSG00000134321
RNF144A	2	6917386	7068286	+	ENSG00000151692
ID2	2	8678845	8684461	+	ENSG00000115738
KIDINS220	2	8721081	8837630	-	ENSG00000134313
MBOAT2	2	8852690	9003747	-	ENSG00000143797
ASAP2	2	9206758	9405683	+	ENSG00000151693
ITGB1BP1	2	9403475	9423891	-	ENSG00000119185
CPSF3	2	9423631	9473110	+	ENSG00000119203
IAH1	2	9473658	9496543	+	ENSG00000134330
ADAM17	2	9488486	9556732	-	ENSG00000151694
YWHAQ	2	9583967	9639472	-	ENSG00000134308
TAF1B	2	9843443	9934416	+	ENSG00000115750
GRHL1	2	9951693	10002277	+	ENSG00000134317
KLF11	2	10042849	10054836	+	ENSG00000172059
CYS1	2	10056473	10080944	-	ENSG00000205795
RRM2	2	10120698	10211725	+	ENSG00000171848
HPCAL1	2	10301356	10427835	+	ENSG00000115756
ODC1	2	10439968	10450116	-	ENSG00000115758
NOL10	2	10562295	10690415	-	ENSG00000115761
ATP6V1C2	2	10721100	10785110	+	ENSG00000143882
PDIA6	2	10783378	10837977	-	ENSG00000143870
KCNF1	2	10911096	10914225	+	ENSG00000162975
CIMIP5	2	11133009	11154576	+	ENSG00000150873
SLC66A3	2	11155198	11178870	+	ENSG00000162976
ROCK2	2	11179759	11348330	-	ENSG00000134318
E2F6	2	11444375	11466177	-	ENSG00000169016
GREB1	2	11482341	11642789	+	ENSG00000196208
NTSR2	2	11658178	11670195	-	ENSG00000169006
LPIN1	2	11677544	11827409	+	ENSG00000134324
TRIB2	2	12716910	12742734	+	ENSG00000071575
LRATD1	2	14632700	14650814	+	ENSG00000162981
NBAS	2	15166913	15561340	-	ENSG00000151779
DDX1	2	15591178	15634346	+	ENSG00000079785
MYCN	2	15938396	15947022	+	ENSG00000134323
CYRIA	2	16549459	16666331	-	ENSG00000197872
RAD51AP2	2	17510579	17518440	-	ENSG00000214842
VSNL1	2	17539020	17657018	+	ENSG00000163032
SMC6	2	17663583	17800242	-	ENSG00000163029
GEN1	2	17753278	17788946	+	ENSG00000178295
MSGN1	2	17816460	17817798	+	ENSG00000151379
KCNS3	2	17877847	18361616	+	ENSG00000170745
RDH14	2	18554723	18560679	-	ENSG00000240857
NT5C1B-RDH14	2	18555545	18589564	-	ENSG00000250741
NT5C1B	2	18562871	18589572	-	ENSG00000185013
OSR1	2	19351485	19359486	-	ENSG00000143867
TTC32	2	19896631	19902001	-	ENSG00000183891
WDR35	2	19910263	19990141	-	ENSG00000118965
MATN3	2	19992052	20012669	-	ENSG00000132031
LAPTM4A	2	20032649	20051693	-	ENSG00000068697
SDC1	2	20200796	20225433	-	ENSG00000115884
PUM2	2	20248691	20352234	-	ENSG00000055917
RHOB	2	20447074	20449440	+	ENSG00000143878
HS1BP3	2	20560448	20651152	-	ENSG00000118960
GDF7	2	20667144	20679243	+	ENSG00000143869
LDAH	2	20684014	20823130	-	ENSG00000118961
APOB	2	21001429	21044073	-	ENSG00000084674
TDRD15	2	21123968	21144368	+	ENSG00000218819
KLHL29	2	23385179	23708611	+	ENSG00000119771
ATAD2B	2	23748664	23927164	-	ENSG00000119778
UBXN2A	2	23926788	24004909	+	ENSG00000173960
MFSD2B	2	24010081	24063321	+	ENSG00000205639
WDCP	2	24029347	24049575	-	ENSG00000163026
FKBP1B	2	24049701	24063681	+	ENSG00000119782
SF3B6	2	24067579	24076464	-	ENSG00000115128
FAM228B	2	24076526	24169642	+	ENSG00000219626
TP53I3	2	24077433	24085861	-	ENSG00000115129
PFN4	2	24114637	24123734	-	ENSG00000176732
FAM228A	2	24175051	24200849	+	ENSG00000186453
ITSN2	2	24202864	24360807	-	ENSG00000198399
NCOA1	2	24490992	24770702	+	ENSG00000084676
PTRHD1	2	24789728	24793391	-	ENSG00000184924
CENPO	2	24793111	24822376	+	ENSG00000138092
ADCY3	2	24819169	24920299	-	ENSG00000138031
DNAJC27	2	24943636	24972094	-	ENSG00000115137
EFR3B	2	25042048	25159135	+	ENSG00000084710
POMC	2	25160853	25168903	-	ENSG00000115138
DNMT3A	2	25227855	25342590	-	ENSG00000119772
DTNB	2	25377028	25673717	-	ENSG00000138101
ASXL2	2	25733753	25878487	-	ENSG00000143970
KIF3C	2	25926589	25982761	-	ENSG00000084731
RAB10	2	26033481	26138436	+	ENSG00000084733
GAREM2	2	26173088	26189663	+	ENSG00000157833
HADHA	2	26190635	26245044	-	ENSG00000084754
HADHB	2	26243170	26290467	+	ENSG00000138029
ADGRF3	2	26308173	26346817	-	ENSG00000173567
SELENOI	2	26308547	26395885	+	ENSG00000138018
DRC1	2	26401920	26456717	+	ENSG00000157856
OTOF	2	26457203	26558756	-	ENSG00000115155
CIMIP2C	2	26562585	26579532	+	ENSG00000173557
CIB4	2	26581205	26641366	-	ENSG00000157884
KCNK3	2	26692722	26733420	+	ENSG00000171303
SLC35F6	2	26764240	26781231	+	ENSG00000213699
CENPA	2	26764289	26801067	+	ENSG00000115163
DPYSL5	2	26847747	26950351	+	ENSG00000157851
MAPRE3	2	26970633	27027219	+	ENSG00000084764
TMEM214	2	27032910	27041697	+	ENSG00000119777
AGBL5	2	27042364	27070622	+	ENSG00000084693
OST4	2	27070470	27071685	-	ENSG00000228474
EMILIN1	2	27078044	27086408	+	ENSG00000138080
KHK	2	27086723	27100777	+	ENSG00000138030
CGREF1	2	27098889	27119128	-	ENSG00000138028
ABHD1	2	27123789	27130812	+	ENSG00000143994
PREB	2	27130752	27134671	-	ENSG00000138073
PRR30	2	27136848	27139410	-	ENSG00000186143
TCF23	2	27149004	27156974	+	ENSG00000163792
SLC5A6	2	27199587	27212958	-	ENSG00000138074
ATRAID	2	27212041	27217178	+	ENSG00000138085
CAD	2	27217369	27243943	+	ENSG00000084774
SLC30A3	2	27253515	27275817	-	ENSG00000115194
DNAJC5G	2	27275433	27281499	+	ENSG00000163793
TRIM54	2	27282366	27309400	+	ENSG00000138100
UCN	2	27307400	27308445	-	ENSG00000163794
MPV17	2	27309486	27325680	-	ENSG00000115204
GTF3C2	2	27324198	27357187	-	ENSG00000115207
EIF2B4	2	27363420	27370400	-	ENSG00000115211
SNX17	2	27370496	27377535	+	ENSG00000115234
ZNF513	2	27377235	27380790	-	ENSG00000163795
PPM1G	2	27381194	27409674	-	ENSG00000115241
NRBP1	2	27427790	27442260	+	ENSG00000115216
KRTCAP3	2	27442337	27446481	+	ENSG00000157992
IFT172	2	27444377	27489836	-	ENSG00000138002
FNDC4	2	27491883	27495631	-	ENSG00000115226
GCKR	2	27496532	27523688	+	ENSG00000084734
SPATA31H1	2	27537386	27582722	+	ENSG00000221843
ZNF512	2	27582969	27623217	+	ENSG00000243943
CCDC121	2	27625638	27629012	-	ENSG00000176714
GPN1	2	27628247	27651511	+	ENSG00000198522
SUPT7L	2	27650809	27663841	-	ENSG00000119760
SLC4A1AP	2	27663426	27695366	+	ENSG00000163798
MRPL33	2	27771717	27988087	+	ENSG00000243147
RBKS	2	27780857	27890681	-	ENSG00000171174
BABAM2	2	27888667	28338901	+	ENSG00000158019
FOSL2	2	28392448	28417317	+	ENSG00000075426
PLB1	2	28457145	28644142	+	ENSG00000163803
PPP1CB	2	28751562	28802940	+	ENSG00000213639
SPDYA	2	28782517	28850611	+	ENSG00000163806
TRMT61B	2	28849793	28870392	-	ENSG00000171103
WDR43	2	28894638	28948223	+	ENSG00000163811
TOGARAM2	2	28956506	29052236	+	ENSG00000189350
PCARE	2	29060976	29074523	-	ENSG00000179270
CLIP4	2	29095545	29199777	+	ENSG00000115295
ALK	2	29192774	29921586	-	ENSG00000171094
YPEL5	2	30146771	30160538	+	ENSG00000119801
LBH	2	30231534	30323730	+	ENSG00000213626
LCLAT1	2	30447221	30644225	+	ENSG00000172954
CAPN13	2	30722771	30820542	-	ENSG00000162949
GALNT14	2	30910467	31155202	-	ENSG00000158089
CAPN14	2	31173056	31234011	-	ENSG00000214711
EHD3	2	31233961	31269451	+	ENSG00000013016
XDH	2	31334320	31414747	-	ENSG00000158125
SRD5A2	2	31522480	31580941	-	ENSG00000277893
MEMO1	2	31865060	32011230	-	ENSG00000162959
DPY30	2	31867809	32039809	-	ENSG00000162961
SPAST	2	32063530	32157637	+	ENSG00000021574
SLC30A6	2	32165841	32224379	+	ENSG00000152683
NLRC4	2	32224453	32265770	-	ENSG00000091106
YIPF4	2	32277868	32316594	+	ENSG00000119820
BIRC6	2	32357023	32619571	+	ENSG00000115760
TTC27	2	32628032	32821051	+	ENSG00000018699
LTBP1	2	32946472	33399509	+	ENSG00000049323
RASGRP3	2	33436272	33586669	+	ENSG00000152689
FAM98A	2	33532744	33599347	-	ENSG00000119812
CRIM1	2	36355731	36551135	+	ENSG00000150938
FEZ2	2	36531805	36646087	-	ENSG00000171055
VIT	2	36696690	36814794	+	ENSG00000205221
STRN	2	36837698	36966625	-	ENSG00000115808
HEATR5B	2	36968383	37084398	-	ENSG00000008869
GPATCH11	2	37084482	37099244	+	ENSG00000152133
EIF2AK2	2	37099210	37157688	-	ENSG00000055332
SULT6B1	2	37167820	37196598	-	ENSG00000138068
CEBPZOS	2	37191473	37216555	+	ENSG00000218739
CEBPZ	2	37201570	37231601	-	ENSG00000115816
NDUFAF7	2	37231631	37253403	+	ENSG00000003509
PRKD3	2	37250502	37324833	-	ENSG00000115825
QPCT	2	37342827	37373322	+	ENSG00000115828
CDC42EP3	2	37641882	37738468	-	ENSG00000163171
RMDN2	2	37923187	38067142	+	ENSG00000115841
CYP1B1	2	38066973	38109902	-	ENSG00000138061
ATL2	2	38293949	38377438	-	ENSG00000119787
HNRNPLL	2	38561969	38603586	-	ENSG00000143889
GALM	2	38666081	38741237	+	ENSG00000143891
SRSF7	2	38743599	38751494	-	ENSG00000115875
GEMIN6	2	38751534	38785002	+	ENSG00000152147
DHX57	2	38797724	38875938	-	ENSG00000163214
MORN2	2	38875976	38882709	+	ENSG00000188010
ARHGEF33	2	38889875	38975454	+	ENSG00000214694
SOS1	2	38962206	39124345	-	ENSG00000115904
CDKL4	2	39168045	39243983	-	ENSG00000205111
MAP4K3	2	39249266	39437324	-	ENSG00000011566
TMEM178A	2	39664982	39717963	+	ENSG00000152154
THUMPD2	2	39736060	39779276	-	ENSG00000138050
SLC8A1	2	40097270	40611053	-	ENSG00000183023
PKDCC	2	42048021	42058525	+	ENSG00000162878
EML4	2	42169330	42332548	+	ENSG00000143924
COX7A2L	2	42333546	42425088	-	ENSG00000115944
KCNG3	2	42442017	42493982	-	ENSG00000171126
MTA3	2	42494569	42756947	+	ENSG00000057935
OXER1	2	42762499	42764135	-	ENSG00000162881
HAAO	2	42765709	42792941	-	ENSG00000162882
ZFP36L2	2	43222402	43226606	-	ENSG00000152518
THADA	2	43230836	43596051	-	ENSG00000115970
PLEKHH2	2	43637260	43767987	+	ENSG00000152527
C1GALT1C1L	2	43675151	43676429	-	ENSG00000223658
DYNC2LI1	2	43774039	43810012	+	ENSG00000138036
ABCG5	2	43812472	43838865	-	ENSG00000138075
ABCG8	2	43831942	43882988	+	ENSG00000143921
LRPPRC	2	43886224	43996226	-	ENSG00000138095
PPM1B	2	44167969	44244384	+	ENSG00000138032
SLC3A1	2	44275458	44321494	+	ENSG00000138079
PREPL	2	44316281	44361862	-	ENSG00000138078
CAMKMT	2	44361947	44772592	+	ENSG00000143919
SIX3	2	44941702	44946071	+	ENSG00000138083
SIX2	2	45005182	45009452	-	ENSG00000170577
SRBD1	2	45388679	45612165	-	ENSG00000068784
PRKCE	2	45651205	46187990	+	ENSG00000171132
EPAS1	2	46293667	46386697	+	ENSG00000116016
TMEM247	2	46479565	46484425	+	ENSG00000284701
ATP6V1E2	2	46490750	46543287	-	ENSG00000250565
RHOQ	2	46541806	46584688	+	ENSG00000119729
PIGF	2	46580937	46617055	-	ENSG00000151665
CRIPT	2	46616416	46685037	+	ENSG00000119878
SOCS5	2	46698423	46780245	+	ENSG00000171150
MCFD2	2	46901870	46941855	-	ENSG00000180398
TTC7A	2	46915869	47076137	+	ENSG00000068724
STPG4	2	47045538	47155308	-	ENSG00000239605
CALM2	2	47160084	47176921	-	ENSG00000143933
EPCAM	2	47345158	47387601	+	ENSG00000119888
MSH2	2	47403067	47663146	+	ENSG00000095002
KCNK12	2	47509290	47570985	-	ENSG00000184261
MSH6	2	47695530	47810109	+	ENSG00000116062
FBXO11	2	47789316	47906507	-	ENSG00000138081
FOXN2	2	48314331	48379295	+	ENSG00000170802
PPP1R21	2	48440598	48515391	+	ENSG00000162869
STON1	2	48529376	48598922	+	ENSG00000243244
STON1-GTF2A1L	2	48529925	48776517	+	ENSG00000068781
GTF2A1L	2	48617798	48733148	+	ENSG00000242441
LHCGR	2	48686774	48755730	-	ENSG00000138039
FSHR	2	48962157	49154527	-	ENSG00000170820
NRXN1	2	49918503	51225575	-	ENSG00000179915
ASB3	2	53532672	53860160	-	ENSG00000115239
CHAC2	2	53767804	53775196	+	ENSG00000143942
ERLEC1	2	53787009	53833038	+	ENSG00000068912
GPR75	2	53852912	53859967	-	ENSG00000119737
PSME4	2	53864069	53971040	-	ENSG00000068878
ACYP2	2	53970838	54305300	+	ENSG00000170634
TSPYL6	2	54253178	54256229	-	ENSG00000178021
CIMIP6	2	54330034	54383742	+	ENSG00000177994
SPTBN1	2	54456288	54671446	+	ENSG00000115306
EML6	2	54723499	54972025	+	ENSG00000214595
RTN4	2	54972187	55112621	-	ENSG00000115310
CLHC1	2	55172547	55232563	-	ENSG00000162994
RPS27A	2	55229447	55236044	+	ENSG00000143947
MTIF2	2	55236230	55270263	-	ENSG00000085760
CCDC88A	2	55287818	55420042	-	ENSG00000115355
CFAP36	2	55519559	55545080	+	ENSG00000163001
PPP4R3B	2	55547292	55618880	-	ENSG00000275052
PNPT1	2	55634061	55693863	-	ENSG00000138035
EFEMP1	2	55865962	55924271	-	ENSG00000115380
CCDC85A	2	56183751	56386178	+	ENSG00000055813
VRK2	2	57907606	58164001	+	ENSG00000028116
FANCL	2	58159243	58241410	-	ENSG00000115392
BCL11A	2	60450520	60554467	-	ENSG00000119866
PAPOLG	2	60756232	60802086	+	ENSG00000115421
REL	2	60881491	60931612	+	ENSG00000162924
PUS10	2	60938141	61018259	-	ENSG00000162927
PEX13	2	61017225	61051990	+	ENSG00000162928
SANBR	2	61065871	61138034	+	ENSG00000162929
C2orf74	2	61145068	61164828	+	ENSG00000237651
USP34	2	61187463	61471087	-	ENSG00000115464
XPO1	2	61476032	61538753	-	ENSG00000082898
FAM161A	2	61824848	61854143	-	ENSG00000170264
CCT4	2	61868085	61888696	-	ENSG00000115484
COMMD1	2	61888724	62147629	+	ENSG00000173163
B3GNT2	2	62195485	62224731	+	ENSG00000170340
TMEM17	2	62500218	62511894	-	ENSG00000186889
EHBP1	2	62673851	63046487	+	ENSG00000115504
OTX1	2	63050057	63057836	+	ENSG00000115507
WDPCP	2	63119559	63827843	-	ENSG00000143951
MDH1	2	63588557	63607273	+	ENSG00000014641
UGP2	2	63840950	63891590	+	ENSG00000169764
VPS54	2	63892146	64019476	-	ENSG00000143952
PELI1	2	64092652	64144420	-	ENSG00000197329
LGALSL	2	64453969	64461381	+	ENSG00000119862
AFTPH	2	64524289	64593007	+	ENSG00000119844
SERTAD2	2	64631621	64751005	-	ENSG00000179833
SLC1A4	2	64988477	65023865	+	ENSG00000115902
CEP68	2	65056350	65087010	+	ENSG00000011523
RAB1A	2	65070696	65130986	-	ENSG00000138069
ACTR2	2	65227745	65271253	+	ENSG00000138071
SPRED2	2	65310851	65432637	-	ENSG00000198369
MEIS1	2	66433452	66573898	+	ENSG00000143995
ETAA1	2	67397322	67412089	+	ENSG00000143971
C1D	2	68041130	68110948	-	ENSG00000197223
DNAAF10	2	68122936	68157549	-	ENSG00000243667
PNO1	2	68157888	68176238	+	ENSG00000115946
PPP3R1	2	68178857	68256237	-	ENSG00000221823
CNRIP1	2	68284171	68320051	-	ENSG00000119865
PLEK	2	68365282	68397453	+	ENSG00000115956
FBXO48	2	68459422	68467317	-	ENSG00000204923
APLF	2	68467572	68655862	+	ENSG00000169621
PROKR1	2	68643579	68658251	+	ENSG00000169618
ARHGAP25	2	68679601	68826833	+	ENSG00000163219
BMP10	2	68860909	68871397	-	ENSG00000163217
GKN2	2	68945232	68952955	-	ENSG00000183607
GKN1	2	68974573	68980980	+	ENSG00000169605
ANTXR1	2	69013176	69249327	+	ENSG00000169604
GFPT1	2	69319780	69387281	-	ENSG00000198380
NFU1	2	69396113	69437657	-	ENSG00000169599
AAK1	2	69457997	69674349	-	ENSG00000115977
ANXA4	2	69643808	69827121	+	ENSG00000196975
GMCL1	2	69829646	69881384	+	ENSG00000087338
SNRNP27	2	69893956	69905929	+	ENSG00000124380
MXD1	2	69897688	69942945	+	ENSG00000059728
ASPRV1	2	69960089	69961631	-	ENSG00000244617
PCBP1	2	70087477	70089203	+	ENSG00000169564
C2orf42	2	70149882	70248615	-	ENSG00000115998
TIA1	2	70209444	70248761	-	ENSG00000116001
PCYOX1	2	70257386	70281185	+	ENSG00000116005
SNRPG	2	70281362	70293740	-	ENSG00000143977
FAM136A	2	70295976	70302067	-	ENSG00000035141
TGFA	2	70447284	70554193	-	ENSG00000163235
ADD2	2	70607618	70768499	-	ENSG00000075340
FIGLA	2	70777310	70790643	-	ENSG00000183733
CLEC4F	2	70808643	70820599	-	ENSG00000152672
CD207	2	70830211	70835816	-	ENSG00000116031
VAX2	2	70900576	70965373	+	ENSG00000116035
ATP6V1B1	2	70935771	70965431	+	ENSG00000116039
TEX261	2	70968325	70994873	-	ENSG00000144043
ANKRD53	2	70978380	70985499	+	ENSG00000144031
NAGK	2	71064344	71079808	+	ENSG00000124357
MCEE	2	71109684	71130279	-	ENSG00000124370
MPHOSPH10	2	71130310	71150101	+	ENSG00000124383
PAIP2B	2	71182738	71227109	-	ENSG00000124374
ZNF638	2	71276537	71437183	+	ENSG00000075292
DYSF	2	71453561	71686763	+	ENSG00000135636
CYP26B1	2	72129238	72147862	-	ENSG00000003137
EXOC6B	2	72175984	72826051	-	ENSG00000144036
SPR	2	72887379	72892158	+	ENSG00000116096
EMX1	2	72916260	72936071	+	ENSG00000135638
SFXN5	2	72942036	73075619	-	ENSG00000144040
RAB11FIP5	2	73073382	73156721	-	ENSG00000135631
NOTO	2	73202574	73212513	+	ENSG00000214513
SMYD5	2	73214222	73227229	+	ENSG00000135632
PRADC1	2	73228010	73233239	-	ENSG00000135617
CCT7	2	73233420	73253021	+	ENSG00000135624
FBXO41	2	73254682	73284478	-	ENSG00000163013
EGR4	2	73290927	73293721	-	ENSG00000135625
ALMS1	2	73385758	73625166	+	ENSG00000116127
NAT8	2	73640723	73643229	-	ENSG00000144035
TPRKB	2	73729104	73737421	-	ENSG00000144034
DUSP11	2	73761782	73780173	-	ENSG00000144048
C2orf78	2	73784183	73817148	+	ENSG00000187833
STAMBP	2	73828916	73873659	+	ENSG00000124356
ACTG2	2	73892232	73919865	+	ENSG00000163017
DGUOK	2	73926794	73958961	+	ENSG00000114956
TET3	2	73984910	74108177	+	ENSG00000187605
BOLA3	2	74135397	74147977	-	ENSG00000163170
MOB1A	2	74152528	74178932	-	ENSG00000114978
MTHFD2	2	74186172	74217565	+	ENSG00000065911
SLC4A5	2	74216242	74343416	-	ENSG00000188687
DCTN1	2	74361154	74392087	-	ENSG00000204843
C2orf81	2	74414176	74421619	-	ENSG00000284308
WDR54	2	74421477	74425770	+	ENSG00000005448
RTKN	2	74425835	74442422	-	ENSG00000114993
INO80B	2	74455087	74457944	+	ENSG00000115274
INO80B-WBP1	2	74455088	74460884	+	ENSG00000274049
WBP1	2	74458400	74460891	+	ENSG00000239779
MOGS	2	74461057	74465410	-	ENSG00000115275
MRPL53	2	74471982	74472687	-	ENSG00000204822
CCDC142	2	74471986	74483408	-	ENSG00000135637
TTC31	2	74483061	74494999	+	ENSG00000115282
LBX2	2	74497517	74503316	-	ENSG00000179528
PCGF1	2	74505041	74508361	-	ENSG00000115289
TLX2	2	74513463	74517148	+	ENSG00000115297
DQX1	2	74518131	74526396	-	ENSG00000144045
AUP1	2	74526636	74529788	-	ENSG00000115307
HTRA2	2	74529596	74533350	+	ENSG00000115317
LOXL3	2	74532258	74555718	-	ENSG00000115318
DOK1	2	74548875	74557554	+	ENSG00000115325
M1AP	2	74557883	74648350	-	ENSG00000159374
SEMA4F	2	74654226	74690634	+	ENSG00000135622
HK2	2	74834079	74893359	+	ENSG00000159399
POLE4	2	74958643	74970128	+	ENSG00000115350
TACR1	2	75046463	75199520	-	ENSG00000115353
EVA1A	2	75469302	75571036	-	ENSG00000115363
MRPL19	2	75646783	75690851	+	ENSG00000115364
GCFC2	2	75652000	75711184	-	ENSG00000005436
LRRTM4	2	76747685	77593319	-	ENSG00000176204
REG3G	2	79025686	79028505	+	ENSG00000143954
REG1B	2	79085023	79088019	-	ENSG00000172023
REG1A	2	79120362	79123409	+	ENSG00000115386
REG3A	2	79157003	79159753	-	ENSG00000172016
CTNNA2	2	79185231	80648861	+	ENSG00000066032
LRRTM1	2	80288351	80304752	-	ENSG00000162951
SUCLG1	2	84423528	84460045	-	ENSG00000163541
DNAH6	2	84516455	84819589	+	ENSG00000115423
TRABD2A	2	84821650	84907008	-	ENSG00000186854
TMSB10	2	84904923	84906680	+	ENSG00000034510
KCMF1	2	84970644	85059472	+	ENSG00000176407
TCF7L1	2	85133392	85310388	+	ENSG00000152284
TGOLN2	2	85318027	85328251	-	ENSG00000152291
RETSAT	2	85341954	85354655	-	ENSG00000042445
ELMOD3	2	85354394	85391752	+	ENSG00000115459
CAPG	2	85393587	85422017	-	ENSG00000042493
SH2D6	2	85418714	85437029	+	ENSG00000152292
MAT2A	2	85539165	85545281	+	ENSG00000168906
GGCX	2	85544720	85561819	-	ENSG00000115486
VAMP8	2	85561562	85582031	+	ENSG00000118640
VAMP5	2	85584431	85593406	+	ENSG00000168899
RNF181	2	85595693	85598589	+	ENSG00000168894
TMEM150A	2	85598547	85603201	-	ENSG00000168890
USP39	2	85602856	85657710	+	ENSG00000168883
C2orf68	2	85605254	85612066	-	ENSG00000168887
SFTPB	2	85655154	85668741	-	ENSG00000168878
GNLY	2	85685175	85698852	+	ENSG00000115523
ATOH8	2	85751344	85791383	+	ENSG00000168874
ST3GAL5	2	85837120	85905199	-	ENSG00000115525
POLR1A	2	86020216	86106155	-	ENSG00000068654
PTCD3	2	86106223	86142157	+	ENSG00000132300
IMMT	2	86142798	86195626	-	ENSG00000132305
MRPL35	2	86199355	86213790	+	ENSG00000132313
REEP1	2	86213993	86338083	-	ENSG00000068615
KDM3A	2	86440647	86492716	+	ENSG00000115548
CHMP3	2	86503430	86563507	-	ENSG00000115561
RNF103-CHMP3	2	86505668	86721122	-	ENSG00000249884
RNF103	2	86603395	86623877	-	ENSG00000239305
RMND5A	2	86720291	86778041	+	ENSG00000153561
CD8A	2	86784610	86808396	-	ENSG00000153563
CD8B	2	86815339	86861934	-	ENSG00000172116
RGPD1	2	86913783	87013976	+	ENSG00000187627
PLGLB1	2	86996231	87021852	-	ENSG00000183281
PLGLB2	2	87748085	87759723	+	ENSG00000125551
RGPD2	2	87755960	87825817	-	ENSG00000185304
KRCC1	2	88027203	88064252	-	ENSG00000172086
SMYD1	2	88067773	88113384	+	ENSG00000115593
FABP1	2	88122982	88128115	-	ENSG00000163586
THNSL2	2	88170295	88186636	+	ENSG00000144115
FOXI3	2	88446787	88452693	-	ENSG00000214336
SPMIP9	2	88524649	88529585	+	ENSG00000172073
EIF2AK3	2	88556741	88691518	-	ENSG00000172071
RPIA	2	88691642	88750933	+	ENSG00000153574
AQP7B	2	94587101	94612744	+	ENSG00000259916
TEKT4	2	94871430	94876823	+	ENSG00000163060
MAL	2	95025677	95054932	+	ENSG00000172005
MRPS5	2	95085369	95122006	-	ENSG00000144029
ZNF514	2	95122087	95165672	-	ENSG00000144026
ZNF2	2	95165432	95184317	+	ENSG00000275111
ZNF892	2	95207521	95259774	+	ENSG00000233757
PROM2	2	95274444	95302296	+	ENSG00000155066
KCNIP3	2	95297327	95386081	+	ENSG00000115041
FAHD2A	2	95402691	95416616	+	ENSG00000115042
TRIM43B	2	95477008	95484754	-	ENSG00000144010
TRIM43	2	95592001	95599778	+	ENSG00000144015
ANKRD36C	2	95836919	95991831	-	ENSG00000174501
GPAT2	2	96021946	96039451	-	ENSG00000186281
ADRA2B	2	96112876	96116571	-	ENSG00000274286
ASTL	2	96122818	96138564	-	ENSG00000188886
DUSP2	2	96143166	96145440	-	ENSG00000158050
STARD7	2	96184859	96208849	-	ENSG00000084090
TMEM127	2	96248500	96266047	-	ENSG00000135956
CIAO1	2	96266159	96274173	+	ENSG00000144021
SNRNP200	2	96274338	96321271	-	ENSG00000144028
ITPRIPL1	2	96324977	96330517	+	ENSG00000198885
NCAPH	2	96335734	96377091	+	ENSG00000121152
NEURL3	2	96497644	96508153	-	ENSG00000163121
ARID5A	2	96536717	96552638	+	ENSG00000196843
KANSL3	2	96593170	96642787	-	ENSG00000114982
FER1L5	2	96642737	96704887	+	ENSG00000249715
LMAN2L	2	96704993	96740084	-	ENSG00000114988
CNNM4	2	96760898	96811888	+	ENSG00000158158
CNNM3	2	96816245	96835382	+	ENSG00000168763
ANKRD23	2	96824526	96857934	-	ENSG00000163126
ANKRD39	2	96836611	96858016	-	ENSG00000213337
SEMA4C	2	96859718	96873840	-	ENSG00000168758
FAM178B	2	96875882	96986580	-	ENSG00000168754
FAHD2B	2	97082040	97094903	-	ENSG00000144199
ANKRD36	2	97113153	97264521	+	ENSG00000135976
ANKRD36B	2	97492663	97589877	-	ENSG00000196912
COX5B	2	97646062	97648383	+	ENSG00000135940
ACTR1B	2	97655939	97664114	-	ENSG00000115073
C2orf92	2	97664217	97703066	+	ENSG00000228486
ZAP70	2	97713576	97744327	+	ENSG00000115085
TMEM131	2	97756333	97996226	-	ENSG00000075568
VWA3B	2	98087116	98313299	+	ENSG00000168658
CNGA3	2	98346188	98399797	+	ENSG00000144191
INPP4A	2	98444246	98594392	+	ENSG00000040933
COA5	2	98598242	98608515	-	ENSG00000183513
UNC50	2	98608434	98618515	+	ENSG00000115446
MGAT4A	2	98619106	98732639	-	ENSG00000071073
CRACDL	2	98793845	98936259	-	ENSG00000196872
TSGA10	2	98995156	99154964	-	ENSG00000135951
C2orf15	2	99141235	99151683	+	ENSG00000273045
LIPT1	2	99154955	99163179	+	ENSG00000144182
MITD1	2	99161427	99181058	-	ENSG00000158411
MRPL30	2	99181111	99199561	+	ENSG00000185414
LYG2	2	99242169	99255666	-	ENSG00000185674
LYG1	2	99284238	99306110	-	ENSG00000144214
TXNDC9	2	99318982	99340702	-	ENSG00000115514
EIF5B	2	99337371	99401326	+	ENSG00000158417
REV1	2	99400475	99490260	-	ENSG00000135945
AFF3	2	99545419	100192428	-	ENSG00000144218
LONRF2	2	100271875	100322501	-	ENSG00000170500
CHST10	2	100391860	100417826	-	ENSG00000115526
NMS	2	100470482	100483280	+	ENSG00000204640
PDCL3	2	100562968	100577472	+	ENSG00000115539
NPAS2	2	100820091	100996829	+	ENSG00000170485
RPL31	2	101002229	101024032	+	ENSG00000071082
TBC1D8	2	101005934	101252866	-	ENSG00000204634
CNOT11	2	101252873	101270316	+	ENSG00000158435
RNF149	2	101271219	101308724	-	ENSG00000163162
CREG2	2	101345550	101387503	-	ENSG00000175874
RFX8	2	101397359	101475112	-	ENSG00000196460
MAP4K4	2	101696850	101894690	+	ENSG00000071054
IL1R2	2	101991824	102029018	+	ENSG00000115590
IL1R1	2	102063933	102179874	+	ENSG00000115594
IL1RL2	2	102186980	102240002	+	ENSG00000115598
IL1RL1	2	102311502	102352353	+	ENSG00000115602
IL18R1	2	102311529	102398777	+	ENSG00000115604
IL18RAP	2	102418570	102452567	+	ENSG00000115607
SLC9A4	2	102473226	102533972	+	ENSG00000180251
SLC9A2	2	102619553	102711355	+	ENSG00000115616
MFSD9	2	102714630	102736888	-	ENSG00000135953
TMEM182	2	102736905	103019900	+	ENSG00000170417
POU3F3	2	104853287	104858574	+	ENSG00000198914
MRPS9	2	105038025	105099960	+	ENSG00000135972
GPR45	2	105241743	105243467	+	ENSG00000135973
TGFBRAP1	2	105264359	105329735	-	ENSG00000135966
C2orf49	2	105337532	105350712	+	ENSG00000135974
FHL2	2	105357712	105438585	-	ENSG00000115641
NCK2	2	105744369	105894275	+	ENSG00000071051
ECRG4	2	106063246	106078155	+	ENSG00000119147
UXS1	2	106093303	106194365	-	ENSG00000115652
RGPD3	2	106391290	106468413	-	ENSG00000153165
CD8B2	2	106487364	106544297	+	ENSG00000254126
ST6GAL2	2	106801600	106887284	-	ENSG00000144057
RGPD4	2	107826892	107892544	+	ENSG00000196862
SLC5A7	2	107986523	108013994	+	ENSG00000115665
SULT1C3	2	108239968	108266254	+	ENSG00000196228
SULT1C2	2	108288639	108309915	+	ENSG00000198203
SULT1C4	2	108377911	108388989	+	ENSG00000198075
GCC2	2	108449107	108509415	+	ENSG00000135968
LIMS1	2	108533671	108687246	+	ENSG00000169756
RANBP2	2	108719437	108785810	+	ENSG00000153201
CCDC138	2	108786745	108885477	+	ENSG00000163006
EDAR	2	108894471	108989372	-	ENSG00000135960
SH3RF3	2	109129205	109504634	+	ENSG00000172985
SEPTIN10	2	109542797	109614157	-	ENSG00000186522
SOWAHC	2	109614364	109618990	+	ENSG00000198142
RGPD5	2	109792758	109857705	+	ENSG00000015568
LIMS3	2	109898428	109925625	+	ENSG00000256977
MALL	2	110083870	110116022	-	ENSG00000144063
NPHP1	2	110122311	110205066	-	ENSG00000144061
MTLN	2	110211529	110245420	-	ENSG00000175701
LIMS4	2	110445883	110473075	-	ENSG00000256671
RGPD6	2	110513802	110610840	-	ENSG00000183054
BUB1	2	110636333	110678078	-	ENSG00000169679
ACOXL	2	110732524	111118548	+	ENSG00000153093
BCL2L11	2	111119378	111168444	+	ENSG00000153094
ANAPC1	2	111611639	111884690	-	ENSG00000153107
MERTK	2	111898607	112029561	+	ENSG00000153208
TMEM87B	2	112055269	112119318	+	ENSG00000153214
FBLN7	2	112138385	112188218	+	ENSG00000144152
ZC3H8	2	112211529	112255151	-	ENSG00000144161
ZC3H6	2	112275597	112340059	+	ENSG00000188177
RGPD8	2	112368369	112434488	-	ENSG00000169629
TTL	2	112482113	112541739	+	ENSG00000114999
POLR1B	2	112541915	112579818	+	ENSG00000125630
CHCHD5	2	112584240	112589275	+	ENSG00000125611
SLC20A1	2	112645854	112663829	+	ENSG00000144136
NT5DC4	2	112721020	112742879	+	ENSG00000144130
CKAP2L	2	112736349	112764664	-	ENSG00000169607
IL1A	2	112773925	112784493	-	ENSG00000115008
IL1B	2	112829751	112836816	-	ENSG00000125538
IL37	2	112911165	112918882	+	ENSG00000125571
IL36G	2	112973203	112985658	+	ENSG00000136688
IL36A	2	113005459	113008044	+	ENSG00000136694
IL36B	2	113022089	113052867	-	ENSG00000136696
IL36RN	2	113058638	113065382	+	ENSG00000136695
IL1F10	2	113067970	113075843	+	ENSG00000136697
IL1RN	2	113099315	113134016	+	ENSG00000136689
PSD4	2	113157325	113209396	+	ENSG00000125637
PAX8	2	113215997	113278921	-	ENSG00000125618
ZNG1B	2	113437691	113496204	+	ENSG00000136682
FOXD4L1	2	113498665	113501150	+	ENSG00000184492
RABL2A	2	113627215	113643407	+	ENSG00000144134
SLC35F5	2	113705011	113756693	-	ENSG00000115084
ACTR3	2	113889600	113962596	+	ENSG00000115091
DPP10	2	114442299	115845780	+	ENSG00000175497
DDX18	2	117814673	117832379	+	ENSG00000088205
CCDC93	2	117915478	118014192	-	ENSG00000125633
INSIG2	2	118088137	118112313	+	ENSG00000125629
EN1	2	118842171	118847648	-	ENSG00000163064
MARCO	2	118942172	118994664	+	ENSG00000019169
C1QL2	2	119156243	119158751	-	ENSG00000144119
STEAP3	2	119222447	119265652	+	ENSG00000115107
C2orf76	2	119299439	119366860	-	ENSG00000186132
DBI	2	119366917	119372551	+	ENSG00000155368
TMEM37	2	119429901	119438504	+	ENSG00000171227
SCTR	2	119439839	119525301	-	ENSG00000080293
CFAP221	2	119544432	119662251	+	ENSG00000163075
TMEM177	2	119679137	119686507	+	ENSG00000144120
PTPN4	2	119759604	119984899	+	ENSG00000088179
EPB41L5	2	120013066	120179119	+	ENSG00000115109
TMEM185B	2	120217479	120223400	-	ENSG00000226479
RALB	2	120240050	120305300	+	ENSG00000144118
INHBB	2	120346136	120351803	+	ENSG00000163083
GLI2	2	120735623	120992653	+	ENSG00000074047
TFCP2L1	2	121216587	121285202	-	ENSG00000115112
CLASP1	2	121337776	121649599	-	ENSG00000074054
NIFK	2	121726945	121736912	-	ENSG00000155438
TSN	2	121737103	121767853	+	ENSG00000211460
CNTNAP5	2	124025287	124921219	+	ENSG00000155052
GYPC	2	126655938	126696667	+	ENSG00000136732
TEX51	2	126898864	126902097	+	ENSG00000237524
BIN1	2	127048017	127107556	-	ENSG00000136717
CYP27C1	2	127183832	127220385	-	ENSG00000186684
ERCC3	2	127257285	127294188	-	ENSG00000163161
MAP3K2	2	127298668	127388465	-	ENSG00000169967
PROC	2	127415933	127429762	+	ENSG00000115718
IWS1	2	127436207	127526886	-	ENSG00000163166
MYO7B	2	127535683	127637729	+	ENSG00000169994
LIMS2	2	127638381	127681786	-	ENSG00000072163
GPR17	2	127645864	127656181	+	ENSG00000144230
WDR33	2	127701027	127811187	-	ENSG00000136709
SFT2D3	2	127701497	127705242	+	ENSG00000173349
POLR2D	2	127843553	127858155	-	ENSG00000144231
AMMECR1L	2	127861630	127885967	-	ENSG00000144233
SAP130	2	127941217	128028124	-	ENSG00000136715
UGGT1	2	128091151	128195677	+	ENSG00000136731
HS6ST1	2	128236716	128318868	-	ENSG00000136720
RAB6C	2	129979666	129982738	+	ENSG00000222014
POTEF	2	130073535	130129222	-	ENSG00000196604
CCDC74B	2	130139287	130145134	-	ENSG00000152076
SMPD4	2	130151392	130183901	-	ENSG00000136699
MZT2B	2	130181737	130190729	+	ENSG00000152082
TUBA3E	2	130191745	130198439	-	ENSG00000152086
VMA22	2	130337922	130342699	-	ENSG00000136710
IMP4	2	130342403	130347967	+	ENSG00000136718
PTPN18	2	130356027	130375405	+	ENSG00000072135
POTEI	2	130459455	130509707	-	ENSG00000196834
CFC1B	2	130521197	130528604	+	ENSG00000152093
CFC1	2	130592165	130599575	-	ENSG00000136698
POTEJ	2	130611440	130658037	+	ENSG00000222038
GPR148	2	130729070	130730336	+	ENSG00000173302
AMER3	2	130755540	130768134	+	ENSG00000178171
ARHGEF4	2	130836914	131047263	+	ENSG00000136002
SMIM39	2	131034928	131047253	+	ENSG00000284479
FAM168B	2	131047876	131093487	-	ENSG00000152102
PLEKHB2	2	131104847	131353709	+	ENSG00000115762
POTEE	2	131209536	131265278	+	ENSG00000188219
RAB6D	2	131360492	131364168	-	ENSG00000233087
MZT2A	2	131464900	131492743	-	ENSG00000173272
TUBA3D	2	131476119	131482934	+	ENSG00000075886
CCDC74A	2	131527675	131533666	+	ENSG00000163040
ANKRD30BL	2	132147591	132257969	-	ENSG00000163046
GPR39	2	132416805	132646582	+	ENSG00000183840
LYPD1	2	132643286	132671579	-	ENSG00000150551
NCKAP5	2	132671788	133568463	-	ENSG00000176771
MGAT5	2	134119933	134454621	+	ENSG00000152127
TMEM163	2	134455759	134719100	-	ENSG00000152128
ACMSD	2	134838312	134902906	+	ENSG00000153086
CCNT2	2	134918235	134959342	+	ENSG00000082258
MAP3K19	2	134964485	135047468	-	ENSG00000176601
RAB3GAP1	2	135052283	135176667	+	ENSG00000115839
ZRANB3	2	135136916	135531228	-	ENSG00000121988
R3HDM1	2	135531448	135725314	+	ENSG00000048991
UBXN4	2	135741631	135785063	+	ENSG00000144224
LCT	2	135787850	135837184	-	ENSG00000115850
MCM6	2	135839626	135876479	-	ENSG00000076003
DARS1	2	135905881	135986100	-	ENSG00000115866
CXCR4	2	136114349	136119177	-	ENSG00000121966
THSD7B	2	136765545	137677718	+	ENSG00000144229
HNMT	2	137964020	138016364	+	ENSG00000150540
SPOPL	2	138501770	138574458	+	ENSG00000144228
NXPH2	2	138669157	138780390	-	ENSG00000144227
LRP1B	2	140231423	142131016	-	ENSG00000168702
KYNU	2	142877613	143055833	+	ENSG00000115919
ARHGAP15	2	143091362	143768352	+	ENSG00000075884
GTDC1	2	143938068	144333107	-	ENSG00000121964
ZEB2	2	144364364	144521057	-	ENSG00000169554
ACVR2A	2	147844378	147930826	+	ENSG00000121989
ORC4	2	147930396	148021784	-	ENSG00000115947
MBD5	2	148021011	148516971	+	ENSG00000204406
EPC2	2	148644440	148788609	+	ENSG00000135999
KIF5C	2	148875227	149026759	+	ENSG00000168280
LYPD6B	2	149037975	149215262	+	ENSG00000150556
LYPD6	2	149329985	149474139	+	ENSG00000187123
MMADHC	2	149569634	149587812	-	ENSG00000168288
RND3	2	150468195	150539011	-	ENSG00000115963
RBM43	2	151247940	151261863	-	ENSG00000184898
NMI	2	151270467	151289908	-	ENSG00000123609
TNFAIP6	2	151357592	151380046	+	ENSG00000123610
RIF1	2	151409883	151508013	+	ENSG00000080345
NEB	2	151485336	151734487	-	ENSG00000183091
ARL5A	2	151788984	151828531	-	ENSG00000162980
CACNB4	2	151832771	152099167	-	ENSG00000182389
STAM2	2	152116801	152175771	-	ENSG00000115145
FMNL2	2	152335136	152649831	+	ENSG00000157827
PRPF40A	2	152651593	152718048	-	ENSG00000196504
ARL6IP6	2	152717647	152762396	+	ENSG00000177917
RPRM	2	153477338	153478762	-	ENSG00000177519
GALNT13	2	153871398	154456630	+	ENSG00000144278
KCNJ3	2	154697855	154858354	+	ENSG00000162989
NR4A2	2	156324432	156342348	-	ENSG00000153234
GPD2	2	156435290	156613735	+	ENSG00000115159
GALNT5	2	157257578	157318491	+	ENSG00000136542
ERMN	2	157318626	157327713	-	ENSG00000136541
CYTIP	2	157409360	157491093	-	ENSG00000115165
ACVR1C	2	157526767	157628885	-	ENSG00000123612
ACVR1	2	157736249	157876347	-	ENSG00000115170
UPP2	2	157876557	158136154	+	ENSG00000007001
CCDC148	2	158171073	158456753	-	ENSG00000153237
PKP4	2	158456900	158682879	+	ENSG00000144283
DAPL1	2	158795317	158862781	+	ENSG00000163331
TANC1	2	158968581	159232668	+	ENSG00000115183
WDSUB1	2	159234903	159287347	-	ENSG00000196151
BAZ2B	2	159315312	159617282	-	ENSG00000123636
MARCHF7	2	159712001	159771027	+	ENSG00000136536
CD302	2	159768628	159798255	-	ENSG00000241399
LY75-CD302	2	159771851	159904710	-	ENSG00000248672
LY75	2	159803355	159904756	-	ENSG00000054219
PLA2R1	2	159932006	160062636	-	ENSG00000153246
ITGB6	2	160099664	160271888	-	ENSG00000115221
RBMS1	2	160272151	160494100	-	ENSG00000153250
TANK	2	161136908	161236230	+	ENSG00000136560
PSMD14	2	161308414	161411720	+	ENSG00000115233
TBR1	2	161416297	161425870	+	ENSG00000136535
SLC4A10	2	161424332	161985282	+	ENSG00000144290
DPP4	2	161992244	162074394	-	ENSG00000197635
GCG	2	162142882	162152404	-	ENSG00000115263
FAP	2	162170684	162245151	-	ENSG00000078098
IFIH1	2	162267074	162318684	-	ENSG00000115267
GCA	2	162318839	162371595	+	ENSG00000115271
KCNH7	2	162371407	162838767	-	ENSG00000184611
FIGN	2	163593396	163736012	-	ENSG00000182263
GRB14	2	164492417	164622472	-	ENSG00000115290
COBLL1	2	164653624	164843679	-	ENSG00000082438
SLC38A11	2	164894354	164955525	-	ENSG00000169507
SCN3A	2	165087526	165204050	-	ENSG00000153253
SCN2A	2	165194993	165392310	+	ENSG00000136531
CSRNP3	2	165469647	165689407	+	ENSG00000178662
GALNT3	2	165747588	165846201	-	ENSG00000115339
TTC21B	2	165857475	165953851	-	ENSG00000123607
SCN1A	2	165984641	166182806	-	ENSG00000144285
SCN9A	2	166195185	166376001	-	ENSG00000169432
SCN7A	2	166403472	166611482	-	ENSG00000136546
XIRP2	2	166888480	167259753	+	ENSG00000163092
B3GALT1	2	167293001	167874045	+	ENSG00000172318
STK39	2	167949900	168247739	-	ENSG00000198648
CERS6	2	168456249	168775134	+	ENSG00000172292
NOSTRIN	2	168786539	168866787	+	ENSG00000163072
SPC25	2	168834132	168913371	-	ENSG00000152253
G6PC2	2	168901291	168910000	+	ENSG00000152254
ABCB11	2	168915498	169031324	-	ENSG00000073734
DHRS9	2	169064789	169096168	+	ENSG00000073737
LRP2	2	169127109	169362534	-	ENSG00000081479
BBS5	2	169479480	169506655	+	ENSG00000163093
KLHL41	2	169509687	169526262	+	ENSG00000239474
FASTKD1	2	169528508	169573912	-	ENSG00000138399
PPIG	2	169584342	169641408	+	ENSG00000138398
CFAP210	2	169645425	169694405	-	ENSG00000154479
PHOSPHO2	2	169694440	169704808	+	ENSG00000144362
KLHL23	2	169694488	169776989	+	ENSG00000213160
SSB	2	169791933	169812091	+	ENSG00000138385
METTL5	2	169810081	169824931	-	ENSG00000138382
UBR3	2	169827442	170084131	+	ENSG00000144357
MYO3B	2	170178145	170655171	+	ENSG00000071909
SP5	2	170715337	170718078	+	ENSG00000204335
ERICH2	2	170766878	170798977	+	ENSG00000204334
GAD1	2	170813213	170861151	+	ENSG00000128683
GORASP2	2	170928464	170967135	+	ENSG00000115806
TLK1	2	170990823	171231314	-	ENSG00000198586
METTL8	2	171315746	171434802	-	ENSG00000123600
DCAF17	2	171434217	171485052	+	ENSG00000115827
CYBRD1	2	171522247	171558129	+	ENSG00000071967
DYNC1I2	2	171687409	171750158	+	ENSG00000077380
SLC25A12	2	171781400	171999859	-	ENSG00000115840
HAT1	2	171922429	171986153	+	ENSG00000128708
METAP1D	2	171999943	172082432	+	ENSG00000172878
DLX1	2	172084740	172089677	+	ENSG00000144355
DLX2	2	172099438	172102900	-	ENSG00000115844
ITGA6	2	172234216	172506459	+	ENSG00000091409
PDK1	2	172555373	172608669	+	ENSG00000152256
RAPGEF4	2	172735274	173052893	+	ENSG00000091428
MAP3K20	2	173075322	173268909	+	ENSG00000091436
CDCA7	2	173354820	173368997	+	ENSG00000144354
SP3	2	173880850	173965373	-	ENSG00000172845
OLA1	2	174072447	174248608	-	ENSG00000138430
SP9	2	174334954	174338500	+	ENSG00000217236
CIR1	2	174348022	174395712	-	ENSG00000138433
SCRN3	2	174395729	174430077	+	ENSG00000144306
GPR155	2	174431571	174487150	-	ENSG00000163328
WIPF1	2	174559563	174682916	-	ENSG00000115935
CHRNA1	2	174747592	174787935	-	ENSG00000138435
CHN1	2	174798809	175005381	-	ENSG00000128656
ATF2	2	175072250	175168382	-	ENSG00000115966
ATP5MC3	2	175176258	175181764	-	ENSG00000154518
LNPK	2	175923882	176002839	-	ENSG00000144320
EVX2	2	176077472	176083962	-	ENSG00000174279
HOXD13	2	176092721	176095944	+	ENSG00000128714
HOXD12	2	176099795	176102489	+	ENSG00000170178
HOXD11	2	176104216	176109754	+	ENSG00000128713
HOXD10	2	176108790	176119937	+	ENSG00000128710
HOXD9	2	176122719	176124937	+	ENSG00000128709
HOXD8	2	176129694	176132695	+	ENSG00000175879
HOXD3	2	176136545	176174227	+	ENSG00000128652
HOXD4	2	176151550	176153226	+	ENSG00000170166
HOXD1	2	176188667	176190907	+	ENSG00000128645
MTX2	2	176269395	176338025	+	ENSG00000128654
HNRNPA3	2	177212587	177226106	+	ENSG00000170144
NFE2L2	2	177218667	177392756	-	ENSG00000116044
AGPS	2	177392576	177567024	+	ENSG00000018510
IFT70B	2	177548998	177552796	-	ENSG00000196659
IFT70A	2	177612999	177618742	-	ENSG00000197557
PDE11A	2	177623244	178108339	-	ENSG00000128655
RBM45	2	178112385	178139011	+	ENSG00000155636
OSBPL6	2	178193711	178402893	+	ENSG00000079156
PRKRA	2	178431292	178451512	-	ENSG00000180228
PJVK	2	178451346	178462102	+	ENSG00000204311
FKBP7	2	178463664	178478600	-	ENSG00000079150
PLEKHA3	2	178480457	178516463	+	ENSG00000116095
TTN	2	178525989	178830802	-	ENSG00000155657
CCDC141	2	178829757	179051697	-	ENSG00000163492
SESTD1	2	179101678	179264832	-	ENSG00000187231
ZNF385B	2	179441982	179861612	-	ENSG00000144331
CWC22	2	179944872	180007297	-	ENSG00000163510
UBE2E3	2	180967248	181076585	+	ENSG00000170035
ITGA4	2	181457202	181538940	+	ENSG00000115232
CERKL	2	181535041	181680665	-	ENSG00000188452
NEUROD1	2	181668295	181680827	-	ENSG00000162992
ITPRID2	2	181891730	181930738	+	ENSG00000138434
PPP1R1C	2	181954241	182131398	+	ENSG00000150722
PDE1A	2	182139968	182523359	-	ENSG00000115252
DNAJC10	2	182715607	182794464	+	ENSG00000077232
FRZB	2	182833275	182866638	-	ENSG00000162998
NCKAP1	2	182909115	183038858	-	ENSG00000061676
DUSP19	2	183078559	183100008	+	ENSG00000162999
NUP35	2	183117513	183163114	+	ENSG00000163002
ZNF804A	2	184598529	184939492	+	ENSG00000170396
FSIP2	2	185738804	185833290	+	ENSG00000188738
ZC3H15	2	186486222	186511929	+	ENSG00000065548
ITGAV	2	186590010	186680901	+	ENSG00000138448
FAM171B	2	186694019	186765959	+	ENSG00000144369
ZSWIM2	2	186827475	186849208	-	ENSG00000163012
CALCRL	2	187341946	187448506	-	ENSG00000064989
TFPI	2	187463823	187565846	-	ENSG00000003436
GULP1	2	188291105	188595943	+	ENSG00000144366
COL3A1	2	188974371	189012746	+	ENSG00000168542
COL5A2	2	189031898	189225312	-	ENSG00000204262
WDR75	2	189441429	189479063	+	ENSG00000115368
SLC40A1	2	189560538	189583758	-	ENSG00000138449
ASNSD1	2	189661385	189670831	+	ENSG00000138381
ASDURF	2	189661452	189666437	+	ENSG00000286053
ANKAR	2	189674290	189761193	+	ENSG00000151687
OSGEPL1	2	189746415	189763230	-	ENSG00000128694
ORMDL1	2	189766012	189784382	-	ENSG00000128699
PMS1	2	189784085	189878385	+	ENSG00000064933
C2orf88	2	189879609	190203484	+	ENSG00000187699
MSTN	2	190055700	190062729	-	ENSG00000138379
HIBCH	2	190189735	190344193	-	ENSG00000198130
INPP1	2	190340590	190371665	+	ENSG00000151689
MFSD6	2	190408355	190509205	+	ENSG00000151690
NEMP2	2	190504338	190534722	-	ENSG00000189362
NAB1	2	190646746	190692769	+	ENSG00000138386
GLS	2	190880821	190965552	+	ENSG00000115419
STAT1	2	190908460	191020960	-	ENSG00000115415
STAT4	2	191029570	191178435	-	ENSG00000138378
MYO1B	2	191245064	191425820	+	ENSG00000128641
NABP1	2	191678068	191741097	+	ENSG00000173559
CAVIN2	2	191834305	191847211	-	ENSG00000168497
TMEFF2	2	191949043	192194985	-	ENSG00000144339
SLC39A10	2	195575977	195737706	+	ENSG00000196950
DNAH7	2	195737703	196068837	-	ENSG00000118997
STK17B	2	196133583	196176503	-	ENSG00000081320
HECW2	2	196189099	196593684	-	ENSG00000138411
CCDC150	2	196639554	196763490	+	ENSG00000144395
GTF3C3	2	196761062	196799725	-	ENSG00000119041
C2orf66	2	196804417	196809355	-	ENSG00000187944
PGAP1	2	196833004	196927796	-	ENSG00000197121
ANKRD44	2	196967017	197311173	-	ENSG00000065413
SF3B1	2	197388515	197435079	-	ENSG00000115524
COQ10B	2	197453493	197475310	+	ENSG00000115520
HSPD1	2	197486580	197516737	-	ENSG00000144381
HSPE1	2	197500140	197503461	+	ENSG00000115541
HSPE1-MOB4	2	197500413	197550726	+	ENSG00000270757
MOB4	2	197515571	197553699	+	ENSG00000115540
RFTN2	2	197568224	197676051	-	ENSG00000162944
MARS2	2	197705369	197708395	+	ENSG00000247626
BOLL	2	197726879	197786762	-	ENSG00000152430
PLCL1	2	197804593	198572581	+	ENSG00000115896
SATB2	2	199269484	199471266	-	ENSG00000119042
FTCDNL1	2	199760544	199851207	-	ENSG00000226124
C2orf69	2	199911293	199955935	+	ENSG00000178074
TYW5	2	199928913	199955736	-	ENSG00000162971
MAIP1	2	199955317	200008540	+	ENSG00000162972
SPATS2L	2	200305881	200482264	+	ENSG00000196141
KCTD18	2	200488956	200519784	-	ENSG00000155729
SGO2	2	200510008	200584096	+	ENSG00000163535
AOX1	2	200585864	200677064	+	ENSG00000138356
BZW1	2	200810594	200827338	+	ENSG00000082153
CLK1	2	200853009	200864697	-	ENSG00000013441
PPIL3	2	200870907	200889353	-	ENSG00000240344
NIF3L1	2	200888992	200905578	+	ENSG00000196290
ORC2	2	200908973	200963702	-	ENSG00000115942
HYCC2	2	200973718	201071692	-	ENSG00000155744
NDUFB3	2	201071433	201085754	+	ENSG00000119013
CFLAR	2	201116154	201176687	+	ENSG00000003402
CASP10	2	201182693	201229428	+	ENSG00000003400
CASP8	2	201233443	201361836	+	ENSG00000064012
FLACC1	2	201288271	201357398	-	ENSG00000155749
TRAK2	2	201377207	201453449	-	ENSG00000115993
STRADB	2	201387858	201480850	+	ENSG00000082146
C2CD6	2	201487421	201619178	-	ENSG00000155754
TMEM237	2	201620184	201643570	-	ENSG00000155755
MPP4	2	201644870	201698694	-	ENSG00000082126
ALS2	2	201700267	201782112	-	ENSG00000003393
CDK15	2	201790461	201895550	+	ENSG00000138395
FZD7	2	202033855	202038441	+	ENSG00000155760
KIAA2012	2	202073255	202205188	+	ENSG00000182329
SUMO1	2	202206182	202238599	-	ENSG00000116030
NOP58	2	202265725	202303666	+	ENSG00000055044
BMPR2	2	202376327	202567751	+	ENSG00000204217
FAM117B	2	202634969	202769757	+	ENSG00000138439
ICA1L	2	202773150	202872061	-	ENSG00000163596
WDR12	2	202874261	203014798	-	ENSG00000138442
CARF	2	202912214	202988263	+	ENSG00000138380
NBEAL1	2	203014608	203226378	+	ENSG00000144426
CYP20A1	2	203238952	203306026	+	ENSG00000119004
ABI2	2	203328252	203447728	+	ENSG00000138443
RAPH1	2	203394345	203535451	-	ENSG00000173166
CD28	2	203706517	203739756	+	ENSG00000178562
CTLA4	2	203853888	203873965	+	ENSG00000163599
ICOS	2	203936763	203961577	+	ENSG00000163600
PARD3B	2	204545475	205620162	+	ENSG00000116117
NRP2	2	205681990	205798133	+	ENSG00000118257
INO80D	2	205993721	206086303	-	ENSG00000114933
NDUFS1	2	206114817	206159522	-	ENSG00000023228
EEF1B2	2	206159585	206162932	+	ENSG00000114942
CMKLR2	2	206175316	206218047	-	ENSG00000183671
ZDBF2	2	206274657	206314437	+	ENSG00000204186
ADAM23	2	206443498	206621301	+	ENSG00000114948
FAM237A	2	206642417	206649365	+	ENSG00000235118
DYTN	2	206651621	206721570	-	ENSG00000232125
MDH1B	2	206737763	206765328	-	ENSG00000138400
FASTKD2	2	206765357	206796189	+	ENSG00000118246
CPO	2	206939518	206969474	+	ENSG00000144410
KLF7	2	207074137	207173856	-	ENSG00000118263
CREB1	2	207529737	207605988	+	ENSG00000118260
METTL21A	2	207580631	207626256	-	ENSG00000144401
CCNYL1	2	207711524	207761839	+	ENSG00000163249
FZD5	2	207762598	207769914	-	ENSG00000163251
PLEKHM3	2	207821288	208025846	-	ENSG00000178385
CRYGD	2	208121607	208124524	-	ENSG00000118231
CRYGC	2	208128137	208129828	-	ENSG00000163254
CRYGB	2	208142573	208146158	-	ENSG00000182187
CRYGA	2	208160740	208163589	-	ENSG00000168582
C2orf80	2	208165343	208190245	-	ENSG00000188674
IDH1	2	208236224	208266095	-	ENSG00000138413
PIKFYVE	2	208266234	208358755	+	ENSG00000115020
PTH2R	2	208359714	208854503	+	ENSG00000144407
MAP2	2	209423988	209734235	+	ENSG00000078018
UNC80	2	209771569	209999300	+	ENSG00000144406
RPE	2	210002565	210022262	+	ENSG00000197713
KANSL1L	2	210021421	210172182	-	ENSG00000144445
ACADL	2	210187126	210225447	-	ENSG00000115361
MYL1	2	210290150	210315174	-	ENSG00000168530
LANCL1	2	210427131	210477652	-	ENSG00000115365
CPS1	2	210477682	210679107	+	ENSG00000021826
ERBB4	2	211375717	212538841	-	ENSG00000178568
IKZF2	2	212999691	213152427	-	ENSG00000030419
SPAG16	2	213284389	214410501	+	ENSG00000144451
VWC2L	2	214411054	214578976	+	ENSG00000174453
BARD1	2	214725646	214809707	-	ENSG00000138376
ABCA12	2	214931542	215138626	-	ENSG00000144452
ATIC	2	215311956	215349773	+	ENSG00000138363
FN1	2	215360440	215436120	-	ENSG00000115414
MREG	2	215942584	216034096	-	ENSG00000118242
PECR	2	215996329	216082955	-	ENSG00000115425
TMEM169	2	216081866	216102783	+	ENSG00000163449
XRCC5	2	216107464	216206303	+	ENSG00000079246
MARCHF4	2	216257865	216372483	-	ENSG00000144583
SMARCAL1	2	216412383	216483056	+	ENSG00000138375
RPL37A	2	216498797	216579180	+	ENSG00000197756
IGFBP2	2	216632828	216664441	+	ENSG00000115457
IGFBP5	2	216672105	216695549	-	ENSG00000115461
TNP1	2	216859458	216860064	-	ENSG00000118245
TNS1	2	217799588	218033982	-	ENSG00000079308
RUFY4	2	218034960	218090584	+	ENSG00000188282
CXCR2	2	218125289	218137251	+	ENSG00000180871
CXCR1	2	218162841	218166962	-	ENSG00000163464
ARPC2	2	218216630	218254356	+	ENSG00000163466
GPBAR1	2	218259496	218263861	+	ENSG00000179921
AAMP	2	218264125	218270178	-	ENSG00000127837
PNKD	2	218269651	218346793	+	ENSG00000127838
TMBIM1	2	218274194	218292586	-	ENSG00000135926
CATIP	2	218356857	218369962	+	ENSG00000158428
SLC11A1	2	218382029	218396894	+	ENSG00000018280
CTDSP1	2	218397136	218405942	+	ENSG00000144579
VIL1	2	218419083	218453295	+	ENSG00000127831
USP37	2	218450251	218568768	-	ENSG00000135913
CNOT9	2	218568580	218597080	+	ENSG00000144580
PLCD4	2	218607855	218637186	+	ENSG00000115556
ZNF142	2	218633329	218659655	-	ENSG00000115568
BCS1L	2	218658764	218663466	+	ENSG00000074582
RNF25	2	218663866	218672006	-	ENSG00000163481
STK36	2	218672052	218702717	+	ENSG00000163482
TTLL4	2	218710809	218755416	+	ENSG00000135912
CYP27A1	2	218781738	218815293	+	ENSG00000135929
PRKAG3	2	218819050	218832086	-	ENSG00000115592
WNT6	2	218859805	218874233	+	ENSG00000115596
WNT10A	2	218880852	218899581	+	ENSG00000135925
CDK5R2	2	218959666	218962155	+	ENSG00000171450
FEV	2	218981087	218985184	-	ENSG00000163497
CRYBA2	2	218990189	218994270	-	ENSG00000163499
CFAP65	2	219002846	219041527	-	ENSG00000181378
IHH	2	219054424	219060921	-	ENSG00000163501
NHEJ1	2	219069355	219160869	-	ENSG00000187736
SLC23A3	2	219161465	219170095	-	ENSG00000213901
CNPPD1	2	219170704	219182664	-	ENSG00000115649
RETREG2	2	219176225	219185475	+	ENSG00000144567
ZFAND2B	2	219195237	219209651	+	ENSG00000158552
ABCB6	2	219209766	219219012	-	ENSG00000115657
ATG9A	2	219219380	219229717	-	ENSG00000198925
ANKZF1	2	219229769	219236679	+	ENSG00000163516
GLB1L	2	219236598	219245478	-	ENSG00000163521
STK16	2	219245455	219250339	+	ENSG00000115661
TUBA4A	2	219249710	219277902	-	ENSG00000127824
TUBA4B	2	219253243	219272197	+	ENSG00000243910
DNAJB2	2	219279342	219286898	+	ENSG00000135924
PTPRN	2	219289623	219309648	-	ENSG00000054356
RESP18	2	219327407	219335552	-	ENSG00000182698
DNPEP	2	219372029	219400022	-	ENSG00000123992
DES	2	219417474	219426739	+	ENSG00000175084
SPEG	2	219434843	219493629	+	ENSG00000072195
SPEGNB	2	219496131	219498287	+	ENSG00000286095
GMPPA	2	219498618	219513898	+	ENSG00000144591
ASIC4	2	219514170	219538772	+	ENSG00000072182
CHPF	2	219538949	219543818	-	ENSG00000123989
TMEM198	2	219543130	219550595	+	ENSG00000188760
OBSL1	2	219550727	219571859	-	ENSG00000124006
INHA	2	219569162	219575711	+	ENSG00000123999
STK11IP	2	219595805	219616452	+	ENSG00000144589
SLC4A3	2	219627011	219641980	+	ENSG00000114923
EPHA4	2	221418027	221574202	-	ENSG00000116106
PAX3	2	222199887	222298998	-	ENSG00000135903
RNF228	2	222314148	222320155	-	ENSG00000288658
SGPP2	2	222424511	222562621	+	ENSG00000163082
FARSB	2	222566899	222656313	-	ENSG00000116120
MOGAT1	2	222671658	222709930	+	ENSG00000124003
ACSL3	2	222860942	222944639	+	ENSG00000123983
KCNE4	2	223052190	223198399	+	ENSG00000152049
SCG2	2	223596940	223602361	-	ENSG00000171951
AP1S3	2	223667680	223838027	-	ENSG00000152056
WDFY1	2	223855716	223945357	-	ENSG00000085449
MRPL44	2	223957403	223969078	+	ENSG00000135900
SERPINE2	2	223975045	224039688	-	ENSG00000135919
FAM124B	2	224376821	224402107	-	ENSG00000124019
CUL3	2	224470150	224585397	-	ENSG00000036257
CCDC195	2	224703764	224742270	-	ENSG00000283428
DOCK10	2	224765090	225042468	-	ENSG00000135905
NYAP2	2	225399710	225729887	+	ENSG00000144460
IRS1	2	226731312	226799820	-	ENSG00000169047
RHBDD1	2	226835581	226999215	+	ENSG00000144468
COL4A4	2	227002714	227164453	-	ENSG00000081052
COL4A3	2	227164624	227314792	+	ENSG00000169031
MFF	2	227325151	227361188	+	ENSG00000168958
TM4SF20	2	227362038	227381995	-	ENSG00000168955
SCYGR1	2	227387683	227387949	-	ENSG00000284629
AGFG1	2	227472134	227561217	+	ENSG00000173744
SCYGR2	2	227598893	227599255	+	ENSG00000284643
SCYGR10	2	227608784	227609101	+	ENSG00000284622
SCYGR3	2	227614538	227614840	-	ENSG00000284704
SCYGR4	2	227617498	227617815	+	ENSG00000284631
SCYGR5	2	227666804	227667061	+	ENSG00000284667
SLC19A3	2	227683763	227718088	-	ENSG00000135917
SCYGR6	2	227724440	227724757	-	ENSG00000284725
SCYGR7	2	227728335	227728625	+	ENSG00000284718
SCYGR8	2	227745894	227746220	+	ENSG00000284635
CCL20	2	227805739	227817564	+	ENSG00000115009
DAW1	2	227870931	227924344	+	ENSG00000123977
SPHKAP	2	227979955	228181687	-	ENSG00000153820
PID1	2	228850526	229271867	-	ENSG00000153823
DNER	2	229357629	229714581	-	ENSG00000187957
TRIP12	2	229763835	229923239	-	ENSG00000153827
FBXO36	2	229922302	230013119	+	ENSG00000153832
SLC16A14	2	230034974	230068999	-	ENSG00000163053
SP110	2	230165186	230225729	-	ENSG00000135899
SP140	2	230203110	230316577	+	ENSG00000079263
SP140L	2	230326762	230403735	+	ENSG00000185404
SP100	2	230415942	230545606	+	ENSG00000067066
CAB39	2	230712822	230821076	+	ENSG00000135932
ITM2C	2	230864639	230879248	+	ENSG00000135916
GPR55	2	230907318	230961066	-	ENSG00000135898
SPATA3	2	230990324	231025055	+	ENSG00000173699
C2orf72	2	231037342	231049719	+	ENSG00000204128
PSMD1	2	231056845	231173116	+	ENSG00000173692
HTR2B	2	231108230	231125080	-	ENSG00000135914
ARMC9	2	231198546	231376848	+	ENSG00000135931
B3GNT7	2	231395671	231408799	+	ENSG00000156966
NCL	2	231453531	231483641	-	ENSG00000115053
NMUR1	2	231523187	231530445	-	ENSG00000171596
TEX44	2	231592864	231594276	+	ENSG00000177673
PTMA	2	231706895	231713552	+	ENSG00000187514
PDE6D	2	231732354	231786272	-	ENSG00000156973
COPS7B	2	231781671	231809254	+	ENSG00000144524
NPPC	2	231921809	231926396	-	ENSG00000163273
DIS3L2	2	231961245	232344350	+	ENSG00000144535
ALPP	2	232378724	232382889	+	ENSG00000163283
ALPG	2	232406844	232410714	+	ENSG00000163286
ALPI	2	232456125	232460753	+	ENSG00000163295
ECEL1	2	232479825	232489045	-	ENSG00000171551
PRSS56	2	232520388	232525716	+	ENSG00000237412
CHRND	2	232525993	232536667	+	ENSG00000135902
CHRNG	2	232539692	232548115	+	ENSG00000196811
TIGD1	2	232543883	232550557	-	ENSG00000221944
EIF4E2	2	232550659	232583644	+	ENSG00000135930
EFHD1	2	232606057	232682781	+	ENSG00000115468
GIGYF2	2	232697259	232860605	+	ENSG00000204120
KCNJ13	2	232765802	232776565	-	ENSG00000115474
SNORC	2	232857270	232878708	+	ENSG00000182600
NGEF	2	232878686	233013263	-	ENSG00000066248
NEU2	2	233023032	233042480	+	ENSG00000115488
INPP5D	2	233059967	233207903	+	ENSG00000168918
ATG16L1	2	233210051	233295674	+	ENSG00000085978
SAG	2	233307816	233347055	+	ENSG00000130561
DGKD	2	233354484	233472104	+	ENSG00000077044
USP40	2	233475526	233566782	-	ENSG00000085982
UGT1A8	2	233617633	233773300	+	ENSG00000242366
UGT1A10	2	233636448	233773300	+	ENSG00000242515
UGT1A9	2	233671898	233773300	+	ENSG00000241119
UGT1A7	2	233681901	233773300	+	ENSG00000244122
UGT1A6	2	233691607	233773300	+	ENSG00000167165
UGT1A5	2	233712907	233773300	+	ENSG00000288705
UGT1A4	2	233718736	233773300	+	ENSG00000244474
UGT1A3	2	233729042	233773300	+	ENSG00000288702
UGT1A1	2	233760270	233773300	+	ENSG00000241635
MROH2A	2	233775679	233833423	+	ENSG00000185038
HJURP	2	233833416	233854566	-	ENSG00000123485
MSL3B	2	233864663	233868386	-	ENSG00000293137
TRPM8	2	233917373	234019522	+	ENSG00000144481
SPP2	2	234050617	234079344	+	ENSG00000072080
ARL4C	2	234493041	234497081	-	ENSG00000188042
SH3BP4	2	234952017	235055714	+	ENSG00000130147
AGAP1	2	235494043	236131793	+	ENSG00000157985
GBX2	2	236165236	236168386	-	ENSG00000168505
ASB18	2	236193459	236264409	-	ENSG00000182177
IQCA1	2	236324147	236507716	-	ENSG00000132321
ACKR3	2	236567692	236582358	+	ENSG00000144476
COPS8	2	237085882	237100474	+	ENSG00000198612
COL6A3	2	237324003	237414405	-	ENSG00000163359
MLPH	2	237485428	237555322	+	ENSG00000115648
PRLH	2	237559555	237567288	+	ENSG00000071677
RAB17	2	237574322	237601623	-	ENSG00000124839
LRRFIP1	2	237627554	237813682	+	ENSG00000124831
RBM44	2	237798389	237842808	+	ENSG00000177483
RAMP1	2	237858893	237912111	+	ENSG00000132329
UBE2F	2	237966827	238045486	+	ENSG00000184182
UBE2F-SCLY	2	237967014	238099412	+	ENSG00000258984
SCLY	2	238060924	238099413	+	ENSG00000132330
ESPNL	2	238100340	238133287	+	ENSG00000144488
KLHL30	2	238138668	238152947	+	ENSG00000168427
ERFE	2	238158970	238168900	+	ENSG00000178752
ILKAP	2	238170400	238203756	-	ENSG00000132323
HES6	2	238238267	238240662	-	ENSG00000144485
PER2	2	238244044	238290102	-	ENSG00000132326
TRAF3IP1	2	238320441	238402114	+	ENSG00000204104
ASB1	2	238426742	238452250	+	ENSG00000065802
TWIST2	2	238848032	238910534	+	ENSG00000233608
HDAC4	2	239048168	239401661	-	ENSG00000068024
NDUFA10	2	239892450	240025743	-	ENSG00000130414
OR6B2	2	240029491	240030429	-	ENSG00000182083
OR6B3	2	240044571	240053807	-	ENSG00000178586
COPS9	2	240126563	240136807	-	ENSG00000172428
OTOS	2	240139026	240144562	-	ENSG00000178602
GPC1	2	240435636	240468076	+	ENSG00000063660
ANKMY1	2	240479422	240569209	-	ENSG00000144504
DUSP28	2	240560054	240565256	+	ENSG00000188542
RNPEPL1	2	240565804	240581372	+	ENSG00000142327
CAPN10	2	240586383	240617705	+	ENSG00000142330
GPR35	2	240605430	240633159	+	ENSG00000178623
AQP12B	2	240676418	240682906	-	ENSG00000185176
AQP12A	2	240691866	240698483	+	ENSG00000184945
KIF1A	2	240713761	240824320	-	ENSG00000130294
AGXT	2	240868543	240881531	+	ENSG00000172482
MAB21L4	2	240886048	240896893	-	ENSG00000172478
CROCC2	2	240906330	240993311	+	ENSG00000226321
SNED1	2	240998612	241095569	+	ENSG00000162804
MTERF4	2	241072169	241102332	-	ENSG00000122085
PASK	2	241106099	241150852	-	ENSG00000115687
PPP1R7	2	241149576	241183652	+	ENSG00000115685
ANO7	2	241188509	241225993	+	ENSG00000146205
HDLBP	2	241227264	241317061	-	ENSG00000115677
SEPTIN2	2	241314923	241354030	+	ENSG00000168385
FARP2	2	241356264	241494847	+	ENSG00000006607
STK25	2	241492670	241509730	-	ENSG00000115694
BOK	2	241551300	241574568	+	ENSG00000176720
THAP4	2	241584405	241637191	-	ENSG00000176946
ATG4B	2	241637213	241673857	+	ENSG00000168397
DTYMK	2	241675742	241686944	-	ENSG00000168393
ING5	2	241687085	241729481	+	ENSG00000168395
D2HGDH	2	241734596	241768816	+	ENSG00000180902
GAL3ST2	2	241776822	241804287	+	ENSG00000154252
NEU4	2	241808982	241817415	+	ENSG00000204099
PDCD1	2	241849884	241858894	-	ENSG00000188389
RTP5	2	241869600	241873823	+	ENSG00000188011
FAM240C	2	241893988	241902551	-	ENSG00000216921
DEFB125	20	87250	97094	+	ENSG00000178591
DEFB126	20	142590	145751	+	ENSG00000125788
DEFB127	20	157454	159163	+	ENSG00000088782
DEFB128	20	187853	189711	-	ENSG00000185982
DEFB129	20	227258	229886	+	ENSG00000125903
DEFB132	20	257724	261096	+	ENSG00000186458
C20orf96	20	270863	290778	-	ENSG00000196476
ZCCHC3	20	297570	300321	+	ENSG00000247315
SOX12	20	325552	330224	+	ENSG00000177732
NRSN2	20	346705	359660	+	ENSG00000125841
TRIB3	20	362835	397564	+	ENSG00000101255
RBCK1	20	407498	432139	+	ENSG00000125826
TBC1D20	20	423596	462566	-	ENSG00000125875
CSNK2A1	20	472498	543835	-	ENSG00000101266
TCF15	20	604257	610309	-	ENSG00000125878
SRXN1	20	646615	653378	-	ENSG00000271303
SCRT2	20	661596	675802	-	ENSG00000215397
SLC52A3	20	758695	776015	-	ENSG00000101276
FAM110A	20	833715	857463	+	ENSG00000125898
ANGPT4	20	869900	916334	-	ENSG00000101280
RSPO4	20	958452	1002372	-	ENSG00000101282
PSMF1	20	1113240	1189415	+	ENSG00000125818
TMEM74B	20	1180561	1186842	-	ENSG00000125895
C20orf202	20	1203454	1209076	+	ENSG00000215595
RAD21L1	20	1226027	1296421	+	ENSG00000244588
SNPH	20	1266269	1309328	+	ENSG00000101298
SDCBP2	20	1309909	1329211	-	ENSG00000125775
FKBP1A	20	1368977	1393164	-	ENSG00000088832
NSFL1C	20	1442162	1473842	-	ENSG00000088833
SIRPB2	20	1470741	1491587	-	ENSG00000196209
SIRPD	20	1534251	1557705	-	ENSG00000125900
SIRPB1	20	1561385	1620061	-	ENSG00000101307
SIRPG	20	1629152	1657779	-	ENSG00000089012
SIRPA	20	1892726	1940592	+	ENSG00000198053
PDYN	20	1978757	1994285	-	ENSG00000101327
STK35	20	2101767	2177038	+	ENSG00000125834
TGM3	20	2296001	2341079	+	ENSG00000125780
TGM6	20	2380901	2432753	+	ENSG00000166948
SNRPB	20	2461634	2470884	-	ENSG00000125835
ZNF343	20	2481817	2525028	-	ENSG00000088876
TMC2	20	2536573	2643580	+	ENSG00000149488
NOP56	20	2652592	2658393	+	ENSG00000101361
IDH3B	20	2658393	2664219	-	ENSG00000101365
EBF4	20	2692780	2760108	+	ENSG00000088881
CPXM1	20	2794069	2800658	-	ENSG00000088882
C20orf141	20	2814987	2815833	+	ENSG00000258713
TMEM239	20	2816302	2820284	+	ENSG00000198326
PCED1A	20	2835314	2841190	-	ENSG00000132635
VPS16	20	2840689	2866800	+	ENSG00000215305
PTPRA	20	2870754	3039247	+	ENSG00000132670
GNRH2	20	3042821	3045747	+	ENSG00000125787
MRPS26	20	3046041	3048254	+	ENSG00000125901
OXT	20	3071620	3072517	+	ENSG00000101405
AVP	20	3082556	3084724	-	ENSG00000101200
UBOX5	20	3107573	3160196	-	ENSG00000185019
FASTKD5	20	3146519	3159865	-	ENSG00000215251
LZTS3	20	3162617	3174504	-	ENSG00000088899
DDRGK1	20	3188734	3204700	-	ENSG00000198171
ITPA	20	3208868	3223870	+	ENSG00000125877
SLC4A11	20	3227417	3239580	-	ENSG00000088836
DNAAF9	20	3249306	3407940	-	ENSG00000088854
ATRN	20	3471018	3651118	+	ENSG00000088812
GFRA4	20	3659248	3663483	-	ENSG00000125861
ADAM33	20	3667962	3682246	-	ENSG00000149451
SIGLEC1	20	3686970	3712647	-	ENSG00000088827
HSPA12B	20	3730248	3753553	+	ENSG00000132622
ADISSP	20	3753505	3768738	-	ENSG00000101220
SPEF1	20	3777504	3781448	-	ENSG00000101222
CENPB	20	3783851	3786740	-	ENSG00000125817
CDC25B	20	3786772	3806730	+	ENSG00000101224
AP5S1	20	3811384	3828838	+	ENSG00000125843
MAVS	20	3842694	3876123	+	ENSG00000088888
PANK2	20	3888839	3929887	+	ENSG00000125779
RNF24	20	3927309	4015591	-	ENSG00000101236
SMOX	20	4120980	4187748	+	ENSG00000088826
ADRA1D	20	4220630	4249287	-	ENSG00000171873
PRNP	20	4685730	4701590	+	ENSG00000171867
PRND	20	4721909	4728460	+	ENSG00000171864
RASSF2	20	4780019	4823870	-	ENSG00000101265
SLC23A2	20	4851729	5010293	-	ENSG00000089057
TMEM230	20	5068232	5113452	-	ENSG00000089063
PCNA	20	5114953	5126626	-	ENSG00000132646
CDS2	20	5126879	5197887	+	ENSG00000101290
PROKR2	20	5299218	5316954	-	ENSG00000101292
GPCPD1	20	5544404	5611045	-	ENSG00000125772
SHLD1	20	5750372	5864395	+	ENSG00000171984
CHGB	20	5911394	5925361	+	ENSG00000089199
TRMT6	20	5937228	5950558	-	ENSG00000089195
MCM8	20	5949767	5998977	+	ENSG00000125885
CRLS1	20	6006052	6040053	+	ENSG00000088766
LRRN4	20	6037376	6060313	-	ENSG00000125872
FERMT1	20	6070288	6123644	-	ENSG00000101311
BMP2	20	6767686	6780251	+	ENSG00000125845
HAO1	20	7882985	7940520	-	ENSG00000101323
TMX4	20	7977346	8019813	-	ENSG00000125827
PLCB1	20	8077251	8968360	+	ENSG00000182621
PLCB4	20	9067825	9504593	+	ENSG00000101333
LAMP5	20	9514316	9530541	+	ENSG00000125869
PAK5	20	9537370	9839076	-	ENSG00000101349
ANKEF1	20	9986126	10058303	+	ENSG00000132623
SNAP25	20	10172395	10308258	+	ENSG00000132639
MKKS	20	10401009	10434222	-	ENSG00000125863
SLX4IP	20	10435299	10636829	+	ENSG00000149346
JAG1	20	10637684	10674396	-	ENSG00000101384
BTBD3	20	11890723	11926609	+	ENSG00000132640
SPTLC3	20	13008972	13169103	+	ENSG00000172296
ISM1	20	13221274	13300651	+	ENSG00000101230
TASP1	20	13388891	13638946	-	ENSG00000089123
ESF1	20	13714322	13785409	-	ENSG00000089048
NDUFAF5	20	13785007	13821580	+	ENSG00000101247
SEL1L2	20	13849247	13996443	-	ENSG00000101251
MACROD2	20	13995369	16053197	+	ENSG00000172264
FLRT3	20	14322985	14337631	-	ENSG00000125848
KIF16B	20	16272104	16573448	-	ENSG00000089177
SNRPB2	20	16729958	16742564	+	ENSG00000125870
OTOR	20	16748358	16770062	+	ENSG00000125879
PCSK2	20	17226107	17484578	+	ENSG00000125851
BFSP1	20	17493905	17569220	-	ENSG00000125864
DSTN	20	17569152	17609919	+	ENSG00000125868
RRBP1	20	17613678	17682295	-	ENSG00000125844
BANF2	20	17693672	17735871	+	ENSG00000125888
SNX5	20	17941597	17969022	-	ENSG00000089006
OVOL2	20	17956979	18059188	-	ENSG00000125850
MGME1	20	17968213	17991136	+	ENSG00000125871
KAT14	20	18137228	18188387	+	ENSG00000149474
PET117	20	18137863	18143169	+	ENSG00000232838
ZNF133	20	18288265	18316996	+	ENSG00000125846
DZANK1	20	18383361	18467332	-	ENSG00000089091
POLR3F	20	18466878	18484648	+	ENSG00000132664
RBBP9	20	18486540	18497234	-	ENSG00000089050
SEC23B	20	18507520	18561415	+	ENSG00000101310
SMIM26	20	18567347	18569563	+	ENSG00000232388
DTD1	20	18587920	18766644	+	ENSG00000125821
SCP2D1	20	18813783	18814378	+	ENSG00000132631
SLC24A3	20	19212510	19722926	+	ENSG00000185052
RIN2	20	19757606	20003571	+	ENSG00000132669
NAA20	20	20017310	20033655	+	ENSG00000173418
CRNKL1	20	20034368	20056046	-	ENSG00000101343
CFAP61	20	20052514	20360703	+	ENSG00000089101
INSM1	20	20368104	20370949	+	ENSG00000173404
RALGAPA2	20	20389530	20712644	-	ENSG00000188559
KIZ	20	21125975	21246622	+	ENSG00000088970
XRN2	20	21303304	21389826	+	ENSG00000088930
NKX2-4	20	21395365	21397526	-	ENSG00000125816
NKX2-2	20	21511017	21514064	-	ENSG00000125820
PAX1	20	21705659	21718481	+	ENSG00000125813
FOXA2	20	22580998	22585455	-	ENSG00000125798
SSTR4	20	23035312	23039237	+	ENSG00000132671
THBD	20	23045633	23049672	-	ENSG00000178726
CD93	20	23065139	23086324	-	ENSG00000125810
NXT1	20	23350767	23354771	+	ENSG00000132661
GZF1	20	23362000	23373062	+	ENSG00000125812
NAPB	20	23374519	23421519	-	ENSG00000125814
CSTL1	20	23426104	23444930	+	ENSG00000125823
CST11	20	23450403	23453210	-	ENSG00000125831
CST8	20	23491101	23496010	+	ENSG00000125815
CST9L	20	23564732	23568484	-	ENSG00000101435
CST9	20	23602410	23605917	-	ENSG00000173335
CST3	20	23626706	23638556	-	ENSG00000101439
CST4	20	23685640	23689038	-	ENSG00000101441
CST1	20	23747562	23751268	-	ENSG00000170373
CST2	20	23823769	23826729	-	ENSG00000170369
CST5	20	23875934	23880081	-	ENSG00000170367
GGTLC1	20	23985050	23988779	-	ENSG00000149435
SYNDIG1	20	24468025	24666616	+	ENSG00000101463
CST7	20	24949269	24959928	+	ENSG00000077984
APMAP	20	24962925	24992782	-	ENSG00000101474
ACSS1	20	25006230	25058980	-	ENSG00000154930
VSX1	20	25070885	25082141	-	ENSG00000100987
ENTPD6	20	25195693	25228075	+	ENSG00000197586
PYGB	20	25248030	25298014	+	ENSG00000100994
ABHD12	20	25294742	25390866	-	ENSG00000100997
GINS1	20	25391008	25452700	+	ENSG00000101003
NINL	20	25451594	25585586	-	ENSG00000101004
NANP	20	25612935	25624014	-	ENSG00000170191
ZNF337	20	25673195	25696860	-	ENSG00000130684
DEFB115	20	31257664	31259632	+	ENSG00000215547
DEFB116	20	31303212	31308585	-	ENSG00000215545
DEFB118	20	31368601	31373923	+	ENSG00000131068
DEFB119	20	31377164	31390590	-	ENSG00000180483
DEFB121	20	31404845	31412838	-	ENSG00000204548
DEFB123	20	31440632	31450257	+	ENSG00000180424
DEFB124	20	31465471	31476757	-	ENSG00000180383
REM1	20	31474979	31484917	+	ENSG00000088320
HM13	20	31514370	31577923	+	ENSG00000101294
MCTS2	20	31547379	31569541	+	ENSG00000101898
ID1	20	31573014	31606515	+	ENSG00000125968
COX4I2	20	31637875	31645027	+	ENSG00000131055
BCL2L1	20	31664452	31723989	-	ENSG00000171552
TPX2	20	31739248	31801805	+	ENSG00000088325
MYLK2	20	31819287	31834689	+	ENSG00000101306
FOXS1	20	31844303	31845604	-	ENSG00000179772
DUSP15	20	31847637	31870664	-	ENSG00000149599
TTLL9	20	31870634	31945000	+	ENSG00000131044
PDRG1	20	31944337	31952069	-	ENSG00000088356
XKR7	20	31968151	32003387	+	ENSG00000260903
CCM2L	20	32010408	32032185	+	ENSG00000101331
HCK	20	32052197	32101856	+	ENSG00000101336
TM9SF4	20	32109714	32167258	+	ENSG00000101337
PLAGL2	20	32192504	32207743	-	ENSG00000126003
POFUT1	20	32207851	32238658	+	ENSG00000101346
KIF3B	20	32277651	32335011	+	ENSG00000101350
ASXL1	20	32358266	32439319	+	ENSG00000171456
NOL4L	20	32443059	32585333	-	ENSG00000197183
C20orf203	20	32631625	32673941	-	ENSG00000198547
COMMD7	20	32702648	32743928	-	ENSG00000149600
DNMT3B	20	32762385	32809359	+	ENSG00000088305
MAPRE1	20	32819769	32856284	+	ENSG00000101367
EFCAB8	20	32858923	32961845	+	ENSG00000215529
SUN5	20	32983773	33004433	-	ENSG00000167098
BPIFB2	20	33007704	33023709	+	ENSG00000078898
BPIFB6	20	33029189	33044230	+	ENSG00000167104
BPIFB3	20	33053903	33073847	+	ENSG00000186190
BPIFB4	20	33079643	33111751	+	ENSG00000186191
BPIFA2	20	33161768	33181412	+	ENSG00000131050
BPIFA3	20	33217310	33227806	+	ENSG00000131059
BPIFA1	20	33235995	33243311	+	ENSG00000198183
BPIFB1	20	33273480	33310380	+	ENSG00000125999
CDK5RAP1	20	33358437	33401561	-	ENSG00000101391
SNTA1	20	33407955	33443885	-	ENSG00000101400
CBFA2T2	20	33490075	33650036	+	ENSG00000078699
NECAB3	20	33657087	33674463	-	ENSG00000125967
C20orf144	20	33662327	33665619	+	ENSG00000149609
ACTL10	20	33666943	33668525	+	ENSG00000288649
E2F1	20	33675477	33686385	-	ENSG00000101412
PXMP4	20	33702758	33720319	-	ENSG00000101417
ZNF341	20	33731657	33792269	+	ENSG00000131061
CHMP4B	20	33811345	33854366	+	ENSG00000101421
RALY	20	33993632	34108308	+	ENSG00000125970
EIF2S2	20	34088309	34112279	-	ENSG00000125977
ASIP	20	34194569	34269346	+	ENSG00000101440
AHCY	20	34280268	34311802	-	ENSG00000101444
ITCH	20	34363235	34511773	+	ENSG00000078747
DYNLRB1	20	34516379	34540958	+	ENSG00000125971
MAP1LC3A	20	34546838	34560357	+	ENSG00000101460
PIGU	20	34560542	34698790	-	ENSG00000101464
NCOA6	20	34689097	34825739	-	ENSG00000198646
TP53INP2	20	34701662	34713439	+	ENSG00000078804
GGT7	20	34844714	34872868	-	ENSG00000131067
ACSS2	20	34872146	34927962	+	ENSG00000131069
GSS	20	34928432	34956027	-	ENSG00000100983
MYH7B	20	34955810	35002437	+	ENSG00000078814
TRPC4AP	20	34995209	35092868	-	ENSG00000100991
EDEM2	20	35115360	35147358	-	ENSG00000088298
PROCR	20	35171850	35216240	+	ENSG00000101000
MMP24OS	20	35201745	35278131	-	ENSG00000126005
MMP24	20	35226559	35276998	+	ENSG00000125966
EIF6	20	35278906	35284985	-	ENSG00000242372
FAM83C	20	35285731	35292425	-	ENSG00000125998
UQCC1	20	35302566	35412070	-	ENSG00000101019
GDF5	20	35433347	35454746	-	ENSG00000125965
CEP250	20	35455164	35519280	+	ENSG00000126001
C20orf173	20	35523186	35529652	-	ENSG00000125975
ERGIC3	20	35542024	35557634	+	ENSG00000125991
SPAG4	20	35615829	35621613	+	ENSG00000061656
CPNE1	20	35626031	35664956	-	ENSG00000214078
RBM12	20	35648925	35664956	-	ENSG00000244462
NFS1	20	35668052	35699373	-	ENSG00000244005
ROMO1	20	35699254	35700984	+	ENSG00000125995
RBM39	20	35701347	35742312	-	ENSG00000131051
PHF20	20	35771968	35950385	+	ENSG00000025293
SCAND1	20	35953617	35959472	-	ENSG00000171222
CNBD2	20	35954564	36030700	+	ENSG00000149646
EPB41L1	20	36091504	36232799	+	ENSG00000088367
AAR2	20	36236131	36270918	+	ENSG00000131043
DLGAP4	20	36306302	36528637	+	ENSG00000080845
MYL9	20	36541490	36551447	+	ENSG00000101335
TGIF2	20	36571894	36593950	+	ENSG00000118707
TGIF2-RAB5IF	20	36574553	36612384	+	ENSG00000259399
RAB5IF	20	36605779	36612557	+	ENSG00000101084
SLA2	20	36612318	36646205	-	ENSG00000101082
NDRG3	20	36651766	36746128	-	ENSG00000101079
DSN1	20	36751791	36774298	-	ENSG00000149636
MTCL2	20	36777447	36863538	-	ENSG00000149639
TLDC2	20	36873061	36894237	+	ENSG00000101342
SAMHD1	20	36890229	36951893	-	ENSG00000101347
RBL1	20	36996349	37095999	-	ENSG00000080839
MROH8	20	37101226	37179588	-	ENSG00000101353
RPN2	20	37178396	37241624	+	ENSG00000118705
GHRH	20	37251086	37261819	-	ENSG00000118702
MANBAL	20	37289559	37317260	+	ENSG00000101363
SRC	20	37344673	37406050	+	ENSG00000197122
BLCAP	20	37492472	37528100	-	ENSG00000166619
NNAT	20	37521206	37523690	+	ENSG00000053438
CTNNBL1	20	37694030	37872129	+	ENSG00000132792
VSTM2L	20	37903111	37945350	+	ENSG00000132821
TTI1	20	37983007	38033461	-	ENSG00000101407
RPRD1B	20	38033544	38127780	+	ENSG00000101413
TGM2	20	38127385	38168463	-	ENSG00000198959
KIAA1755	20	38210503	38261039	-	ENSG00000149633
BPI	20	38260141	38337505	+	ENSG00000101425
LBP	20	38346482	38377511	+	ENSG00000129988
RALGAPB	20	38472816	38578859	+	ENSG00000170471
ADIG	20	38581195	38588463	+	ENSG00000182035
ARHGAP40	20	38601775	38651035	+	ENSG00000124143
SLC32A1	20	38724486	38729372	+	ENSG00000101438
ACTR5	20	38748457	38772520	+	ENSG00000101442
PPP1R16B	20	38804915	38923025	+	ENSG00000101445
FAM83D	20	38926312	38953106	+	ENSG00000101447
DHX35	20	38962299	39039723	+	ENSG00000101452
MAFB	20	40685848	40689236	-	ENSG00000204103
TOP1	20	41028822	41124487	+	ENSG00000198900
PLCG1	20	41136931	41196801	+	ENSG00000124181
ZHX3	20	41178448	41317731	-	ENSG00000174306
LPIN3	20	41340786	41360583	+	ENSG00000132793
EMILIN3	20	41359962	41366818	-	ENSG00000183798
CHD6	20	41402083	41618449	-	ENSG00000124177
PTPRT	20	42072752	43189970	-	ENSG00000196090
SRSF6	20	43457893	43466046	+	ENSG00000124193
L3MBTL1	20	43489442	43550954	+	ENSG00000185513
SGK2	20	43558968	43588237	+	ENSG00000101049
IFT52	20	43590925	43647299	+	ENSG00000101052
MYBL2	20	43667019	43716495	+	ENSG00000101057
GTSF1L	20	43726164	43727002	-	ENSG00000124196
TOX2	20	43914844	44069616	+	ENSG00000124191
JPH2	20	44106590	44189032	-	ENSG00000149596
OSER1	20	44195939	44210872	-	ENSG00000132823
GDAP1L1	20	44247099	44280947	+	ENSG00000124194
FITM2	20	44302840	44311202	-	ENSG00000197296
R3HDML	20	44337043	44351238	+	ENSG00000101074
HNF4A	20	44355699	44432845	+	ENSG00000101076
TTPAL	20	44470527	44494604	+	ENSG00000124120
SERINC3	20	44496221	44522094	-	ENSG00000132824
PKIG	20	44531762	44624247	+	ENSG00000168734
ADA	20	44584896	44652252	-	ENSG00000196839
CCN5	20	44714270	44728509	+	ENSG00000064205
KCNK15	20	44745865	44752313	+	ENSG00000124249
RIMS4	20	44751808	44810546	-	ENSG00000101098
YWHAB	20	44885676	44908532	+	ENSG00000166913
PABPC1L	20	44910060	44959035	+	ENSG00000101104
TOMM34	20	44942130	44960422	-	ENSG00000025772
STK4	20	44966494	45084214	+	ENSG00000101109
KCNS1	20	45091214	45101127	-	ENSG00000124134
WFDC5	20	45109452	45115174	-	ENSG00000175121
WFDC12	20	45123425	45124465	-	ENSG00000168703
PI3	20	45174902	45176544	+	ENSG00000124102
SEMG1	20	45207033	45210605	+	ENSG00000124233
SEMG2	20	45221373	45224458	+	ENSG00000124157
SLPI	20	45252239	45254564	-	ENSG00000124107
MATN4	20	45293445	45312469	-	ENSG00000124159
RBPJL	20	45306840	45317824	+	ENSG00000124232
SDC4	20	45325288	45348425	-	ENSG00000124145
SYS1	20	45359977	45376798	+	ENSG00000204070
SYS1-DBNDD2	20	45363200	45410610	+	ENSG00000254806
TP53TG5	20	45372557	45407889	-	ENSG00000124251
DBNDD2	20	45405616	45410870	+	ENSG00000244274
PIGT	20	45416084	45456934	+	ENSG00000124155
WFDC2	20	45469386	45481533	+	ENSG00000101443
SPINT3	20	45512461	45515622	-	ENSG00000101446
EPPIN-WFDC6	20	45534196	45547662	-	ENSG00000249139
WFDC6	20	45534196	45539482	-	ENSG00000243543
EPPIN	20	45540626	45547752	-	ENSG00000101448
WFDC8	20	45551153	45579326	-	ENSG00000158901
WFDC9	20	45607939	45631284	-	ENSG00000180205
WFDC10A	20	45629739	45631196	+	ENSG00000180305
WFDC11	20	45648563	45670270	-	ENSG00000180083
WFDC10B	20	45684651	45705019	-	ENSG00000182931
WFDC13	20	45702038	45708817	+	ENSG00000168634
SPINT4	20	45722347	45725830	+	ENSG00000149651
WFDC3	20	45747944	45791932	-	ENSG00000124116
DNTTIP1	20	45791946	45811427	+	ENSG00000101457
UBE2C	20	45812576	45816957	+	ENSG00000175063
TNNC2	20	45823214	45833745	-	ENSG00000101470
SNX21	20	45833799	45843276	+	ENSG00000124104
ACOT8	20	45841709	45857405	-	ENSG00000101473
ZSWIM3	20	45857614	45879131	+	ENSG00000132801
ZSWIM1	20	45881227	45885266	+	ENSG00000168612
SPATA25	20	45886491	45887622	-	ENSG00000149634
NEURL2	20	45888625	45891208	-	ENSG00000124257
CTSA	20	45890144	45898949	+	ENSG00000064601
PLTP	20	45898621	45912235	-	ENSG00000100979
PCIF1	20	45934678	45948023	+	ENSG00000100982
ZNF335	20	45948653	45972206	-	ENSG00000198026
MMP9	20	46008908	46016561	+	ENSG00000100985
SLC12A5	20	46021690	46060150	+	ENSG00000124140
NCOA5	20	46060985	46089962	-	ENSG00000124160
CD40	20	46118249	46129872	+	ENSG00000101017
CDH22	20	46173737	46309009	-	ENSG00000149654
SLC35C2	20	46345980	46364458	-	ENSG00000080189
ELMO2	20	46366047	46432985	-	ENSG00000062598
ZNF840P	20	46459441	46495558	+	ENSG00000184617
ZNF334	20	46499630	46513596	-	ENSG00000198185
OCSTAMP	20	46540946	46550654	-	ENSG00000149635
SLC13A3	20	46557823	46684467	-	ENSG00000158296
TP53RK	20	46684365	46689444	-	ENSG00000172315
SLC2A10	20	46709577	46736347	+	ENSG00000197496
EYA2	20	46894587	47188844	+	ENSG00000064655
ZMYND8	20	47209214	47357804	-	ENSG00000101040
NCOA3	20	47501864	47656877	+	ENSG00000124151
SULF2	20	47656197	47786835	-	ENSG00000196562
PREX1	20	48624249	48828096	-	ENSG00000124126
ARFGEF2	20	48921711	49036693	+	ENSG00000124198
CSE1L	20	49046246	49097015	+	ENSG00000124207
STAU1	20	49113338	49188417	-	ENSG00000124214
DDX27	20	49219347	49244077	+	ENSG00000124228
ZNFX1	20	49237946	49278426	-	ENSG00000124201
KCNB1	20	49293394	49484297	-	ENSG00000158445
PTGIS	20	49503874	49568157	-	ENSG00000124212
B4GALT5	20	49632945	49713908	-	ENSG00000158470
SLC9A8	20	49812713	49892242	+	ENSG00000197818
SPATA2	20	49903391	49915550	-	ENSG00000158480
RNF114	20	49936336	49953892	+	ENSG00000124226
SNAI1	20	49982980	49988886	+	ENSG00000124216
UBE2V1	20	50081122	50115959	-	ENSG00000244687
PEDS1-UBE2V1	20	50081124	50153637	-	ENSG00000124208
PEDS1	20	50118254	50153754	-	ENSG00000240849
CEBPB	20	50190734	50192690	+	ENSG00000172216
PTPN1	20	50510321	50585241	+	ENSG00000196396
RIPOR3	20	50585180	50692021	-	ENSG00000042062
PARD6B	20	50731382	50756795	+	ENSG00000124171
BCAS4	20	50794894	50877178	+	ENSG00000124243
ADNP	20	50888916	50931437	-	ENSG00000101126
DPM1	20	50934852	50959140	-	ENSG00000000419
MOCS3	20	50958818	50963929	+	ENSG00000124217
KCNG1	20	51003655	51023244	-	ENSG00000026559
NFATC2	20	51386957	51562831	-	ENSG00000101096
ATP9A	20	51596514	51768390	-	ENSG00000054793
SALL4	20	51782331	51802521	-	ENSG00000101115
ZFP64	20	52051663	52204308	-	ENSG00000020256
TSHZ2	20	52972358	53495330	+	ENSG00000182463
ZNF217	20	53567071	53609907	-	ENSG00000171940
BCAS1	20	53936777	54070641	-	ENSG00000064787
CYP24A1	20	54153446	54173986	-	ENSG00000019186
PFDN4	20	54207817	54228052	+	ENSG00000101132
DOK5	20	54475593	54651171	+	ENSG00000101134
CBLN4	20	55997357	56005519	-	ENSG00000054803
MC3R	20	56248732	56249815	+	ENSG00000124089
FAM210B	20	56358974	56368663	+	ENSG00000124098
AURKA	20	56369382	56392566	-	ENSG00000087586
CSTF1	20	56392371	56406362	+	ENSG00000101138
CASS4	20	56412049	56460387	+	ENSG00000087589
RTF2	20	56468585	56519449	+	ENSG00000022277
GCNT7	20	56491492	56525925	-	ENSG00000124091
FAM209A	20	56517187	56526152	+	ENSG00000124103
FAM209B	20	56533246	56536520	+	ENSG00000213714
TFAP2C	20	56629306	56639283	+	ENSG00000087510
BMP7	20	57168753	57266641	-	ENSG00000101144
SPO11	20	57329803	57343994	+	ENSG00000054796
RAE1	20	57351223	57379211	+	ENSG00000101146
RBM38	20	57391396	57409333	+	ENSG00000132819
HMGB1P1	20	57487959	57495366	-	ENSG00000124097
CTCFL	20	57495966	57525652	-	ENSG00000124092
PCK1	20	57560573	57568121	+	ENSG00000124253
ZBP1	20	57603575	57620576	-	ENSG00000124256
PMEPA1	20	57648392	57711536	-	ENSG00000124225
CIMIP1	20	58150902	58161150	+	ENSG00000124237
ANKRD60	20	58216126	58228653	-	ENSG00000124227
RAB22A	20	58309706	58367507	+	ENSG00000124209
VAPB	20	58389119	58451101	+	ENSG00000124164
APCDD1L	20	58458452	58515399	-	ENSG00000198768
STX16	20	58651261	58679526	+	ENSG00000124222
STX16-NPEPL1	20	58651434	58715410	+	ENSG00000254995
NPEPL1	20	58689131	58719238	+	ENSG00000215440
GNAS	20	58839718	58911192	+	ENSG00000087460
NELFCD	20	58981208	58995133	+	ENSG00000101158
CTSZ	20	58985686	59008238	-	ENSG00000101160
TUBB1	20	59019429	59026654	+	ENSG00000101162
ATP5F1E	20	59025475	59032358	-	ENSG00000124172
PRELID3B	20	59033143	59042897	-	ENSG00000101166
ZNF831	20	59123381	59259113	+	ENSG00000124203
EDN3	20	59300415	59325992	+	ENSG00000124205
PHACTR3	20	59577495	59847711	+	ENSG00000087495
SYCP2	20	59863564	59933655	-	ENSG00000196074
FAM217B	20	59933643	59949387	+	ENSG00000196227
PPP1R3D	20	59936663	59940305	-	ENSG00000132825
CDH26	20	59958423	60034011	+	ENSG00000124215
CDH4	20	61252261	61940617	+	ENSG00000179242
TAF4	20	61953469	62065881	-	ENSG00000130699
LSM14B	20	62122444	62136728	+	ENSG00000149657
PSMA7	20	62136728	62143452	-	ENSG00000101182
SS18L1	20	62143769	62182514	+	ENSG00000184402
MTG2	20	62183025	62203568	+	ENSG00000101181
HRH3	20	62214960	62220303	-	ENSG00000101180
OSBPL2	20	62231922	62296213	+	ENSG00000130703
ADRM1	20	62302066	62308867	+	ENSG00000130706
LAMA5	20	62307955	62367312	-	ENSG00000130702
RPS21	20	62385948	62388534	+	ENSG00000171858
CABLES2	20	62388630	62407303	-	ENSG00000149679
RBBP8NL	20	62410237	62427539	-	ENSG00000130701
GATA5	20	62463481	62476040	-	ENSG00000130700
SLCO4A1	20	62642440	62685785	+	ENSG00000101187
NTSR1	20	62708836	62762771	+	ENSG00000101188
MRGBP	20	62796473	62801729	+	ENSG00000101189
OGFR	20	62804178	62814000	+	ENSG00000060491
COL9A3	20	62816244	62841163	+	ENSG00000092758
TCFL5	20	62841005	62861825	-	ENSG00000101190
DIDO1	20	62877738	62937952	-	ENSG00000101191
GID8	20	62937060	62948589	+	ENSG00000101193
SLC17A9	20	62952668	62969585	+	ENSG00000101194
BHLHE23	20	63005927	63007035	-	ENSG00000125533
YTHDF1	20	63195429	63216139	-	ENSG00000149658
BIRC7	20	63235883	63240495	+	ENSG00000101197
NKAIN4	20	63240784	63272694	-	ENSG00000101198
ARFGAP1	20	63272785	63289790	+	ENSG00000101199
COL20A1	20	63293186	63334851	+	ENSG00000101203
CHRNA4	20	63343223	63378401	-	ENSG00000101204
KCNQ2	20	63400208	63472677	-	ENSG00000075043
EEF1A2	20	63477488	63500533	-	ENSG00000101210
PPDPF	20	63520754	63527076	+	ENSG00000125534
PTK6	20	63528001	63537376	-	ENSG00000101213
SRMS	20	63538489	63547749	-	ENSG00000125508
FNDC11	20	63547891	63558138	+	ENSG00000125531
HELZ2	20	63558086	63574239	-	ENSG00000130589
GMEB2	20	63587601	63628426	-	ENSG00000101216
STMN3	20	63639705	63657682	-	ENSG00000197457
RTEL1	20	63657810	63696253	+	ENSG00000258366
RTEL1-TNFRSF6B	20	63659300	63698684	+	ENSG00000026036
TNFRSF6B	20	63696368	63698689	+	ENSG00000243509
ARFRP1	20	63698622	63708662	-	ENSG00000101246
ZGPAT	20	63707353	63736150	+	ENSG00000197114
LIME1	20	63736283	63739106	+	ENSG00000203896
SLC2A4RG	20	63739759	63744050	+	ENSG00000125520
ZBTB46	20	63743668	63832455	-	ENSG00000130584
ABHD16B	20	63861498	63862988	+	ENSG00000183260
TPD52L2	20	63865228	63891545	+	ENSG00000101150
DNAJC5	20	63894641	63936031	+	ENSG00000101152
UCKL1	20	63939828	63956480	-	ENSG00000198276
ZNF512B	20	63956704	63969962	-	ENSG00000196700
SAMD10	20	63974116	63980008	-	ENSG00000130590
PRPF6	20	63981072	64033106	+	ENSG00000101161
C20orf204	20	64034344	64039962	+	ENSG00000196421
SOX18	20	64047582	64049639	-	ENSG00000203883
TCEA2	20	64049836	64072352	+	ENSG00000171703
RGS19	20	64073181	64079988	-	ENSG00000171700
OPRL1	20	64079967	64100649	+	ENSG00000125510
LKAAEAR1	20	64083376	64084967	-	ENSG00000171695
MYT1	20	64102222	64242253	+	ENSG00000196132
NPBWR2	20	64103802	64107565	-	ENSG00000125522
PCMTD2	20	64254921	64304820	+	ENSG00000203880
TPTE	21	10521553	10606140	+	ENSG00000274391
POTED	21	13609777	13645823	+	ENSG00000166351
LIPI	21	14108813	14210955	-	ENSG00000188992
RBM11	21	14216130	14228372	+	ENSG00000185272
HSPA13	21	14371115	14383484	-	ENSG00000155304
SAMSN1	21	14485228	14658821	-	ENSG00000155307
NRIP1	21	14961235	15065936	-	ENSG00000180530
USP25	21	15729925	15880064	+	ENSG00000155313
CXADR	21	17512971	17593579	+	ENSG00000154639
BTG3	21	17593650	17613014	-	ENSG00000154640
C21orf91	21	17788974	17819386	-	ENSG00000154642
CHODL	21	17901263	18267373	+	ENSG00000154645
TMPRSS15	21	18269116	18485879	-	ENSG00000154646
NCAM2	21	20998409	21543329	+	ENSG00000154654
MRPL39	21	25585632	25607525	-	ENSG00000154719
JAM2	21	25639258	25717562	+	ENSG00000154721
ATP5PF	21	25716005	25735721	-	ENSG00000154723
GABPA	21	25734570	25772460	+	ENSG00000154727
APP	21	25880535	26171128	-	ENSG00000142192
CYYR1	21	26466209	26573286	-	ENSG00000166265
ADAMTS1	21	26835755	26845409	-	ENSG00000154734
ADAMTS5	21	26917922	26967088	-	ENSG00000154736
HEMK2	21	28872191	28885373	-	ENSG00000156239
LTN1	21	28928144	28992956	-	ENSG00000198862
RWDD2B	21	29004384	29019360	-	ENSG00000156253
USP16	21	29024629	29054493	+	ENSG00000156256
CCT8	21	29055805	29073797	-	ENSG00000156261
MAP3K7CL	21	29077060	29175889	+	ENSG00000156265
BACH1	21	29194071	29630751	+	ENSG00000156273
GRIK1	21	29536933	29940033	-	ENSG00000171189
CLDN17	21	30165565	30166805	-	ENSG00000156282
CLDN8	21	30214006	30216097	-	ENSG00000156284
KRTAP24-1	21	30281309	30282950	-	ENSG00000188694
KRTAP25-1	21	30289145	30289514	-	ENSG00000232263
KRTAP26-1	21	30319124	30320315	-	ENSG00000197683
KRTAP27-1	21	30337013	30337694	-	ENSG00000206107
KRTAP23-1	21	30348399	30348606	-	ENSG00000186980
KRTAP13-2	21	30371390	30372271	-	ENSG00000182816
KRTAP13-1	21	30396031	30396822	+	ENSG00000198390
KRTAP13-3	21	30425380	30425926	-	ENSG00000240432
KRTAP13-4	21	30430220	30431026	+	ENSG00000186971
KRTAP15-1	21	30440275	30440869	+	ENSG00000186970
KRTAP19-1	21	30479706	30480367	-	ENSG00000184351
KRTAP19-2	21	30487043	30487436	-	ENSG00000186965
KRTAP19-3	21	30491462	30492013	-	ENSG00000244025
KRTAP19-4	21	30496824	30497165	-	ENSG00000186967
KRTAP19-5	21	30501657	30502141	-	ENSG00000186977
KRTAP19-6	21	30541535	30541864	-	ENSG00000186925
KRTAP19-7	21	30560875	30561314	-	ENSG00000244362
KRTAP22-2	21	30590105	30590397	-	ENSG00000206106
KRTAP6-3	21	30592440	30593055	+	ENSG00000212938
KRTAP6-2	21	30598590	30598902	-	ENSG00000186930
KRTAP22-1	21	30601087	30601382	+	ENSG00000186924
KRTAP6-1	21	30613431	30613930	-	ENSG00000184724
KRTAP20-1	21	30616425	30616699	+	ENSG00000244624
KRTAP20-4	21	30620627	30620850	+	ENSG00000206105
KRTAP20-2	21	30635206	30635619	+	ENSG00000184032
KRTAP20-3	21	30642864	30643136	+	ENSG00000206104
KRTAP21-3	21	30718525	30718777	-	ENSG00000231068
KRTAP21-2	21	30746794	30747259	-	ENSG00000187026
KRTAP21-1	21	30755015	30755428	-	ENSG00000187005
KRTAP8-1	21	30812697	30813274	-	ENSG00000183640
KRTAP7-1	21	30829039	30829759	-	ENSG00000274749
KRTAP11-1	21	30880644	30881580	-	ENSG00000182591
KRTAP19-8	21	31038159	31038476	-	ENSG00000206102
TIAM1	21	31117985	31559977	-	ENSG00000156299
SOD1	21	31659633	31668931	+	ENSG00000142168
SCAF4	21	31670804	31732184	-	ENSG00000156304
HUNK	21	31873020	32044633	+	ENSG00000142149
MIS18A	21	32268224	32279098	-	ENSG00000159055
MRAP	21	32291813	32314784	+	ENSG00000170262
URB1	21	32311018	32393029	-	ENSG00000142207
CFAP298-TCP10L	21	32402511	32612865	-	ENSG00000265590
EVA1C	21	32411710	32517158	+	ENSG00000166979
TCP10L	21	32497967	32587373	-	ENSG00000242220
CFAP298	21	32592079	32612845	-	ENSG00000159079
SYNJ1	21	32628757	32728040	-	ENSG00000159082
PAXBP1	21	32733899	32771796	-	ENSG00000159086
EPCIP	21	32790673	32813743	-	ENSG00000205929
OLIG2	21	33025327	33029196	+	ENSG00000205927
OLIG1	21	33070141	33072413	+	ENSG00000184221
IFNAR2	21	33205282	33265675	+	ENSG00000159110
IFNAR2-IL10RB	21	33229892	33297160	+	ENSG00000249624
IL10RB	21	33266363	33311420	+	ENSG00000243646
IFNAR1	21	33324387	33359864	+	ENSG00000142166
IFNGR2	21	33403369	33479348	+	ENSG00000159128
TMEM50B	21	33432485	33479974	-	ENSG00000142188
DNAJC28	21	33486096	33491749	-	ENSG00000177692
GART	21	33503371	33543524	-	ENSG00000159131
SON	21	33543038	33577481	+	ENSG00000159140
DONSON	21	33559542	33589015	-	ENSG00000159147
CRYZL1	21	33589341	33643926	-	ENSG00000205758
ITSN1	21	33642400	33899861	+	ENSG00000205726
ATP5PO	21	33901028	33915853	-	ENSG00000241837
MRPS6	21	34073224	34362252	+	ENSG00000243927
SLC5A3	21	34073578	34106260	+	ENSG00000198743
KCNE2	21	34180729	34371381	+	ENSG00000159197
SMIM11	21	34375131	34416961	+	ENSG00000205670
C21orf140	21	34400112	34401072	-	ENSG00000222018
SMIM34	21	34414494	34423951	-	ENSG00000243627
KCNE1	21	34446688	34512214	-	ENSG00000180509
RCAN1	21	34513142	34615113	-	ENSG00000159200
CLIC6	21	34668994	34718227	+	ENSG00000159212
RUNX1	21	34787801	36004667	-	ENSG00000159216
SETD4	21	36034534	36079389	-	ENSG00000185917
CBR1	21	36069941	36073166	+	ENSG00000159228
CBR3	21	36135079	36146566	+	ENSG00000159231
DOP1B	21	36156758	36294275	+	ENSG00000142197
MORC3	21	36320189	36386148	+	ENSG00000159256
CHAF1B	21	36385354	36419015	+	ENSG00000159259
CLDN14	21	36460616	36576569	-	ENSG00000159261
SIM2	21	36699115	36749917	+	ENSG00000159263
HLCS	21	36748626	36990236	-	ENSG00000159267
RIPPLY3	21	37006150	37019662	+	ENSG00000183145
PIGP	21	37062846	37073318	-	ENSG00000185808
TTC3	21	37073226	37203112	+	ENSG00000182670
VPS26C	21	37223417	37267919	-	ENSG00000157538
DYRK1A	21	37365573	37526358	+	ENSG00000157540
KCNJ6	21	37607373	38121345	-	ENSG00000157542
KCNJ15	21	38155549	38307357	+	ENSG00000157551
ERG	21	38380027	38661780	-	ENSG00000157554
ETS2	21	38805115	38824956	+	ENSG00000157557
PSMG1	21	39174769	39183503	-	ENSG00000183527
BRWD1	21	39184176	39321559	-	ENSG00000185658
HMGN1	21	39342315	39349653	-	ENSG00000205581
GET1	21	39377698	39428528	+	ENSG00000182093
GET1-SH3BGR	21	39380332	39515506	+	ENSG00000285815
LCA5L	21	39405135	39445805	-	ENSG00000157578
SH3BGR	21	39445855	39515506	+	ENSG00000185437
B3GALT5	21	39556442	39673137	+	ENSG00000183778
IGSF5	21	39745183	39802081	+	ENSG00000183067
PCP4	21	39867438	39929397	+	ENSG00000183036
DSCAM	21	40010999	40847158	-	ENSG00000171587
BACE2	21	41167801	41282530	+	ENSG00000182240
FAM3B	21	41304212	41357727	+	ENSG00000183844
MX2	21	41361957	41409417	+	ENSG00000183486
MX1	21	41420020	41470071	+	ENSG00000157601
TMPRSS2	21	41464296	41531116	-	ENSG00000184012
RIPK4	21	41739369	41767089	-	ENSG00000183421
PRDM15	21	41798225	41879482	-	ENSG00000141956
C2CD2	21	41885112	41954018	-	ENSG00000157617
ZBTB21	21	41986831	42010387	-	ENSG00000173276
UMODL1	21	42062959	42143453	+	ENSG00000177398
ABCG1	21	42199689	42304389	+	ENSG00000160179
TFF3	21	42311667	42315409	-	ENSG00000160180
TFF2	21	42346357	42350997	-	ENSG00000160181
TFF1	21	42362282	42366535	-	ENSG00000160182
TMPRSS3	21	42371840	42396119	-	ENSG00000160183
UBASH3A	21	42403447	42447684	+	ENSG00000160185
RSPH1	21	42472486	42496366	-	ENSG00000160188
SLC37A1	21	42495994	42581440	+	ENSG00000160190
PDE9A	21	42653591	42775513	+	ENSG00000160191
WDR4	21	42843013	42879582	-	ENSG00000160193
NDUFV3	21	42879644	42913304	+	ENSG00000160194
ERVH48-1	21	42916803	42925630	-	ENSG00000233056
PKNOX1	21	42974328	43034475	+	ENSG00000160199
CBS	21	43050900	43076943	-	ENSG00000160200
U2AF1	21	43092956	43107605	-	ENSG00000160201
CRYAA	21	43169008	43172810	+	ENSG00000160202
SIK1	21	43414483	43427131	-	ENSG00000142178
HSF2BP	21	43529186	43659504	-	ENSG00000160207
H2BC12L	21	43565182	43565648	+	ENSG00000234289
RRP1B	21	43659560	43696079	+	ENSG00000160208
PDXK	21	43719094	43762307	+	ENSG00000160209
CSTB	21	43772511	43776579	-	ENSG00000160213
RRP1	21	43789513	43805757	+	ENSG00000160214
AGPAT3	21	43865223	43987592	+	ENSG00000160216
TRAPPC10	21	44012309	44106553	+	ENSG00000160218
PWP2	21	44107358	44131181	+	ENSG00000241945
GATD3	21	44133610	44210114	+	ENSG00000160221
ICOSLG	21	44215382	44241446	-	ENSG00000160223
DNMT3L	21	44246339	44262216	-	ENSG00000142182
AIRE	21	44285838	44298648	+	ENSG00000160224
PFKL	21	44300017	44327377	+	ENSG00000141959
CFAP410	21	44328944	44339402	-	ENSG00000160226
TRPM2	21	44350072	44445246	+	ENSG00000142185
LRRC3	21	44455490	44462196	+	ENSG00000160233
TSPEAR	21	44497893	44711873	-	ENSG00000175894
KRTAP10-1	21	44538981	44540195	-	ENSG00000215455
KRTAP10-2	21	44550357	44551505	-	ENSG00000205445
KRTAP10-3	21	44557790	44558795	-	ENSG00000212935
KRTAP10-4	21	44573729	44575371	+	ENSG00000215454
KRTAP10-5	21	44579455	44580604	-	ENSG00000241123
KRTAP10-6	21	44591268	44592505	-	ENSG00000188155
KRTAP10-7	21	44600597	44602174	+	ENSG00000272804
KRTAP10-8	21	44612079	44612954	+	ENSG00000187766
KRTAP10-9	21	44627093	44628378	+	ENSG00000221837
KRTAP10-10	21	44637356	44638455	+	ENSG00000221859
KRTAP10-11	21	44646414	44647650	+	ENSG00000243489
KRTAP12-4	21	44654213	44654659	-	ENSG00000212933
KRTAP12-3	21	44657932	44658341	+	ENSG00000205439
KRTAP12-2	21	44666189	44666927	-	ENSG00000221864
KRTAP12-1	21	44681576	44682163	-	ENSG00000187175
KRTAP10-12	21	44697172	44698044	+	ENSG00000189169
UBE2G2	21	44768580	44801826	-	ENSG00000184787
SUMO3	21	44805617	44818779	-	ENSG00000184900
PTTG1IP	21	44849585	44873903	-	ENSG00000183255
ITGB2	21	44885948	44932079	-	ENSG00000160255
SLX9	21	44939938	44977014	+	ENSG00000160256
ADARB1	21	45073839	45226560	+	ENSG00000197381
POFUT2	21	45263928	45287898	-	ENSG00000186866
COL18A1	21	45405123	45513721	+	ENSG00000182871
SLC19A1	21	45493572	45573564	-	ENSG00000173638
PCBP3	21	45643694	45942454	+	ENSG00000183570
COL6A1	21	45981755	46005050	+	ENSG00000142156
COL6A2	21	46096722	46132851	+	ENSG00000142173
FTCD	21	46136083	46155581	-	ENSG00000160282
SPATC1L	21	46161148	46184476	-	ENSG00000160284
LSS	21	46188141	46228840	-	ENSG00000160285
MCM3AP	21	46235133	46286297	-	ENSG00000160294
YBEY	21	46286336	46297811	+	ENSG00000182362
C21orf58	21	46300181	46324460	-	ENSG00000160298
PCNT	21	46324124	46445769	+	ENSG00000160299
DIP2A	21	46458877	46572743	+	ENSG00000160305
S100B	21	46598508	46605208	-	ENSG00000160307
PRMT2	21	46635595	46665698	+	ENSG00000160310
OR11H1	22	15528192	15529139	+	ENSG00000130538
POTEH	22	15690026	15721631	+	ENSG00000198062
CCT8L2	22	16590751	16592810	-	ENSG00000198445
XKR3	22	16783412	16825411	-	ENSG00000172967
GAB4	22	16961936	17008222	-	ENSG00000215568
IL17RA	22	17084934	17115693	+	ENSG00000177663
TMEM121B	22	17116297	17121367	-	ENSG00000183307
HDHD5	22	17137510	17165287	-	ENSG00000069998
ADA2	22	17178790	17258235	-	ENSG00000093072
CECR2	22	17359949	17558151	+	ENSG00000099954
SLC25A18	22	17563086	17591909	+	ENSG00000182902
ATP6V1E1	22	17592136	17630958	-	ENSG00000131100
BCL2L13	22	17628848	17730855	+	ENSG00000099968
BID	22	17734138	17774770	-	ENSG00000015475
MICAL3	22	17787649	18024561	-	ENSG00000243156
PEX26	22	18077923	18105396	+	ENSG00000215193
TUBA8	22	18110100	18146683	+	ENSG00000183785
USP18	22	18148399	18177397	+	ENSG00000184979
GGTLC3	22	18516338	18518161	-	ENSG00000274252
TMEM191B	22	18527802	18530573	+	ENSG00000278558
RIMBP3	22	18605815	18611919	-	ENSG00000275793
FAM246B	22	18633984	18634682	+	ENSG00000286175
DGCR6	22	18905677	18914281	+	ENSG00000183628
PRODH	22	18912774	18936553	-	ENSG00000100033
FAM246C	22	19029524	19031242	+	ENSG00000286025
DGCR2	22	19036280	19122461	-	ENSG00000070413
ESS2	22	19130279	19144684	-	ENSG00000100056
TSSK2	22	19131308	19132622	+	ENSG00000206203
GSC2	22	19146993	19150292	-	ENSG00000063515
SLC25A1	22	19175575	19178788	-	ENSG00000100075
CLTCL1	22	19179320	19291774	-	ENSG00000070371
HIRA	22	19330693	19447450	-	ENSG00000100084
C22orf39	22	19351368	19447711	-	ENSG00000242259
MRPL40	22	19432467	19436077	+	ENSG00000185608
UFD1	22	19449911	19479215	-	ENSG00000070010
CDC45	22	19479457	19520612	+	ENSG00000093009
CLDN5	22	19523024	19527545	-	ENSG00000184113
SEPTIN5	22	19714467	19724224	+	ENSG00000184702
GP1BB	22	19723539	19724776	+	ENSG00000203618
TBX1	22	19756703	19783593	+	ENSG00000184058
GNB1L	22	19783223	19854939	-	ENSG00000185838
RTL10	22	19846138	19854896	-	ENSG00000215012
TXNRD2	22	19875517	19941820	-	ENSG00000184470
COMT	22	19941371	19969975	+	ENSG00000093010
ARVCF	22	19969892	20016823	-	ENSG00000099889
TANGO2	22	20016615	20067164	+	ENSG00000183597
DGCR8	22	20080035	20111877	+	ENSG00000128191
TRMT2A	22	20111875	20117392	-	ENSG00000099899
RANBP1	22	20115877	20127355	+	ENSG00000099901
ZDHHC8	22	20129456	20148007	+	ENSG00000099904
CCDC188	22	20148416	20151055	-	ENSG00000234409
RTN4R	22	20241415	20283246	-	ENSG00000040608
DGCR6L	22	20314238	20320080	-	ENSG00000128185
ZNF74	22	20394115	20408461	+	ENSG00000185252
SCARF2	22	20424584	20437944	-	ENSG00000244486
KLHL22	22	20441519	20496893	-	ENSG00000099910
MED15	22	20495913	20587632	+	ENSG00000099917
PI4KA	22	20707691	20859417	-	ENSG00000241973
SERPIND1	22	20774112	20787721	+	ENSG00000099937
SNAP29	22	20858537	20891214	+	ENSG00000099940
CRKL	22	20917407	20953747	+	ENSG00000099942
AIFM3	22	20965108	20981364	+	ENSG00000183773
LZTR1	22	20982223	20999035	+	ENSG00000099949
THAP7	22	20999104	21002196	-	ENSG00000184436
TUBA3FP	22	21008193	21014292	-	ENSG00000284130
P2RX6	22	21009808	21028013	+	ENSG00000099957
SLC7A4	22	21028718	21032933	-	ENSG00000099960
LRRC74B	22	21045946	21064168	+	ENSG00000187905
FAM246A	22	21360601	21361299	-	ENSG00000286102
RIMBP3B	22	21383751	21389478	+	ENSG00000274600
HIC2	22	21416504	21451463	+	ENSG00000169635
TMEM191C	22	21466423	21471269	+	ENSG00000206140
RIMBP3C	22	21545666	21551461	-	ENSG00000183246
UBE2L3	22	21549447	21624034	+	ENSG00000185651
YDJC	22	21628089	21630064	-	ENSG00000161179
CCDC116	22	21632716	21637329	+	ENSG00000161180
SDF2L1	22	21642302	21644299	+	ENSG00000128228
PPIL2	22	21666000	21700015	+	ENSG00000100023
YPEL1	22	21697536	21735794	-	ENSG00000100027
MAPK1	22	21755537	21867680	-	ENSG00000100030
PPM1F	22	21919425	21952848	-	ENSG00000100034
TOP3B	22	21957025	21982813	-	ENSG00000100038
VPREB1	22	22244780	22245515	+	ENSG00000169575
ZNF280B	22	22484421	22508742	-	ENSG00000275004
ZNF280A	22	22513736	22520270	-	ENSG00000169548
PRAME	22	22547701	22559361	-	ENSG00000185686
GGTLC2	22	22644614	22647898	+	ENSG00000100121
IGLL5	22	22887780	22896111	+	ENSG00000254709
RSPH14	22	23059415	23145021	-	ENSG00000100218
GNAZ	22	23070325	23125036	+	ENSG00000128266
RAB36	22	23145366	23165663	+	ENSG00000100228
BCR	22	23179704	23318037	+	ENSG00000186716
IGLL1	22	23573125	23580302	-	ENSG00000128322
DRICH1	22	23608452	23632321	-	ENSG00000189269
RGL4	22	23688136	23699176	+	ENSG00000159496
ZNF70	22	23738682	23751730	-	ENSG00000187792
VPREB3	22	23752743	23754425	-	ENSG00000128218
C22orf15	22	23762990	23765863	+	ENSG00000169314
CHCHD10	22	23765834	23767982	-	ENSG00000250479
MMP11	22	23768226	23784322	+	ENSG00000099953
SMARCB1	22	23786931	23838009	+	ENSG00000099956
DERL3	22	23834503	23839128	-	ENSG00000099958
SLC2A11	22	23856703	23886312	+	ENSG00000133460
MIF	22	23894372	23895227	+	ENSG00000240972
GSTT2B	22	23957414	23961197	-	ENSG00000133433
DDTL	22	23966888	23972558	+	ENSG00000099974
DDT	22	23970542	23980525	-	ENSG00000099977
GSTT2	22	23980058	23983915	+	ENSG00000099984
GSTT4	22	23998401	24005453	-	ENSG00000276950
CABIN1	22	24011192	24178634	+	ENSG00000099991
SUSD2	22	24181481	24189111	+	ENSG00000099994
GGT5	22	24218000	24245748	-	ENSG00000099998
SPECC1L	22	24270817	24417740	+	ENSG00000100014
SPECC1L-ADORA2A	22	24270898	24442356	+	ENSG00000258555
ADORA2A	22	24417879	24443177	+	ENSG00000128271
UPB1	22	24494107	24528390	+	ENSG00000100024
GUCD1	22	24540423	24555935	-	ENSG00000138867
SNRPD3	22	24555957	24584044	+	ENSG00000100028
LRRC75B	22	24585620	24593208	-	ENSG00000178026
GGT1	22	24594684	24629011	+	ENSG00000100031
PIWIL3	22	24719034	24774720	-	ENSG00000184571
SGSM1	22	24806169	24927578	+	ENSG00000167037
LHFPL7	22	24935098	24946695	-	ENSG00000206069
KIAA1671	22	24952711	25197448	+	ENSG00000197077
CRYBB3	22	25199858	25207359	+	ENSG00000100053
CRYBB2	22	25212564	25231870	+	ENSG00000244752
GRK3	22	25564432	25729294	+	ENSG00000100077
MYO18B	22	25742144	26031045	+	ENSG00000133454
SEZ6L	22	26169462	26383597	+	ENSG00000100095
ASPHD2	22	26428729	26445015	+	ENSG00000128203
HPS4	22	26443107	26483931	-	ENSG00000100099
SRRD	22	26483877	26494658	+	ENSG00000100104
TFIP11	22	26490988	26512505	-	ENSG00000100109
TPST2	22	26521996	26596717	-	ENSG00000128294
CRYBB1	22	26599277	26619630	-	ENSG00000100122
CRYBA4	22	26621963	26630669	+	ENSG00000196431
MN1	22	27748277	27801756	-	ENSG00000169184
PITPNB	22	27851669	27920134	-	ENSG00000180957
TTC28	22	27978014	28679840	-	ENSG00000100154
CHEK2	22	28687738	28742422	-	ENSG00000183765
HSCB	22	28742039	28757522	+	ENSG00000100209
CCDC117	22	28772674	28789301	+	ENSG00000159873
XBP1	22	28794555	28800597	-	ENSG00000100219
ZNRF3	22	28883565	29057488	+	ENSG00000183579
C22orf31	22	29058672	29061831	-	ENSG00000100249
KREMEN1	22	29072950	29168333	+	ENSG00000183762
EMID1	22	29205809	29259598	+	ENSG00000186998
RHBDD3	22	29259852	29268221	-	ENSG00000100263
EWSR1	22	29268009	29300530	+	ENSG00000182944
GAS2L1	22	29306394	29312787	+	ENSG00000185340
RASL10A	22	29312933	29319679	-	ENSG00000100276
AP1B1	22	29327680	29388612	-	ENSG00000100280
RFPL1	22	29438583	29442455	+	ENSG00000128250
NEFH	22	29480218	29491390	+	ENSG00000100285
THOC5	22	29505879	29555216	-	ENSG00000100296
NIPSNAP1	22	29554808	29581327	-	ENSG00000184117
NF2	22	29603546	29698598	+	ENSG00000186575
CABP7	22	29720003	29731833	+	ENSG00000100314
ZMAT5	22	29728138	29767084	-	ENSG00000100319
UQCR10	22	29767369	29770413	+	ENSG00000184076
ASCC2	22	29788608	29838304	-	ENSG00000100325
MTMR3	22	29883141	30030868	+	ENSG00000100330
HORMAD2	22	30080464	30177075	+	ENSG00000176635
LIF	22	30240453	30246759	-	ENSG00000128342
OSM	22	30262829	30266851	-	ENSG00000099985
CASTOR1	22	30285114	30289694	-	ENSG00000239282
TBC1D10A	22	30291990	30326947	-	ENSG00000099992
SF3A1	22	30331988	30356919	-	ENSG00000099995
CCDC157	22	30356635	30378673	+	ENSG00000187860
RNF215	22	30368811	30421771	-	ENSG00000099999
SEC14L2	22	30396941	30425303	+	ENSG00000100003
MTFP1	22	30425623	30429054	+	ENSG00000242114
SEC14L3	22	30447959	30472056	-	ENSG00000100012
SEC14L4	22	30488902	30505711	-	ENSG00000133488
SEC14L6	22	30522799	30546741	-	ENSG00000214491
GAL3ST1	22	30554632	30576210	-	ENSG00000128242
PES1	22	30576625	30607083	-	ENSG00000100029
TCN2	22	30607003	30627631	+	ENSG00000185339
SLC35E4	22	30635781	30669016	+	ENSG00000100036
DUSP18	22	30652051	30667887	-	ENSG00000167065
OSBP2	22	30693782	30907824	+	ENSG00000184792
MORC2	22	30925130	30969082	-	ENSG00000133422
TUG1	22	30969245	30979395	+	ENSG00000253352
SMTN	22	31064105	31104757	+	ENSG00000183963
SELENOM	22	31104772	31120069	-	ENSG00000198832
INPP5J	22	31122731	31134697	+	ENSG00000185133
PLA2G3	22	31134765	31140508	-	ENSG00000100078
RNF185	22	31160158	31207019	+	ENSG00000138942
LIMK2	22	31212193	31280964	+	ENSG00000182541
PIK3IP1	22	31281594	31292534	-	ENSG00000100100
PATZ1	22	31325804	31346605	-	ENSG00000100105
DRG1	22	31399560	31528740	+	ENSG00000185721
EIF4ENIF1	22	31436977	31497047	-	ENSG00000184708
SFI1	22	31488688	31618588	+	ENSG00000198089
PISD	22	31618489	31662239	-	ENSG00000241878
PRR14L	22	31676256	31750207	-	ENSG00000183530
DEPDC5	22	31753867	31908033	+	ENSG00000100150
YWHAH	22	31944522	31957603	+	ENSG00000128245
SLC5A1	22	32043050	32113029	+	ENSG00000100170
C22orf42	22	32149006	32159322	-	ENSG00000205856
RFPL2	22	32190435	32205073	-	ENSG00000128253
SLC5A4	22	32218464	32255347	-	ENSG00000100191
RFPL3	22	32354885	32361161	+	ENSG00000128276
RTCB	22	32387576	32412265	-	ENSG00000100220
BPIFC	22	32413845	32464484	-	ENSG00000184459
FBXO7	22	32474676	32498831	+	ENSG00000100225
SYN3	22	32507820	33058381	-	ENSG00000185666
TIMP3	22	32801576	32863042	+	ENSG00000100234
LARGE1	22	33162226	33922885	-	ENSG00000133424
ISX	22	35066136	35087392	+	ENSG00000175329
HMGXB4	22	35257452	35295807	+	ENSG00000100281
TOM1	22	35299275	35347995	+	ENSG00000100284
HMOX1	22	35380361	35394214	+	ENSG00000100292
MCM5	22	35400123	35425431	+	ENSG00000100297
RASD2	22	35539796	35554003	+	ENSG00000100302
MB	22	35606764	35637951	-	ENSG00000198125
APOL6	22	35648386	35668404	+	ENSG00000221963
APOL5	22	35717872	35729483	+	ENSG00000128313
RBFOX2	22	35738736	36028824	-	ENSG00000100320
APOL3	22	36139792	36166177	-	ENSG00000128284
APOL4	22	36189124	36204840	-	ENSG00000100336
APOL2	22	36226209	36239954	-	ENSG00000128335
APOL1	22	36253071	36267530	+	ENSG00000100342
MYH9	22	36281279	36388010	-	ENSG00000100345
TXN2	22	36466895	36482072	-	ENSG00000100348
FOXRED2	22	36487190	36507221	-	ENSG00000100350
EIF3D	22	36510850	36529245	-	ENSG00000100353
CACNG2	22	36560857	36703752	-	ENSG00000166862
IFT27	22	36758202	36776309	-	ENSG00000100360
PVALB	22	36800682	36819479	-	ENSG00000100362
NCF4	22	36860988	36878017	+	ENSG00000100365
CSF2RB	22	36913628	36940443	+	ENSG00000100368
CIMIP4	22	36991120	37007851	-	ENSG00000185264
TST	22	37010859	37024797	-	ENSG00000128311
MPST	22	37019635	37029822	+	ENSG00000128309
KCTD17	22	37051739	37063390	+	ENSG00000100379
TMPRSS6	22	37065005	37110890	-	ENSG00000187045
IL2RB	22	37118666	37176676	-	ENSG00000100385
C1QTNF6	22	37180166	37199385	-	ENSG00000133466
SSTR3	22	37204237	37212477	-	ENSG00000278195
RAC2	22	37225270	37259594	-	ENSG00000128340
CYTH4	22	37282027	37315346	+	ENSG00000100055
ELFN2	22	37367960	37427479	-	ENSG00000166897
MFNG	22	37469063	37486402	-	ENSG00000100060
CARD10	22	37490362	37519542	-	ENSG00000100065
CDC42EP1	22	37555112	37569764	+	ENSG00000128283
LGALS2	22	37570248	37582616	-	ENSG00000100079
GGA1	22	37608474	37633564	+	ENSG00000100083
SH3BP1	22	37634654	37656117	+	ENSG00000100092
PDXP	22	37658723	37666932	+	ENSG00000241360
LGALS1	22	37675636	37679805	+	ENSG00000100097
NOL12	22	37681673	37693476	+	ENSG00000273899
TRIOBP	22	37697048	37776556	+	ENSG00000100106
H1-0	22	37805229	37807432	+	ENSG00000189060
GCAT	22	37807872	37817386	+	ENSG00000100116
GALR3	22	37822198	37825485	+	ENSG00000128310
ANKRD54	22	37830853	37849327	-	ENSG00000100124
EIF3L	22	37848868	37889407	+	ENSG00000100129
MICALL1	22	37905657	37942822	+	ENSG00000100139
C22orf23	22	37943050	37953669	-	ENSG00000128346
POLR2F	22	37952607	38041915	+	ENSG00000100142
SOX10	22	37970686	37987422	-	ENSG00000100146
PICK1	22	38056311	38075719	+	ENSG00000100151
SLC16A8	22	38078134	38084184	-	ENSG00000100156
BAIAP2L2	22	38084652	38111015	-	ENSG00000128298
PLA2G6	22	38111495	38214778	-	ENSG00000184381
MAFF	22	38200767	38216511	+	ENSG00000185022
TMEM184B	22	38219290	38273805	-	ENSG00000198792
CSNK1E	22	38290691	38320044	-	ENSG00000213923
TPTEP2-CSNK1E	22	38291918	38398522	-	ENSG00000283900
KCNJ4	22	38426327	38455639	-	ENSG00000168135
KDELR3	22	38468043	38483447	+	ENSG00000100196
DDX17	22	38483438	38507660	-	ENSG00000100201
DMC1	22	38518905	38570211	-	ENSG00000100206
FAM227A	22	38578118	38656629	-	ENSG00000184949
CBY1	22	38656375	38673868	+	ENSG00000100211
TOMM22	22	38681924	38685421	+	ENSG00000100216
JOSD1	22	38685543	38701556	-	ENSG00000100221
GTPBP1	22	38705742	38738299	+	ENSG00000100226
SUN2	22	38733280	38794143	-	ENSG00000100242
DNAL4	22	38778508	38794198	-	ENSG00000100246
NPTXR	22	38818452	38844028	-	ENSG00000221890
CBX6	22	38861422	38872249	-	ENSG00000183741
APOBEC3A	22	38952741	38963184	+	ENSG00000128383
APOBEC3B	22	38982347	38992804	+	ENSG00000179750
APOBEC3C	22	39014224	39020352	+	ENSG00000244509
APOBEC3D	22	39021113	39033277	+	ENSG00000243811
APOBEC3F	22	39040604	39055972	+	ENSG00000128394
APOBEC3G	22	39077059	39087743	+	ENSG00000239713
APOBEC3H	22	39097224	39104067	+	ENSG00000100298
CBX7	22	39120167	39152719	-	ENSG00000100307
PDGFB	22	39223359	39244982	-	ENSG00000100311
RPL3	22	39312870	39320389	-	ENSG00000100316
SYNGR1	22	39349909	39385588	+	ENSG00000100321
TAB1	22	39399778	39437060	+	ENSG00000100324
MGAT3	22	39447127	39492194	+	ENSG00000128268
MIEF1	22	39499432	39518132	+	ENSG00000100335
MIURF	22	39504231	39504443	+	ENSG00000285025
ATF4	22	39519695	39522690	+	ENSG00000128272
RPS19BP1	22	39529088	39532767	-	ENSG00000187051
CACNA1I	22	39570753	39689735	+	ENSG00000100346
ENTHD1	22	39743044	39893864	-	ENSG00000176177
GRAP2	22	39901084	39973721	+	ENSG00000100351
TMA7B	22	39960397	39964905	+	ENSG00000225528
FAM83F	22	39994954	40043534	+	ENSG00000133477
TNRC6B	22	40044817	40335808	+	ENSG00000100354
ADSL	22	40346461	40390463	+	ENSG00000239900
SGSM3	22	40370564	40410289	+	ENSG00000100359
MRTFA	22	40410281	40636719	-	ENSG00000196588
MCHR1	22	40679273	40682812	+	ENSG00000128285
SLC25A17	22	40769630	40819401	-	ENSG00000100372
ST13	22	40824535	40856690	-	ENSG00000100380
XPNPEP3	22	40857077	40932815	+	ENSG00000196236
DNAJB7	22	40859549	40862113	-	ENSG00000172404
RBX1	22	40951277	40973539	+	ENSG00000100387
EP300	22	41091816	41180077	+	ENSG00000100393
L3MBTL2	22	41205282	41231273	+	ENSG00000100395
CHADL	22	41229510	41240931	-	ENSG00000100399
RANGAP1	22	41244779	41286272	-	ENSG00000100401
ZC3H7B	22	41301457	41360155	+	ENSG00000100403
TEF	22	41367333	41399326	+	ENSG00000167074
TOB2	22	41433489	41446801	-	ENSG00000183864
ACO2	22	41447830	41529273	+	ENSG00000100412
PHF5A	22	41459705	41468711	-	ENSG00000100410
POLR3H	22	41525799	41544606	-	ENSG00000100413
CSDC2	22	41560858	41577741	+	ENSG00000172346
PMM1	22	41576896	41595275	-	ENSG00000100417
DESI1	22	41598028	41621081	-	ENSG00000100418
XRCC6	22	41620786	41664087	+	ENSG00000196419
SNU13	22	41673933	41690504	-	ENSG00000100138
MEI1	22	41699503	41799456	+	ENSG00000167077
CCDC134	22	41800321	41832172	+	ENSG00000100147
SREBF2	22	41833099	41907308	+	ENSG00000198911
SHISA8	22	41909543	41915074	-	ENSG00000234965
TNFRSF13C	22	41922032	41926806	-	ENSG00000159958
CENPM	22	41927514	41947183	-	ENSG00000100162
SMIM45	22	41947178	41958942	+	ENSG00000205704
SEPTIN3	22	41969443	41998221	+	ENSG00000100167
WBP2NL	22	41998725	42058456	+	ENSG00000183066
NAGA	22	42058334	42071198	-	ENSG00000198951
PHETA2	22	42073789	42079439	+	ENSG00000177096
SMDT1	22	42079564	42088243	+	ENSG00000183172
NDUFA6	22	42085526	42090884	-	ENSG00000184983
CYP2D6	22	42125962	42131236	-	ENSG00000100197
CYP2D7	22	42140203	42149500	-	ENSG00000205702
TCF20	22	42160013	42343616	-	ENSG00000100207
NFAM1	22	42380407	42432403	-	ENSG00000235568
RRP7A	22	42507982	42519853	-	ENSG00000189306
SERHL2	22	42553617	42574387	+	ENSG00000183569
POLDIP3	22	42583717	42614962	-	ENSG00000100227
CYB5R3	22	42615730	42720870	-	ENSG00000100243
ATP5MGL	22	42639803	42640601	-	ENSG00000249222
A4GALT	22	42691010	42721298	-	ENSG00000128274
ARFGAP3	22	42796502	42858106	-	ENSG00000242247
PACSIN2	22	42835412	43015185	-	ENSG00000100266
TTLL1	22	43039516	43089427	-	ENSG00000100271
BIK	22	43110748	43129712	+	ENSG00000100290
MCAT	22	43132209	43143398	-	ENSG00000100294
TSPO	22	43151077	43163246	+	ENSG00000100300
TTLL12	22	43166622	43187134	-	ENSG00000100304
SCUBE1	22	43197280	43343375	-	ENSG00000159307
MPPED1	22	43411196	43507850	+	ENSG00000186732
EFCAB6	22	43528744	43812337	-	ENSG00000186976
SULT4A1	22	43824509	43862513	-	ENSG00000130540
PNPLA5	22	43878568	43892494	-	ENSG00000100341
PNPLA3	22	43923781	43964488	+	ENSG00000100344
SAMM50	22	43955399	44010531	+	ENSG00000100347
PARVB	22	43999211	44172939	+	ENSG00000188677
PARVG	22	44172956	44219533	+	ENSG00000138964
SHISAL1	22	44243665	44312951	-	ENSG00000138944
RTL6	22	44492583	44498233	-	ENSG00000188636
PRR5	22	44668547	44737681	+	ENSG00000186654
PRR5-ARHGAP8	22	44702233	44862706	+	ENSG00000248405
ARHGAP8	22	44752547	44862788	+	ENSG00000241484
PHF21B	22	44881162	45010022	-	ENSG00000056487
NUP50	22	45163925	45188017	+	ENSG00000093000
KIAA0930	22	45192244	45240944	-	ENSG00000100364
UPK3A	22	45284924	45295874	+	ENSG00000100373
FAM118A	22	45308968	45342824	+	ENSG00000100376
SMC1B	22	45344063	45413619	-	ENSG00000077935
RIBC2	22	45413693	45432509	+	ENSG00000128408
FBLN1	22	45502238	45601981	+	ENSG00000077942
ATXN10	22	45671798	45845307	+	ENSG00000130638
WNT7B	22	45920366	45977162	-	ENSG00000188064
PPARA	22	46149924	46243755	+	ENSG00000186951
CDPF1	22	46244011	46250311	-	ENSG00000205643
PKDREJ	22	46255663	46263343	-	ENSG00000130943
TTC38	22	46267961	46295097	+	ENSG00000075234
GTSE1	22	46296870	46330810	+	ENSG00000075218
TRMU	22	46330875	46357344	+	ENSG00000100416
CELSR1	22	46360834	46537620	-	ENSG00000075275
GRAMD4	22	46575644	46679790	+	ENSG00000075240
CERK	22	46684410	46738267	-	ENSG00000100422
TBC1D22A	22	46762617	47175699	+	ENSG00000054611
TAFA5	22	48489431	48850912	+	ENSG00000219438
BRD1	22	49773278	49827944	-	ENSG00000100425
ZBED4	22	49853827	49897383	+	ENSG00000100426
ALG12	22	49900229	49918458	-	ENSG00000182858
CRELD2	22	49917989	49927544	+	ENSG00000184164
PIM3	22	49960463	49964075	+	ENSG00000198355
IL17REL	22	49991811	50012765	-	ENSG00000188263
TTLL8	22	50018575	50058298	-	ENSG00000138892
MLC1	22	50059391	50085969	-	ENSG00000100427
MOV10L1	22	50090006	50161690	+	ENSG00000073146
PANX2	22	50170731	50180295	+	ENSG00000073150
TRABD	22	50184717	50199600	+	ENSG00000170638
SELENOO	22	50201011	50217616	+	ENSG00000073169
TUBGCP6	22	50217688	50245028	-	ENSG00000128159
HDAC10	22	50245183	50251405	-	ENSG00000100429
MAPK12	22	50245450	50261734	-	ENSG00000188130
MAPK11	22	50263713	50270767	-	ENSG00000185386
PLXNB2	22	50274978	50307695	-	ENSG00000196576
DENND6B	22	50309030	50327521	-	ENSG00000205593
PPP6R2	22	50343300	50445090	+	ENSG00000100239
SBF1	22	50443219	50483923	-	ENSG00000100241
ADM2	22	50481543	50486440	+	ENSG00000128165
MIOX	22	50486784	50490648	+	ENSG00000100253
LMF2	22	50502947	50507732	-	ENSG00000100258
NCAPH2	22	50508213	50524780	+	ENSG00000025770
SCO2	22	50523564	50526461	-	ENSG00000284194
TYMP	22	50525752	50530326	-	ENSG00000025708
CIMAP1B	22	50529710	50532520	-	ENSG00000177989
KLHDC7B	22	50545899	50551023	+	ENSG00000130487
SYCE3	22	50551112	50562919	-	ENSG00000217442
CPT1B	22	50568856	50578681	-	ENSG00000205560
CHKB-CPT1B	22	50568869	50582965	-	ENSG00000254413
CHKB	22	50578959	50601455	-	ENSG00000100288
MAPK8IP2	22	50600677	50613981	+	ENSG00000008735
ARSA	22	50622754	50628177	-	ENSG00000100299
SHANK3	22	50674408	50733212	+	ENSG00000251322
ACR	22	50738196	50745339	+	ENSG00000100312
RABL2B	22	50767491	50783760	-	ENSG00000079974
CHL1	3	196763	409417	+	ENSG00000134121
CNTN6	3	1092658	1404217	+	ENSG00000134115
CNTN4	3	2098813	3057963	+	ENSG00000144619
IL5RA	3	3066324	3126613	-	ENSG00000091181
TRNT1	3	3126364	3153435	+	ENSG00000072756
CRBN	3	3144628	3179727	-	ENSG00000113851
SUMF1	3	3700814	4467273	-	ENSG00000144455
LRRN1	3	3799378	3849834	+	ENSG00000175928
SETMAR	3	4303304	4320649	+	ENSG00000170364
ITPR1	3	4493345	4847506	+	ENSG00000150995
BHLHE40	3	4978715	4985323	+	ENSG00000134107
ARL8B	3	5122249	5180911	+	ENSG00000134108
EDEM1	3	5187646	5219958	+	ENSG00000134109
GRM7	3	6770001	7741533	+	ENSG00000196277
LMCD1	3	8501587	8574668	+	ENSG00000071282
SSUH2	3	8619386	8745040	-	ENSG00000125046
CAV3	3	8733802	8841808	+	ENSG00000182533
OXTR	3	8750381	8769628	-	ENSG00000180914
RAD18	3	8775402	8963773	-	ENSG00000070950
SRGAP3	3	8980591	9363053	-	ENSG00000196220
THUMPD3	3	9362967	9386791	+	ENSG00000134077
SETD5	3	9397609	9479240	+	ENSG00000168137
LHFPL4	3	9498361	9553823	-	ENSG00000156959
MTMR14	3	9649433	9702393	+	ENSG00000163719
CPNE9	3	9703691	9729908	+	ENSG00000144550
BRPF1	3	9731729	9748019	+	ENSG00000156983
OGG1	3	9749944	9788219	+	ENSG00000114026
CAMK1	3	9757346	9770606	-	ENSG00000134072
TADA3	3	9779964	9793011	-	ENSG00000171148
ARPC4	3	9792493	9807107	+	ENSG00000241553
ARPC4-TTLL3	3	9793082	9835401	+	ENSG00000250151
TTLL3	3	9808086	9855138	+	ENSG00000214021
RPUSD3	3	9837802	9844602	-	ENSG00000156990
CIDEC	3	9866710	9880256	-	ENSG00000187288
JAGN1	3	9890574	9894349	+	ENSG00000171135
IL17RE	3	9902612	9916402	+	ENSG00000163701
IL17RC	3	9917040	9933630	+	ENSG00000163702
CRELD1	3	9933793	9945413	+	ENSG00000163703
PRRT3	3	9939450	9952424	-	ENSG00000163704
EMC3	3	9962682	10011202	-	ENSG00000125037
FANCD2	3	10026370	10101937	+	ENSG00000144554
FANCD2OS	3	10081317	10108255	-	ENSG00000163705
BRK1	3	10115673	10127190	+	ENSG00000254999
VHL	3	10141778	10153676	+	ENSG00000134086
IRAK2	3	10164863	10243756	+	ENSG00000134070
TATDN2	3	10248023	10281218	+	ENSG00000157014
GHRL	3	10285666	10292959	-	ENSG00000157017
SEC13	3	10293131	10321123	-	ENSG00000157020
ATP2B2	3	10324023	10708007	-	ENSG00000157087
SLC6A11	3	10816201	10940714	+	ENSG00000132164
SLC6A1	3	10992186	11039247	+	ENSG00000157103
HRH1	3	11137093	11263557	+	ENSG00000196639
ATG7	3	11272309	11557665	+	ENSG00000197548
VGLL4	3	11556069	11771350	-	ENSG00000144560
TAMM41	3	11790442	11846919	-	ENSG00000144559
SYN2	3	12004388	12192032	+	ENSG00000157152
TIMP4	3	12153068	12158912	-	ENSG00000157150
PPARG	3	12287368	12434574	+	ENSG00000132170
TSEN2	3	12480529	12541549	+	ENSG00000154743
MKRN2OS	3	12514934	12561059	-	ENSG00000225526
MKRN2	3	12557020	12586208	+	ENSG00000075975
RAF1	3	12582101	12664201	-	ENSG00000132155
TMEM40	3	12733528	12769457	-	ENSG00000088726
CAND2	3	12796472	12834818	+	ENSG00000144712
RPL32	3	12834485	12841582	-	ENSG00000144713
IQSEC1	3	12897043	13283281	-	ENSG00000144711
NUP210	3	13316231	13420322	-	ENSG00000132182
HDAC11	3	13479724	13506424	+	ENSG00000163517
FBLN2	3	13549073	13638422	+	ENSG00000163520
WNT7A	3	13816258	13880071	-	ENSG00000154764
CHCHD4	3	14112077	14124876	-	ENSG00000163528
TMEM43	3	14125015	14143681	+	ENSG00000170876
XPC	3	14145145	14178652	-	ENSG00000154767
LSM3	3	14178801	14201122	+	ENSG00000170860
SLC6A6	3	14402565	14489349	+	ENSG00000131389
GRIP2	3	14489107	14556075	-	ENSG00000144596
CCDC174	3	14651762	14672659	+	ENSG00000154781
C3orf20	3	14675141	14773036	+	ENSG00000131379
FGD5	3	14810518	14934571	+	ENSG00000154783
NR2C2	3	14947544	15053600	+	ENSG00000177463
MRPS25	3	15009611	15065339	-	ENSG00000131368
RBSN	3	15068571	15099163	-	ENSG00000131381
CAPN7	3	15206112	15252919	+	ENSG00000131375
SH3BP5	3	15254353	15341368	-	ENSG00000131370
METTL6	3	15381061	15440566	-	ENSG00000206562
EAF1	3	15427598	15450635	+	ENSG00000144597
COLQ	3	15450132	15521928	-	ENSG00000206561
HACL1	3	15560582	15601883	-	ENSG00000131373
BTD	3	15601341	15722311	+	ENSG00000169814
ANKRD28	3	15667236	15859771	-	ENSG00000206560
GALNT15	3	16174573	16231992	+	ENSG00000131386
DPH3	3	16257061	16264982	-	ENSG00000154813
OXNAD1	3	16265160	16350299	+	ENSG00000154814
RFTN1	3	16313574	16514026	-	ENSG00000131378
DAZL	3	16586792	16670306	-	ENSG00000092345
PLCL2	3	16802651	17090604	+	ENSG00000154822
TBC1D5	3	17157162	18444817	-	ENSG00000131374
SATB1	3	18345377	18445621	-	ENSG00000182568
KCNH8	3	19148102	19535642	+	ENSG00000183960
EFHB	3	19879472	19947025	-	ENSG00000163576
RAB5A	3	19947097	19985178	+	ENSG00000144566
PP2D1	3	19979961	20012267	-	ENSG00000183977
KAT2B	3	20040400	20154404	+	ENSG00000114166
SGO1	3	20160593	20186782	-	ENSG00000129810
ZNF385D	3	21412218	22373321	-	ENSG00000151789
UBE2E2	3	23203020	23591794	+	ENSG00000182247
UBE2E1	3	23805955	23891640	+	ENSG00000170142
NKIRAS1	3	23889951	23946591	-	ENSG00000197885
RPL15	3	23916591	23924374	+	ENSG00000174748
NR1D2	3	23945286	23980637	+	ENSG00000174738
THRB	3	24117153	24495756	-	ENSG00000151090
RARB	3	24687887	25597932	+	ENSG00000077092
TOP2B	3	25597978	25664973	-	ENSG00000077097
NGLY1	3	25718717	25790039	-	ENSG00000151092
OXSM	3	25782917	25796834	+	ENSG00000151093
LRRC3B	3	26622772	26717537	+	ENSG00000179796
NEK10	3	27106484	27369460	-	ENSG00000163491
SLC4A7	3	27372723	27484451	-	ENSG00000033867
EOMES	3	27715949	27722711	-	ENSG00000163508
CMC1	3	28241584	28325142	+	ENSG00000187118
AZI2	3	28315003	28349050	-	ENSG00000163512
ZCWPW2	3	28348721	28538122	+	ENSG00000206559
RBMS3	3	28574791	30010391	+	ENSG00000144642
TGFBR2	3	30606478	30694249	+	ENSG00000163513
GADL1	3	30726197	30894761	-	ENSG00000144644
STT3B	3	31532521	31638548	+	ENSG00000163527
OSBPL10	3	31657888	32077580	-	ENSG00000144645
ZNF860	3	31981722	31991723	+	ENSG00000197385
GPD1L	3	32105689	32168715	+	ENSG00000152642
CMTM8	3	32237207	32370699	+	ENSG00000170293
CMTM7	3	32391686	32483067	+	ENSG00000153551
CMTM6	3	32474175	32502852	-	ENSG00000091317
DYNC1LI1	3	32525974	32570900	-	ENSG00000144635
CNOT10	3	32685139	32773875	+	ENSG00000182973
TRIM71	3	32817526	32897824	+	ENSG00000206557
CCR4	3	32951644	32957120	+	ENSG00000183813
GLB1	3	32996609	33097202	-	ENSG00000170266
TMPPE	3	33090421	33097146	-	ENSG00000188167
CRTAP	3	33113956	33147773	+	ENSG00000170275
SUSD5	3	33150043	33218810	-	ENSG00000173705
FBXL2	3	33277025	33403662	+	ENSG00000153558
UBP1	3	33388336	33441407	-	ENSG00000153560
CLASP2	3	33496187	33718414	-	ENSG00000163539
PDCD6IP	3	33798571	33869707	+	ENSG00000170248
ARPP21	3	35638945	35794496	+	ENSG00000172995
STAC	3	36380321	36548045	+	ENSG00000144681
DCLK3	3	36712421	36764553	-	ENSG00000163673
TRANK1	3	36826817	36945057	-	ENSG00000168016
EPM2AIP1	3	36985043	36993131	-	ENSG00000178567
MLH1	3	36993226	37050896	+	ENSG00000076242
LRRFIP2	3	37052626	37183689	-	ENSG00000093167
GOLGA4	3	37243184	37366879	+	ENSG00000144674
ITGA9	3	37452090	37823507	+	ENSG00000144668
CTDSPL	3	37861880	37984469	+	ENSG00000144677
VILL	3	37987978	38007188	+	ENSG00000136059
PLCD1	3	38007496	38029675	-	ENSG00000187091
DLEC1	3	38039205	38124025	+	ENSG00000008226
ACAA1	3	38103129	38137647	-	ENSG00000060971
MYD88	3	38138552	38143024	+	ENSG00000172936
OXSR1	3	38165089	38255484	+	ENSG00000172939
SLC22A13	3	38265812	38278757	+	ENSG00000172940
SLC22A14	3	38282294	38318575	+	ENSG00000144671
XYLB	3	38346760	38421348	+	ENSG00000093217
ACVR2B	3	38453890	38493142	+	ENSG00000114739
EXOG	3	38496127	38542161	+	ENSG00000157036
SCN5A	3	38548057	38649743	-	ENSG00000183873
SCN10A	3	38696802	38816286	-	ENSG00000185313
SCN11A	3	38845764	39052157	-	ENSG00000168356
WDR48	3	39051999	39096671	+	ENSG00000114742
GORASP1	3	39095222	39108369	-	ENSG00000114745
TTC21A	3	39107194	39140973	+	ENSG00000168026
CSRNP1	3	39141854	39154852	-	ENSG00000144655
XIRP1	3	39183210	39192599	-	ENSG00000168334
CX3CR1	3	39263495	39281735	-	ENSG00000168329
CCR8	3	39329709	39336269	+	ENSG00000179934
SLC25A38	3	39383347	39397351	+	ENSG00000144659
RPSA	3	39406709	39426255	+	ENSG00000168028
MOBP	3	39467172	39529479	+	ENSG00000168314
MYRIP	3	39808914	40260321	+	ENSG00000170011
EIF1B	3	40309707	40312424	+	ENSG00000114784
ENTPD3	3	40387184	40428744	+	ENSG00000168032
RPL14	3	40457292	40468587	+	ENSG00000188846
ZNF619	3	40477113	40491053	+	ENSG00000177873
ZNF620	3	40477131	40518736	+	ENSG00000177842
ZNF621	3	40524878	40574685	+	ENSG00000172888
CTNNB1	3	41194741	41260096	+	ENSG00000168036
ULK4	3	41246599	41962130	-	ENSG00000168038
TRAK1	3	42013624	42225890	+	ENSG00000182606
CCK	3	42257823	42266185	-	ENSG00000187094
LYZL4	3	42397083	42410610	-	ENSG00000157093
VIPR1	3	42489299	42537688	+	ENSG00000114812
SEC22C	3	42547969	42601168	-	ENSG00000093183
SS18L2	3	42581840	42596934	+	ENSG00000008324
NKTR	3	42600471	42648738	+	ENSG00000114857
ZBTB47	3	42652900	42667580	+	ENSG00000114853
KLHL40	3	42685447	42695064	+	ENSG00000157119
HHATL	3	42692661	42703260	-	ENSG00000010282
CCDC13	3	42705756	42773253	-	ENSG00000244607
HIGD1A	3	42782908	42804527	-	ENSG00000181061
ACKR2	3	42804586	42887974	+	ENSG00000144648
CYP8B1	3	42856005	42875898	-	ENSG00000180432
ZNF662	3	42905941	42919334	+	ENSG00000182983
KRBOX1	3	42936386	42942792	+	ENSG00000240747
GASK1A	3	42979087	43067898	+	ENSG00000144649
POMGNT2	3	43079229	43106085	-	ENSG00000144647
SNRK	3	43286510	43424764	+	ENSG00000163788
ANO10	3	43354859	43691594	-	ENSG00000160746
ABHD5	3	43690108	43734371	+	ENSG00000011198
TOPAZ1	3	44241886	44332098	+	ENSG00000173769
TCAIM	3	44338119	44409451	+	ENSG00000179152
ZNF445	3	44431705	44477693	-	ENSG00000185219
ZNF852	3	44491766	44510636	-	ENSG00000178917
ZKSCAN7	3	44555193	44594173	+	ENSG00000196345
ZNF660	3	44578223	44599694	+	ENSG00000144792
ZNF197	3	44584888	44648471	+	ENSG00000186448
ZNF35	3	44648732	44660791	+	ENSG00000169981
ZNF502	3	44712640	44723831	+	ENSG00000196653
ZNF501	3	44729593	44737936	+	ENSG00000186446
KIAA1143	3	44737661	44762033	-	ENSG00000163807
KIF15	3	44761721	44873376	+	ENSG00000163808
TMEM42	3	44861889	44865670	+	ENSG00000169964
TGM4	3	44874608	44914990	+	ENSG00000163810
ZDHHC3	3	44915257	44976185	-	ENSG00000163812
EXOSC7	3	44975241	45036066	+	ENSG00000075914
CLEC3B	3	45001548	45036071	+	ENSG00000163815
CDCP1	3	45082277	45146453	-	ENSG00000163814
TMEM158	3	45224466	45226287	-	ENSG00000249992
LARS2	3	45388527	45554726	+	ENSG00000011376
LIMD1	3	45555394	45686341	+	ENSG00000144791
SACM1L	3	45689056	45745425	+	ENSG00000211456
SLC6A20	3	45755449	45796591	-	ENSG00000163817
LZTFL1	3	45823316	45916042	-	ENSG00000163818
CCR9	3	45884425	45904311	+	ENSG00000173585
FYCO1	3	45917903	45995838	-	ENSG00000163820
CXCR6	3	45940933	45948353	+	ENSG00000172215
XCR1	3	46016990	46085825	-	ENSG00000173578
CCR3	3	46130890	46266706	+	ENSG00000183625
CCR1	3	46201711	46208378	-	ENSG00000163823
CCR2	3	46353864	46360940	+	ENSG00000121807
CCR5	3	46370946	46376206	+	ENSG00000160791
CCRL2	3	46407144	46412997	+	ENSG00000121797
LTF	3	46435645	46485234	-	ENSG00000012223
RTP3	3	46494611	46500950	+	ENSG00000163825
LRRC2	3	46515385	46607097	-	ENSG00000163827
CRIPTO	3	46573633	46584684	+	ENSG00000241186
FAM240A	3	46612525	46626543	+	ENSG00000283473
ALS2CL	3	46668994	46694071	-	ENSG00000178038
TMIE	3	46694528	46710886	+	ENSG00000181585
PRSS50	3	46712117	46717869	-	ENSG00000283706
MYL3	3	46835109	46885911	-	ENSG00000160808
PTH1R	3	46877721	46903799	+	ENSG00000160801
CCDC12	3	46916634	46982010	-	ENSG00000160799
NBEAL2	3	46979666	47009707	+	ENSG00000160796
SETD2	3	47016428	47164113	-	ENSG00000181555
KIF9	3	47227998	47283451	-	ENSG00000088727
KLHL18	3	47282633	47346816	+	ENSG00000114648
PTPN23	3	47381011	47413442	+	ENSG00000076201
SCAP	3	47413681	47477126	-	ENSG00000114650
ELP6	3	47495640	47513712	-	ENSG00000163832
CSPG5	3	47562238	47580792	-	ENSG00000114646
SMARCC1	3	47585269	47782106	-	ENSG00000173473
DHX30	3	47802641	47851617	+	ENSG00000132153
MAP4	3	47850678	48089295	-	ENSG00000047849
CDC25A	3	48157146	48188417	-	ENSG00000164045
CAMP	3	48223347	48225491	+	ENSG00000164047
ZNF589	3	48241100	48299253	+	ENSG00000164048
NME6	3	48290288	48301685	-	ENSG00000172113
SPINK8	3	48306842	48333661	-	ENSG00000229453
FBXW12	3	48372219	48401259	+	ENSG00000164049
PLXNB1	3	48403849	48430499	-	ENSG00000164050
CCDC51	3	48432164	48440456	-	ENSG00000164051
TMA7	3	48440213	48444218	+	ENSG00000232112
ATRIP	3	48446710	48467645	+	ENSG00000164053
TREX1	3	48465811	48467645	+	ENSG00000213689
SHISA5	3	48467798	48504826	-	ENSG00000164054
PFKFB4	3	48517684	48562015	-	ENSG00000114268
UCN2	3	48561718	48563781	-	ENSG00000145040
COL7A1	3	48564073	48595329	-	ENSG00000114270
UQCRC1	3	48599002	48610976	-	ENSG00000010256
TMEM89	3	48620759	48621769	-	ENSG00000183396
SLC26A6	3	48625718	48635493	-	ENSG00000225697
CELSR3	3	48636463	48662886	-	ENSG00000008300
NCKIPSD	3	48673841	48686364	-	ENSG00000213672
IP6K2	3	48688003	48740353	-	ENSG00000068745
PRKAR2A	3	48744591	48847874	-	ENSG00000114302
SLC25A20	3	48856926	48898904	-	ENSG00000178537
ARIH2	3	48918821	48986382	+	ENSG00000177479
P4HTM	3	48989889	49007153	+	ENSG00000178467
WDR6	3	49007062	49015953	+	ENSG00000178252
DALRD3	3	49015488	49022293	-	ENSG00000178149
NDUFAF3	3	49020459	49023495	+	ENSG00000178057
IMPDH2	3	49024321	49029452	-	ENSG00000178035
QRICH1	3	49029707	49094545	-	ENSG00000198218
QARS1	3	49095932	49105130	-	ENSG00000172053
USP19	3	49108046	49120938	-	ENSG00000172046
LAMB2	3	49121113	49133118	-	ENSG00000172037
CCDC71	3	49161063	49166331	-	ENSG00000177352
KLHDC8B	3	49171239	49176487	+	ENSG00000185909
CIMIP7	3	49177634	49191858	-	ENSG00000236980
IHO1	3	49198428	49258106	+	ENSG00000173421
C3orf62	3	49268596	49277232	-	ENSG00000188315
USP4	3	49277144	49340712	-	ENSG00000114316
GPX1	3	49357174	49358605	-	ENSG00000233276
RHOA	3	49359136	49412998	-	ENSG00000067560
TCTA	3	49412212	49416476	+	ENSG00000145022
AMT	3	49416778	49422685	-	ENSG00000145020
NICN1	3	49422333	49429326	-	ENSG00000145029
DAG1	3	49468649	49535619	+	ENSG00000173402
BSN	3	49554477	49671549	+	ENSG00000164061
APEH	3	49673981	49683971	+	ENSG00000164062
MST1	3	49683947	49689501	-	ENSG00000173531
RNF123	3	49688740	49721532	+	ENSG00000164068
AMIGO3	3	49716829	49719684	-	ENSG00000176020
GMPPB	3	49716844	49723985	-	ENSG00000173540
IP6K1	3	49724294	49786546	-	ENSG00000176095
CDHR4	3	49790732	49799873	-	ENSG00000187492
INKA1	3	49803240	49805030	+	ENSG00000185614
UBA7	3	49805205	49814151	-	ENSG00000182179
TRAIP	3	49828595	49856597	-	ENSG00000183763
CAMKV	3	49857214	49869935	-	ENSG00000164076
MST1R	3	49886902	49906130	-	ENSG00000164078
MON1A	3	49907160	49930173	-	ENSG00000164077
RBM6	3	49940007	50100045	+	ENSG00000004534
RBM5	3	50088919	50119021	+	ENSG00000003756
SEMA3F	3	50155012	50189075	+	ENSG00000001617
GNAT1	3	50191610	50197696	+	ENSG00000114349
SLC38A3	3	50202871	50221504	+	ENSG00000188338
GNAI2	3	50226292	50259362	+	ENSG00000114353
SEMA3B	3	50267542	50277546	+	ENSG00000012171
LSMEM2	3	50279030	50288116	+	ENSG00000179564
IFRD2	3	50287732	50292918	-	ENSG00000214706
HYAL3	3	50292831	50299405	-	ENSG00000186792
NAA80	3	50296402	50299416	-	ENSG00000243477
HYAL1	3	50299883	50312890	-	ENSG00000114378
HYAL2	3	50315845	50324687	-	ENSG00000068001
TUSC2	3	50320027	50328251	-	ENSG00000114383
RASSF1	3	50329782	50340980	-	ENSG00000068028
ZMYND10	3	50341110	50345732	-	ENSG00000004838
NPRL2	3	50347330	50350826	-	ENSG00000114388
CYB561D2	3	50350839	50358460	+	ENSG00000114395
TMEM115	3	50354749	50359521	-	ENSG00000126062
CACNA2D2	3	50362613	50504244	-	ENSG00000007402
C3orf18	3	50558025	50573568	-	ENSG00000088543
HEMK1	3	50567895	50596168	+	ENSG00000114735
CISH	3	50606456	50611774	-	ENSG00000114737
MAPKAPK3	3	50611487	50651017	+	ENSG00000114738
DOCK3	3	50674927	51384198	+	ENSG00000088538
MANF	3	51385291	51389397	+	ENSG00000145050
RBM15B	3	51391285	51397908	+	ENSG00000259956
DCAF1	3	51395867	51500088	-	ENSG00000145041
RAD54L2	3	51538666	51668667	+	ENSG00000164080
TEX264	3	51662693	51704323	+	ENSG00000164081
GRM2	3	51707061	51718616	+	ENSG00000164082
IQCF6	3	51778561	51779241	-	ENSG00000214686
IQCF3	3	51826883	51833389	+	ENSG00000229972
IQCF2	3	51861615	51863424	+	ENSG00000184345
IQCF5	3	51873721	51875601	-	ENSG00000214681
IQCF1	3	51894876	51903353	-	ENSG00000173389
RRP9	3	51933425	51941944	-	ENSG00000114767
PARP3	3	51942252	51948871	+	ENSG00000041880
GPR62	3	51955381	51957499	+	ENSG00000180929
PCBP4	3	51957448	51974016	-	ENSG00000090097
ABHD14B	3	51968510	51983409	-	ENSG00000114779
ABHD14A	3	51971426	51981197	+	ENSG00000248487
ABHD14A-ACY1	3	51974706	51989183	+	ENSG00000114786
ACY1	3	51983047	51989205	+	ENSG00000243989
RPL29	3	51993522	51995953	-	ENSG00000162244
DUSP7	3	52048919	52056571	-	ENSG00000164086
POC1A	3	52074590	52154735	-	ENSG00000164087
ALAS1	3	52198086	52214585	+	ENSG00000023330
TLR9	3	52221080	52225645	-	ENSG00000239732
TWF2	3	52228612	52246788	-	ENSG00000247596
PPM1M	3	52245741	52250616	+	ENSG00000164088
WDR82	3	52254434	52288020	-	ENSG00000164091
GLYCTK	3	52286945	52295273	+	ENSG00000168237
DNAH1	3	52316319	52400492	+	ENSG00000114841
BAP1	3	52401008	52410008	-	ENSG00000163930
PHF7	3	52410507	52427966	+	ENSG00000010318
SEMA3G	3	52433035	52445103	-	ENSG00000010319
TNNC1	3	52451100	52454041	-	ENSG00000114854
NISCH	3	52455118	52493068	+	ENSG00000010322
STAB1	3	52495337	52524512	+	ENSG00000010327
NT5DC2	3	52524370	52535054	-	ENSG00000168268
UQCC5	3	52533950	52579237	+	ENSG00000168273
PBRM1	3	52544735	52685966	-	ENSG00000163939
GNL3	3	52681156	52696160	+	ENSG00000163938
GLT8D1	3	52694153	52706368	-	ENSG00000016864
SPCS1	3	52704955	52711148	+	ENSG00000114902
NEK4	3	52708444	52770973	-	ENSG00000114904
ITIH1	3	52777567	52792068	+	ENSG00000055957
ITIH3	3	52794450	52809881	+	ENSG00000162267
ITIH4	3	52812918	52831069	-	ENSG00000055955
MUSTN1	3	52833114	52835019	-	ENSG00000272573
STIMATE-MUSTN1	3	52833121	52897562	-	ENSG00000248592
STIMATE	3	52836219	52897578	-	ENSG00000213533
SFMBT1	3	52903564	53046750	-	ENSG00000163935
RFT1	3	53066853	53130472	-	ENSG00000163933
PRKCD	3	53156009	53192717	+	ENSG00000163932
TKT	3	53224712	53256052	-	ENSG00000163931
DCP1A	3	53283429	53347683	-	ENSG00000272886
CACNA1D	3	53328963	53813733	+	ENSG00000157388
CHDH	3	53812335	53846466	-	ENSG00000016391
IL17RB	3	53845783	53866045	+	ENSG00000056736
ACTR8	3	53863038	53882198	-	ENSG00000113812
SELENOK	3	53884417	53891885	-	ENSG00000113811
CACNA2D3	3	54122427	55074557	+	ENSG00000157445
LRTM1	3	54918231	54967088	-	ENSG00000144771
WNT5A	3	55465715	55490539	-	ENSG00000114251
ERC2	3	55508286	56469095	-	ENSG00000187672
CCDC66	3	56557161	56621837	+	ENSG00000180376
TASOR	3	56620132	56683265	-	ENSG00000163946
ARHGEF3	3	56727418	57079329	-	ENSG00000163947
SPATA12	3	57060664	57075432	+	ENSG00000186451
IL17RD	3	57089982	57170306	-	ENSG00000144730
HESX1	3	57197838	57227606	-	ENSG00000163666
APPL1	3	57227726	57278127	+	ENSG00000157500
ASB14	3	57268342	57292685	-	ENSG00000239388
DNAH12	3	57293699	57544344	-	ENSG00000174844
PDE12	3	57556274	57656480	+	ENSG00000174840
ARF4	3	57571363	57598220	-	ENSG00000168374
DENND6A	3	57625454	57693127	-	ENSG00000174839
SLMAP	3	57755450	57931461	+	ENSG00000163681
FLNB	3	58008398	58172251	+	ENSG00000136068
DNASE1L3	3	58192257	58214697	-	ENSG00000163687
ABHD6	3	58237516	58295693	+	ENSG00000163686
RPP14	3	58306245	58324695	+	ENSG00000163684
HTD2	3	58306262	58320193	+	ENSG00000255154
PXK	3	58332686	58426746	+	ENSG00000168297
PDHB	3	58427630	58434012	-	ENSG00000168291
KCTD6	3	58491078	58502360	+	ENSG00000168301
ACOX2	3	58504544	58537387	-	ENSG00000168306
FAM107A	3	58564117	58627651	-	ENSG00000168309
FAM3D	3	58633941	58666877	-	ENSG00000198643
CFAP20DC	3	58717365	59050084	-	ENSG00000163689
FHIT	3	59747277	61251459	-	ENSG00000189283
PTPRG	3	61561569	62297609	+	ENSG00000144724
CEP15	3	62319015	62336213	+	ENSG00000114405
FEZF2	3	62369681	62374473	-	ENSG00000153266
CADPS	3	62398346	62875563	-	ENSG00000163618
SYNPR	3	63228315	63616924	+	ENSG00000163630
SNTN	3	63652675	63679020	+	ENSG00000188817
C3orf49	3	63819299	63848636	+	ENSG00000163632
THOC7	3	63833870	63863868	-	ENSG00000163634
ATXN7	3	63863155	64003558	+	ENSG00000163635
PSMD6	3	64010549	64024010	-	ENSG00000163636
PRICKLE2	3	64092236	64445476	-	ENSG00000163637
ADAMTS9	3	64515654	64688000	-	ENSG00000163638
MAGI1	3	65353525	66038918	-	ENSG00000151276
SLC25A26	3	66133610	66388116	+	ENSG00000144741
LRIG1	3	66378794	66501263	-	ENSG00000144749
KBTBD8	3	66998307	67011210	+	ENSG00000163376
SUCLG2	3	67360460	67654624	-	ENSG00000172340
TAFA1	3	68004247	68545621	+	ENSG00000183662
TAFA4	3	68731764	68953297	-	ENSG00000163377
EOGT	3	68975217	69013684	-	ENSG00000163378
TMF1	3	69019827	69052339	-	ENSG00000144747
UBA3	3	69054716	69080408	-	ENSG00000144744
ARL6IP5	3	69084937	69106092	+	ENSG00000144746
LMOD3	3	69106065	69123032	-	ENSG00000163380
FRMD4B	3	69168782	69542583	-	ENSG00000114541
MITF	3	69738536	69968336	+	ENSG00000187098
MDFIC2	3	70194479	70312638	-	ENSG00000242120
FOXP1	3	70954693	71584009	-	ENSG00000114861
EIF4E3	3	71675414	71754773	-	ENSG00000163412
GPR27	3	71753855	71756496	+	ENSG00000170837
PROK2	3	71771655	71785206	-	ENSG00000163421
RYBP	3	72371825	72446621	-	ENSG00000163602
SHQ1	3	72749277	72861914	-	ENSG00000144736
GXYLT2	3	72888046	72998138	+	ENSG00000172986
PPP4R2	3	72996803	73069198	+	ENSG00000163605
EBLN2	3	73061659	73063337	+	ENSG00000255423
PDZRN3	3	73382431	73624941	-	ENSG00000121440
CNTN3	3	74262568	74614698	-	ENSG00000113805
FRG2C	3	75664328	75667220	+	ENSG00000172969
ZNF717	3	75678660	75785591	-	ENSG00000227124
ROBO2	3	75906695	77649964	+	ENSG00000185008
ROBO1	3	78597239	79767998	-	ENSG00000169855
GBE1	3	81489699	81761781	-	ENSG00000114480
CADM2	3	84958989	86074429	+	ENSG00000175161
VGLL3	3	86876388	86991149	-	ENSG00000206538
CHMP2B	3	87227271	87255556	+	ENSG00000083937
POU1F1	3	87259404	87276584	-	ENSG00000064835
HTR1F	3	87792704	87993839	+	ENSG00000179097
CGGBP1	3	88051944	88149885	-	ENSG00000163320
ZNF654	3	88058723	88144662	+	ENSG00000175105
C3orf38	3	88149647	88168729	+	ENSG00000179021
CSNK2A2IP	3	88338416	88467594	+	ENSG00000283434
EPHA3	3	89107522	89482437	+	ENSG00000044524
PROS1	3	93873046	93980003	-	ENSG00000184500
ARL13B	3	93980139	94055678	+	ENSG00000169379
STX19	3	94012043	94028654	-	ENSG00000178750
DHFR2	3	94047836	94063389	-	ENSG00000178700
NSUN3	3	94062980	94131832	+	ENSG00000178694
EPHA6	3	96814581	97761532	+	ENSG00000080224
ARL6	3	97764521	97801229	+	ENSG00000113966
CRYBG3	3	97822011	97944984	+	ENSG00000080200
RIOX2	3	97941815	97972457	-	ENSG00000170854
GABRR3	3	97985102	98035315	-	ENSG00000183185
OR5AC1	3	98064472	98065396	+	ENSG00000213439
OR5AC2	3	98087173	98088102	+	ENSG00000196578
OR5H1	3	98130721	98138548	+	ENSG00000231192
OR5H14	3	98147479	98156614	+	ENSG00000236032
OR5H15	3	98166696	98169774	+	ENSG00000233412
OR5H6	3	98263252	98265356	+	ENSG00000230301
OR5H2	3	98282505	98284070	+	ENSG00000197938
OR5H8	3	98306752	98312843	+	ENSG00000232535
OR5K4	3	98353854	98354819	+	ENSG00000196098
OR5K3	3	98390666	98391631	+	ENSG00000206536
OR5K1	3	98463201	98472924	+	ENSG00000232382
OR5K2	3	98497681	98498631	+	ENSG00000231861
CLDND1	3	98497912	98523066	-	ENSG00000080822
GPR15	3	98531978	98534681	+	ENSG00000154165
CPOX	3	98579446	98593707	-	ENSG00000080819
ST3GAL6	3	98732175	98821201	+	ENSG00000064225
DCBLD2	3	98795941	98901729	-	ENSG00000057019
COL8A1	3	99638426	99799226	+	ENSG00000144810
CMSS1	3	99817837	100181732	+	ENSG00000184220
FILIP1L	3	99828811	100114513	-	ENSG00000168386
TBC1D23	3	100260780	100325251	+	ENSG00000036054
NIT2	3	100334625	100361635	+	ENSG00000114021
TOMM70	3	100363431	100401111	-	ENSG00000154174
LNP1	3	100401192	100457563	+	ENSG00000206535
TMEM45A	3	100492219	100579281	+	ENSG00000181458
ADGRG7	3	100609601	100695479	+	ENSG00000144820
TFG	3	100709295	100748965	+	ENSG00000114354
ABI3BP	3	100749155	100993515	-	ENSG00000154175
IMPG2	3	101222546	101320575	-	ENSG00000081148
SENP7	3	101324205	101513241	-	ENSG00000138468
TRMT10C	3	101561868	101566446	+	ENSG00000174173
PCNP	3	101574180	101594465	+	ENSG00000081154
ZBTB11	3	101648889	101677135	-	ENSG00000066422
RPL24	3	101681091	101686757	-	ENSG00000114391
CEP97	3	101724534	101770562	+	ENSG00000182504
NXPE3	3	101778900	101843743	+	ENSG00000144815
NFKBIZ	3	101827991	101861022	+	ENSG00000144802
ZPLD1	3	102099244	102479841	+	ENSG00000170044
ALCAM	3	105366706	105576909	+	ENSG00000170017
CBLB	3	105655461	105869552	-	ENSG00000114423
CCDC54	3	107377439	107378635	+	ENSG00000138483
BBX	3	107522936	107811339	+	ENSG00000114439
CD47	3	108043091	108091862	-	ENSG00000196776
IFT57	3	108160812	108222553	-	ENSG00000114446
HHLA2	3	108295334	108379814	+	ENSG00000114455
MYH15	3	108380368	108529322	-	ENSG00000144821
CIP2A	3	108549864	108589644	-	ENSG00000163507
DZIP3	3	108589480	108694846	+	ENSG00000198919
RETNLB	3	108743424	108757410	-	ENSG00000163515
TRAT1	3	108822770	108855005	+	ENSG00000163519
GUCA1C	3	108907792	108953879	-	ENSG00000138472
MORC1	3	108958248	109118134	-	ENSG00000114487
C3orf85	3	109118252	109152132	+	ENSG00000241224
DPPA2	3	109293788	109316517	-	ENSG00000163530
DPPA4	3	109326144	109337591	-	ENSG00000121570
NECTIN3	3	111070071	111275563	+	ENSG00000177707
CD96	3	111292719	111665996	+	ENSG00000153283
ZBED2	3	111592900	111595346	-	ENSG00000177494
PLCXD2	3	111674676	111846447	+	ENSG00000240891
PHLDB2	3	111732403	111976837	+	ENSG00000144824
ABHD10	3	111978972	111993368	+	ENSG00000144827
TAGLN3	3	111998739	112013888	+	ENSG00000144834
TMPRSS7	3	112034736	112081269	+	ENSG00000176040
C3orf52	3	112086335	112131004	+	ENSG00000114529
GCSAM	3	112120839	112133270	-	ENSG00000174500
SLC9C1	3	112140898	112294227	-	ENSG00000172139
CD200	3	112332235	112363181	+	ENSG00000091972
BTLA	3	112461067	112499668	-	ENSG00000186265
ATG3	3	112532510	112562046	-	ENSG00000144848
SLC35A5	3	112561269	112587350	+	ENSG00000138459
CCDC80	3	112596797	112649530	-	ENSG00000091986
CD200R1L	3	112815709	112846864	-	ENSG00000206531
CD200R1	3	112921205	112975103	-	ENSG00000163606
GTPBP8	3	112990978	113015060	+	ENSG00000163607
NEPRO	3	113002444	113019861	-	ENSG00000163608
BOC	3	113210846	113287463	+	ENSG00000144857
CFAP44	3	113286930	113441610	-	ENSG00000206530
SPICE1-CFAP44	3	113361901	113515151	-	ENSG00000285943
SPICE1	3	113442718	113515606	-	ENSG00000163611
SIDT1	3	113532400	113629714	+	ENSG00000072858
USF3	3	113648385	113696646	-	ENSG00000176542
NAA50	3	113716458	113746786	-	ENSG00000121579
ATP6V1A	3	113746770	113812056	+	ENSG00000114573
GRAMD1C	3	113828182	113947179	+	ENSG00000178075
ZDHHC23	3	113947901	113965401	+	ENSG00000184307
CCDC191	3	113964137	114056594	-	ENSG00000163617
QTRT2	3	114005833	114088542	+	ENSG00000151576
DRD3	3	114127580	114199407	-	ENSG00000151577
ZNF80	3	114234631	114237578	-	ENSG00000174255
TIGIT	3	114276913	114310288	+	ENSG00000181847
ZBTB20	3	114314500	115147356	-	ENSG00000181722
GAP43	3	115623510	115721490	+	ENSG00000172020
LSAMP	3	115802374	117997592	-	ENSG00000185565
LINC03051	3	117672154	117997592	-	ENSG00000239268
IGSF11	3	118900557	119146068	-	ENSG00000144847
TEX55	3	119146151	119160042	+	ENSG00000163424
UPK1B	3	119173517	119205152	+	ENSG00000114638
B4GALT4	3	119211628	119240952	-	ENSG00000121578
ARHGAP31	3	119294352	119420714	+	ENSG00000031081
TMEM39A	3	119428949	119468854	-	ENSG00000176142
POGLUT1	3	119468963	119494708	+	ENSG00000163389
TIMMDC1	3	119498515	119525090	+	ENSG00000113845
CD80	3	119523898	119569324	-	ENSG00000121594
ADPRH	3	119579268	119590165	+	ENSG00000144843
PLA1A	3	119597808	119629816	+	ENSG00000144837
POPDC2	3	119636457	119665324	-	ENSG00000121577
COX17	3	119654513	119677621	-	ENSG00000138495
CFAP91	3	119703022	119767102	+	ENSG00000183833
NR1I2	3	119780484	119818487	+	ENSG00000144852
GSK3B	3	119821321	120094994	-	ENSG00000082701
GPR156	3	120164645	120285426	-	ENSG00000175697
LRRC58	3	120324509	120349409	-	ENSG00000163428
FSTL1	3	120392293	120451241	-	ENSG00000163430
NDUFB4	3	120596303	120602507	+	ENSG00000065518
HGD	3	120628165	120682385	-	ENSG00000113924
RABL3	3	120684938	120742993	-	ENSG00000144840
GTF2E1	3	120742370	120783368	+	ENSG00000153767
STXBP5L	3	120908072	121424761	+	ENSG00000145087
POLQ	3	121431426	121546002	-	ENSG00000051341
ARGFX	3	121567949	121590622	+	ENSG00000186103
FBXO40	3	121592886	121630434	+	ENSG00000163833
HCLS1	3	121631399	121660927	-	ENSG00000180353
GOLGB1	3	121663199	121749966	-	ENSG00000173230
IQCB1	3	121769399	121835093	-	ENSG00000173226
EAF2	3	121835183	121886526	+	ENSG00000145088
SLC15A2	3	121894391	121944188	+	ENSG00000163406
ILDR1	3	121987323	122022274	-	ENSG00000145103
CD86	3	122055362	122121139	+	ENSG00000114013
CASR	3	122183668	122291629	+	ENSG00000036828
CSTA	3	122325248	122341969	+	ENSG00000121552
MIX23	3	122359587	122383239	-	ENSG00000160124
FAM162A	3	122384161	122412334	+	ENSG00000114023
WDR5B	3	122411846	122416464	-	ENSG00000196981
KPNA1	3	122421902	122514947	-	ENSG00000114030
PARP9	3	122527910	122565478	-	ENSG00000138496
DTX3L	3	122564338	122575203	+	ENSG00000163840
PARP15	3	122577602	122639047	+	ENSG00000173200
PARP14	3	122680839	122730840	+	ENSG00000173193
HSPBAP1	3	122739981	122793831	-	ENSG00000169087
SLC49A4	3	122795069	122881139	+	ENSG00000138463
SEMA5B	3	122908792	123028605	-	ENSG00000082684
PDIA5	3	123067025	123225227	+	ENSG00000065485
SEC22A	3	123201859	123274136	+	ENSG00000121542
ADCY5	3	123282296	123449090	-	ENSG00000173175
HACD2	3	123490820	123585081	-	ENSG00000206527
MYLK	3	123610049	123884375	-	ENSG00000065534
CCDC14	3	123897305	123961435	-	ENSG00000175455
ROPN1	3	123968521	123992178	-	ENSG00000065371
KALRN	3	124033369	124726325	+	ENSG00000160145
UMPS	3	124730433	124749273	+	ENSG00000114491
ITGB5	3	124761948	124901418	-	ENSG00000082781
MUC13	3	124905440	124953819	-	ENSG00000173702
HEG1	3	124965710	125055997	-	ENSG00000173706
SLC12A8	3	125082636	125213229	-	ENSG00000221955
ZNF148	3	125225669	125375842	-	ENSG00000163848
SNX4	3	125446644	125520233	-	ENSG00000114520
OSBPL11	3	125528858	125595592	-	ENSG00000144909
ROPN1B	3	125969160	125983454	+	ENSG00000114547
SLC41A3	3	126005662	126101561	-	ENSG00000114544
ALDH1L1	3	126103561	126197994	-	ENSG00000144908
KLF15	3	126342635	126357458	-	ENSG00000163884
CFAP100	3	126394656	126436556	+	ENSG00000163885
ZXDC	3	126437601	126475993	-	ENSG00000070476
UROC1	3	126481165	126517777	-	ENSG00000159650
CHST13	3	126524155	126543291	+	ENSG00000180767
C3orf22	3	126526999	126558965	-	ENSG00000180697
TXNRD3	3	126571779	126655124	-	ENSG00000197763
CHCHD6	3	126704214	126960420	+	ENSG00000159685
PLXNA1	3	126982693	127037389	+	ENSG00000114554
PRR23E	3	127193131	127198185	+	ENSG00000214324
PRR20G	3	127283783	127288046	-	ENSG00000239620
TPRA1	3	127571232	127598318	-	ENSG00000163870
MCM2	3	127598223	127622437	+	ENSG00000073111
PODXL2	3	127629143	127672810	+	ENSG00000114631
ABTB1	3	127672906	127680926	+	ENSG00000114626
MGLL	3	127689062	128052190	-	ENSG00000074416
KBTBD12	3	127915207	127989100	+	ENSG00000187715
SEC61A1	3	128051641	128071705	+	ENSG00000058262
RUVBL1	3	128064778	128153914	-	ENSG00000175792
EEFSEC	3	128153433	128409356	+	ENSG00000132394
DNAJB8	3	128462437	128466968	-	ENSG00000179407
GATA2	3	128479423	128493208	-	ENSG00000179348
RPN1	3	128619968	128681075	-	ENSG00000163902
RAB7A	3	128693669	128825942	+	ENSG00000075785
ACAD9	3	128879596	128924003	+	ENSG00000177646
CFAP92	3	128909866	129002690	-	ENSG00000114656
EFCC1	3	129001304	129040742	+	ENSG00000114654
GP9	3	129060779	129062435	+	ENSG00000169704
RAB43	3	129087569	129123694	-	ENSG00000172780
ISY1-RAB43	3	129087575	129161036	-	ENSG00000261796
ISY1	3	129127415	129161349	-	ENSG00000240682
CNBP	3	129167818	129184008	-	ENSG00000169714
COPG1	3	129249576	129278065	+	ENSG00000181789
HMCES	3	129278441	129306189	+	ENSG00000183624
H1-10	3	129314771	129316286	-	ENSG00000184897
EFCAB12	3	129401321	129428636	-	ENSG00000172771
IFT122	3	129429607	129520510	+	ENSG00000163913
MBD4	3	129430947	129440543	-	ENSG00000129071
RHO	3	129528639	129535344	+	ENSG00000163914
H1-8	3	129543175	129551467	+	ENSG00000178804
PLXND1	3	129555213	129606681	-	ENSG00000004399
TMCC1	3	129647792	129893778	-	ENSG00000172765
TRH	3	129974688	129977935	+	ENSG00000170893
ALG1L2	3	130081831	130113227	+	ENSG00000251287
COL6A5	3	130345516	130484846	+	ENSG00000172752
COL6A6	3	130517177	130677044	+	ENSG00000206384
PIK3R4	3	130678934	130746829	-	ENSG00000196455
ATP2C1	3	130850511	131016712	+	ENSG00000017260
ASTE1	3	131013066	131027649	-	ENSG00000034533
NEK11	3	131026850	131353043	+	ENSG00000114670
NUDT16	3	131381671	131388830	+	ENSG00000198585
MRPL3	3	131462202	131502983	-	ENSG00000114686
CPNE4	3	131533555	132285410	-	ENSG00000196353
ACP3	3	132317369	132368302	+	ENSG00000014257
DNAJC13	3	132417502	132539032	+	ENSG00000138246
ACAD11	3	132558138	132660104	-	ENSG00000240303
NPHP3-ACAD11	3	132558142	132722459	-	ENSG00000274810
ACKR4	3	132597270	132618967	+	ENSG00000129048
UBA5	3	132654446	132679794	+	ENSG00000081307
NPHP3	3	132680609	132722432	-	ENSG00000113971
TMEM108	3	133038322	133397775	+	ENSG00000144868
BFSP2	3	133400056	133475222	+	ENSG00000170819
CDV3	3	133573686	133590261	+	ENSG00000091527
TOPBP1	3	133598175	133662380	-	ENSG00000163781
TF	3	133746040	133796641	+	ENSG00000091513
SRPRB	3	133784023	133825772	+	ENSG00000144867
RAB6B	3	133824235	133895882	-	ENSG00000154917
SLCO2A1	3	133932699	134052184	-	ENSG00000174640
RYK	3	134065303	134250929	-	ENSG00000163785
AMOTL2	3	134355347	134375479	-	ENSG00000114019
ANAPC13	3	134477704	134486716	-	ENSG00000129055
CEP63	3	134485699	134587789	+	ENSG00000182923
KY	3	134599923	134651636	-	ENSG00000174611
EPHB1	3	134795260	135260467	+	ENSG00000154928
PPP2R3A	3	135965655	136147894	+	ENSG00000073711
MSL2	3	136148917	136197241	-	ENSG00000174579
PCCB	3	136250314	136337896	+	ENSG00000114054
STAG1	3	136336234	136752432	-	ENSG00000118007
SLC35G2	3	136818463	136857531	+	ENSG00000168917
NCK1	3	136862177	136951606	+	ENSG00000158092
IL20RB	3	136946230	137011085	+	ENSG00000174564
SOX14	3	137764315	137766334	+	ENSG00000168875
CLDN18	3	137998735	138033655	+	ENSG00000066405
DZIP1L	3	138061987	138115839	-	ENSG00000158163
A4GNT	3	138122901	138132390	-	ENSG00000118017
DBR1	3	138160988	138174949	-	ENSG00000138231
ARMC8	3	138187248	138298384	+	ENSG00000114098
NME9	3	138261437	138331354	-	ENSG00000181322
MRAS	3	138347648	138405534	+	ENSG00000158186
ESYT3	3	138434586	138481686	+	ENSG00000158220
CEP70	3	138494339	138594538	-	ENSG00000114107
FAIM	3	138608550	138633376	+	ENSG00000158234
PIK3CB	3	138652336	138834957	-	ENSG00000051382
FOXL2	3	138944224	138947137	-	ENSG00000183770
FOXL2NB	3	138947217	138953990	+	ENSG00000206262
PRR23A	3	139003962	139006268	-	ENSG00000206260
MRPS22	3	139005806	139360497	+	ENSG00000175110
PRR23B	3	139019031	139020926	-	ENSG00000184814
PRR23C	3	139042102	139044892	-	ENSG00000233701
COPB2	3	139353942	139389736	-	ENSG00000184432
RBP2	3	139452884	139480767	-	ENSG00000114113
RBP1	3	139517434	139539829	-	ENSG00000114115
NMNAT3	3	139558709	139678017	-	ENSG00000163864
CLSTN2	3	139935185	140577397	+	ENSG00000158258
TRIM42	3	140678064	140701150	+	ENSG00000155890
SLC25A36	3	140941801	140980995	+	ENSG00000114120
SPSB4	3	141050744	141148613	+	ENSG00000175093
PXYLP1	3	141228726	141367753	+	ENSG00000155893
ZBTB38	3	141324154	141449792	+	ENSG00000177311
RASA2	3	141486967	141615345	+	ENSG00000155903
RNF7	3	141738249	141747560	+	ENSG00000114125
GRK7	3	141763408	141819352	+	ENSG00000114124
ATP1B3	3	141876124	141926549	+	ENSG00000069849
TFDP2	3	141944428	142149544	-	ENSG00000114126
GK5	3	142157527	142225592	-	ENSG00000175066
XRN1	3	142306607	142448087	-	ENSG00000114127
ATR	3	142449007	142578781	-	ENSG00000175054
PLS1	3	142595644	142713869	+	ENSG00000120756
TRPC1	3	142724034	142807888	+	ENSG00000144935
PCOLCE2	3	142815922	142889206	-	ENSG00000163710
PAQR9	3	142949164	142964022	-	ENSG00000188582
U2SURP	3	142964497	143060725	+	ENSG00000163714
CHST2	3	143119771	143124014	+	ENSG00000175040
SLC9A9	3	143265222	143848485	-	ENSG00000181804
DIPK2A	3	143971823	144048719	+	ENSG00000181744
PLOD2	3	146035139	146163725	-	ENSG00000152952
PLSCR4	3	146192335	146251179	-	ENSG00000114698
PLSCR2	3	146391421	146495991	-	ENSG00000163746
PLSCR1	3	146511858	146544862	-	ENSG00000188313
PLSCR5	3	146576555	146605346	-	ENSG00000231213
ZIC4	3	147386046	147406809	-	ENSG00000174963
ZIC1	3	147393422	147510293	+	ENSG00000152977
AGTR1	3	148697784	148743045	+	ENSG00000144891
CPB1	3	148791102	148860187	+	ENSG00000153002
CPA3	3	148865296	148897203	+	ENSG00000163751
GYG1	3	148991408	149031775	+	ENSG00000163754
HLTF	3	149030122	149086554	-	ENSG00000071794
HPS3	3	149129618	149173732	+	ENSG00000163755
CP	3	149162410	149221998	-	ENSG00000047457
TM4SF18	3	149318498	149334414	-	ENSG00000163762
TM4SF1	3	149369022	149377692	-	ENSG00000169908
TM4SF4	3	149474697	149503394	+	ENSG00000169903
WWTR1	3	149517235	149736714	-	ENSG00000018408
COMMD2	3	149734667	149752495	-	ENSG00000114744
ANKUB1	3	149761100	149968385	-	ENSG00000206199
RNF13	3	149809445	149962153	+	ENSG00000082996
PFN2	3	149964904	150050788	-	ENSG00000070087
TSC22D2	3	150408298	150466422	+	ENSG00000196428
SERP1	3	150541998	150603228	-	ENSG00000120742
EIF2A	3	150546678	150586016	+	ENSG00000144895
SELENOT	3	150602875	150630436	+	ENSG00000198843
ERICH6	3	150659885	150703971	-	ENSG00000163645
SIAH2	3	150741125	150763477	-	ENSG00000181788
MINDY4B	3	150870376	150905439	-	ENSG00000214237
CLRN1	3	150926163	150972727	-	ENSG00000163646
MED12L	3	151085286	151437072	+	ENSG00000144893
GPR171	3	151197832	151203216	-	ENSG00000174946
P2RY14	3	151212115	151278811	-	ENSG00000174944
GPR87	3	151294086	151316820	-	ENSG00000138271
P2RY13	3	151326312	151329549	-	ENSG00000181631
P2RY12	3	151336843	151384753	-	ENSG00000169313
IGSF10	3	151425384	151461186	-	ENSG00000152580
AADACL2	3	151733916	151761339	+	ENSG00000197953
AADAC	3	151813931	151828917	+	ENSG00000114771
SUCNR1	3	151873643	151884619	+	ENSG00000198829
MBNL1	3	152243828	152465781	+	ENSG00000152601
P2RY1	3	152835131	152841439	+	ENSG00000169860
RAP2B	3	153162226	153170627	+	ENSG00000181467
ARHGEF26	3	154121003	154257827	+	ENSG00000114790
DHX36	3	154272546	154324487	-	ENSG00000174953
GPR149	3	154334943	154430190	-	ENSG00000174948
MME	3	155024124	155183803	+	ENSG00000196549
STRIT1	3	155290227	155293683	-	ENSG00000240045
PLCH1	3	155375580	155745085	-	ENSG00000114805
C3orf33	3	155762612	155806288	-	ENSG00000174928
SLC33A1	3	155821024	155854456	-	ENSG00000169359
GMPS	3	155870591	155944020	+	ENSG00000163655
KCNAB1	3	156037701	156538756	+	ENSG00000169282
SSR3	3	156539553	156559474	-	ENSG00000114850
TIPARP	3	156673235	156706770	+	ENSG00000163659
LEKR1	3	156825481	157046129	+	ENSG00000197980
CCNL1	3	157146508	157160760	-	ENSG00000163660
VEPH1	3	157259742	157533619	-	ENSG00000197415
PTX3	3	157436850	157443633	+	ENSG00000163661
SHOX2	3	158095905	158106420	-	ENSG00000168779
RSRC1	3	158105675	158545734	+	ENSG00000174891
MLF1	3	158571163	158607252	+	ENSG00000178053
GFM1	3	158644516	158695836	+	ENSG00000168827
LXN	3	158645822	158672648	-	ENSG00000079257
RARRES1	3	158696892	158732798	-	ENSG00000118849
MFSD1	3	158732198	158829719	+	ENSG00000118855
IQCJ-SCHIP1	3	158962235	159897358	+	ENSG00000283154
IQCJ	3	158962928	159266307	+	ENSG00000214216
SCHIP1	3	159273244	159897629	+	ENSG00000151967
IL12A	3	159988835	159996019	+	ENSG00000168811
C3orf80	3	160225422	160228213	+	ENSG00000180044
TRIM59-IFT80	3	160227454	160449829	-	ENSG00000248710
IFT80	3	160256986	160400357	-	ENSG00000068885
SMC4	3	160399274	160434965	+	ENSG00000113810
TRIM59	3	160432445	160485773	-	ENSG00000213186
KPNA4	3	160495007	160565587	-	ENSG00000186432
ARL14	3	160677160	160678448	+	ENSG00000179674
PPM1L	3	160755602	161078902	+	ENSG00000163590
B3GALNT1	3	161083612	161105445	-	ENSG00000169255
NMD3	3	161104681	161253532	+	ENSG00000169251
SPTSSB	3	161344798	161372880	-	ENSG00000196542
OTOL1	3	161496808	161503942	+	ENSG00000182447
SI	3	164978898	165078496	-	ENSG00000090402
SLITRK3	3	165186325	165197109	-	ENSG00000121871
BCHE	3	165772904	165837462	-	ENSG00000114200
ZBBX	3	167239843	167407874	-	ENSG00000169064
SERPINI2	3	167441914	167478972	-	ENSG00000114204
WDR49	3	167477789	167653983	-	ENSG00000174776
PDCD10	3	167683298	167735039	-	ENSG00000114209
SERPINI1	3	167735068	167825573	+	ENSG00000163536
GOLIM4	3	168008672	168096536	-	ENSG00000173905
MECOM	3	169083499	169663775	-	ENSG00000085276
ACTRT3	3	169765610	169769665	-	ENSG00000184378
MYNN	3	169773377	169789716	+	ENSG00000085274
LRRC34	3	169793003	169812986	-	ENSG00000171757
LRRIQ4	3	169812870	169837773	+	ENSG00000188306
LRRC31	3	169837917	169870000	-	ENSG00000114248
SAMD7	3	169911572	169939175	+	ENSG00000187033
SEC62	3	169966635	169998373	+	ENSG00000008952
GPR160	3	170037451	170089944	+	ENSG00000173890
PHC3	3	170086732	170181768	-	ENSG00000173889
PRKCI	3	170222124	170305978	+	ENSG00000163558
SKIL	3	170357287	170396835	+	ENSG00000136603
CLDN11	3	170418865	170454733	+	ENSG00000013297
SLC7A14	3	170459548	170586075	-	ENSG00000013293
RPL22L1	3	170864875	170870402	-	ENSG00000163584
EIF5A2	3	170888418	170908644	-	ENSG00000163577
SLC2A2	3	170995125	171026775	-	ENSG00000163581
TNIK	3	171058414	171460408	-	ENSG00000154310
PLD1	3	171600404	171810950	-	ENSG00000075651
TMEM212	3	171843349	171938715	+	ENSG00000186329
FNDC3B	3	172039547	172405418	+	ENSG00000075420
GHSR	3	172443291	172448456	-	ENSG00000121853
TNFSF10	3	172505508	172523476	-	ENSG00000121858
NCEH1	3	172630249	172711218	-	ENSG00000144959
ECT2	3	172750682	172821474	+	ENSG00000114346
SPATA16	3	172889357	173141235	-	ENSG00000144962
NLGN1	3	173396284	174294372	+	ENSG00000169760
NAALADL2	3	174438573	175810548	+	ENSG00000177694
TBL1XR1	3	177019340	177228000	-	ENSG00000177565
KCNMB2	3	178272932	178844429	+	ENSG00000197584
ZMAT3	3	178960121	179072323	-	ENSG00000172667
PIK3CA	3	179148114	179240093	+	ENSG00000121879
KCNMB3	3	179236691	179267002	-	ENSG00000171121
ZNF639	3	179323031	179338583	+	ENSG00000121864
MFN1	3	179346952	179394940	+	ENSG00000171109
GNB4	3	179396088	179451647	-	ENSG00000114450
ACTL6A	3	179562886	179588407	+	ENSG00000136518
MRPL47	3	179582420	179604659	-	ENSG00000136522
NDUFB5	3	179604690	179627647	+	ENSG00000136521
USP13	3	179653004	179804366	+	ENSG00000058056
PEX5L	3	179794958	180037053	-	ENSG00000114757
TTC14	3	180602163	180617828	+	ENSG00000163728
CCDC39	3	180602858	180684942	-	ENSG00000284862
FXR1	3	180868141	180982753	+	ENSG00000114416
DNAJC19	3	180983635	180989774	-	ENSG00000205981
SOX2	3	181711925	181714436	+	ENSG00000181449
ATP11B	3	182793472	182923011	+	ENSG00000058063
DCUN1D1	3	182938074	182985953	-	ENSG00000043093
MCCC1	3	183015218	183116075	-	ENSG00000078070
LAMP3	3	183122200	183163839	-	ENSG00000078081
MCF2L2	3	183178041	183428778	-	ENSG00000053524
B3GNT5	3	183249324	183298504	+	ENSG00000176597
KLHL6	3	183487551	183555706	-	ENSG00000172578
KLHL24	3	183635602	183684519	+	ENSG00000114796
YEATS2	3	183697748	183812805	+	ENSG00000163872
MAP6D1	3	183815884	183825594	-	ENSG00000180834
PARL	3	183829271	183884933	-	ENSG00000175193
ABCC5	3	183919934	184017939	-	ENSG00000114770
HTR3D	3	184031544	184039369	+	ENSG00000186090
HTR3C	3	184053047	184060673	+	ENSG00000178084
HTR3E	3	184097064	184106995	+	ENSG00000186038
EIF2B5	3	184135038	184146127	+	ENSG00000145191
DVL3	3	184155159	184173614	+	ENSG00000161202
AP2M1	3	184174689	184184214	+	ENSG00000161203
ABCF3	3	184186095	184194013	+	ENSG00000161204
VWA5B2	3	184228996	184242342	+	ENSG00000145198
ALG3	3	184242301	184249548	-	ENSG00000214160
EEF1AKMT4	3	184249609	184258759	+	ENSG00000284753
EEF1AKMT4-ECE2	3	184249695	184293031	+	ENSG00000284917
CAMK2N2	3	184259213	184261553	-	ENSG00000163888
ECE2	3	184275531	184293031	+	ENSG00000145194
PSMD2	3	184299157	184309054	+	ENSG00000175166
EIF4G1	3	184314490	184335358	+	ENSG00000114867
FAM131A	3	184335926	184348421	+	ENSG00000175182
CLCN2	3	184346185	184363274	-	ENSG00000114859
POLR2H	3	184360856	184368596	+	ENSG00000163882
THPO	3	184371935	184381968	-	ENSG00000090534
CHRD	3	184379381	184390736	+	ENSG00000090539
EPHB3	3	184561776	184582408	+	ENSG00000182580
MAGEF1	3	184710364	184712064	-	ENSG00000177383
VPS8	3	184812113	185054009	+	ENSG00000156931
C3orf70	3	185076838	185153060	-	ENSG00000187068
EHHADH	3	185190624	185281990	-	ENSG00000113790
MAP3K13	3	185282941	185489094	+	ENSG00000073803
TMEM41A	3	185476496	185499057	-	ENSG00000163900
LIPH	3	185506262	185552617	-	ENSG00000163898
SENP2	3	185582496	185633551	+	ENSG00000163904
IGF2BP2	3	185643130	185825061	-	ENSG00000073792
TRA2B	3	185914558	185938103	-	ENSG00000136527
ETV5	3	186046314	186110318	-	ENSG00000244405
DGKG	3	186105668	186362261	-	ENSG00000058866
CRYGS	3	186538441	186546702	-	ENSG00000213139
TBCCD1	3	186546067	186570543	-	ENSG00000113838
DNAJB11	3	186567403	186585800	+	ENSG00000090520
AHSG	3	186612776	186621318	+	ENSG00000145192
FETUB	3	186634558	186653778	+	ENSG00000090512
HRG	3	186660216	186678452	+	ENSG00000113905
KNG1	3	186717329	186744410	+	ENSG00000113889
EIF4A2	3	186783205	186789901	+	ENSG00000156976
RFC4	3	186789880	186807058	-	ENSG00000163918
ADIPOQ	3	186842704	186858463	+	ENSG00000181092
ST6GAL1	3	186930325	187078932	+	ENSG00000073849
RPL39L	3	187120927	187180972	-	ENSG00000163923
RTP1	3	187197486	187201462	+	ENSG00000175077
MASP1	3	187217282	187291980	-	ENSG00000127241
RTP4	3	187368385	187372076	+	ENSG00000136514
SST	3	187668912	187670394	-	ENSG00000157005
RTP2	3	187698259	187702656	-	ENSG00000198471
BCL6	3	187721377	187745725	-	ENSG00000113916
LPP	3	188152994	188890671	+	ENSG00000145012
TPRG1	3	188947214	189325304	+	ENSG00000188001
TP63	3	189631389	189897276	+	ENSG00000073282
P3H2	3	189956728	190122437	-	ENSG00000090530
CLDN1	3	190305707	190322446	-	ENSG00000163347
CLDN16	3	190322522	190412460	+	ENSG00000113946
TMEM207	3	190428655	190449901	-	ENSG00000198398
IL1RAP	3	190514051	190659750	+	ENSG00000196083
GMNC	3	190852737	190892429	-	ENSG00000205835
OSTN	3	191199241	191265615	+	ENSG00000188729
UTS2B	3	191267168	191330572	-	ENSG00000188958
CCDC50	3	191329085	191398659	+	ENSG00000152492
PYDC2	3	191461163	191461456	+	ENSG00000253548
FGF12	3	192139390	192767764	-	ENSG00000114279
MB21D2	3	192796815	192917856	-	ENSG00000180611
PLAAT1	3	193240620	193277738	+	ENSG00000127252
ATP13A5	3	193274789	193378820	-	ENSG00000187527
ATP13A4	3	193398967	193593111	-	ENSG00000127249
OPA1	3	193593144	193697811	+	ENSG00000198836
HES1	3	194136142	194138732	+	ENSG00000114315
CPN2	3	194339630	194351401	-	ENSG00000178772
LRRC15	3	194355249	194369743	-	ENSG00000172061
GP5	3	194394821	194399266	-	ENSG00000178732
ATP13A3	3	194402672	194498364	-	ENSG00000133657
TMEM44	3	194587673	194633689	-	ENSG00000145014
LSG1	3	194640791	194672463	-	ENSG00000041802
FAM43A	3	194685883	194689037	+	ENSG00000185112
XXYLT1	3	195068284	195271159	-	ENSG00000173950
ACAP2	3	195274738	195443091	-	ENSG00000114331
PPP1R2	3	195514428	195543386	-	ENSG00000184203
APOD	3	195568705	195584033	-	ENSG00000189058
MUC20	3	195720884	195741123	+	ENSG00000176945
MUC4	3	195746765	195811973	-	ENSG00000145113
TNK2	3	195863364	195911945	-	ENSG00000061938
TFRC	3	196012511	196082162	-	ENSG00000072274
ZDHHC19	3	196197452	196211437	-	ENSG00000163958
SLC51A	3	196211487	196243178	+	ENSG00000163959
PCYT1A	3	196214222	196287957	-	ENSG00000161217
DYNLT2B	3	196291219	196318310	-	ENSG00000213123
TM4SF19-DYNLT2B	3	196316082	196338373	-	ENSG00000273331
TM4SF19	3	196319342	196338503	-	ENSG00000145107
UBXN7	3	196347659	196432430	-	ENSG00000163960
RNF168	3	196468783	196503768	-	ENSG00000163961
SMCO1	3	196506878	196515347	-	ENSG00000214097
WDR53	3	196552228	196569263	-	ENSG00000185798
FBXO45	3	196568611	196589059	+	ENSG00000174013
NRROS	3	196639694	196662004	+	ENSG00000174004
PIGX	3	196639775	196736007	+	ENSG00000163964
CEP19	3	196706268	196712598	-	ENSG00000174007
PAK2	3	196739743	196832647	+	ENSG00000180370
SENP5	3	196867856	196934718	+	ENSG00000119231
NCBP2	3	196935402	196942594	-	ENSG00000114503
NCBP2AS2	3	196942674	196943543	+	ENSG00000270170
PIGZ	3	196946356	196969060	-	ENSG00000119227
MELTF	3	196980590	197029874	-	ENSG00000163975
DLG1	3	197042560	197299330	-	ENSG00000075711
BDH1	3	197509776	197573382	-	ENSG00000161267
RUBCN	3	197668867	197749727	-	ENSG00000145016
FYTTD1	3	197737179	197787596	+	ENSG00000122068
LRCH3	3	197791226	197888436	+	ENSG00000186001
IQCG	3	197888220	197960142	-	ENSG00000114473
RPL35A	3	197950000	197956610	+	ENSG00000182899
LMLN	3	197960200	198043720	+	ENSG00000185621
ZNF595	4	53286	88208	+	ENSG00000272602
ZNF718	4	124501	202303	+	ENSG00000250312
ZNF732	4	270675	305474	-	ENSG00000186777
ZNF141	4	337800	384868	+	ENSG00000131127
ZNF721	4	425815	499156	-	ENSG00000182903
PIGG	4	499210	540200	+	ENSG00000174227
TMEM271	4	573880	576295	-	ENSG00000273238
PDE6B	4	625573	670782	+	ENSG00000133256
ATP5ME	4	672423	674369	-	ENSG00000169020
MYL5	4	673521	682033	+	ENSG00000215375
SLC49A3	4	681824	689396	-	ENSG00000169026
PCGF3	4	705748	770089	+	ENSG00000185619
CPLX1	4	784957	827043	-	ENSG00000168993
GAK	4	849275	932411	-	ENSG00000178950
TMEM175	4	932168	958741	+	ENSG00000127419
DGKQ	4	958884	986895	-	ENSG00000145214
SLC26A1	4	979073	997659	-	ENSG00000145217
IDUA	4	986997	1008344	+	ENSG00000127415
FGFRL1	4	1008649	1026901	+	ENSG00000127418
RNF212	4	1056250	1113564	-	ENSG00000178222
SPON2	4	1166932	1208962	-	ENSG00000159674
CTBP1	4	1211434	1250333	-	ENSG00000159692
MAEA	4	1289876	1340147	+	ENSG00000090316
UVSSA	4	1345691	1395989	+	ENSG00000163945
NKX1-1	4	1402932	1406442	-	ENSG00000235608
FAM53A	4	1617915	1684313	-	ENSG00000174137
SLBP	4	1692731	1712344	-	ENSG00000163950
TACC3	4	1712858	1745178	+	ENSG00000013810
TMEM129	4	1715951	1721358	-	ENSG00000168936
FGFR3	4	1793286	1808873	+	ENSG00000068078
LETM1	4	1811479	1856232	-	ENSG00000168924
NSD2	4	1870559	1982207	+	ENSG00000109685
NELFA	4	1982717	2041903	-	ENSG00000185049
NICOL1	4	2040628	2043964	+	ENSG00000243449
NAT8L	4	2059327	2069089	+	ENSG00000185818
POLN	4	2071918	2242121	-	ENSG00000130997
HAUS3	4	2227464	2242133	-	ENSG00000214367
MXD4	4	2247432	2262115	-	ENSG00000123933
ZFYVE28	4	2269582	2418651	-	ENSG00000159733
CFAP99	4	2418955	2463003	+	ENSG00000206113
RNF4	4	2462220	2515859	+	ENSG00000063978
FAM193A	4	2536646	2732573	+	ENSG00000125386
TNIP2	4	2741648	2756367	-	ENSG00000168884
SH3BP2	4	2793020	2841291	+	ENSG00000087266
ADD1	4	2843576	2930082	+	ENSG00000087274
MFSD10	4	2930559	2935462	-	ENSG00000109736
NOP14	4	2937933	2963406	-	ENSG00000087269
GRK4	4	2963571	3040760	+	ENSG00000125388
HTT	4	3041363	3243957	+	ENSG00000197386
MSANTD1	4	3244369	3271738	+	ENSG00000188981
RGS12	4	3293021	3439913	+	ENSG00000159788
HGFAC	4	3441924	3449493	+	ENSG00000109758
DOK7	4	3463306	3501473	+	ENSG00000175920
LRPAP1	4	3503612	3532446	-	ENSG00000163956
ADRA2C	4	3766348	3768526	+	ENSG00000184160
OTOP1	4	4188726	4226929	-	ENSG00000163982
TMEM128	4	4235541	4248239	-	ENSG00000132406
LYAR	4	4267572	4290196	-	ENSG00000145220
ZBTB49	4	4290238	4321786	+	ENSG00000168826
NSG1	4	4348140	4419058	+	ENSG00000168824
STX18	4	4415742	4542346	-	ENSG00000168818
MSX1	4	4859665	4863936	+	ENSG00000163132
CYTL1	4	5014586	5019486	-	ENSG00000170891
STK32B	4	5051480	5500994	+	ENSG00000152953
EVC2	4	5542772	5709548	-	ENSG00000173040
EVC	4	5711201	5814305	+	ENSG00000072840
CRMP1	4	5748084	5893086	-	ENSG00000072832
C4orf50	4	5897373	6200555	-	ENSG00000181215
JAKMIP1	4	6026199	6200591	-	ENSG00000152969
WFS1	4	6269839	6303265	+	ENSG00000109501
PPP2R2C	4	6320578	6563600	-	ENSG00000074211
MAN2B2	4	6575174	6623362	+	ENSG00000013288
MRFAP1	4	6640091	6642729	+	ENSG00000179010
MRFAP1L2	4	6663396	6676755	+	ENSG00000170846
S100P	4	6693878	6697170	+	ENSG00000163993
MRFAP1L1	4	6707693	6709923	-	ENSG00000178988
BLOC1S4	4	6716174	6717664	+	ENSG00000186222
KIAA0232	4	6781375	6884170	+	ENSG00000170871
TBC1D14	4	6909242	7033118	+	ENSG00000132405
CFAP184	4	7040849	7043001	-	ENSG00000173013
TADA2B	4	7041899	7057952	+	ENSG00000173011
GRPEL1	4	7058643	7068145	-	ENSG00000109519
SORCS2	4	7192538	7742827	+	ENSG00000184985
PSAPL1	4	7430285	7434930	-	ENSG00000178597
AFAP1	4	7758713	7939926	-	ENSG00000196526
ABLIM2	4	7965310	8158832	-	ENSG00000163995
SH3TC1	4	8182072	8241803	+	ENSG00000125089
HTRA3	4	8269749	8307110	+	ENSG00000170801
ACOX3	4	8365885	8440750	-	ENSG00000087008
TRMT44	4	8436140	8493531	+	ENSG00000155275
GPR78	4	8558725	8619761	+	ENSG00000155269
CPZ	4	8592660	8619761	+	ENSG00000109625
HMX1	4	8846076	8871839	-	ENSG00000215612
FAM90A26	4	9170409	9176730	+	ENSG00000229924
USP17L10	4	9210657	9212249	+	ENSG00000231396
USP17L11	4	9215405	9216997	+	ENSG00000233136
USP17L12	4	9220152	9221744	+	ENSG00000227551
USP17L13	4	9224896	9226488	+	ENSG00000232399
USP17L15	4	9234385	9236046	+	ENSG00000223569
USP17L17	4	9243879	9245471	+	ENSG00000249104
USP17L18	4	9248630	9250222	+	ENSG00000250844
USP17L19	4	9253378	9254970	+	ENSG00000248920
USP17L20	4	9258124	9259716	+	ENSG00000250745
USP17L21	4	9262872	9264464	+	ENSG00000249811
USP17L22	4	9267619	9269211	+	ENSG00000248933
USP17L23	4	9272364	9272914	+	ENSG00000250913
USP17L24	4	9325165	9326757	+	ENSG00000232264
USP17L25	4	9329911	9331503	+	ENSG00000230430
USP17L26	4	9334658	9336250	+	ENSG00000229579
USP17L5	4	9339403	9340995	+	ENSG00000227140
USP17L27	4	9344148	9345740	+	ENSG00000235780
USP17L28	4	9348893	9350485	+	ENSG00000231051
USP17L29	4	9353638	9355230	+	ENSG00000231637
USP17L30	4	9363129	9364721	+	ENSG00000228856
DEFB131A	4	9444414	9450666	+	ENSG00000186146
SLC2A9	4	9771153	10054936	-	ENSG00000109667
DRD5	4	9781387	9784012	+	ENSG00000169676
WDR1	4	10068089	10116988	-	ENSG00000071127
ZNF518B	4	10439873	10461381	-	ENSG00000178163
CLNK	4	10486395	10684768	-	ENSG00000109684
HS3ST1	4	11393150	11429564	-	ENSG00000002587
RAB28	4	13361354	13484365	-	ENSG00000157869
NKX3-2	4	13540830	13544508	-	ENSG00000109705
BOD1L1	4	13568738	13627725	-	ENSG00000038219
CPEB2	4	15002481	15070153	+	ENSG00000137449
C1QTNF7	4	15339818	15446167	+	ENSG00000163145
CC2D2A	4	15469865	15602097	+	ENSG00000048342
FBXL5	4	15604381	15681679	-	ENSG00000118564
FAM200B	4	15681506	15690447	+	ENSG00000237765
BST1	4	15703000	15775614	+	ENSG00000109743
CD38	4	15778275	15853232	+	ENSG00000004468
FGFBP1	4	15934507	15939171	-	ENSG00000137440
FGFBP2	4	15960245	15969309	-	ENSG00000137441
PROM1	4	15963076	16084378	-	ENSG00000007062
TAPT1	4	16160505	16227410	-	ENSG00000169762
LDB2	4	16501534	16898924	-	ENSG00000169744
QDPR	4	17460261	17512206	-	ENSG00000151552
CLRN2	4	17515165	17527104	+	ENSG00000249581
LAP3	4	17577198	17607975	+	ENSG00000002549
MED28	4	17614641	17634105	+	ENSG00000118579
FAM184B	4	17629306	17781621	-	ENSG00000047662
DCAF16	4	17793446	17810758	-	ENSG00000163257
NCAPG	4	17810844	17844865	+	ENSG00000109805
LCORL	4	17841187	18021993	-	ENSG00000178177
SLIT2	4	20251903	20620561	+	ENSG00000145147
PACRGL	4	20696282	20752907	+	ENSG00000163138
KCNIP4	4	20728606	21948772	-	ENSG00000185774
ADGRA3	4	22345071	22516089	-	ENSG00000152990
GBA3	4	22692914	22819575	+	ENSG00000249948
PPARGC1A	4	23755041	23904089	-	ENSG00000109819
DHX15	4	24517441	24584603	-	ENSG00000109606
SOD3	4	24789912	24800848	+	ENSG00000109610
CCDC149	4	24803514	24980204	-	ENSG00000181982
LGI2	4	24998847	25030965	-	ENSG00000153012
SEPSECS	4	25120014	25160550	-	ENSG00000109618
PI4K2B	4	25160663	25280542	+	ENSG00000038210
ZCCHC4	4	25312774	25372306	+	ENSG00000168228
ANAPC4	4	25377210	25420310	+	ENSG00000053900
SLC34A2	4	25648011	25679132	+	ENSG00000157765
SEL1L3	4	25747433	25863760	-	ENSG00000091490
SMIM20	4	25861830	25929813	+	ENSG00000250317
RBPJ	4	26163455	26435131	+	ENSG00000168214
CCKAR	4	26481396	26490484	-	ENSG00000163394
TBC1D19	4	26576437	26756223	+	ENSG00000109680
STIM2	4	26857601	27025381	+	ENSG00000109689
PCDH7	4	30720369	31146805	+	ENSG00000169851
ARAP2	4	35948221	36244777	-	ENSG00000047365
DTHD1	4	36281616	36347511	+	ENSG00000197057
NWD2	4	37244743	37449463	+	ENSG00000174145
PGCKA1	4	37453439	37624344	+	ENSG00000154274
RELL1	4	37590800	37686413	-	ENSG00000181826
PGM2	4	37826660	37863028	+	ENSG00000169299
TBC1D1	4	37890836	38139175	+	ENSG00000065882
PTTG2	4	37960398	37961128	+	ENSG00000250254
KLF3	4	38664032	38701517	+	ENSG00000109787
TLR10	4	38772238	38782990	-	ENSG00000174123
TLR1	4	38787555	38856817	-	ENSG00000174125
TLR6	4	38822897	38856901	-	ENSG00000174130
FAM114A1	4	38867677	38945740	+	ENSG00000197712
TMEM156	4	38965999	39032922	-	ENSG00000121895
KLHL5	4	39044721	39126857	+	ENSG00000109790
WDR19	4	39182494	39285810	+	ENSG00000157796
RFC1	4	39287456	39366395	-	ENSG00000035928
KLB	4	39406930	39451533	+	ENSG00000134962
RPL9	4	39451747	39458948	-	ENSG00000163682
LIAS	4	39459004	39485109	+	ENSG00000121897
UGDH	4	39498755	39528311	-	ENSG00000109814
SMIM14	4	39546336	39639088	-	ENSG00000163683
UBE2K	4	39698109	39782792	+	ENSG00000078140
PDS5A	4	39822863	39977987	-	ENSG00000121892
N4BP2	4	40056658	40158252	+	ENSG00000078177
RHOH	4	40191011	40246967	+	ENSG00000168421
CHRNA9	4	40335333	40355217	+	ENSG00000174343
RBM47	4	40423267	40630892	-	ENSG00000163694
NSUN7	4	40749776	40811184	+	ENSG00000179299
APBB2	4	40810027	41216714	-	ENSG00000163697
UCHL1	4	41256413	41268560	+	ENSG00000154277
LIMCH1	4	41359574	41700049	+	ENSG00000064042
PHOX2B	4	41744082	41748725	-	ENSG00000109132
TMEM33	4	41934403	41960803	+	ENSG00000109133
DCAF4L1	4	41981756	41986465	+	ENSG00000182308
SLC30A9	4	41990496	42090461	+	ENSG00000014824
BEND4	4	42110853	42152878	-	ENSG00000188848
SHISA3	4	42397488	42402487	+	ENSG00000178343
ATP8A1	4	42408373	42657121	-	ENSG00000124406
GRXCR1	4	42892713	43030658	+	ENSG00000215203
KCTD8	4	44173903	44448928	-	ENSG00000183783
YIPF7	4	44622088	44678795	-	ENSG00000177752
GUF1	4	44678420	44700928	+	ENSG00000151806
GNPDA2	4	44682200	44726588	-	ENSG00000163281
GABRG1	4	46035769	46124054	-	ENSG00000163285
GABRA2	4	46243548	46475230	-	ENSG00000151834
COX7B2	4	46734827	46909245	-	ENSG00000170516
GABRA4	4	46918900	46993581	-	ENSG00000109158
GABRB1	4	46993723	47426447	+	ENSG00000163288
COMMD8	4	47450787	47463730	-	ENSG00000169019
ATP10D	4	47485275	47593486	+	ENSG00000145246
CORIN	4	47593999	47838132	-	ENSG00000145244
NFXL1	4	47847233	47914667	-	ENSG00000170448
NIPAL1	4	47914142	48040173	+	ENSG00000163293
CNGA1	4	47935128	48017301	-	ENSG00000198515
TXK	4	48063158	48134250	-	ENSG00000074966
TEC	4	48135783	48269858	-	ENSG00000135605
SLAIN2	4	48341472	48426201	+	ENSG00000109171
SLC10A4	4	48483343	48489526	+	ENSG00000145248
ZAR1	4	48490252	48494389	+	ENSG00000182223
FRYL	4	48497357	48780322	-	ENSG00000075539
OCIAD1	4	48805141	48862342	+	ENSG00000109180
OCIAD2	4	48885019	48906937	-	ENSG00000145247
CWH43	4	48986162	49062093	+	ENSG00000109182
DCUN1D4	4	51843000	51916839	+	ENSG00000109184
LRRC66	4	51993614	52020363	-	ENSG00000188993
SGCB	4	52020706	52038299	-	ENSG00000163069
SPATA18	4	52051304	52097302	+	ENSG00000163071
USP46	4	52590960	52659301	-	ENSG00000109189
ERVMER34-1	4	52722618	52751897	-	ENSG00000226887
RASL11B	4	52862317	52866835	+	ENSG00000128045
SCFD2	4	52872982	53366072	-	ENSG00000184178
FIP1L1	4	53377562	53464382	+	ENSG00000145216
LNX1	4	53459301	53701405	-	ENSG00000072201
CHIC2	4	53994803	54064605	-	ENSG00000109220
GSX2	4	54099523	54102498	+	ENSG00000180613
PDGFRA	4	54229130	54298246	+	ENSG00000134853
KIT	4	54657267	54740783	+	ENSG00000157404
KDR	4	55078476	55125595	-	ENSG00000128052
SRD5A3	4	55346213	55373100	+	ENSG00000128039
TMEM165	4	55395652	55453397	+	ENSG00000134851
CLOCK	4	55427903	55547491	-	ENSG00000134852
PDCL2	4	55556519	55592245	-	ENSG00000163440
NMU	4	55595229	55636747	-	ENSG00000109255
EXOC1L	4	55819790	55837489	+	ENSG00000250821
EXOC1	4	55853628	55905096	+	ENSG00000090989
CEP135	4	55948819	56033361	+	ENSG00000174799
CRACD	4	56049098	56330609	+	ENSG00000109265
AASDH	4	56337994	56387523	-	ENSG00000157426
PPAT	4	56393362	56435616	-	ENSG00000128059
PAICS	4	56435058	56464578	+	ENSG00000128050
SRP72	4	56467595	56503681	+	ENSG00000174780
ARL9	4	56505209	56524959	+	ENSG00000196503
SPMAP2L	4	56530606	56603507	+	ENSG00000249693
HOPX	4	56647989	56681877	-	ENSG00000171476
SPINK2	4	56809860	56821742	-	ENSG00000128040
REST	4	56907876	56966808	+	ENSG00000084093
NOA1	4	56962876	56977623	-	ENSG00000084092
POLR2B	4	56977722	57031158	+	ENSG00000047315
IGFBP7	4	57030766	57110690	-	ENSG00000163453
ADGRL3	4	61200326	62078335	+	ENSG00000150471
TECRL	4	64275257	64409495	-	ENSG00000205678
EPHA5	4	65319563	65670495	-	ENSG00000145242
CENPC	4	67468762	67545563	-	ENSG00000145241
STAP1	4	67558482	67607343	+	ENSG00000035720
UBA6	4	67612652	67701199	-	ENSG00000033178
GNRHR	4	67737118	67754388	-	ENSG00000109163
TMPRSS11D	4	67820876	67884002	-	ENSG00000153802
TMPRSS11A	4	67909395	67964140	-	ENSG00000187054
TMPRSS11F	4	68053198	68129869	-	ENSG00000198092
TMPRSS11B	4	68226653	68245694	-	ENSG00000185873
YTHDC1	4	68310387	68350098	-	ENSG00000083896
TMPRSS11E	4	68447463	68497604	+	ENSG00000087128
UGT2B17	4	68537146	68576413	-	ENSG00000197888
UGT2B15	4	68646597	68670684	-	ENSG00000196620
UGT2B10	4	68815917	68833559	+	ENSG00000109181
UGT2A3	4	68928459	68951804	-	ENSG00000135220
UGT2B7	4	69051363	69112987	+	ENSG00000171234
UGT2B11	4	69199951	69214748	-	ENSG00000213759
UGT2B28	4	69280475	69295050	+	ENSG00000135226
UGT2B4	4	69480137	69526017	-	ENSG00000156096
UGT2A1	4	69588417	69653249	-	ENSG00000173610
UGT2A2	4	69588417	69639642	-	ENSG00000271271
SULT1B1	4	69721167	69787961	-	ENSG00000173597
SULT1E1	4	69838259	69861075	-	ENSG00000109193
CSN1S1	4	69931068	69946574	+	ENSG00000126545
CSN2	4	69955256	69965728	-	ENSG00000135222
STATH	4	69995966	70002570	+	ENSG00000126549
HTN3	4	70028455	70036538	+	ENSG00000205649
HTN1	4	70050438	70058848	+	ENSG00000126550
PRR27	4	70133616	70176799	+	ENSG00000187533
ODAM	4	70195706	70205734	+	ENSG00000109205
FDCSP	4	70226124	70235252	+	ENSG00000181617
CSN3	4	70238382	70251474	+	ENSG00000171209
CABS1	4	70334981	70337116	+	ENSG00000145309
SMR3A	4	70360760	70367158	+	ENSG00000109208
SMR3B	4	70370093	70390244	+	ENSG00000171201
OPRPN	4	70397931	70410195	+	ENSG00000171199
MUC7	4	70430492	70482997	+	ENSG00000171195
AMTN	4	70518569	70532743	+	ENSG00000187689
AMBN	4	70592256	70607288	+	ENSG00000178522
ENAM	4	70628744	70646824	+	ENSG00000132464
JCHAIN	4	70655541	70681817	-	ENSG00000132465
UTP3	4	70688532	70690551	+	ENSG00000132467
RUFY3	4	70704204	70808619	+	ENSG00000018189
GRSF1	4	70815783	70839903	-	ENSG00000132463
MOB1B	4	70902326	71022449	+	ENSG00000173542
DCK	4	70992538	71030914	+	ENSG00000156136
SLC4A4	4	71062667	71572087	+	ENSG00000080493
GC	4	71735436	71805527	-	ENSG00000145321
NPFFR2	4	72031902	72148311	+	ENSG00000056291
ADAMTS3	4	72280969	72569221	-	ENSG00000156140
COX18	4	73052362	73069755	-	ENSG00000163626
ANKRD17	4	73073376	73259147	-	ENSG00000132466
ALB	4	73397114	73426607	+	ENSG00000163631
AFP	4	73431138	73456174	+	ENSG00000081051
AFM	4	73481665	73504036	+	ENSG00000079557
RASSF6	4	73571550	73620631	-	ENSG00000169435
CXCL8	4	73740519	73747379	+	ENSG00000169429
CXCL6	4	73836640	73849064	+	ENSG00000124875
PF4V1	4	73853296	73854483	+	ENSG00000109272
CXCL1	4	73869392	73871308	+	ENSG00000163739
PF4	4	73980811	73982027	-	ENSG00000163737
PPBP	4	73985966	73988276	-	ENSG00000163736
CXCL5	4	73995642	73998677	-	ENSG00000163735
CXCL3	4	74036589	74038807	-	ENSG00000163734
CXCL2	4	74097040	74099196	-	ENSG00000081041
MTHFD2L	4	74114174	74303099	+	ENSG00000163738
EPGN	4	74308470	74316789	+	ENSG00000182585
EREG	4	74365145	74388749	+	ENSG00000124882
AREG	4	74444999	74455005	+	ENSG00000109321
BTC	4	74744759	74794717	-	ENSG00000174808
PARM1	4	74933041	75050115	+	ENSG00000169116
RCHY1	4	75479033	75514764	-	ENSG00000163743
THAP6	4	75513946	75550473	+	ENSG00000174796
ODAPH	4	75556048	75565871	+	ENSG00000174792
CDKL2	4	75576494	75630716	-	ENSG00000138769
G3BP2	4	75641849	75726301	-	ENSG00000138757
USO1	4	75724522	75814290	+	ENSG00000138768
PPEF2	4	75859864	75902571	-	ENSG00000156194
NAAA	4	75910655	75941013	-	ENSG00000138744
SDAD1	4	75940950	75990962	-	ENSG00000198301
CXCL9	4	76001275	76007509	-	ENSG00000138755
ART3	4	76011184	76114094	+	ENSG00000156219
CXCL10	4	76021118	76023497	-	ENSG00000169245
CXCL11	4	76033682	76041415	-	ENSG00000169248
NUP54	4	76107562	76148509	-	ENSG00000138750
SCARB2	4	76158737	76234536	-	ENSG00000138760
FAM47E	4	76214040	76284294	+	ENSG00000189157
FAM47E-STBD1	4	76251721	76311129	+	ENSG00000272414
STBD1	4	76306733	76311130	+	ENSG00000118804
CCDC158	4	76312997	76421868	-	ENSG00000163749
SHROOM3	4	76435229	76783253	+	ENSG00000138771
SOWAHB	4	76894152	76898144	-	ENSG00000186212
SEPTIN11	4	76949747	77040384	+	ENSG00000138758
CCNI	4	77047155	77076319	-	ENSG00000118816
CCNG2	4	77157207	77433388	+	ENSG00000138764
CXCL13	4	77511753	77611834	+	ENSG00000156234
CNOT6L	4	77713387	77819615	-	ENSG00000138767
MRPL1	4	77862826	77952791	+	ENSG00000169288
FRAS1	4	78057323	78544269	+	ENSG00000138759
ANXA3	4	78551621	78610493	+	ENSG00000138772
BMP2K	4	78776342	78916365	+	ENSG00000138756
PAQR3	4	78887127	78939438	-	ENSG00000163291
NAA11	4	79225694	79326061	-	ENSG00000156269
GK2	4	79406361	79408228	-	ENSG00000196475
ANTXR2	4	79901146	80125454	-	ENSG00000163297
PRDM8	4	80183879	80204329	+	ENSG00000152784
FGF5	4	80266639	80336680	+	ENSG00000138675
CFAP299	4	80335730	80963750	+	ENSG00000197826
BMP3	4	81030632	81057627	+	ENSG00000152785
PRKG2	4	81086874	81217970	-	ENSG00000138669
RASGEF1B	4	81426393	82044244	-	ENSG00000138670
HNRNPD	4	82351523	82374543	-	ENSG00000138668
HNRNPDL	4	82422565	82430471	-	ENSG00000152795
ENOPH1	4	82430589	82461177	+	ENSG00000145293
TMEM150C	4	82483170	82562357	-	ENSG00000249242
SCD5	4	82629539	82798796	-	ENSG00000145284
SEC31A	4	82818081	82901166	-	ENSG00000138674
THAP9	4	82900684	82919969	+	ENSG00000168152
LIN54	4	82909973	83012983	-	ENSG00000189308
COPS4	4	83034447	83075818	+	ENSG00000138663
PLAC8	4	83059493	83137075	-	ENSG00000145287
COQ2	4	83261536	83284914	-	ENSG00000173085
HPSE	4	83292461	83335153	-	ENSG00000173083
HELQ	4	83407343	83455855	-	ENSG00000163312
MRPS18C	4	83455932	83470428	+	ENSG00000163319
ABRAXAS1	4	83459517	83523348	-	ENSG00000163322
GPAT3	4	83535619	83605875	+	ENSG00000138678
NKX6-1	4	84491985	84499292	-	ENSG00000163623
CDS1	4	84582879	84651334	+	ENSG00000163624
WDFY3	4	84668765	84966690	-	ENSG00000163625
ARHGAP24	4	85475150	86002668	+	ENSG00000138639
MAPK10	4	85990007	86594625	-	ENSG00000109339
PTPN13	4	86593944	86815180	+	ENSG00000163629
SLC10A6	4	86823468	86849384	-	ENSG00000145283
AFF1	4	86934237	87141073	+	ENSG00000172493
KLHL8	4	87159981	87240729	-	ENSG00000145332
HSD17B13	4	87303789	87322945	-	ENSG00000170509
HSD17B11	4	87336515	87391219	-	ENSG00000198189
NUDT9	4	87422573	87459455	+	ENSG00000170502
SCPPPQ1	4	87460802	87471050	-	ENSG00000272856
SPARCL1	4	87473329	87531118	-	ENSG00000152583
DSPP	4	87608529	87616873	+	ENSG00000152591
DMP1	4	87650280	87664361	+	ENSG00000152592
IBSP	4	87799546	87813329	+	ENSG00000029559
MEPE	4	87821398	87846814	+	ENSG00000152595
SPP1	4	87975667	87983532	+	ENSG00000118785
PKD2	4	88007629	88077777	+	ENSG00000118762
ABCG2	4	88090150	88231818	-	ENSG00000118777
PPM1K	4	88257620	88284769	-	ENSG00000163644
HERC6	4	88378739	88443098	+	ENSG00000138642
HERC5	4	88457086	88506188	+	ENSG00000138646
PIGY	4	88520998	88523776	-	ENSG00000255072
PYURF	4	88520998	88523776	-	ENSG00000145337
NAP1L5	4	88695913	88697829	-	ENSG00000177432
FAM13A	4	88725955	89111398	-	ENSG00000138640
TIGD2	4	89111533	89114901	+	ENSG00000180346
GPRIN3	4	89236383	89307937	-	ENSG00000185477
SNCA	4	89700345	89838315	-	ENSG00000145335
MMRN1	4	89879532	89954629	+	ENSG00000138722
CCSER1	4	90127394	91605295	+	ENSG00000184305
GRID2	4	92303966	93810157	+	ENSG00000152208
ATOH1	4	93828753	93830964	+	ENSG00000172238
SMARCAD1	4	94207605	94291293	+	ENSG00000163104
HPGDS	4	94298507	94342876	-	ENSG00000163106
PDLIM5	4	94451857	94668227	+	ENSG00000163110
BMPR1B	4	94757937	95158448	+	ENSG00000138696
UNC5C	4	95162504	95549206	-	ENSG00000182168
PDHA2	4	95840093	95841464	+	ENSG00000163114
STPG2	4	97184093	98143476	-	ENSG00000163116
RAP1GDS1	4	98261243	98443864	+	ENSG00000138698
TSPAN5	4	98470365	98658690	-	ENSG00000168785
EIF4E	4	98878761	98929150	-	ENSG00000151247
METAP1	4	98995359	99063443	+	ENSG00000164024
ADH5	4	99070978	99088801	-	ENSG00000197894
ADH4	4	99123657	99157792	-	ENSG00000198099
ADH6	4	99202436	99219537	-	ENSG00000172955
ADH1A	4	99276365	99291552	-	ENSG00000187758
ADH1B	4	99304971	99321659	-	ENSG00000196616
ADH1C	4	99336093	99353887	-	ENSG00000248144
ADH7	4	99412261	99435510	-	ENSG00000196344
C4orf17	4	99511012	99542303	+	ENSG00000138813
TRMT10A	4	99546709	99564039	-	ENSG00000145331
MTTP	4	99564081	99623997	+	ENSG00000138823
C4orf54	4	99636529	99657828	-	ENSG00000248713
DAPP1	4	99816816	99870190	+	ENSG00000070190
LAMTOR3	4	99878336	99894428	-	ENSG00000109270
DNAJB14	4	99896248	99946653	-	ENSG00000164031
H2AZ1	4	99948069	99950367	-	ENSG00000164032
DDIT4L	4	100185870	100190782	-	ENSG00000145358
EMCN	4	100395341	100880126	-	ENSG00000164035
PPP3CA	4	101023409	101348278	-	ENSG00000138814
BANK1	4	101411286	102074812	+	ENSG00000153064
SLC39A8	4	102251080	102431258	-	ENSG00000138821
NFKB1	4	102500937	102617302	+	ENSG00000109320
MANBA	4	102630770	102760999	-	ENSG00000109323
UBE2D3	4	102793516	102869287	-	ENSG00000109332
CISD2	4	102868971	102892807	+	ENSG00000145354
SLC9B1	4	102885048	103019719	-	ENSG00000164037
SLC9B2	4	103019868	103085829	-	ENSG00000164038
BDH2	4	103077592	103099880	-	ENSG00000164039
CENPE	4	103105349	103198463	-	ENSG00000138778
TACR3	4	103586031	103719985	-	ENSG00000169836
CXXC4	4	104468308	104494901	-	ENSG00000168772
TET2	4	105145875	105279816	+	ENSG00000168769
PPA2	4	105369077	105474113	-	ENSG00000138777
ARHGEF38	4	105552620	105708093	+	ENSG00000236699
INTS12	4	105682016	105895986	-	ENSG00000138785
GSTCD	4	105708778	105849570	+	ENSG00000138780
NPNT	4	105894775	106004027	+	ENSG00000168743
TBCK	4	106041599	106316683	-	ENSG00000145348
AIMP1	4	106315544	106349456	+	ENSG00000164022
GIMD1	4	106357392	106368778	-	ENSG00000250298
DKK2	4	106921802	107283806	-	ENSG00000155011
PAPSS1	4	107590276	107720395	-	ENSG00000138801
SGMS2	4	107824563	107915047	+	ENSG00000164023
CYP2U1	4	107931531	107953465	+	ENSG00000155016
HADH	4	107989714	108035241	+	ENSG00000138796
LEF1	4	108047545	108168956	-	ENSG00000138795
RPL34	4	108620508	108632886	+	ENSG00000109475
OSTC	4	108650585	108667820	+	ENSG00000198856
ETNPPL	4	108741969	108763228	-	ENSG00000164089
COL25A1	4	108808725	109302752	-	ENSG00000188517
SEC24B	4	109433602	109540896	+	ENSG00000138802
MCUB	4	109560209	109688719	+	ENSG00000005059
CASP6	4	109688622	109703583	-	ENSG00000138794
PLA2G12A	4	109709989	109730070	-	ENSG00000123739
CFI	4	109731008	109802195	-	ENSG00000205403
GAR1	4	109815500	109825575	+	ENSG00000109534
RRH	4	109827972	109849123	+	ENSG00000180245
LRIT3	4	109846013	109872315	+	ENSG00000183423
EGF	4	109912883	110013766	+	ENSG00000138798
ELOVL6	4	110045846	110199199	-	ENSG00000170522
ENPEP	4	110365733	110565285	+	ENSG00000138792
PITX2	4	110617423	110642123	-	ENSG00000164093
FAM241A	4	112145454	112195256	+	ENSG00000174749
AP1AR	4	112231363	112273110	+	ENSG00000138660
TIFA	4	112272968	112285955	-	ENSG00000145365
ALPK1	4	112285509	112442621	+	ENSG00000073331
NEUROG2	4	112513516	112516180	-	ENSG00000178403
ZGRF1	4	112539333	112637392	-	ENSG00000138658
LARP7	4	112636990	112657858	+	ENSG00000174720
ANK2	4	112818032	113384231	+	ENSG00000145362
CAMK2D	4	113418054	113761927	-	ENSG00000145349
ARSJ	4	113900284	113979727	-	ENSG00000180801
UGT8	4	114598374	114678588	+	ENSG00000174607
NDST4	4	114827763	115113876	-	ENSG00000138653
TRAM1L1	4	117083554	117085576	-	ENSG00000174599
NDST3	4	118033579	118258634	+	ENSG00000164100
PRSS12	4	118280038	118353003	-	ENSG00000164099
METTL14	4	118685387	118715433	+	ENSG00000145388
SEC24D	4	118722822	118838683	-	ENSG00000150961
SYNPO2	4	118850688	119061247	+	ENSG00000172403
MYOZ2	4	119128431	119187789	+	ENSG00000172399
USP53	4	119212128	119295518	+	ENSG00000145390
ARLN	4	119296419	119304445	-	ENSG00000164096
FABP2	4	119317250	119322138	-	ENSG00000145384
PDE5A	4	119494397	119628804	-	ENSG00000138735
MAD2L1	4	120055623	120067192	-	ENSG00000164109
PRDM5	4	120684919	120923089	-	ENSG00000138738
NDNF	4	121033326	121074085	-	ENSG00000173376
TNIP3	4	121131408	121227615	-	ENSG00000050730
QRFPR	4	121328595	121381059	-	ENSG00000186867
ANXA5	4	121667396	121697061	-	ENSG00000164111
SMIM43	4	121758881	121765427	-	ENSG00000164112
EXOSC9	4	121801318	121817021	+	ENSG00000123737
CCNA2	4	121816444	121823917	-	ENSG00000145386
BBS7	4	121824329	121870494	-	ENSG00000138686
TRPC3	4	121874481	121952060	-	ENSG00000138741
BLTP1	4	122152331	122364167	+	ENSG00000138688
ADAD1	4	122378966	122429802	+	ENSG00000164113
IL2	4	122451470	122456725	-	ENSG00000109471
IL21	4	122610108	122621066	-	ENSG00000138684
BBS12	4	122732702	122744942	+	ENSG00000181004
FGF2	4	122826682	122898236	+	ENSG00000138685
NUDT6	4	122888697	122922968	-	ENSG00000170917
AFG2A	4	122923070	123319433	+	ENSG00000145375
SPRY1	4	123396754	123403760	+	ENSG00000164056
ANKRD50	4	124664048	124712732	-	ENSG00000151458
FAT4	4	125314918	125492932	+	ENSG00000196159
INTU	4	127623271	127726737	+	ENSG00000164066
SLC25A31	4	127730400	127774292	+	ENSG00000151475
HSPA4L	4	127781821	127840733	+	ENSG00000164070
PLK4	4	127880890	127899224	+	ENSG00000142731
MFSD8	4	127917799	127966034	-	ENSG00000164073
ABHD18	4	127965267	128039953	+	ENSG00000164074
LARP1B	4	128060801	128222931	+	ENSG00000138709
PGRMC2	4	128269237	128288829	-	ENSG00000164040
JADE1	4	128809576	128875224	+	ENSG00000077684
SCLT1	4	128864921	129093600	-	ENSG00000151466
C4orf33	4	129093317	129116640	+	ENSG00000151470
PCDH10	4	133149294	133208606	+	ENSG00000138650
PABPC4L	4	134196333	134201885	-	ENSG00000254535
PCDH18	4	137518918	137532494	-	ENSG00000189184
SLC7A11	4	138164097	138242349	-	ENSG00000151012
NOCT	4	139015772	139045939	+	ENSG00000151014
ELF2	4	139028112	139177224	-	ENSG00000109381
MGARP	4	139266165	139280346	-	ENSG00000137463
NDUFC1	4	139266880	139302564	-	ENSG00000109390
NAA15	4	139301446	139420033	+	ENSG00000164134
RAB33B	4	139453232	139476609	+	ENSG00000172007
SETD7	4	139492974	139606699	-	ENSG00000145391
MGST2	4	139665768	139741884	+	ENSG00000085871
MAML3	4	139716753	140154212	-	ENSG00000196782
SCOC	4	140257286	140385728	+	ENSG00000153130
CLGN	4	140387952	140427661	-	ENSG00000153132
MGAT4D	4	140442262	140498377	-	ENSG00000205301
ELMOD2	4	140524164	140553775	+	ENSG00000179387
UCP1	4	140559431	140569001	-	ENSG00000109424
TBC1D9	4	140620782	140756982	-	ENSG00000109436
RNF150	4	140859807	141212877	-	ENSG00000170153
ZNF330	4	141220280	141234697	+	ENSG00000109445
IL15	4	141636237	141735276	+	ENSG00000164136
INPP4B	4	142023160	142847432	-	ENSG00000109452
USP38	4	143184917	143225212	+	ENSG00000170185
GAB1	4	143336402	143474565	+	ENSG00000109458
SMARCA5	4	143513445	143557486	+	ENSG00000153147
FREM3	4	143577302	143700675	-	ENSG00000183090
GYPE	4	143870864	143905563	-	ENSG00000197465
GYPB	4	143996104	144019380	-	ENSG00000250361
GYPA	4	144109303	144140751	-	ENSG00000170180
HHIP	4	144646156	144745271	+	ENSG00000164161
ANAPC10	4	144831908	145098823	-	ENSG00000164162
ABCE1	4	145098248	145129524	+	ENSG00000164163
OTUD4	4	145110838	145180621	-	ENSG00000164164
SMAD1	4	145480769	145559176	+	ENSG00000170365
MMAA	4	145599042	145660033	+	ENSG00000151611
C4orf51	4	145680146	145771032	+	ENSG00000237136
ZNF827	4	145757627	145938823	-	ENSG00000151612
LSM6	4	146175685	146204436	+	ENSG00000164167
REELD1	4	146214515	146232267	+	ENSG00000250673
SLC10A7	4	146253975	146522372	-	ENSG00000120519
POU4F2	4	146638893	146642474	+	ENSG00000151615
TTC29	4	146706617	146945882	-	ENSG00000137473
EDNRA	4	147480917	147544954	+	ENSG00000151617
TMEM184C	4	147617386	147672044	+	ENSG00000164168
PRMT9	4	147635654	147684163	-	ENSG00000164169
ARHGAP10	4	147731922	148072780	+	ENSG00000071205
NR3C2	4	148078762	148445549	-	ENSG00000151623
IQCM	4	149351709	149896233	-	ENSG00000234828
DCLK2	4	150078176	150257454	+	ENSG00000170390
LRBA	4	150264435	151015755	-	ENSG00000198589
MAB21L2	4	150582151	150584693	+	ENSG00000181541
RPS3A	4	151099565	151104652	+	ENSG00000145425
SH3D19	4	151102751	151409365	-	ENSG00000109686
PRSS48	4	151277161	151291862	+	ENSG00000189099
FHIP1A	4	151409118	151670503	+	ENSG00000164142
GATB	4	151670458	151761028	-	ENSG00000059691
FBXW7	4	152320544	152536107	-	ENSG00000109670
TMEM154	4	152618628	152680012	-	ENSG00000170006
TIGD4	4	152768155	152779732	-	ENSG00000169989
ARFIP1	4	152779096	152918463	+	ENSG00000164144
FHDC1	4	152935887	152979697	+	ENSG00000137460
TRIM2	4	153152163	153339319	+	ENSG00000109654
MND1	4	153344623	153415118	+	ENSG00000121211
TMEM131L	4	153466307	153637612	+	ENSG00000121210
TLR2	4	153684050	153708537	+	ENSG00000137462
RNF175	4	153710160	153760031	-	ENSG00000145428
SFRP2	4	153780591	153789083	-	ENSG00000145423
DCHS2	4	154231742	154491799	-	ENSG00000197410
PLRG1	4	154535005	154550403	-	ENSG00000171566
FGB	4	154562971	154572807	+	ENSG00000171564
FGA	4	154583126	154590745	-	ENSG00000171560
FGG	4	154604134	154612967	-	ENSG00000171557
LRAT	4	154626945	154753120	+	ENSG00000121207
RBM46	4	154781213	154828813	+	ENSG00000151962
NPY2R	4	155208636	155217078	+	ENSG00000185149
MAP9	4	155342658	155376970	-	ENSG00000164114
GUCY1A1	4	155666707	155737059	+	ENSG00000164116
GUCY1B1	4	155758988	155807811	+	ENSG00000061918
ASIC5	4	155829729	155866277	-	ENSG00000256394
TDO2	4	155854738	155920414	+	ENSG00000151790
CTSO	4	155921580	155953912	-	ENSG00000256043
PDGFC	4	156760454	156971799	-	ENSG00000145431
GLRB	4	157076100	157172090	+	ENSG00000109738
GRIA2	4	157204182	157387146	+	ENSG00000120251
GASK1B	4	158124474	158174249	-	ENSG00000164125
TMEM144	4	158201604	158255416	+	ENSG00000164124
RXFP1	4	158315311	158653372	+	ENSG00000171509
C4orf46	4	158666675	158672255	-	ENSG00000205208
ETFDH	4	158671968	158710758	+	ENSG00000171503
PPID	4	158709127	158723406	-	ENSG00000171497
FNIP2	4	158769026	158908050	+	ENSG00000052795
SPMIP2	4	158893134	159038760	-	ENSG00000164123
RAPGEF2	4	159103013	159360174	+	ENSG00000109756
FSTL5	4	161383897	162164005	-	ENSG00000168843
NAF1	4	163110073	163166913	-	ENSG00000145414
NPY1R	4	163323962	163344852	-	ENSG00000164128
NPY5R	4	163343583	163352477	+	ENSG00000164129
TKTL2	4	163471095	163473754	-	ENSG00000151005
TMA16	4	163494442	163520733	+	ENSG00000198498
MARCHF1	4	163524298	164384050	-	ENSG00000145416
SMIM31	4	164754064	164803795	+	ENSG00000248771
APELA	4	164876944	164899007	+	ENSG00000248329
TRIM61	4	164954446	164977668	-	ENSG00000183439
TRIM60	4	165016458	165041749	+	ENSG00000176979
TRIM75	4	165053866	165060554	+	ENSG00000250374
TMEM192	4	165070608	165208549	-	ENSG00000170088
KLHL2	4	165207561	165323156	+	ENSG00000109466
GK3	4	165277807	165279704	-	ENSG00000229894
MSMO1	4	165327667	165343180	+	ENSG00000052802
CPE	4	165361194	165498547	+	ENSG00000109472
TLL1	4	165873237	166104457	+	ENSG00000038295
SPOCK3	4	166733384	167234796	-	ENSG00000196104
ANXA10	4	168092537	168187736	+	ENSG00000109511
DDX60	4	168216291	168318883	-	ENSG00000137628
DDX60L	4	168356735	168537786	-	ENSG00000181381
PALLD	4	168497052	168928457	+	ENSG00000129116
CBR4	4	168863770	169010311	-	ENSG00000145439
SH3RF1	4	169094259	169271185	-	ENSG00000154447
NEK1	4	169369704	169612644	-	ENSG00000137601
CLCN3	4	169612438	169723673	+	ENSG00000109572
HPF1	4	169729468	169757944	-	ENSG00000056050
MFAP3L	4	169986597	170033031	-	ENSG00000198948
AADAT	4	170060219	170091699	-	ENSG00000109576
GALNTL6	4	171812254	173041559	+	ENSG00000174473
GALNT7	4	173168811	173323967	+	ENSG00000109586
HMGB2	4	173331376	173334456	-	ENSG00000164104
SAP30	4	173369969	173377532	+	ENSG00000164105
SCRG1	4	173384701	173410218	-	ENSG00000164106
HAND2	4	173524969	173530229	-	ENSG00000164107
FBXO8	4	174236658	174283676	-	ENSG00000164117
CEP44	4	174283295	174333380	+	ENSG00000164118
HPGD	4	174490175	174523154	-	ENSG00000164120
GLRA3	4	174636920	174829247	-	ENSG00000145451
ADAM29	4	174829668	174978180	+	ENSG00000168594
GPM6A	4	175632934	176003069	-	ENSG00000150625
WDR17	4	176065840	176182820	+	ENSG00000150627
SPATA4	4	176184579	176195585	-	ENSG00000150628
ASB5	4	176213673	176277571	-	ENSG00000164122
SPCS3	4	176319966	176332245	+	ENSG00000129128
VEGFC	4	176683538	176792922	-	ENSG00000150630
NEIL3	4	177309860	177362936	+	ENSG00000109674
AGA	4	177430774	177442444	-	ENSG00000038002
TENM3	4	182143918	182803024	+	ENSG00000218336
DCTD	4	182890060	182917936	-	ENSG00000129187
WWC2	4	183099126	183320777	+	ENSG00000151718
CLDN22	4	183318100	183320276	-	ENSG00000177300
CLDN24	4	183321764	183322426	-	ENSG00000185758
CDKN2AIP	4	183444635	183449064	+	ENSG00000168564
ING2	4	183505058	183512429	+	ENSG00000168556
RWDD4	4	183639635	183659203	-	ENSG00000182552
TRAPPC11	4	183659267	183713594	+	ENSG00000168538
STOX2	4	183797692	184023526	+	ENSG00000173320
ENPP6	4	184088706	184221230	-	ENSG00000164303
IRF2	4	184385702	184474558	-	ENSG00000168310
CASP3	4	184627695	184650418	-	ENSG00000164305
PRIMPOL	4	184648461	184694963	+	ENSG00000164306
CENPU	4	184694085	184734130	-	ENSG00000151725
ACSL1	4	184755501	184826853	-	ENSG00000151726
HELT	4	185018490	185020953	+	ENSG00000187821
SLC25A4	4	185143233	185150382	+	ENSG00000151729
CFAP97	4	185159665	185210815	-	ENSG00000164323
SNX25	4	185204237	185390928	+	ENSG00000109762
LRP2BP	4	185363655	185397288	-	ENSG00000109771
ANKRD37	4	185396021	185400628	+	ENSG00000186352
UFSP2	4	185399527	185425979	-	ENSG00000109775
CFAP96	4	185426014	185449828	+	ENSG00000205129
CCDC110	4	185445182	185471752	-	ENSG00000168491
PDLIM3	4	185500660	185535507	-	ENSG00000154553
SORBS2	4	185585444	185956652	-	ENSG00000154556
TLR3	4	186068911	186088073	+	ENSG00000164342
FAM149A	4	186104419	186175337	+	ENSG00000109794
CYP4V2	4	186191475	186215245	+	ENSG00000145476
KLKB1	4	186225424	186258476	+	ENSG00000164344
F11	4	186260159	186291273	+	ENSG00000088926
MTNR1A	4	186526792	186555567	-	ENSG00000168412
FAT1	4	186587791	186726722	-	ENSG00000083857
ZFP42	4	187994044	188007005	+	ENSG00000179059
TRIML2	4	188091247	188109611	-	ENSG00000179046
TRIML1	4	188139441	188147743	+	ENSG00000184108
FRG1	4	189940842	189963207	+	ENSG00000109536
FRG2	4	190024367	190027257	-	ENSG00000205097
DUX4	4	190173774	190185942	+	ENSG00000260596
PLEKHG4B	5	92128	189972	+	ENSG00000153404
LRRC14B	5	191495	196334	+	ENSG00000185028
CCDC127	5	196868	218153	-	ENSG00000164366
SDHA	5	218274	257083	+	ENSG00000073578
PDCD6	5	271621	314974	+	ENSG00000249915
PDCD6-AHRR	5	271670	438291	+	ENSG00000288622
AHRR	5	320682	438291	+	ENSG00000063438
EXOC3	5	442522	471937	+	ENSG00000180104
SLC9A3	5	470456	524449	-	ENSG00000066230
CEP72	5	612330	667168	+	ENSG00000112877
TPPP	5	659862	693997	-	ENSG00000171368
ZDHHC11B	5	710355	784729	-	ENSG00000206077
ZDHHC11	5	795605	858973	-	ENSG00000188818
BRD9	5	850291	892838	-	ENSG00000028310
TRIP13	5	892884	919357	+	ENSG00000071539
NKD2	5	1008021	1040630	+	ENSG00000145506
SLC12A7	5	1050384	1155916	-	ENSG00000113504
SLC6A19	5	1201595	1225111	+	ENSG00000174358
SLC6A18	5	1225381	1246189	+	ENSG00000164363
TERT	5	1253147	1295085	-	ENSG00000164362
CLPTM1L	5	1317744	1345099	-	ENSG00000049656
SLC6A3	5	1392794	1445514	-	ENSG00000142319
LPCAT1	5	1456480	1524282	-	ENSG00000153395
MRPL36	5	1798381	1802001	-	ENSG00000171421
NDUFS6	5	1801363	1816051	+	ENSG00000145494
IRX4	5	1877413	1887381	-	ENSG00000113430
IRX2	5	2741794	2751677	-	ENSG00000170561
IRX1	5	3595832	3601403	+	ENSG00000170549
ADAMTS16	5	5140329	5320304	+	ENSG00000145536
ICE1	5	5420664	5490220	+	ENSG00000164151
MED10	5	6371874	6378571	-	ENSG00000133398
UBE2QL1	5	6448859	6496723	+	ENSG00000215218
NSUN2	5	6599237	6633304	-	ENSG00000037474
SRD5A1	5	6633290	6676539	+	ENSG00000145545
TENT4A	5	6713291	6757045	+	ENSG00000112941
ADCY2	5	7395681	7830081	+	ENSG00000078295
CFAP90	5	7830378	7851512	-	ENSG00000215217
MTRR	5	7851186	7906025	+	ENSG00000124275
FASTKD3	5	7859159	7869055	-	ENSG00000124279
SEMA5A	5	9035033	9546142	-	ENSG00000112902
TAS2R1	5	9627347	9712378	-	ENSG00000169777
ATPSCKMT	5	10225507	10249897	-	ENSG00000150756
CCT5	5	10249929	10266389	+	ENSG00000150753
CMBL	5	10275875	10307974	-	ENSG00000164237
MARCHF6	5	10353695	10440388	+	ENSG00000145495
ROPN1L	5	10441524	10559716	+	ENSG00000145491
ANKRD33B	5	10564070	10657816	+	ENSG00000164236
DAP	5	10679230	10761273	-	ENSG00000112977
CTNND2	5	10971836	11904446	-	ENSG00000169862
DNAH5	5	13690328	14011818	-	ENSG00000039139
TRIO	5	14143342	14532128	+	ENSG00000038382
OTULINL	5	14581792	14616180	+	ENSG00000145569
OTULIN	5	14664664	14716529	+	ENSG00000154124
ANKH	5	14704800	14871877	-	ENSG00000154122
FBXL7	5	15500180	15939795	+	ENSG00000183580
MARCHF11	5	16067139	16180762	-	ENSG00000183654
ZNF622	5	16451518	16465811	-	ENSG00000173545
RETREG1	5	16473038	16617101	-	ENSG00000154153
MYO10	5	16661907	16936288	-	ENSG00000145555
BASP1	5	17065598	17276843	+	ENSG00000176788
LINC02218	5	17444010	17487371	+	ENSG00000249662
H3Y2	5	17490967	17492076	-	ENSG00000268799
TAF11L2	5	17498231	17498827	+	ENSG00000284373
TAF11L3	5	17518367	17518963	+	ENSG00000284439
TAF11L4	5	17521801	17522397	+	ENSG00000284283
TAF11L5	5	17525235	17525831	+	ENSG00000284234
TAF11L6	5	17528669	17529265	+	ENSG00000284042
TAF11L7	5	17585162	17585758	-	ENSG00000284465
TAF11L8	5	17590364	17590960	-	ENSG00000283967
TAF11L9	5	17593798	17594394	-	ENSG00000283988
TAF11L10	5	17597232	17597828	-	ENSG00000284356
TAF11L11	5	17604177	17605910	+	ENSG00000283740
TAF11L12	5	17610392	17612111	+	ENSG00000249156
TAF11L13	5	17632088	17632684	+	ENSG00000283776
TAF11L14	5	17634460	17635053	+	ENSG00000250782
H3Y1	5	17654868	17655849	-	ENSG00000269466
CDH18	5	19471296	20575873	-	ENSG00000145526
CDH12	5	21750673	22853344	-	ENSG00000154162
PRDM9	5	23443586	23528093	+	ENSG00000164256
CDH10	5	24487099	24644978	-	ENSG00000040731
CDH9	5	26880597	27121150	-	ENSG00000113100
CDH6	5	31193686	31329146	+	ENSG00000113361
DROSHA	5	31400494	31533186	-	ENSG00000113360
C5orf22	5	31532287	31555053	+	ENSG00000082213
PDZD2	5	31639121	32110933	+	ENSG00000133401
GOLPH3	5	32124712	32174319	-	ENSG00000113384
MTMR12	5	32226994	32313013	-	ENSG00000150712
ZFR	5	32354350	32444761	-	ENSG00000056097
SUB1	5	32531633	32604507	+	ENSG00000113387
NPR3	5	32689070	32791724	+	ENSG00000113389
TARS1	5	33440696	33469531	+	ENSG00000113407
ADAMTS12	5	33523535	33892019	-	ENSG00000151388
RXFP3	5	33936386	33938918	+	ENSG00000182631
SLC45A2	5	33944623	33984693	-	ENSG00000164175
AMACR	5	33986165	34008104	-	ENSG00000242110
C1QTNF3-AMACR	5	33987174	34124528	-	ENSG00000273294
C1QTNF3	5	34017858	34043228	-	ENSG00000082196
RAI14	5	34656328	34832612	+	ENSG00000039560
TTC23L	5	34838833	34900511	+	ENSG00000205838
RAD1	5	34900072	34918989	-	ENSG00000113456
BRIX1	5	34915273	34926622	+	ENSG00000113460
DNAJC21	5	34929548	34958964	+	ENSG00000168724
AGXT2	5	34997427	35048240	-	ENSG00000113492
PRLR	5	35048756	35230533	-	ENSG00000113494
SPEF2	5	35617844	35814611	+	ENSG00000152582
IL7R	5	35852695	35879603	+	ENSG00000168685
CAPSL	5	35904288	35938779	-	ENSG00000152611
UGT3A1	5	35951006	36001028	-	ENSG00000145626
UGT3A2	5	36031828	36071358	-	ENSG00000168671
LMBRD2	5	36098407	36151921	-	ENSG00000164187
SKP2	5	36151989	36196849	+	ENSG00000145604
NADK2	5	36192589	36242279	-	ENSG00000152620
RANBP3L	5	36246913	36302114	-	ENSG00000164188
SLC1A3	5	36596588	36688335	+	ENSG00000079215
NIPBL	5	36876769	37066413	+	ENSG00000164190
CPLANE1	5	37106228	37249400	-	ENSG00000197603
NUP155	5	37288137	37371140	-	ENSG00000113569
WDR70	5	37379281	37753435	+	ENSG00000082068
GDNF	5	37812677	37840041	-	ENSG00000168621
EGFLAM	5	38258409	38465480	+	ENSG00000164318
LIFR	5	38474668	38608354	-	ENSG00000113594
OSMR	5	38845852	38945596	+	ENSG00000145623
RICTOR	5	38937920	39074402	-	ENSG00000164327
FYB1	5	39105252	39274528	-	ENSG00000082074
C9	5	39283982	39371324	-	ENSG00000113600
DAB2	5	39371675	39462300	-	ENSG00000153071
TTC33	5	40512333	40755963	-	ENSG00000113638
PTGER4	5	40679915	40693735	+	ENSG00000171522
PRKAA1	5	40759389	40798374	-	ENSG00000132356
RPL37	5	40825262	40835269	-	ENSG00000145592
CARD6	5	40841308	40860175	+	ENSG00000132357
C7	5	40909419	41020216	+	ENSG00000112936
MROH2B	5	40998017	41071342	-	ENSG00000171495
C6	5	41140236	41261561	-	ENSG00000039537
PLCXD3	5	41306952	41510601	-	ENSG00000182836
OXCT1	5	41730064	41870589	-	ENSG00000083720
RIMOC1	5	41904188	41921636	+	ENSG00000205765
FBXO4	5	41925210	41941743	+	ENSG00000151876
GHR	5	42423439	42721878	+	ENSG00000112964
CCDC152	5	42756799	42802439	+	ENSG00000198865
SELENOP	5	42799880	42887392	-	ENSG00000250722
ANXA2R	5	43039233	43043170	-	ENSG00000177721
ZNF131	5	43065176	43192021	+	ENSG00000172262
NIM1K	5	43192071	43280862	+	ENSG00000177453
HMGCS1	5	43287470	43313512	-	ENSG00000112972
CCL28	5	43376645	43412391	-	ENSG00000151882
TMEM267	5	43444252	43484476	-	ENSG00000151881
C5orf34	5	43486709	43515148	-	ENSG00000172244
PAIP1	5	43526267	43557758	-	ENSG00000172239
NNT	5	43602660	43707405	+	ENSG00000112992
FGF10	5	44300247	44389977	-	ENSG00000070193
MRPS30	5	44808947	44820428	+	ENSG00000112996
HCN1	5	45254948	45696498	-	ENSG00000164588
EMB	5	50396192	50443248	-	ENSG00000170571
PARP8	5	50665899	50846519	+	ENSG00000151883
ISL1	5	51383443	51394730	+	ENSG00000016082
ITGA1	5	52787916	52959209	+	ENSG00000213949
PELO	5	52787916	52804044	+	ENSG00000152684
ITGA2	5	52989320	53094779	+	ENSG00000164171
MOCS2	5	53095679	53113016	-	ENSG00000164172
FST	5	53480210	53487134	+	ENSG00000134363
NDUFS4	5	53560633	53683338	+	ENSG00000164258
ARL15	5	53883942	54310582	-	ENSG00000185305
HSPB3	5	54455699	54456377	+	ENSG00000169271
SNX18	5	54517727	54546586	+	ENSG00000178996
ESM1	5	54977867	55022671	-	ENSG00000164283
GZMK	5	55024256	55034570	+	ENSG00000113088
GZMA	5	55102646	55110252	+	ENSG00000145649
CDC20B	5	55112971	55173177	-	ENSG00000164287
GPX8	5	55160167	55167297	+	ENSG00000164294
MCIDAS	5	55219564	55227315	-	ENSG00000234602
CCNO	5	55231152	55233608	-	ENSG00000152669
DHX29	5	55256055	55307707	-	ENSG00000067248
MTREX	5	55307736	55426065	+	ENSG00000039123
PLPP1	5	55424849	55535035	-	ENSG00000067113
SLC38A9	5	55623437	55773194	-	ENSG00000177058
DDX4	5	55738017	55817157	+	ENSG00000152670
IL31RA	5	55851357	55922854	+	ENSG00000164509
IL6ST	5	55935095	55995022	-	ENSG00000134352
ANKRD55	5	56099680	56233330	-	ENSG00000164512
MAP3K1	5	56815538	56896152	+	ENSG00000095015
SETD9	5	56909260	56925532	+	ENSG00000155542
MIER3	5	56919602	56971675	-	ENSG00000155545
GPBP1	5	57173821	57265668	+	ENSG00000062194
ACTBL2	5	57480018	57482811	-	ENSG00000169067
PLK2	5	58453982	58460139	-	ENSG00000145632
GAPT	5	58491435	58497090	+	ENSG00000175857
RAB3C	5	58582221	58859394	+	ENSG00000152932
PDE4D	5	58969038	60522120	-	ENSG00000113448
DEPDC1B	5	60596912	60700194	-	ENSG00000035499
ELOVL7	5	60751791	60844274	-	ENSG00000164181
ERCC8	5	60866454	60945073	-	ENSG00000049167
NDUFAF2	5	60945177	61154531	+	ENSG00000164182
SMIM15	5	61157704	61163142	-	ENSG00000188725
ZSWIM6	5	61332258	61546172	+	ENSG00000130449
KIF2A	5	62306162	62391025	+	ENSG00000068796
DIMT1	5	62347284	62403943	-	ENSG00000086189
IPO11	5	62403518	62629949	+	ENSG00000086200
LRRC70	5	62578819	62581446	+	ENSG00000186105
HTR1A	5	63957874	63962507	-	ENSG00000178394
RNF180	5	64165291	64372869	+	ENSG00000164197
RGS7BP	5	64506015	64612319	+	ENSG00000186479
SHISAL2B	5	64690442	64718190	+	ENSG00000145642
SREK1IP1	5	64718148	64768692	-	ENSG00000153006
CWC27	5	64766368	65102412	+	ENSG00000153015
ADAMTS6	5	65148738	65481920	-	ENSG00000049192
CENPK	5	65517766	65563183	-	ENSG00000123219
PPWD1	5	65563236	65587549	+	ENSG00000113593
TRIM23	5	65589690	65625975	-	ENSG00000113595
SHLD3	5	65624765	65630928	+	ENSG00000253251
TRAPPC13	5	65624789	65666233	+	ENSG00000113597
SGTB	5	65665928	65723035	-	ENSG00000197860
NLN	5	65722205	65871725	+	ENSG00000123213
ERBIN	5	65883128	66082546	+	ENSG00000112851
SREK1	5	66139971	66183615	+	ENSG00000153914
MAST4	5	66596380	67169593	+	ENSG00000069020
CD180	5	67179613	67196799	-	ENSG00000134061
PIK3R1	5	68215740	68301821	+	ENSG00000145675
SLC30A5	5	69093991	69131069	+	ENSG00000145740
CCNB1	5	69167004	69178372	+	ENSG00000134057
CENPH	5	69189542	69210357	+	ENSG00000153044
KGD4	5	69217712	69230158	+	ENSG00000134056
CDK7	5	69234795	69277430	+	ENSG00000134058
CCDC125	5	69280175	69332809	-	ENSG00000183323
AK6	5	69350984	69370013	-	ENSG00000085231
TAF9	5	69362026	69370026	-	ENSG00000273841
RAD17	5	69369293	69414806	+	ENSG00000152942
MARVELD2	5	69415065	69444330	+	ENSG00000152939
OCLN	5	69492184	69558104	+	ENSG00000197822
GTF2H2C	5	69558392	69595221	+	ENSG00000183474
SERF1B	5	70025251	70043113	+	ENSG00000205572
SMN2	5	70049635	70078522	+	ENSG00000205571
SERF1A	5	70900669	70918530	+	ENSG00000172058
SMN1	5	70925030	70953942	+	ENSG00000172062
NAIP	5	70968166	71025339	-	ENSG00000249437
GTF2H2	5	71034962	71067723	-	ENSG00000145736
BDP1	5	71455651	71567820	+	ENSG00000145734
MCCC2	5	71579531	71658706	+	ENSG00000131844
CARTPT	5	71719275	71721048	+	ENSG00000164326
MAP1B	5	72107234	72209565	+	ENSG00000131711
MRPS27	5	72214953	72321717	-	ENSG00000113048
PTCD2	5	72320318	72368395	+	ENSG00000049883
ZNF366	5	72439903	72507410	-	ENSG00000178175
TNPO1	5	72816312	72916741	+	ENSG00000083312
FCHO2	5	72955988	73090522	+	ENSG00000157107
TMEM171	5	73120569	73131812	+	ENSG00000157111
TMEM174	5	73173193	73175143	+	ENSG00000164325
FOXD1	5	73444827	73448777	-	ENSG00000251493
BTF3	5	73498408	73505667	+	ENSG00000145741
ANKRA2	5	73552190	73565712	-	ENSG00000164331
UTP15	5	73565443	73583380	+	ENSG00000164338
ARHGEF28	5	73625757	73942391	+	ENSG00000214944
ENC1	5	74627406	74641424	-	ENSG00000171617
HEXB	5	74640023	74722647	+	ENSG00000049860
GFM2	5	74721206	74767147	-	ENSG00000164347
NSA2	5	74766991	74780113	+	ENSG00000164346
FAM169A	5	74777574	74867022	-	ENSG00000198780
GCNT4	5	75025346	75054224	-	ENSG00000176928
ANKRD31	5	75068275	75236911	-	ENSG00000145700
HMGCR	5	75336329	75364241	+	ENSG00000113161
CERT1	5	75356345	75512138	-	ENSG00000113163
POLK	5	75511782	75609991	+	ENSG00000122008
ANKDD1B	5	75611182	75681773	+	ENSG00000189045
POC5	5	75674124	75717448	-	ENSG00000152359
SV2C	5	76083383	76353939	+	ENSG00000122012
IQGAP2	5	76403285	76708132	+	ENSG00000145703
F2RL2	5	76615482	76623413	-	ENSG00000164220
F2R	5	76716126	76735770	+	ENSG00000181104
F2RL1	5	76818933	76835315	+	ENSG00000164251
S100Z	5	76850001	76921650	+	ENSG00000171643
CRHBP	5	76953044	76981158	+	ENSG00000145708
AGGF1	5	77029251	77065234	+	ENSG00000164252
ZBED3	5	77072072	77087353	-	ENSG00000132846
WDR41	5	77425970	77620611	-	ENSG00000164253
OTP	5	77628712	77638713	-	ENSG00000171540
TBCA	5	77691166	77868780	-	ENSG00000171530
AP3B1	5	77991640	78294762	-	ENSG00000132842
SCAMP1	5	78360114	78480739	+	ENSG00000085365
LHFPL2	5	78485215	78770021	-	ENSG00000145685
ARSB	5	78777209	78986087	-	ENSG00000113273
DMGDH	5	78996974	79236038	-	ENSG00000132837
BHMT2	5	79069636	79090069	+	ENSG00000132840
BHMT	5	79111807	79132289	+	ENSG00000145692
JMY	5	79236128	79327215	+	ENSG00000152409
HOMER1	5	79372636	79514565	-	ENSG00000152413
TENT2	5	79611811	79688246	+	ENSG00000164329
CMYA5	5	79689777	79800607	+	ENSG00000164309
MTX3	5	79976716	79991262	-	ENSG00000177034
THBS4	5	79991311	80083831	+	ENSG00000113296
SERINC5	5	80111228	80256048	-	ENSG00000164300
SPZ1	5	80319625	80321842	+	ENSG00000164299
ZFYVE16	5	80407149	80483379	+	ENSG00000039319
FAM151B	5	80487969	80542563	+	ENSG00000152380
ANKRD34B	5	80556755	80570479	-	ENSG00000189127
DHFR	5	80626226	80654983	-	ENSG00000228716
MSH3	5	80654650	80877147	+	ENSG00000113318
RASGRF2	5	80960310	81230162	+	ENSG00000113319
CKMT2	5	81233320	81266399	+	ENSG00000131730
ZCCHC9	5	81301583	81313766	+	ENSG00000131732
ACOT12	5	81329862	81394191	-	ENSG00000172497
SSBP2	5	81412804	81752038	-	ENSG00000145687
ATG10	5	81971615	82276857	+	ENSG00000152348
RPS23	5	82273320	82278414	-	ENSG00000186468
TMEM167A	5	83052846	83077863	-	ENSG00000174695
XRCC4	5	83077498	83353787	+	ENSG00000152422
VCAN	5	83471618	83582303	+	ENSG00000038427
HAPLN1	5	83637805	83723528	-	ENSG00000145681
EDIL3	5	83940554	84384885	-	ENSG00000164176
COX7C	5	86617905	86621246	+	ENSG00000127184
RASA1	5	87267778	87391939	+	ENSG00000145715
CCNH	5	87318416	87413029	-	ENSG00000134480
TMEM161B	5	88185575	88269476	-	ENSG00000164180
MEF2C	5	88717117	88904257	-	ENSG00000081189
CETN3	5	90392257	90409786	-	ENSG00000153140
MBLAC2	5	90458209	90474771	-	ENSG00000176055
POLR3G	5	90471748	90514559	+	ENSG00000113356
LYSMD3	5	90515611	90529596	-	ENSG00000176018
ADGRV1	5	90529344	91164437	+	ENSG00000164199
ARRDC3	5	91368631	91383317	-	ENSG00000113369
NR2F1	5	93583222	93594611	+	ENSG00000175745
ARB2A	5	93615442	94111699	-	ENSG00000113391
POU5F2	5	93733220	93741600	-	ENSG00000248483
KIAA0825	5	94150851	94618604	-	ENSG00000185261
SLF1	5	94618054	94739436	+	ENSG00000133302
MCTP1	5	94703690	95285094	-	ENSG00000175471
FAM81B	5	95391366	95450454	+	ENSG00000153347
SKIC3	5	95461755	95555050	-	ENSG00000198677
ARSK	5	95555101	95605102	+	ENSG00000164291
GPR150	5	95620087	95622142	+	ENSG00000178015
RFESD	5	95646718	95684773	+	ENSG00000175449
SPATA9	5	95652181	95698711	-	ENSG00000145757
RHOBTB3	5	95713522	95824383	+	ENSG00000164292
GLRX	5	95751319	95822734	-	ENSG00000173221
ELL2	5	95885098	95961871	-	ENSG00000118985
CAST	5	96247756	96779595	+	ENSG00000310517
PCSK1	5	96390333	96434143	-	ENSG00000175426
ERAP1	5	96760810	96808100	-	ENSG00000164307
ERAP2	5	96875986	96919703	+	ENSG00000164308
LNPEP	5	96935394	97037513	+	ENSG00000113441
LIX1	5	97091867	97142846	-	ENSG00000145721
RIOK2	5	97160867	97183289	-	ENSG00000058729
RGMB	5	98768004	98798643	+	ENSG00000174136
CHD1	5	98853985	98929007	-	ENSG00000153922
FAM174A	5	100535338	100586741	+	ENSG00000174132
ST8SIA4	5	100806933	100903285	-	ENSG00000113532
SLCO4C1	5	102233986	102296350	-	ENSG00000173930
SLCO6A1	5	102371774	102499016	-	ENSG00000205359
PAM	5	102753981	103031149	+	ENSG00000145730
GIN1	5	103086000	103120226	-	ENSG00000145723
PPIP5K2	5	103120149	103212799	+	ENSG00000145725
MACIR	5	103258388	103278660	+	ENSG00000181751
NUDT12	5	103548855	103562806	-	ENSG00000112874
EFNA5	5	107376894	107670937	-	ENSG00000184349
FBXL17	5	107859035	108382098	-	ENSG00000145743
FER	5	108747841	109196841	+	ENSG00000151422
PJA2	5	109334704	109409991	-	ENSG00000198961
MAN2A1	5	109689375	109869625	+	ENSG00000112893
TMEM232	5	110289233	110738956	-	ENSG00000186952
SLC25A46	5	110738136	110765161	+	ENSG00000164209
TSLP	5	111070062	111078026	+	ENSG00000145777
WDR36	5	111092303	111130502	+	ENSG00000134987
CAMK4	5	111223653	111494886	+	ENSG00000152495
STARD4	5	111495551	111512590	-	ENSG00000164211
NREP	5	111662621	111997464	-	ENSG00000134986
EPB41L4A	5	112142441	112419313	-	ENSG00000129595
APC	5	112707498	112846239	+	ENSG00000134982
SRP19	5	112861188	112898371	+	ENSG00000153037
REEP5	5	112876385	112922328	-	ENSG00000129625
DCP2	5	112976702	113022195	+	ENSG00000172795
MCC	5	113022106	113488823	-	ENSG00000171444
TSSK1B	5	113432553	113434989	-	ENSG00000212122
YTHDC2	5	113513694	113595287	+	ENSG00000047188
KCNN2	5	114055926	114496500	+	ENSG00000080709
TRIM36	5	115124762	115180546	-	ENSG00000152503
PGGT1B	5	115204012	115262877	-	ENSG00000164219
CCDC112	5	115267190	115296756	-	ENSG00000164221
FEM1C	5	115520908	115544775	-	ENSG00000145780
TICAM2	5	115578196	115602479	-	ENSG00000243414
TMED7-TICAM2	5	115578642	115626161	-	ENSG00000251201
TMED7	5	115613210	115634830	-	ENSG00000134970
CDO1	5	115804733	115816660	-	ENSG00000129596
ATG12	5	115828200	115841837	-	ENSG00000145782
AP3S1	5	115841422	115914086	+	ENSG00000177879
LVRN	5	115962454	116027619	+	ENSG00000172901
ARL14EPL	5	116032324	116060118	+	ENSG00000268223
COMMD10	5	116085007	116412762	+	ENSG00000145781
SEMA6A	5	116443555	116576161	-	ENSG00000092421
DTWD2	5	118836074	118988554	-	ENSG00000169570
DMXL1	5	119037772	119249138	+	ENSG00000172869
TNFAIP8	5	119268692	119399688	+	ENSG00000145779
HSD17B4	5	119452465	119637199	+	ENSG00000133835
FAM170A	5	119629558	119635822	+	ENSG00000164334
PRR16	5	120464300	120687332	+	ENSG00000184838
FTMT	5	121851882	121852833	+	ENSG00000181867
SRFBP1	5	121961965	122075570	+	ENSG00000151304
LOX	5	122063195	122078634	-	ENSG00000113083
ZNF474	5	122129546	122182658	+	ENSG00000164185
ZNF475	5	122129622	122184959	+	ENSG00000250803
SNCAIP	5	122311354	122464224	+	ENSG00000064692
SNX2	5	122775010	122834543	+	ENSG00000205302
SNX24	5	122843439	123029354	+	ENSG00000064652
PPIC	5	123022052	123036725	-	ENSG00000168938
PRDM6	5	123089241	123194266	+	ENSG00000061455
CEP120	5	123344890	123423592	-	ENSG00000168944
CSNK1G3	5	123512067	123617049	+	ENSG00000151292
ZNF608	5	124636913	124748807	-	ENSG00000168916
GRAMD2B	5	126360132	126496494	+	ENSG00000155324
ALDH7A1	5	126531200	126595362	-	ENSG00000164904
PHAX	5	126600925	126627252	+	ENSG00000164902
SPMIP10	5	126631705	126636284	+	ENSG00000196900
LMNB1	5	126776623	126837232	+	ENSG00000113368
MARCHF3	5	126867714	127031268	-	ENSG00000173926
C5orf63	5	127045235	127073506	-	ENSG00000164241
MEGF10	5	127290796	127465737	+	ENSG00000145794
PRRC1	5	127517617	127555085	+	ENSG00000164244
CTXN3	5	127649082	127658630	+	ENSG00000205279
CCDC192	5	127703361	127941507	+	ENSG00000230561
SLC12A2	5	128083714	128189677	+	ENSG00000064651
FBN2	5	128257909	128659185	-	ENSG00000138829
SLC27A6	5	128538013	129036767	+	ENSG00000113396
ISOC1	5	129094711	129114031	+	ENSG00000066583
ADAMTS19	5	129459686	129738683	+	ENSG00000145808
MINAR2	5	129748094	129766732	+	ENSG00000186367
CHSY3	5	129904465	130186634	+	ENSG00000198108
HINT1	5	131155383	131224468	-	ENSG00000169567
LYRM7	5	131170918	131205428	+	ENSG00000186687
CDC42SE2	5	131245493	131398447	+	ENSG00000158985
RAPGEF6	5	131423921	131635234	-	ENSG00000158987
FNIP1	5	131641714	131797017	-	ENSG00000217128
MEIKIN	5	131806990	131945698	-	ENSG00000239642
ACSL6	5	131949973	132012243	-	ENSG00000164398
IL3	5	132060655	132063204	+	ENSG00000164399
CSF2	5	132073789	132076170	+	ENSG00000164400
P4HA2	5	132190094	132295315	-	ENSG00000072682
PDLIM4	5	132257644	132273454	+	ENSG00000131435
SLC22A4	5	132293769	132344206	+	ENSG00000197208
SLC22A5	5	132369710	132395614	+	ENSG00000197375
IRF1	5	132440440	132508719	-	ENSG00000125347
IL5	5	132541445	132556838	-	ENSG00000113525
RAD50	5	132556019	132646349	+	ENSG00000113522
IL13	5	132656263	132661110	+	ENSG00000169194
IL4	5	132673986	132682678	+	ENSG00000113520
KIF3A	5	132692628	132737638	-	ENSG00000131437
CCNI2	5	132747319	132754403	+	ENSG00000205089
SEPTIN8	5	132750814	132807241	-	ENSG00000164402
SOWAHA	5	132813302	132816786	+	ENSG00000198944
SHROOM1	5	132822141	132830920	-	ENSG00000164403
GDF9	5	132861181	132866884	-	ENSG00000164404
UQCRQ	5	132866626	132868847	+	ENSG00000164405
LEAP2	5	132873444	132875046	+	ENSG00000164406
AFF4	5	132875395	132963634	-	ENSG00000072364
ZCCHC10	5	132996985	133026604	-	ENSG00000155329
HSPA4	5	133051946	133106449	+	ENSG00000170606
FSTL4	5	133196455	133612688	-	ENSG00000053108
C5orf15	5	133955510	133968674	-	ENSG00000113583
VDAC1	5	133971871	134005360	-	ENSG00000213585
TCF7	5	134114681	134151865	+	ENSG00000081059
SKP1	5	134148935	134177029	-	ENSG00000113558
PPP2CA	5	134193978	134226083	-	ENSG00000113575
CDKL3	5	134286350	134371047	-	ENSG00000006837
UBE2B	5	134371184	134393959	+	ENSG00000119048
CDKN2AIPNL	5	134402065	134411881	-	ENSG00000237190
JADE2	5	134523979	134583230	+	ENSG00000043143
SAR1B	5	134601149	134649271	-	ENSG00000152700
SEC24A	5	134648588	134727909	+	ENSG00000113615
CAMLG	5	134737608	134752705	+	ENSG00000164615
DDX46	5	134758771	134831121	+	ENSG00000145833
C5orf24	5	134845680	134859735	+	ENSG00000181904
TXNDC15	5	134874318	134901635	+	ENSG00000113621
PCBD2	5	134905114	135007959	+	ENSG00000132570
CATSPER3	5	134967907	135011696	+	ENSG00000152705
PITX1	5	135027734	135034813	-	ENSG00000069011
MACROH2A1	5	135333609	135400023	-	ENSG00000113648
DCANP1	5	135444214	135447348	-	ENSG00000251380
TIFAB	5	135444226	135452351	-	ENSG00000255833
SLC25A48	5	135476913	135889770	+	ENSG00000145832
NEUROG1	5	135534282	135535964	-	ENSG00000181965
CXCL14	5	135570679	135579279	-	ENSG00000145824
IL9	5	135892246	135895841	-	ENSG00000145839
LECT2	5	135922279	135954983	-	ENSG00000145826
TGFBI	5	136028988	136063818	+	ENSG00000120708
SMAD5	5	136132845	136188747	+	ENSG00000113658
SMIM32	5	136191468	136193162	-	ENSG00000271824
TRPC7	5	136212745	136365545	-	ENSG00000069018
SPOCK1	5	136975298	137598379	-	ENSG00000152377
KLHL3	5	137617500	137736221	-	ENSG00000146021
HNRNPA0	5	137745651	137754363	-	ENSG00000177733
MYOT	5	137867858	137887851	+	ENSG00000120729
PKD2L2	5	137887968	137942747	+	ENSG00000078795
FAM13B	5	137937960	138051961	-	ENSG00000031003
WNT8A	5	138083990	138092365	+	ENSG00000061492
NME5	5	138115169	138139443	-	ENSG00000112981
BRD8	5	138139770	138178953	-	ENSG00000112983
KIF20A	5	138178719	138188171	+	ENSG00000112984
CDC23	5	138187644	138213343	-	ENSG00000094880
GFRA3	5	138252380	138274621	-	ENSG00000146013
CDC25C	5	138285251	138338355	-	ENSG00000158402
FAM53C	5	138331935	138349729	+	ENSG00000120709
KDM3B	5	138352681	138437028	+	ENSG00000120733
REEP2	5	138438988	138446969	+	ENSG00000132563
EGR1	5	138465479	138469303	+	ENSG00000120738
ETF1	5	138506093	138543239	-	ENSG00000120705
HSPA9	5	138553756	138575675	-	ENSG00000113013
CTNNA1	5	138610967	138935039	+	ENSG00000044115
LRRTM2	5	138868921	138875368	-	ENSG00000146006
SIL1	5	138946720	139293557	-	ENSG00000120725
MATR3	5	139273752	139331677	+	ENSG00000015479
PAIP2	5	139341587	139369720	+	ENSG00000120727
SLC23A1	5	139367196	139385495	-	ENSG00000170482
MZB1	5	139387467	139390081	-	ENSG00000170476
PROB1	5	139390592	139395104	-	ENSG00000228672
SPATA24	5	139396563	139404089	-	ENSG00000170469
DNAJC18	5	139408588	139444491	-	ENSG00000170464
ECSCR	5	139446541	139462745	-	ENSG00000249751
SMIM33	5	139471004	139473700	+	ENSG00000283288
STING1	5	139475528	139482935	-	ENSG00000184584
UBE2D2	5	139526431	139628434	+	ENSG00000131508
CXXC5	5	139646375	139683882	+	ENSG00000171604
PSD2	5	139795808	139844470	+	ENSG00000146005
NRG2	5	139846779	140043299	-	ENSG00000158458
PURA	5	140107777	140125619	+	ENSG00000185129
IGIP	5	140125937	140129392	+	ENSG00000182700
CYSTM1	5	140175072	140282052	+	ENSG00000120306
PFDN1	5	140245035	140303113	-	ENSG00000113068
HBEGF	5	140332843	140346614	-	ENSG00000113070
SLC4A9	5	140360188	140375143	+	ENSG00000113073
ANKHD1	5	140401660	140541168	+	ENSG00000131503
ANKHD1-EIF4EBP3	5	140401908	140549569	+	ENSG00000254996
SRA1	5	140537340	140557677	-	ENSG00000213523
EIF4EBP3	5	140547662	140549576	+	ENSG00000243056
APBB3	5	140558268	140564781	-	ENSG00000113108
SLC35A4	5	140564819	140569100	+	ENSG00000176087
CD14	5	140631728	140633700	-	ENSG00000170458
NDUFA2	5	140638740	140647771	-	ENSG00000131495
TMCO6	5	140639427	140645801	+	ENSG00000113119
IK	5	140647058	140662480	+	ENSG00000113141
WDR55	5	140664868	140674124	+	ENSG00000120314
DND1	5	140670794	140673576	-	ENSG00000256453
HARS1	5	140673035	140691537	-	ENSG00000170445
HARS2	5	140691430	140699308	+	ENSG00000112855
ZMAT2	5	140698680	140706686	+	ENSG00000146007
PCDHA1	5	140786136	141012347	+	ENSG00000204970
PCDHA2	5	140794852	141012347	+	ENSG00000204969
PCDHA3	5	140801028	141012347	+	ENSG00000255408
PCDHA4	5	140807037	141012347	+	ENSG00000204967
PCDHA5	5	140821604	141012347	+	ENSG00000204965
PCDHA6	5	140827958	141012347	+	ENSG00000081842
PCDHA7	5	140834248	141012347	+	ENSG00000204963
PCDHA8	5	140841187	141012347	+	ENSG00000204962
PCDHA9	5	140847772	141012347	+	ENSG00000204961
PCDHA10	5	140855883	141012347	+	ENSG00000250120
PCDHA11	5	140868183	141012347	+	ENSG00000249158
PCDHA12	5	140875302	141012347	+	ENSG00000251664
PCDHA13	5	140882124	141012347	+	ENSG00000239389
PCDHAC1	5	140926299	141012347	+	ENSG00000248383
PCDHAC2	5	140966470	141012347	+	ENSG00000243232
PCDHB1	5	141051374	141059346	+	ENSG00000171815
PCDHB2	5	141094606	141098703	+	ENSG00000112852
PCDHB3	5	141100473	141103827	+	ENSG00000113205
PCDHB4	5	141121818	141125623	+	ENSG00000081818
PCDHB5	5	141135206	141138615	+	ENSG00000113209
PCDHB6	5	141150057	141153287	+	ENSG00000113211
PCDHB7	5	141172644	141176383	+	ENSG00000113212
PCDHB8	5	141177790	141182369	+	ENSG00000120322
PCDHB16	5	141182387	141186226	+	ENSG00000272674
PCDHB9	5	141187127	141191541	+	ENSG00000177839
PCDHB10	5	141192353	141195647	+	ENSG00000120324
PCDHB11	5	141199610	141203779	+	ENSG00000197479
PCDHB12	5	141208697	141212571	+	ENSG00000120328
PCDHB13	5	141213919	141218979	+	ENSG00000187372
PCDHB14	5	141223343	141227759	+	ENSG00000120327
PCDHB15	5	141245395	141249365	+	ENSG00000113248
TAF7	5	141259884	141320784	-	ENSG00000178913
SLC25A2	5	141302635	141304049	-	ENSG00000120329
PCDHGA1	5	141330514	141512975	+	ENSG00000204956
PCDHGA2	5	141338760	141512975	+	ENSG00000081853
PCDHGA3	5	141343829	141512975	+	ENSG00000254245
PCDHGB1	5	141350099	141512975	+	ENSG00000254221
PCDHGA4	5	141355021	141512975	+	ENSG00000262576
PCDHGB2	5	141359994	141512975	+	ENSG00000253910
PCDHGA5	5	141364162	141512975	+	ENSG00000253485
PCDHGB3	5	141370242	141512975	+	ENSG00000262209
PCDHGA6	5	141373891	141512975	+	ENSG00000253731
PCDHGA7	5	141382739	141512975	+	ENSG00000253537
PCDHGB4	5	141387698	141512975	+	ENSG00000253953
PCDHGA8	5	141390157	141512975	+	ENSG00000253767
PCDHGB5	5	141397947	141512975	+	ENSG00000276547
PCDHGA9	5	141402778	141512975	+	ENSG00000261934
PCDHGB6	5	141408021	141512975	+	ENSG00000253305
PCDHGA10	5	141412987	141512975	+	ENSG00000253846
PCDHGB7	5	141417645	141512975	+	ENSG00000254122
PCDHGA11	5	141421047	141512975	+	ENSG00000253873
PCDHGA12	5	141430507	141512975	+	ENSG00000253159
PCDHGC3	5	141475947	141512977	+	ENSG00000240184
PCDHGC4	5	141484997	141512975	+	ENSG00000242419
PCDHGC5	5	141489081	141512975	+	ENSG00000240764
DIAPH1	5	141515016	141619055	-	ENSG00000131504
HDAC3	5	141620778	141636867	-	ENSG00000171720
RELL2	5	141636950	141641064	+	ENSG00000164620
FCHSD1	5	141639302	141651430	-	ENSG00000197948
ARAP3	5	141653240	141682255	-	ENSG00000120318
PCDH1	5	141853090	141879246	-	ENSG00000156453
DELE1	5	141923819	141946919	+	ENSG00000081791
PCDH12	5	141943581	141969741	-	ENSG00000113555
RNF14	5	141958328	141990292	+	ENSG00000013561
GNPDA1	5	141991749	142013057	-	ENSG00000113552
NDFIP1	5	142108762	142154440	+	ENSG00000131507
SPRY4	5	142310420	142326455	-	ENSG00000187678
FGF1	5	142592166	142698070	-	ENSG00000113578
ARHGAP26	5	142770377	143229011	+	ENSG00000145819
NR3C1	5	143277931	143435512	-	ENSG00000113580
HMHB1	5	143812147	143820716	+	ENSG00000158497
YIPF5	5	144158162	144170714	-	ENSG00000145817
KCTD16	5	144170873	144485686	+	ENSG00000183775
PRELID2	5	145471799	145835369	-	ENSG00000186314
GRXCR2	5	145858521	145937126	-	ENSG00000204928
SH3RF2	5	145936425	146085976	+	ENSG00000156463
PLAC8L1	5	146084313	146105577	-	ENSG00000173261
LARS1	5	146110566	146182696	-	ENSG00000133706
RBM27	5	146203550	146289223	+	ENSG00000091009
POU4F3	5	146338648	146341728	+	ENSG00000091010
TCERG1	5	146447311	146511963	+	ENSG00000113649
GPR151	5	146513144	146516190	-	ENSG00000173250
PPP2R2B	5	146580742	147084784	-	ENSG00000156475
STK32A	5	147234963	147387855	+	ENSG00000169302
DPYSL3	5	147390808	147510089	-	ENSG00000113657
JAKMIP2	5	147585438	147782775	-	ENSG00000176049
SPINK1	5	147824572	147831671	-	ENSG00000164266
SCGB3A2	5	147869800	147882197	+	ENSG00000164265
C5orf46	5	147879632	147906538	-	ENSG00000178776
SPINK5	5	148025683	148137382	+	ENSG00000133710
SPINK14	5	148168546	148175619	+	ENSG00000196800
SPINK6	5	148202794	148215137	+	ENSG00000178172
MARCOL	5	148221650	148243580	+	ENSG00000248109
SPINK13	5	148268180	148286255	+	ENSG00000214510
SPINK7	5	148312419	148315922	+	ENSG00000145879
SPINK9	5	148321203	148339852	+	ENSG00000204909
FBXO38	5	148383826	148442850	+	ENSG00000145868
HTR4	5	148446042	148677235	-	ENSG00000164270
ADRB2	5	148826611	148828623	+	ENSG00000169252
SH3TC2	5	148923639	149063163	-	ENSG00000169247
ABLIM3	5	149141483	149260542	+	ENSG00000173210
AFAP1L1	5	149271823	149343637	+	ENSG00000157510
GRPEL2	5	149345430	149354583	+	ENSG00000164284
PCYOX1L	5	149358002	149369653	+	ENSG00000145882
IL17B	5	149371324	149404202	-	ENSG00000127743
CSNK1A1	5	149492982	149551471	-	ENSG00000113712
ARHGEF37	5	149551947	149634968	+	ENSG00000183111
PPARGC1B	5	149729994	149855022	+	ENSG00000155846
PDE6A	5	149857953	149945287	-	ENSG00000132915
SLC26A2	5	149960758	149993455	+	ENSG00000155850
TIGD6	5	149993118	150000654	-	ENSG00000164296
HMGXB3	5	150000046	150053142	+	ENSG00000113716
CSF1R	5	150053291	150113372	-	ENSG00000182578
PDGFRB	5	150113839	150158260	-	ENSG00000113721
CDX1	5	150166778	150184558	+	ENSG00000113722
SLC6A7	5	150190062	150222788	+	ENSG00000011083
CAMK2A	5	150219491	150290093	-	ENSG00000070808
ARSI	5	150296343	150339307	-	ENSG00000183876
TCOF1	5	150357629	150400491	+	ENSG00000070814
CD74	5	150401637	150412969	-	ENSG00000019582
RPS14	5	150442635	150449952	-	ENSG00000164587
NDST1	5	150485648	150558211	+	ENSG00000070614
SYNPO	5	150601080	150659208	+	ENSG00000171992
MYOZ3	5	150660450	150680022	+	ENSG00000164591
RBM22	5	150690792	150701077	-	ENSG00000086589
DCTN4	5	150706840	150759095	-	ENSG00000132912
SMIM3	5	150778741	150796736	+	ENSG00000256235
IRGM	5	150846521	150900736	+	ENSG00000237693
ZNF300	5	150894392	150904983	-	ENSG00000145908
GPX3	5	151020591	151028988	+	ENSG00000211445
TNIP1	5	151029939	151093577	-	ENSG00000145901
ANXA6	5	151100706	151157815	-	ENSG00000197043
CCDC69	5	151181052	151224124	-	ENSG00000198624
GM2A	5	151212150	151270440	+	ENSG00000196743
SLC36A3	5	151276358	151303766	-	ENSG00000186334
SLC36A2	5	151314972	151347590	-	ENSG00000186335
SLC36A1	5	151437046	151492379	+	ENSG00000123643
FAT2	5	151504092	151591331	-	ENSG00000086570
SPARC	5	151661096	151687352	-	ENSG00000113140
ATOX1	5	151738084	151772532	-	ENSG00000177556
G3BP1	5	151770951	151812911	+	ENSG00000145907
GLRA1	5	151822513	151924851	-	ENSG00000145888
NMUR2	5	152391542	152433368	-	ENSG00000132911
GRIA1	5	153489615	153813869	+	ENSG00000155511
FAM114A2	5	153990148	154038936	-	ENSG00000055147
MFAP3	5	154038959	154220478	+	ENSG00000037749
GALNT10	5	154190514	154420984	+	ENSG00000164574
SAP30L	5	154445997	154461053	+	ENSG00000164576
HAND1	5	154474969	154478356	-	ENSG00000113196
LARP1	5	154682986	154817605	+	ENSG00000155506
FAXDC2	5	154818492	154859252	-	ENSG00000170271
CNOT8	5	154857529	154876793	+	ENSG00000155508
GEMIN5	5	154887411	154938211	-	ENSG00000082516
MRPL22	5	154941073	154969411	+	ENSG00000082515
KIF4B	5	155013755	155018141	+	ENSG00000226650
SGCD	5	155870344	156767788	+	ENSG00000170624
PPP1R2B	5	156850295	156852528	+	ENSG00000231989
TIMD4	5	156919292	156963226	-	ENSG00000145850
HAVCR1	5	157025939	157069396	-	ENSG00000113249
HAVCR2	5	157085422	157142869	-	ENSG00000135077
MED7	5	157137424	157159019	-	ENSG00000155868
ITK	5	157142933	157255185	+	ENSG00000113263
GARIN3	5	157161846	157166264	-	ENSG00000170613
CYFIP2	5	157266079	157395595	+	ENSG00000055163
FNDC9	5	157341598	157345677	-	ENSG00000172568
ADAM19	5	157395534	157575858	-	ENSG00000135074
NIPAL4	5	157460213	157474722	+	ENSG00000172548
SOX30	5	157625679	157671480	-	ENSG00000039600
C5orf52	5	157671533	157680158	+	ENSG00000187658
THG1L	5	157731412	157741449	+	ENSG00000113272
LSM11	5	157743712	157760709	+	ENSG00000155858
CLINT1	5	157785743	157859169	-	ENSG00000113282
EBF1	5	158695920	159099951	-	ENSG00000164330
RNF145	5	159157409	159210053	-	ENSG00000145860
UBLCP1	5	159263285	159286037	+	ENSG00000164332
IL12B	5	159314780	159330863	-	ENSG00000113302
ADRA1B	5	159865080	159973012	+	ENSG00000170214
TTC1	5	160009100	160065550	+	ENSG00000113312
PWWP2A	5	160061801	160119478	-	ENSG00000170234
FABP6	5	160187363	160238735	+	ENSG00000170231
CCNJL	5	160249083	160345396	-	ENSG00000135083
C1QTNF2	5	160347754	160370645	-	ENSG00000145861
FAM200C	5	160393148	160400091	-	ENSG00000221886
SLU7	5	160401641	160421711	-	ENSG00000164609
PTTG1	5	160421816	160428748	+	ENSG00000164611
ATP10B	5	160563120	160852214	-	ENSG00000118322
GABRB2	5	161288429	161549044	-	ENSG00000145864
GABRA6	5	161547063	161702593	+	ENSG00000145863
GABRA1	5	161847063	161899981	+	ENSG00000022355
GABRG2	5	162000057	162162977	+	ENSG00000113327
CCNG1	5	163437569	163448199	+	ENSG00000113328
NUDCD2	5	163446526	163460404	-	ENSG00000170584
HMMR	5	163460203	163491945	+	ENSG00000072571
MAT2B	5	163503114	163519558	+	ENSG00000038274
TENM2	5	166979029	168264157	+	ENSG00000145934
WWC1	5	168291563	168472303	+	ENSG00000113645
RARS1	5	168486447	168519306	+	ENSG00000113643
FBLL1	5	168529305	168530634	+	ENSG00000188573
PANK3	5	168548495	168579600	-	ENSG00000120137
SLIT3	5	168661740	169301139	-	ENSG00000184347
SPDL1	5	169583632	169604778	+	ENSG00000040275
DOCK2	5	169637249	170083382	+	ENSG00000134516
INSYN2B	5	169861303	169980495	-	ENSG00000204767
FOXI1	5	170105897	170109734	+	ENSG00000168269
C5orf58	5	170229104	170252575	+	ENSG00000234511
LCP2	5	170246233	170297820	-	ENSG00000043462
KCNIP1	5	170353487	170736632	+	ENSG00000182132
KCNMB1	5	170374671	170389655	-	ENSG00000145936
GABRP	5	170763350	170814047	+	ENSG00000094755
RANBP17	5	170861870	171300015	+	ENSG00000204764
TLX3	5	171309248	171312139	+	ENSG00000164438
NPM1	5	171387086	171411810	+	ENSG00000181163
FGF18	5	171419645	171457626	+	ENSG00000156427
SMIM23	5	171782432	171796126	+	ENSG00000185662
FBXW11	5	171861548	172006873	-	ENSG00000072803
STK10	5	172042079	172188332	-	ENSG00000072786
EFCAB9	5	172194172	172203454	+	ENSG00000214360
UBTD2	5	172209645	172284077	-	ENSG00000168246
SH3PXD2B	5	172325000	172454531	-	ENSG00000174705
NEURL1B	5	172641248	172691540	+	ENSG00000214357
DUSP1	5	172766992	172771198	-	ENSG00000120129
ERGIC1	5	172834251	172952792	+	ENSG00000113719
RPL26L1	5	172954004	172974768	+	ENSG00000037241
ATP6V0E1	5	172983771	173035445	+	ENSG00000113732
CREBRF	5	173056352	173139284	+	ENSG00000164463
BNIP1	5	173144442	173164397	+	ENSG00000113734
NKX2-5	5	173232109	173235311	-	ENSG00000183072
STC2	5	173314723	173328447	-	ENSG00000113739
BOD1	5	173607145	173616659	-	ENSG00000145919
CPEB4	5	173888349	173961980	+	ENSG00000113742
C5orf47	5	173973779	174006140	+	ENSG00000185056
NSG2	5	174045706	174243501	+	ENSG00000170091
MSX2	5	174724582	174730896	+	ENSG00000120149
DRD1	5	175440027	175444794	-	ENSG00000184845
SFXN1	5	175477062	175529742	+	ENSG00000164466
HRH2	5	175657797	175710756	+	ENSG00000113749
CPLX2	5	175796306	175884022	+	ENSG00000145920
THOC3	5	175916677	176034680	-	ENSG00000051596
SIMC1	5	176238367	176345991	+	ENSG00000170085
KIAA1191	5	176339650	176366459	-	ENSG00000122203
ARL10	5	176365487	176401865	+	ENSG00000175414
NOP16	5	176383933	176388927	-	ENSG00000048162
HIGD2A	5	176388751	176389761	+	ENSG00000146066
CLTB	5	176392494	176416557	-	ENSG00000175416
FAF2	5	176447628	176510075	+	ENSG00000113194
RNF44	5	176526700	176538025	-	ENSG00000146083
CDHR2	5	176542511	176596284	+	ENSG00000074276
GPRIN1	5	176595802	176610177	-	ENSG00000169258
SNCB	5	176620082	176630672	-	ENSG00000074317
EIF4E1B	5	176630582	176646644	+	ENSG00000175766
TSPAN17	5	176647387	176659058	+	ENSG00000048140
UNC5A	5	176810505	176880898	+	ENSG00000113763
HK3	5	176880820	176899437	-	ENSG00000160883
UIMC1	5	176902226	177022636	-	ENSG00000087206
ZNF346	5	177022696	177081201	+	ENSG00000113761
FGFR4	5	177086456	177098151	+	ENSG00000160867
NSD1	5	177131787	177300213	+	ENSG00000165671
RAB24	5	177301198	177303744	-	ENSG00000169228
MXD3	5	177301461	177312757	-	ENSG00000213347
PRELID1	5	177303790	177306949	+	ENSG00000169230
LMAN2	5	177315805	177351840	-	ENSG00000169223
RGS14	5	177357895	177372598	+	ENSG00000169220
SLC34A1	5	177379235	177398848	+	ENSG00000131183
PFN3	5	177400109	177400661	-	ENSG00000196570
F12	5	177402133	177416583	-	ENSG00000131187
GRK6	5	177403204	177442901	+	ENSG00000198055
PRR7	5	177446445	177456291	+	ENSG00000131188
DBN1	5	177456607	177474401	-	ENSG00000113758
PDLIM7	5	177483393	177497608	-	ENSG00000196923
DOK3	5	177501904	177511274	-	ENSG00000146094
DDX41	5	177511569	177516979	-	ENSG00000183258
FAM193B	5	177519788	177554586	-	ENSG00000146067
TMED9	5	177592195	177597242	+	ENSG00000184840
B4GALT7	5	177600114	177611056	+	ENSG00000027847
FAM153A	5	177707981	177784435	-	ENSG00000170074
PROP1	5	177992235	177996242	-	ENSG00000175325
FAM153CP	5	178006348	178086529	+	ENSG00000204677
N4BP3	5	178113167	178127034	+	ENSG00000145911
RMND5B	5	178129068	178152240	+	ENSG00000145916
NHP2	5	178149459	178153961	-	ENSG00000145912
GMCL2	5	178184505	178187371	-	ENSG00000244234
HNRNPAB	5	178204479	178211183	+	ENSG00000197451
PHYKPL	5	178207144	178233208	-	ENSG00000175309
COL23A1	5	178237476	178590393	-	ENSG00000050767
CLK4	5	178602664	178630615	-	ENSG00000113240
MSANTD5	5	178694572	178697761	-	ENSG00000285891
ZNF354A	5	178711512	178732381	-	ENSG00000169131
ZNF354B	5	178859953	178888122	+	ENSG00000178338
ZFP2	5	178895889	178933415	+	ENSG00000198939
ZNF454	5	178940827	178966648	+	ENSG00000178187
GRM6	5	178977587	178996206	-	ENSG00000113262
ZNF879	5	179023804	179035064	+	ENSG00000234284
ZNF354C	5	179060361	179083977	+	ENSG00000177932
ADAMTS2	5	179110853	179345461	-	ENSG00000087116
RUFY1	5	179550542	179610012	+	ENSG00000176783
HNRNPH1	5	179614170	179634784	-	ENSG00000169045
SPATA31J1	5	179641544	179658432	-	ENSG00000204661
CBY3	5	179678560	179681034	-	ENSG00000204659
CANX	5	179678628	179731641	+	ENSG00000127022
MAML1	5	179732822	179777283	+	ENSG00000161021
LTC4S	5	179793980	179796647	+	ENSG00000213316
MGAT4B	5	179797597	179806979	-	ENSG00000161013
SQSTM1	5	179806398	179838078	+	ENSG00000161011
MRNIP	5	179835133	179862173	-	ENSG00000161010
TBC1D9B	5	179862058	179907911	-	ENSG00000197226
RNF130	5	179911651	180072113	-	ENSG00000113269
RASGEF1C	5	180100795	180209225	-	ENSG00000146090
MAPK9	5	180233143	180292099	-	ENSG00000050748
GFPT2	5	180300682	180353339	-	ENSG00000131459
CNOT6	5	180494334	180578401	+	ENSG00000113300
SCGB3A1	5	180590105	180591499	-	ENSG00000161055
FLT4	5	180601506	180649629	-	ENSG00000037280
OR2Y1	5	180739123	180740058	-	ENSG00000174339
MGAT1	5	180784780	180815652	-	ENSG00000131446
ZFP62	5	180847611	180861285	-	ENSG00000196670
BTNL8	5	180899077	180952164	+	ENSG00000113303
BTNL3	5	180988846	181006727	+	ENSG00000168903
BTNL9	5	181040225	181061524	+	ENSG00000165810
OR2V1	5	181123122	181131169	-	ENSG00000185372
OR2V2	5	181147586	181159285	+	ENSG00000182613
TRIM7	5	181193924	181205293	-	ENSG00000146054
TRIM41	5	181222499	181235808	+	ENSG00000146063
RACK1	5	181236897	181248096	-	ENSG00000204628
TRIM52	5	181254077	181262068	-	ENSG00000183718
OR4F3	5	181367268	181368262	+	ENSG00000230178
DUSP22	6	291630	351355	+	ENSG00000112679
IRF4	6	391739	411443	+	ENSG00000137265
EXOC2	6	485133	693169	-	ENSG00000112685
HUS1B	6	655939	657100	-	ENSG00000188996
FOXQ1	6	1312098	1314758	+	ENSG00000164379
FOXF2	6	1389576	1395603	+	ENSG00000137273
FOXC1	6	1609915	1613897	+	ENSG00000054598
GMDS	6	1623793	2245702	-	ENSG00000112699
MYLK4	6	2663629	2770330	-	ENSG00000145949
WRNIP1	6	2765393	2786952	+	ENSG00000124535
SERPINB1	6	2832332	2842001	-	ENSG00000021355
SERPINB9	6	2887169	2903309	-	ENSG00000170542
SERPINB6	6	2948158	2972375	-	ENSG00000124570
NQO2	6	2987987	3022109	+	ENSG00000124588
RIPK1	6	3063824	3115187	+	ENSG00000137275
BPHL	6	3118374	3153599	+	ENSG00000137274
TUBB2A	6	3153497	3157544	-	ENSG00000137267
TUBB2B	6	3223324	3231730	-	ENSG00000137285
PSMG4	6	3231403	3304020	+	ENSG00000180822
SLC22A23	6	3268962	3457050	-	ENSG00000137266
PXDC1	6	3722614	3751713	-	ENSG00000168994
FAM50B	6	3849373	3851320	+	ENSG00000145945
PRP4K	6	4021266	4064983	+	ENSG00000112739
FAM217A	6	4049434	4087344	-	ENSG00000145975
ECI2	6	4115685	4135597	-	ENSG00000198721
CDYL	6	4706159	4955551	+	ENSG00000153046
RPP40	6	4994717	5004063	-	ENSG00000124787
PPP1R3G	6	5085341	5089487	+	ENSG00000219607
LYRM4	6	5102595	5260950	-	ENSG00000214113
FARS2	6	5261044	5829192	+	ENSG00000145982
NRN1	6	5997999	6008688	-	ENSG00000124785
F13A1	6	6144080	6321013	-	ENSG00000124491
LY86	6	6588108	6654983	+	ENSG00000112799
RREB1	6	7107418	7251982	+	ENSG00000124782
SSR1	6	7268306	7347446	-	ENSG00000124783
CAGE1	6	7326656	7389742	-	ENSG00000164304
RIOK1	6	7389467	7418037	+	ENSG00000124784
DSP	6	7541326	7586717	+	ENSG00000096696
SNRNP48	6	7590189	7611967	+	ENSG00000168566
BMP6	6	7726049	7881728	+	ENSG00000153162
TXNDC5	6	7881440	7911011	-	ENSG00000239264
BLOC1S5-TXNDC5	6	7881522	8064364	-	ENSG00000259040
BLOC1S5	6	8013566	8064414	-	ENSG00000188428
EEF1E1-BLOC1S5	6	8015726	8102530	-	ENSG00000265818
EEF1E1	6	8073360	8102573	-	ENSG00000124802
SLC35B3	6	8411435	8435983	-	ENSG00000124786
TFAP2A	6	10393186	10419659	-	ENSG00000137203
GCNT2	6	10492223	10629368	+	ENSG00000111846
C6orf52	6	10671418	10694797	-	ENSG00000137434
PAK1IP1	6	10694633	10711166	+	ENSG00000111845
TMEM14C	6	10722915	10731132	+	ENSG00000111843
TMEM14B	6	10747746	10852753	+	ENSG00000137210
MAK	6	10762723	10838553	-	ENSG00000111837
GCM2	6	10873223	10882041	-	ENSG00000124827
SYCP2L	6	10886831	10979320	+	ENSG00000153157
ELOVL2	6	10980759	11044399	-	ENSG00000197977
SMIM13	6	11093834	11138733	+	ENSG00000224531
ERVFRD-1	6	11102324	11111845	-	ENSG00000244476
NEDD9	6	11183298	11382348	-	ENSG00000111859
TMEM170B	6	11537748	11583524	+	ENSG00000205269
ADTRP	6	11712054	11807046	-	ENSG00000111863
HIVEP1	6	12008762	12164999	+	ENSG00000095951
EDN1	6	12287459	12297194	+	ENSG00000078401
PHACTR1	6	12716312	13290446	+	ENSG00000112137
TBC1D7	6	13266542	13328583	-	ENSG00000145979
GFOD1	6	13357830	13487662	-	ENSG00000145990
SIRT5	6	13574210	13615158	+	ENSG00000124523
NOL7	6	13615335	13633912	+	ENSG00000225921
RANBP9	6	13621498	13712087	-	ENSG00000010017
MCUR1	6	13786557	13814696	-	ENSG00000050393
RNF182	6	13924446	13980310	+	ENSG00000180537
CD83	6	14117256	14140682	+	ENSG00000112149
JARID2	6	15244937	15522042	+	ENSG00000008083
DTNBP1	6	15522807	15663058	-	ENSG00000047579
MYLIP	6	16129086	16151367	+	ENSG00000007944
GMPR	6	16238555	16295923	+	ENSG00000137198
ATXN1	6	16299112	16761491	-	ENSG00000124788
STMND1	6	17102050	17131378	+	ENSG00000230873
RBM24	6	17281361	17293871	+	ENSG00000112183
CAP2	6	17393375	17557792	+	ENSG00000112186
FAM8A1	6	17600302	17611719	+	ENSG00000137414
NUP153	6	17614707	17706935	-	ENSG00000124789
KIF13A	6	17759183	17987635	-	ENSG00000137177
NHLRC1	6	18120440	18122677	-	ENSG00000187566
TPMT	6	18128311	18155348	-	ENSG00000137364
KDM1B	6	18155329	18223854	+	ENSG00000165097
DEK	6	18223860	18265997	-	ENSG00000124795
RNF144B	6	18387346	18468874	+	ENSG00000137393
ID4	6	19837366	19842197	+	ENSG00000172201
MBOAT1	6	20099684	20212469	-	ENSG00000172197
E2F3	6	20401847	20493714	+	ENSG00000112242
CDKAL1	6	20534447	21232855	+	ENSG00000145996
SOX4	6	21593751	21598619	+	ENSG00000124766
PRL	6	22287244	22302826	-	ENSG00000172179
HDGFL1	6	22569566	22571666	+	ENSG00000112273
NRSN1	6	24126154	24154900	+	ENSG00000152954
DCDC2	6	24171755	24360249	-	ENSG00000146038
MRS2	6	24402908	24426194	+	ENSG00000124532
GPLD1	6	24424565	24495205	-	ENSG00000112293
ALDH5A1	6	24494798	24537207	+	ENSG00000112294
KIAA0319	6	24544104	24646191	-	ENSG00000137261
TDP2	6	24649978	24666930	-	ENSG00000111802
ACOT13	6	24666921	24705065	+	ENSG00000112304
C6orf62	6	24704856	24720874	-	ENSG00000112308
GMNN	6	24774892	24786103	+	ENSG00000112312
ARMH2	6	24797335	24798917	-	ENSG00000260286
RIPOR2	6	24803362	25042170	-	ENSG00000111913
CARMIL1	6	25279078	25620537	+	ENSG00000079691
SCGN	6	25652201	25701783	+	ENSG00000079689
H2AC1	6	25723397	25726562	-	ENSG00000164508
H2BC1	6	25726777	25727345	+	ENSG00000146047
SLC17A4	6	25753300	25783316	+	ENSG00000146039
SLC17A1	6	25781532	25832052	-	ENSG00000124568
SLC17A3	6	25833066	25882478	-	ENSG00000124564
SLC17A2	6	25906892	25930815	-	ENSG00000112337
TRIM38	6	25962777	25991231	+	ENSG00000112343
H1-1	6	26017032	26017787	-	ENSG00000124610
H3C1	6	26020451	26021487	+	ENSG00000275714
H4C1	6	26021649	26022847	+	ENSG00000278637
H4C2	6	26025802	26027283	-	ENSG00000278705
H3C2	6	26031589	26032099	-	ENSG00000286522
H2AC4	6	26033092	26033618	-	ENSG00000278463
H2BC3	6	26042771	26043713	-	ENSG00000276410
H3C3	6	26045384	26045869	+	ENSG00000287080
H1-2	6	26054760	26056470	-	ENSG00000187837
H2BC4	6	26086317	26124016	-	ENSG00000180596
HFE	6	26087226	26098343	+	ENSG00000010704
H4C3	6	26103933	26104337	+	ENSG00000197061
H1-6	6	26107412	26108135	-	ENSG00000187475
H2AC6	6	26124145	26139116	+	ENSG00000180573
H1-4	6	26156329	26157115	+	ENSG00000168298
H2BC5	6	26158122	26171349	+	ENSG00000158373
H2BC6	6	26172059	26184655	+	ENSG00000274290
H4C4	6	26188710	26189112	-	ENSG00000277157
H3C4	6	26195164	26197286	-	ENSG00000197409
H2AC7	6	26198784	26199293	-	ENSG00000196866
H2BC7	6	26199516	26199988	+	ENSG00000277224
H4C5	6	26204610	26205021	+	ENSG00000276966
H2BC8	6	26216200	26216688	-	ENSG00000273802
H2AC8	6	26216921	26218515	+	ENSG00000277075
H3C6	6	26224199	26227473	+	ENSG00000274750
H1-3	6	26234212	26234987	-	ENSG00000124575
H4C6	6	26240393	26240793	+	ENSG00000274618
H4C7	6	26246611	26246996	-	ENSG00000275663
H3C7	6	26250142	26250635	-	ENSG00000277775
H2BC9	6	26251614	26252075	+	ENSG00000275713
H3C8	6	26270918	26271413	-	ENSG00000273983
H2BC10	6	26272931	26273412	+	ENSG00000278588
H4C8	6	26277609	26285638	-	ENSG00000158406
BTN3A2	6	26365159	26382797	+	ENSG00000186470
BTN2A2	6	26383092	26394880	+	ENSG00000124508
BTN3A1	6	26402237	26415216	+	ENSG00000026950
BTN3A3	6	26440452	26453422	+	ENSG00000111801
BTN2A1	6	26457904	26476621	+	ENSG00000112763
BTN1A1	6	26500303	26510425	+	ENSG00000124557
HMGN4	6	26538351	26546937	+	ENSG00000182952
ABT1	6	26596953	26600739	+	ENSG00000146109
ZNF322	6	26634383	26659759	-	ENSG00000181315
H2BC11	6	27122657	27132795	-	ENSG00000124635
H2AC11	6	27133043	27135292	+	ENSG00000196787
H2BC12	6	27137298	27146857	-	ENSG00000197903
H4C9	6	27139282	27140640	+	ENSG00000276180
H2AC12	6	27147106	27147562	+	ENSG00000274997
PRSS16	6	27247701	27256646	+	ENSG00000112812
POM121L2	6	27285903	27312273	-	ENSG00000158553
ZNF391	6	27374615	27405026	+	ENSG00000124613
ZNF184	6	27450743	27473141	-	ENSG00000096654
H2BC13	6	27807479	27807929	-	ENSG00000185130
H2AC13	6	27808173	27808667	+	ENSG00000196747
H3C10	6	27810051	27811300	+	ENSG00000278828
H2AC14	6	27814302	27814777	-	ENSG00000276368
H2BC14	6	27815022	27815489	+	ENSG00000273703
H4C11	6	27824092	27824480	+	ENSG00000197238
H4C12	6	27830918	27831560	-	ENSG00000273542
H2AC15	6	27835508	27838375	-	ENSG00000275221
H2BC15	6	27838545	27855709	+	ENSG00000233822
H2AC16	6	27865317	27865798	+	ENSG00000276903
H1-5	6	27866792	27867588	-	ENSG00000184357
H3C11	6	27871845	27872346	-	ENSG00000275379
H4C13	6	27873148	27873534	-	ENSG00000275126
H3C12	6	27890315	27893106	-	ENSG00000197153
H2AC17	6	27892699	27893185	-	ENSG00000278677
H2BC17	6	27893425	27893891	+	ENSG00000274641
OR2B2	6	27911185	27912396	-	ENSG00000168131
OR2B6	6	27957241	27958182	+	ENSG00000124657
OR2B8	6	28053228	28054165	-	ENSG00000182477
ZNF165	6	28080568	28089563	+	ENSG00000197279
ZSCAN16	6	28107689	28130082	+	ENSG00000196812
ZKSCAN8	6	28141732	28159461	+	ENSG00000198315
ZKSCAN8P1	6	28161769	28169594	+	ENSG00000226314
ZSCAN9	6	28224886	28233487	+	ENSG00000137185
ZKSCAN4	6	28241697	28252924	-	ENSG00000187626
NKAPL	6	28259297	28260958	+	ENSG00000189134
ZSCAN26	6	28267058	28278224	+	ENSG00000197062
PGBD1	6	28281493	28303691	+	ENSG00000137338
ZSCAN31	6	28324693	28356271	-	ENSG00000235109
ZKSCAN3	6	28349911	28369172	+	ENSG00000189298
ZSCAN12	6	28378821	28399747	-	ENSG00000158691
ZSCAN23	6	28425321	28443502	-	ENSG00000187987
GPX6	6	28503296	28528215	-	ENSG00000198704
GPX5	6	28525881	28534955	+	ENSG00000224586
SCAND3	6	28570535	28616212	-	ENSG00000232040
TRIM27	6	28903002	28923988	-	ENSG00000204713
ZNF311	6	28994040	29005648	-	ENSG00000197935
OR2W1	6	29044213	29045175	-	ENSG00000204704
OR2B3	6	29086208	29087313	-	ENSG00000204703
OR2J1	6	29099490	29102701	+	ENSG00000204702
OR2J3	6	29108058	29114770	+	ENSG00000204701
OR2J2	6	29170907	29175811	+	ENSG00000204700
OR14J1	6	29301701	29313017	+	ENSG00000204695
OR5V1	6	29353749	29431967	-	ENSG00000243729
OR12D3	6	29373423	29375291	-	ENSG00000112462
OR12D2	6	29395631	29398008	+	ENSG00000280236
OR12D1	6	29414928	29418905	+	ENSG00000251608
OR11A1	6	29425504	29457071	-	ENSG00000204694
OR10C1	6	29439306	29440977	+	ENSG00000206474
OR2H1	6	29457155	29464328	+	ENSG00000204688
MAS1L	6	29486697	29487956	-	ENSG00000204687
OR2I1	6	29550407	29557773	+	ENSG00000237988
UBD	6	29555515	29559732	-	ENSG00000213886
GABBR1	6	29555629	29633976	-	ENSG00000204681
OR2H2	6	29585121	29590500	+	ENSG00000204657
MOG	6	29656598	29674431	+	ENSG00000204655
ZFP57	6	29672483	29681155	-	ENSG00000204644
HLA-F	6	29722738	29738528	+	ENSG00000204642
HLA-G	6	29826967	29831125	+	ENSG00000204632
HLA-A	6	29941260	29949572	+	ENSG00000206503
POLR1H	6	30058899	30064909	+	ENSG00000066379
PPP1R11	6	30066709	30070333	+	ENSG00000204619
RNF39	6	30070266	30075849	-	ENSG00000204618
TRIM31	6	30102886	30113090	-	ENSG00000204616
TRIM40	6	30136028	30151592	+	ENSG00000204614
TRIM10	6	30151943	30161211	-	ENSG00000204613
TRIM15	6	30163194	30173160	+	ENSG00000204610
TRIM26	6	30184446	30213435	-	ENSG00000234127
TRIM39	6	30325880	30344265	+	ENSG00000204599
TRIM39-RPP21	6	30328907	30346854	+	ENSG00000248167
RPP21	6	30345125	30346884	+	ENSG00000241370
HLA-E	6	30489503	30494205	+	ENSG00000204592
GNL1	6	30541381	30556603	-	ENSG00000204590
PRR3	6	30557274	30563723	+	ENSG00000204576
ABCF1	6	30571393	30597179	+	ENSG00000204574
PPP1R10	6	30600400	30618612	-	ENSG00000204569
MRPS18B	6	30617823	30626398	+	ENSG00000204568
ATAT1	6	30626842	30646835	+	ENSG00000137343
C6orf136	6	30647033	30653210	+	ENSG00000204564
DHX16	6	30653119	30673013	-	ENSG00000204560
PPP1R18	6	30676389	30687895	-	ENSG00000146112
NRM	6	30688047	30691420	-	ENSG00000137404
MDC1	6	30699807	30717562	-	ENSG00000137337
TUBB	6	30717435	30725538	+	ENSG00000196230
FLOT1	6	30727709	30743075	-	ENSG00000137312
IER3	6	30743199	30744550	-	ENSG00000137331
DDR1	6	30876421	30900978	+	ENSG00000204580
GTF2H4	6	30907522	30914119	+	ENSG00000213780
VARS2	6	30914205	30926484	+	ENSG00000137411
SFTA2	6	30931353	30955636	-	ENSG00000196260
MUCL3	6	30940973	30954221	+	ENSG00000168631
MUC21	6	30983718	30989903	+	ENSG00000204544
MUC22	6	31010474	31035402	+	ENSG00000261272
C6orf15	6	31111223	31112575	-	ENSG00000204542
PSORS1C1	6	31114750	31140092	+	ENSG00000204540
CDSN	6	31115087	31120446	-	ENSG00000204539
PSORS1C2	6	31137534	31139066	-	ENSG00000204538
CCHCR1	6	31142439	31158238	-	ENSG00000204536
TCF19	6	31158331	31167159	+	ENSG00000137310
POU5F1	6	31164337	31180731	-	ENSG00000204531
HLA-C	6	31268749	31272130	-	ENSG00000204525
HLA-B	6	31353867	31367067	-	ENSG00000234745
MICA	6	31399784	31415315	+	ENSG00000204520
MICB	6	31494881	31511124	+	ENSG00000204516
MCCD1	6	31528962	31530232	+	ENSG00000204511
DDX39B	6	31530218	31542451	-	ENSG00000198563
ATP6V1G2-DDX39B	6	31530219	31546608	-	ENSG00000254870
ATP6V1G2	6	31544444	31548427	-	ENSG00000213760
NFKBIL1	6	31546870	31558829	+	ENSG00000204498
LTA	6	31572054	31574324	+	ENSG00000226979
TNF	6	31575565	31578336	+	ENSG00000232810
LTB	6	31580525	31582522	-	ENSG00000227507
LST1	6	31586124	31588910	+	ENSG00000204482
NCR3	6	31588895	31593217	-	ENSG00000204475
AIF1	6	31615217	31617021	+	ENSG00000204472
PRRC2A	6	31620715	31637771	+	ENSG00000204469
BAG6	6	31638544	31652747	-	ENSG00000204463
APOM	6	31652416	31658210	+	ENSG00000204444
C6orf47	6	31658298	31660778	-	ENSG00000204439
GPANK1	6	31661228	31666283	-	ENSG00000204438
CSNK2B	6	31665227	31670343	+	ENSG00000204435
LY6G5B	6	31669976	31673776	+	ENSG00000240053
LY6G5C	6	31676684	31684040	-	ENSG00000204428
ABHD16A	6	31686954	31703356	-	ENSG00000204427
LY6G6F	6	31706866	31710679	+	ENSG00000204424
LY6G6F-LY6G6D	6	31706904	31717918	+	ENSG00000250641
LY6G6D	6	31715348	31717919	+	ENSG00000244355
MPIG6B	6	31718594	31726714	+	ENSG00000204420
LY6G6C	6	31718648	31721746	-	ENSG00000204421
DDAH2	6	31727038	31730617	-	ENSG00000213722
CLIC1	6	31730581	31740558	-	ENSG00000213719
MSH5	6	31739677	31762676	+	ENSG00000204410
MSH5-SAPCD1	6	31740020	31764851	+	ENSG00000255152
SAPCD1	6	31762656	31764851	+	ENSG00000228727
VWA7	6	31765590	31777328	-	ENSG00000204396
VARS1	6	31777518	31795950	-	ENSG00000204394
LSM2	6	31797392	31806987	-	ENSG00000204392
HSPA1L	6	31809619	31815788	-	ENSG00000204390
HSPA1A	6	31815543	31817994	+	ENSG00000204389
HSPA1B	6	31827738	31830254	+	ENSG00000204388
NEU1	6	31857063	31862905	-	ENSG00000204386
SLC44A4	6	31863192	31879198	-	ENSG00000204385
EHMT2	6	31879758	31897723	-	ENSG00000204371
C2	6	31897785	31945674	+	ENSG00000166278
ZBTB12	6	31899613	31902086	-	ENSG00000204366
CFB	6	31945650	31952086	+	ENSG00000243649
NELFE	6	31952087	31959038	-	ENSG00000204356
SKIC2	6	31959116	31969852	+	ENSG00000204351
DXO	6	31969810	31972509	-	ENSG00000204348
WHR1	6	31971091	31982821	+	ENSG00000204344
C4A	6	31981991	32004877	+	ENSG00000244731
C4B	6	32014730	32035973	+	ENSG00000224389
CYP21A2	6	32038298	32042321	+	ENSG00000231852
TNXB	6	32041153	32115334	-	ENSG00000168477
ATF6B	6	32115264	32128253	-	ENSG00000213676
FKBPL	6	32128697	32131070	-	ENSG00000204315
PPT2	6	32146580	32163679	+	ENSG00000221988
PRRT1	6	32148323	32153083	-	ENSG00000204314
PPT2-EGFL8	6	32153845	32171978	+	ENSG00000258388
EGFL8	6	32163918	32168453	+	ENSG00000241404
AGPAT1	6	32168205	32178096	-	ENSG00000204310
RNF5	6	32178405	32180793	+	ENSG00000204308
AGER	6	32180963	32184344	-	ENSG00000204305
PBX2	6	32184733	32190202	-	ENSG00000204304
GPSM3	6	32190766	32195523	-	ENSG00000213654
NOTCH4	6	32194843	32224111	-	ENSG00000204301
TSBP1	6	32288526	32371907	-	ENSG00000204296
BTNL2	6	32393339	32407181	-	ENSG00000204290
HLA-DRA	6	32439872	32445047	+	ENSG00000204287
HLA-DRB5	6	32517345	32530369	-	ENSG00000198502
HLA-DRB1	6	32577902	32589848	-	ENSG00000196126
HLA-DQA1	6	32628179	32647062	+	ENSG00000196735
HLA-DQB1	6	32659467	32668383	-	ENSG00000179344
HLA-DQA2	6	32741391	32747198	+	ENSG00000237541
HLA-DQB2	6	32756094	32763543	-	ENSG00000232629
HLA-DOB	6	32812763	32820466	-	ENSG00000241106
TAP2	6	32821833	32838784	-	ENSG00000204267
PSMB8	6	32840717	32844679	-	ENSG00000204264
PSMB9	6	32844136	32860734	+	ENSG00000240065
TAP1	6	32845206	32854018	-	ENSG00000168394
HLA-DMB	6	32934629	32941054	-	ENSG00000242574
HLA-DMA	6	32948613	32969094	-	ENSG00000204257
BRD2	6	32968594	32981505	+	ENSG00000204256
HLA-DOA	6	33004178	33009594	-	ENSG00000204252
HLA-DPA1	6	33064569	33080781	-	ENSG00000231389
HLA-DPB1	6	33073786	33089696	+	ENSG00000223865
COL11A2	6	33162681	33192766	-	ENSG00000204248
RXRB	6	33193588	33200666	-	ENSG00000204231
SLC39A7	6	33200305	33204439	+	ENSG00000112473
HSD17B8	6	33204631	33206831	+	ENSG00000204228
RING1	6	33208491	33212722	+	ENSG00000204227
VPS52	6	33250272	33272047	-	ENSG00000223501
RPS18	6	33272075	33276511	+	ENSG00000231500
B3GALT4	6	33277123	33284832	+	ENSG00000235863
WDR46	6	33279108	33289247	-	ENSG00000227057
PFDN6	6	33288680	33298401	+	ENSG00000204220
RGL2	6	33291196	33299419	-	ENSG00000237441
TAPBP	6	33299694	33314284	-	ENSG00000231925
ZBTB22	6	33314406	33318021	-	ENSG00000236104
DAXX	6	33318558	33323259	-	ENSG00000204209
SMIM40	6	33323628	33329279	-	ENSG00000286920
KIFC1	6	33391429	33410441	+	ENSG00000237649
PHF1	6	33410382	33416453	+	ENSG00000112511
CUTA	6	33416442	33418381	-	ENSG00000112514
SYNGAP1	6	33419661	33453689	+	ENSG00000197283
ZBTB9	6	33453970	33457544	+	ENSG00000213588
BAK1	6	33572547	33580305	-	ENSG00000030110
ITPR3	6	33620365	33696574	+	ENSG00000096433
UQCC2	6	33690635	33711727	-	ENSG00000137288
IP6K3	6	33721315	33750520	-	ENSG00000161896
LEMD2	6	33771202	33789148	-	ENSG00000161904
MLN	6	33794673	33804003	-	ENSG00000096395
GRM4	6	34018643	34155622	-	ENSG00000124493
HMGA1	6	34235618	34246236	+	ENSG00000137309
SMIM29	6	34246381	34249108	-	ENSG00000186577
NUDT3	6	34279679	34392677	-	ENSG00000272325
RPS10-NUDT3	6	34284887	34426071	-	ENSG00000270800
RPS10	6	34417447	34426237	-	ENSG00000124614
PACSIN1	6	34466061	34535229	+	ENSG00000124507
SPDEF	6	34537796	34556333	-	ENSG00000124664
ILRUN	6	34587288	34696881	-	ENSG00000196821
SNRPC	6	34757454	34773857	+	ENSG00000124562
BLTP3A	6	34792083	34877514	+	ENSG00000065060
TAF11	6	34877462	34889192	-	ENSG00000064995
ANKS1A	6	34889243	35091421	+	ENSG00000064999
TCP11	6	35118071	35148610	-	ENSG00000124678
SCUBE3	6	35213859	35253080	+	ENSG00000146197
ZNF76	6	35258909	35295985	+	ENSG00000065029
DEF6	6	35297818	35321909	+	ENSG00000023892
PPARD	6	35342530	35428193	+	ENSG00000112033
FANCE	6	35452318	35467106	+	ENSG00000112039
RPL10A	6	35468366	35470785	+	ENSG00000198755
TEAD3	6	35473597	35497079	-	ENSG00000007866
TULP1	6	35497874	35512896	-	ENSG00000112041
FKBP5	6	35572945	35728622	-	ENSG00000096060
ARMC12	6	35737032	35749079	+	ENSG00000157343
CLPSL2	6	35776535	35779557	+	ENSG00000196748
CLPSL1	6	35781019	35793675	+	ENSG00000204140
CLPS	6	35794982	35798251	-	ENSG00000137392
LHFPL5	6	35797206	35845397	+	ENSG00000197753
SRPK1	6	35832966	35921342	-	ENSG00000096063
SLC26A8	6	35943516	36028767	-	ENSG00000112053
MAPK14	6	36027738	36122511	+	ENSG00000112062
MAPK13	6	36127809	36144524	+	ENSG00000156711
BRPF3	6	36196006	36232790	+	ENSG00000096070
PNPLA1	6	36243203	36313955	+	ENSG00000180316
BNIP5	6	36315757	36337010	-	ENSG00000189325
ETV7	6	36354091	36387800	-	ENSG00000010030
PXT1	6	36390551	36442854	-	ENSG00000179165
KCTD20	6	36442767	36491143	+	ENSG00000112078
STK38	6	36493880	36547516	-	ENSG00000112079
SRSF3	6	36593787	36605911	+	ENSG00000112081
CDKN1A	6	36676441	36687397	+	ENSG00000124762
RAB44	6	36697826	36733184	+	ENSG00000255587
CPNE5	6	36740775	36839444	-	ENSG00000124772
PPIL1	6	36854825	36875003	-	ENSG00000137168
C6orf89	6	36871870	36928964	+	ENSG00000198663
PI16	6	36948263	36965993	+	ENSG00000164530
MTCH1	6	36965807	36986298	-	ENSG00000137409
FGD2	6	37005645	37029299	+	ENSG00000146192
PIM1	6	37170152	37175428	+	ENSG00000137193
TMEM217	6	37212180	37258155	-	ENSG00000172738
TMEM217B	6	37212181	37258144	-	ENSG00000286105
TBC1D22B	6	37257772	37332970	+	ENSG00000065491
RNF8	6	37353979	37394734	+	ENSG00000112130
CMTR1	6	37433094	37482827	+	ENSG00000137200
CCDC167	6	37482920	37499894	-	ENSG00000198937
MDGA1	6	37630679	37699306	-	ENSG00000112139
ZFAND3	6	37819429	38154624	+	ENSG00000156639
BTBD9	6	38168451	38640172	-	ENSG00000183826
GLO1	6	38675925	38703145	-	ENSG00000124767
DNAH8	6	38715311	39030792	+	ENSG00000124721
GLP1R	6	39048781	39091303	+	ENSG00000112164
SAYSD1	6	39104063	39115193	-	ENSG00000112167
KCNK5	6	39188128	39229559	-	ENSG00000164626
KCNK17	6	39298998	39314461	-	ENSG00000124780
KCNK16	6	39314698	39322968	-	ENSG00000095981
KIF6	6	39329990	39725408	-	ENSG00000164627
DAAM2	6	39792298	39904877	+	ENSG00000146122
MOCS1	6	39899578	39934551	-	ENSG00000124615
LRFN2	6	40391591	40587364	-	ENSG00000156564
UNC5CL	6	41026895	41039221	-	ENSG00000124602
OARD1	6	41033627	41097787	-	ENSG00000124596
TSPO2	6	41042467	41044337	+	ENSG00000112212
APOBEC2	6	41053201	41064891	+	ENSG00000124701
NFYA	6	41072946	41102403	+	ENSG00000001167
TREML1	6	41149167	41155553	-	ENSG00000161911
TREM2	6	41158488	41163186	-	ENSG00000095970
TREML2	6	41189749	41201149	-	ENSG00000112195
TREML4	6	41228339	41238882	+	ENSG00000188056
TREM1	6	41267100	41286682	-	ENSG00000124731
NCR2	6	41335608	41350889	+	ENSG00000096264
FOXP4	6	41546363	41602384	+	ENSG00000137166
MDFI	6	41636840	41654246	+	ENSG00000112559
TFEB	6	41683978	41736259	-	ENSG00000112561
PGC	6	41736711	41754109	-	ENSG00000096088
FRS3	6	41770174	41787570	-	ENSG00000137218
PRICKLE4	6	41780739	41787452	+	ENSG00000278224
TOMM6	6	41787652	41790064	+	ENSG00000214736
USP49	6	41789896	41895375	-	ENSG00000164663
MED20	6	41905354	41921139	-	ENSG00000124641
BYSL	6	41921229	41933050	+	ENSG00000112578
CCND3	6	41934934	42050357	-	ENSG00000112576
TAF8	6	42050513	42087461	+	ENSG00000137413
C6orf132	6	42092233	42142620	-	ENSG00000188112
CIMIP3	6	42142693	42163418	+	ENSG00000287363
GUCA1ANB-GUCA1A	6	42155406	42180056	+	ENSG00000290147
GUCA1A	6	42173364	42181338	+	ENSG00000048545
GUCA1B	6	42183284	42194956	-	ENSG00000112599
MRPS10	6	42206694	42217881	-	ENSG00000048544
TRERF1	6	42224931	42452224	-	ENSG00000124496
UBR2	6	42563995	42693505	+	ENSG00000024048
PRPH2	6	42696598	42722597	-	ENSG00000112619
TBCC	6	42744498	42746103	-	ENSG00000124659
BICRAL	6	42781931	42868560	+	ENSG00000112624
RPL7L1	6	42879616	42889925	+	ENSG00000146223
PEX39	6	42890265	42890821	-	ENSG00000221821
PTCRA	6	42915989	42925838	+	ENSG00000171611
CNPY3	6	42929115	42939903	+	ENSG00000137161
PEX6	6	42959717	42979243	-	ENSG00000124587
GNMT	6	42960690	42963883	+	ENSG00000124713
PPP2R5D	6	42984538	43012346	+	ENSG00000112640
MEA1	6	43011143	43016868	-	ENSG00000124733
KLHDC3	6	43014103	43021298	+	ENSG00000124702
RRP36	6	43021593	43034156	+	ENSG00000124541
CUL7	6	43037617	43053943	-	ENSG00000044090
KLC4	6	43040777	43075099	+	ENSG00000137171
MRPL2	6	43054029	43059449	-	ENSG00000112651
PTK7	6	43076257	43161719	+	ENSG00000112655
SRF	6	43171269	43181506	+	ENSG00000112658
CUL9	6	43182181	43224587	+	ENSG00000112659
DNPH1	6	43225629	43229484	-	ENSG00000112667
TTBK1	6	43243481	43288258	+	ENSG00000146216
SLC22A7	6	43295694	43305543	+	ENSG00000137204
CRIP3	6	43299710	43308874	-	ENSG00000146215
ZNF318	6	43307134	43369647	-	ENSG00000171467
ABCC10	6	43427366	43450430	+	ENSG00000124574
DLK2	6	43450351	43456632	-	ENSG00000171462
TJAP1	6	43477523	43506562	+	ENSG00000137221
LRRC73	6	43506965	43510388	-	ENSG00000204052
POLR1C	6	43509702	43562419	+	ENSG00000171453
YIPF3	6	43511821	43516985	-	ENSG00000137207
XPO5	6	43522334	43576061	-	ENSG00000124571
POLH	6	43575537	43620523	+	ENSG00000170734
GTPBP2	6	43605316	43629264	-	ENSG00000172432
MAD2L1BP	6	43629494	43640955	+	ENSG00000124688
RSPH9	6	43644229	43672604	+	ENSG00000172426
MRPS18A	6	43671202	43687800	-	ENSG00000096080
VEGFA	6	43770184	43786487	+	ENSG00000112715
LINC03040	6	44000580	44007612	+	ENSG00000181577
MRPL14	6	44112290	44128724	-	ENSG00000180992
TMEM63B	6	44126614	44155520	+	ENSG00000137216
CAPN11	6	44158811	44184401	+	ENSG00000137225
MYMX	6	44216926	44218236	+	ENSG00000262179
SLC29A1	6	44219245	44236432	+	ENSG00000112759
HSP90AB1	6	44245808	44253888	+	ENSG00000096384
SLC35B2	6	44254096	44257890	-	ENSG00000157593
NFKBIE	6	44258166	44265788	-	ENSG00000146232
TMEM151B	6	44270450	44307506	+	ENSG00000178233
TCTE1	6	44278734	44297698	-	ENSG00000146221
AARS2	6	44298726	44313347	-	ENSG00000124608
SPATS1	6	44342650	44380179	+	ENSG00000249481
CDC5L	6	44387565	44450425	+	ENSG00000096401
SUPT3H	6	44809317	45377953	-	ENSG00000196284
RUNX2	6	45328157	45664349	+	ENSG00000124813
CLIC5	6	45880827	46080348	-	ENSG00000112782
ENPP4	6	46129964	46146699	+	ENSG00000001561
ENPP5	6	46158482	46171113	-	ENSG00000112796
RCAN2	6	46220736	46491972	-	ENSG00000172348
CYP39A1	6	46549383	46652830	-	ENSG00000146233
SLC25A27	6	46652915	46678190	+	ENSG00000153291
TDRD6	6	46687875	46704319	+	ENSG00000180113
PLA2G7	6	46704201	46735718	-	ENSG00000146070
ANKRD66	6	46746933	46759506	+	ENSG00000230062
MEP1A	6	46793368	46839801	+	ENSG00000112818
ADGRF5	6	46852310	46956392	-	ENSG00000069122
ADGRF1	6	46997708	47042350	-	ENSG00000153292
TNFRSF21	6	47231532	47309947	-	ENSG00000146072
CD2AP	6	47477752	47627263	+	ENSG00000198087
ADGRF4	6	47685864	47722021	+	ENSG00000153294
OPN5	6	47781982	47832780	+	ENSG00000124818
PTCHD4	6	47856673	48111197	-	ENSG00000244694
MMUT	6	49430360	49463321	-	ENSG00000146085
CENPQ	6	49463335	49495815	+	ENSG00000031691
GLYATL3	6	49499923	49528078	+	ENSG00000203972
C6orf141	6	49550666	49561907	+	ENSG00000197261
RHAG	6	49605175	49636839	-	ENSG00000112077
CRISP2	6	49692358	49714703	-	ENSG00000124490
CRISP3	6	49727376	49744437	-	ENSG00000096006
PGK2	6	49785660	49787285	-	ENSG00000170950
CRISP1	6	49834257	49877096	-	ENSG00000124812
DEFB114	6	49960249	49964164	-	ENSG00000177684
DEFB113	6	49968677	49969625	-	ENSG00000214642
DEFB110	6	50009138	50021994	-	ENSG00000203970
DEFB112	6	50042099	50049929	-	ENSG00000180872
TFAP2D	6	50713526	50773033	+	ENSG00000008197
TFAP2B	6	50818723	50847619	+	ENSG00000008196
PKHD1	6	51615299	52087613	-	ENSG00000170927
IL17A	6	52186375	52190638	+	ENSG00000112115
IL17F	6	52236681	52245689	-	ENSG00000112116
MCM3	6	52264011	52284881	-	ENSG00000112118
PAQR8	6	52361421	52407777	+	ENSG00000170915
EFHC1	6	52362123	52529886	+	ENSG00000096093
TRAM2	6	52497408	52577077	-	ENSG00000065308
TMEM14A	6	52671072	52686592	+	ENSG00000096092
GSTA2	6	52747975	52763525	-	ENSG00000244067
GSTA1	6	52791371	52803881	-	ENSG00000243955
GSTA5	6	52831655	52840843	-	ENSG00000182793
GSTA3	6	52896639	52909701	-	ENSG00000174156
GSTA4	6	52977948	52995312	-	ENSG00000170899
CILK1	6	53001279	53061824	-	ENSG00000112144
FBXO9	6	53051991	53100873	+	ENSG00000112146
GCM1	6	53126961	53148841	-	ENSG00000137270
ELOVL5	6	53260285	53349179	-	ENSG00000012660
GCLC	6	53497341	53616970	-	ENSG00000001084
KLHL31	6	53647916	53665756	-	ENSG00000124743
LRRC1	6	53794497	53924125	+	ENSG00000137269
MLIP	6	53929982	54266946	+	ENSG00000146147
TINAG	6	54307859	54390142	+	ENSG00000137251
FAM83B	6	54846771	54945099	+	ENSG00000168143
HCRTR2	6	55106460	55282617	+	ENSG00000137252
GFRAL	6	55327469	55402493	+	ENSG00000187871
HMGCLL1	6	55434368	55579197	-	ENSG00000146151
BMP5	6	55753653	55875595	-	ENSG00000112175
COL21A1	6	56056590	56394094	-	ENSG00000124749
DST	6	56457987	56954830	-	ENSG00000151914
BEND6	6	56954924	57027832	+	ENSG00000151917
KIAA1586	6	57046532	57059041	+	ENSG00000168116
ZNF451	6	57086844	57170305	+	ENSG00000112200
BAG2	6	57172319	57189833	+	ENSG00000112208
RAB23	6	57186992	57222848	-	ENSG00000112210
PRIM2	6	57314805	57646855	+	ENSG00000146143
KHDRBS2	6	61630234	62286225	-	ENSG00000112232
FKBP1C	6	63211469	63213027	+	ENSG00000198225
LGSN	6	63275951	63319983	-	ENSG00000146166
PTP4A1	6	63521746	63583588	+	ENSG00000112245
PHF3	6	63635802	63779336	+	ENSG00000118482
EYS	6	63719980	65707226	-	ENSG00000188107
ZC3H11C	6	65301476	65306574	+	ENSG00000214558
ADGRB3	6	68635282	69390571	+	ENSG00000135298
LMBRD1	6	69672757	69867236	-	ENSG00000168216
COL19A1	6	69866556	70212468	+	ENSG00000082293
COL9A1	6	70216040	70303084	-	ENSG00000112280
FAM135A	6	70412941	70561608	+	ENSG00000082269
SDHAF4	6	70566917	70589569	+	ENSG00000154079
SMAP1	6	70667776	70862015	+	ENSG00000112305
B3GAT2	6	70856679	70957060	-	ENSG00000112309
OGFRL1	6	71288811	71309059	+	ENSG00000119900
RIMS1	6	71886550	72403150	+	ENSG00000079841
KCNQ5	6	72621792	73198853	+	ENSG00000185760
KHDC1L	6	73223544	73225770	-	ENSG00000256980
KHDC1	6	73241310	73310455	-	ENSG00000135314
DPPA5	6	73353063	73354276	-	ENSG00000203909
KHDC3L	6	73362658	73364171	+	ENSG00000203908
OOEP	6	73368555	73395133	-	ENSG00000203907
DDX43	6	73394828	73417566	+	ENSG00000080007
CGAS	6	73413515	73461726	-	ENSG00000164430
MTO1	6	73461578	73509236	+	ENSG00000135297
EEF1A1	6	73489308	73525587	-	ENSG00000156508
SLC17A5	6	73593364	73654014	-	ENSG00000119899
CD109	6	73695785	73828316	+	ENSG00000156535
COL12A1	6	75084326	75206267	-	ENSG00000111799
COX7A2	6	75237675	75250323	-	ENSG00000112695
TMEM30A	6	75252924	75284948	-	ENSG00000112697
FILIP1	6	75291859	75493800	-	ENSG00000118407
SENP6	6	75601509	75718281	+	ENSG00000112701
MYO6	6	75749175	75919537	+	ENSG00000196586
IMPG1	6	75921114	76072678	-	ENSG00000112706
HTR1B	6	77460924	77463491	-	ENSG00000135312
MEI4	6	77650274	77927045	+	ENSG00000269964
IRAK1BP1	6	78867551	78946440	+	ENSG00000146243
PHIP	6	78934419	79078544	-	ENSG00000146247
HMGN3	6	79200929	79234862	-	ENSG00000118418
LCA5	6	79484991	79545138	-	ENSG00000135338
SH3BGRL2	6	79537185	79703655	+	ENSG00000198478
ELOVL4	6	79914814	79947553	-	ENSG00000118402
TTK	6	80003887	80043580	+	ENSG00000112742
BCKDHB	6	80106647	80351082	+	ENSG00000083123
TENT5A	6	81491439	81752774	-	ENSG00000112773
IBTK	6	82169984	82247775	-	ENSG00000005700
TPBG	6	82363206	82367420	+	ENSG00000146242
UBE3D	6	82892390	83065841	-	ENSG00000118420
DOP1A	6	83067666	83171350	+	ENSG00000083097
PGM3	6	83147324	83194005	-	ENSG00000013375
RWDD2A	6	83193337	83198935	+	ENSG00000013392
ME1	6	83210393	83431208	-	ENSG00000065833
PRSS35	6	83512508	83525704	+	ENSG00000146250
SNAP91	6	83552880	83709691	-	ENSG00000065609
RIPPLY2	6	83853360	83857515	+	ENSG00000203877
CYB5R4	6	83859646	83967423	+	ENSG00000065615
MRAP2	6	84033203	84090887	+	ENSG00000135324
CEP162	6	84124241	84227685	-	ENSG00000135315
TBX18	6	84687351	84764598	-	ENSG00000112837
NT5E	6	85449584	85495791	+	ENSG00000135318
SNX14	6	85504776	85594156	-	ENSG00000135317
SYNCRIP	6	85607779	85644063	-	ENSG00000135316
HTR1E	6	86936662	87017155	+	ENSG00000168830
CGA	6	87085498	87095106	-	ENSG00000135346
ZNF292	6	87151803	87265943	+	ENSG00000188994
GJB7	6	87282980	87329278	-	ENSG00000164411
SMIM8	6	87322580	87399749	+	ENSG00000111850
C6orf163	6	87344813	87365463	+	ENSG00000203872
CFAP206	6	87407972	87464645	+	ENSG00000272514
SLC35A1	6	87470623	87512336	+	ENSG00000164414
RARS2	6	87513459	87590028	-	ENSG00000146282
ORC3	6	87590067	87677823	+	ENSG00000135336
AKIRIN2	6	87674860	87702255	-	ENSG00000135334
SPACA1	6	88047841	88066838	+	ENSG00000118434
CNR1	6	88139863	88167364	-	ENSG00000118432
RNGTT	6	88609897	88963626	-	ENSG00000111880
PNRC1	6	89080751	89085160	+	ENSG00000146278
SRSF12	6	89093949	89118071	-	ENSG00000154548
PM20D2	6	89146055	89165565	+	ENSG00000146281
GABRR1	6	89177504	89231278	-	ENSG00000146276
GABRR2	6	89254464	89315299	-	ENSG00000111886
UBE2J1	6	89326608	89352902	-	ENSG00000198833
RRAGD	6	89364616	89412735	-	ENSG00000025039
ANKRD6	6	89433119	89633838	+	ENSG00000135299
LYRM2	6	89568144	89638755	-	ENSG00000083099
MDN1	6	89642498	89819794	-	ENSG00000112159
CASP8AP2	6	89829894	89874436	+	ENSG00000118412
GJA10	6	89894469	89921760	+	ENSG00000135355
BACH2	6	89926528	90296923	-	ENSG00000112182
MAP3K7	6	90513573	90587093	-	ENSG00000135341
EPHA7	6	93240020	93419687	-	ENSG00000135333
MANEA	6	95577485	95609484	+	ENSG00000172469
FUT9	6	96015436	96215612	+	ENSG00000172461
UFL1	6	96521595	96555276	+	ENSG00000014123
FHL5	6	96562548	96619616	+	ENSG00000112214
GPR63	6	96794125	96838150	-	ENSG00000112218
NDUFAF4	6	96889313	96897894	-	ENSG00000123545
KLHL32	6	96924620	97140756	+	ENSG00000186231
MMS22L	6	97142161	97283224	-	ENSG00000146263
POU3F2	6	98834574	98839458	+	ENSG00000184486
FBXL4	6	98868535	98948006	-	ENSG00000112234
FAXC	6	99271168	99350062	-	ENSG00000146267
COQ3	6	99369401	99394207	-	ENSG00000132423
PNISR	6	99397629	99425335	-	ENSG00000132424
USP45	6	99432325	99521728	-	ENSG00000123552
CCNC	6	99542387	99568825	-	ENSG00000112237
PRDM13	6	99606774	99615578	+	ENSG00000112238
MCHR2	6	99918519	99994247	-	ENSG00000152034
SIM1	6	100385009	100464935	-	ENSG00000112246
ASCC3	6	100508194	100881407	-	ENSG00000112249
GRIK2	6	100962701	102081622	+	ENSG00000164418
HACE1	6	104728094	104859919	-	ENSG00000085382
LIN28B	6	104936616	105083332	+	ENSG00000187772
POPDC1	6	105096822	105137216	-	ENSG00000112276
POPDC3	6	105157892	105180447	-	ENSG00000132429
PREP	6	105273218	105454062	-	ENSG00000085377
PRDM1	6	105993463	106109939	+	ENSG00000057657
ATG5	6	106045423	106326477	-	ENSG00000057663
CRYBG1	6	106360717	106572017	+	ENSG00000112297
RTN4IP1	6	106570771	106629498	-	ENSG00000130347
QRSL1	6	106629572	106668417	+	ENSG00000130348
CD24	6	106969831	106975627	-	ENSG00000272398
MTRES1	6	107028184	107051586	+	ENSG00000130349
BEND3	6	107065138	107116234	-	ENSG00000178409
PDSS2	6	107152556	107459580	-	ENSG00000164494
SOBP	6	107490073	107661306	+	ENSG00000112320
SCML4	6	107702154	107824317	-	ENSG00000146285
SEC63	6	107867756	107958309	-	ENSG00000025796
OSTM1	6	108029245	108165854	-	ENSG00000081087
NR2E1	6	108166022	108188805	+	ENSG00000112333
SNX3	6	108211222	108261255	-	ENSG00000112335
AFG1L	6	108294926	108526796	+	ENSG00000135537
FOXO3	6	108559652	108684774	+	ENSG00000118689
ARMC2	6	108848416	108974551	+	ENSG00000118690
SESN1	6	108984309	109095074	-	ENSG00000080546
CEP57L1	6	109095105	109174418	+	ENSG00000183137
CD164	6	109366514	109382469	-	ENSG00000135535
PPIL6	6	109390215	109441171	-	ENSG00000185250
SMPD2	6	109440678	109443920	+	ENSG00000135587
MICAL1	6	109444062	109465968	-	ENSG00000135596
ZBTB24	6	109460632	109483239	-	ENSG00000112365
AK9	6	109492855	109691217	-	ENSG00000155085
FIG4	6	109690609	109878098	+	ENSG00000112367
GPR6	6	109978256	109980720	+	ENSG00000146360
WASF1	6	110099817	110180019	-	ENSG00000112290
CDC40	6	110180141	110254275	+	ENSG00000168438
METTL24	6	110243940	110358502	-	ENSG00000053328
DDO	6	110391771	110415862	-	ENSG00000203797
SLC22A16	6	110424687	110476681	-	ENSG00000004809
CDK19	6	110609978	110815958	-	ENSG00000155111
AMD1	6	110874770	110898879	+	ENSG00000123505
GTF3C6	6	110958477	110968586	+	ENSG00000155115
RPF2	6	110982015	111028263	+	ENSG00000197498
SLC16A10	6	111087503	111231194	+	ENSG00000112394
MFSD4B	6	111259327	111445354	+	ENSG00000173214
REV3L	6	111299028	111483715	-	ENSG00000009413
TRAF3IP2	6	111555381	111606910	-	ENSG00000056972
FYN	6	111660332	111873475	-	ENSG00000010810
CCN6	6	112054075	112069686	+	ENSG00000112761
TUBE1	6	112070663	112087529	-	ENSG00000074935
FAM229B	6	112087122	112104223	+	ENSG00000203778
LAMA4	6	112106077	112254939	-	ENSG00000112769
RFPL4B	6	112347330	112351294	+	ENSG00000251258
MARCKS	6	113857345	113863475	+	ENSG00000277443
HDAC2	6	113933028	114011308	-	ENSG00000196591
HS3ST5	6	114055093	114343209	-	ENSG00000249853
FRK	6	115931149	116061093	-	ENSG00000111816
NT5DC1	6	116100837	116249497	+	ENSG00000178425
COL10A1	6	116118909	116158747	-	ENSG00000123500
TSPYL4	6	116249964	116254075	-	ENSG00000187189
DSE	6	116253604	116444861	+	ENSG00000111817
TSPYL1	6	116267760	116279930	-	ENSG00000189241
CALHM6	6	116461370	116463968	+	ENSG00000188820
TRAPPC3L	6	116494989	116545684	-	ENSG00000173626
CALHM5	6	116511639	116524788	+	ENSG00000178033
CALHM4	6	116529013	116561127	+	ENSG00000164451
RWDD1	6	116571409	116597675	+	ENSG00000111832
RSPH4A	6	116616479	116632985	+	ENSG00000111834
ZUP1	6	116635616	116668812	-	ENSG00000153975
KPNA5	6	116681187	116741867	+	ENSG00000196911
FAM162B	6	116751703	116765719	-	ENSG00000183807
GPRC6A	6	116792085	116829083	-	ENSG00000173612
RFX6	6	116877212	116932161	+	ENSG00000185002
VGLL2	6	117265558	117273618	+	ENSG00000170162
ROS1	6	117287353	117425942	-	ENSG00000047936
DCBLD1	6	117453817	117569858	+	ENSG00000164465
GOPC	6	117560269	117602542	-	ENSG00000047932
NUS1	6	117675469	117710727	+	ENSG00000153989
SLC35F1	6	117907264	118317676	+	ENSG00000196376
CEP85L	6	118460772	118710075	-	ENSG00000111860
PLN	6	118543971	118561716	+	ENSG00000198523
MCM9	6	118813442	118935162	-	ENSG00000111877
ASF1A	6	118894152	118909171	+	ENSG00000111875
FAM184A	6	118959763	119149387	-	ENSG00000111879
MAN1A1	6	119177204	119349767	-	ENSG00000111885
TBC1D32	6	121079494	121334745	-	ENSG00000146350
GJA1	6	121435577	121449727	+	ENSG00000152661
HSF2	6	122399551	122433119	+	ENSG00000025156
SERINC1	6	122443348	122471854	-	ENSG00000111897
PKIB	6	122471917	122726375	+	ENSG00000135549
FABP7	6	122779716	122784074	+	ENSG00000164434
SMPDL3A	6	122789049	122809720	+	ENSG00000172594
CLVS2	6	122996131	123072925	+	ENSG00000146352
TRDN	6	123215088	123637260	-	ENSG00000186439
NKAIN2	6	123803865	124825640	+	ENSG00000188580
RNF217	6	124962437	125092633	+	ENSG00000146373
TPD52L1	6	125119049	125264407	+	ENSG00000111907
HDDC2	6	125219962	125302128	-	ENSG00000111906
HEY2	6	125747664	125761269	+	ENSG00000135547
NCOA7	6	125780943	125932034	+	ENSG00000111912
HINT3	6	125956733	125980244	+	ENSG00000111911
TRMT11	6	125986428	126203817	+	ENSG00000066651
CENPW	6	126340115	126348875	+	ENSG00000203760
RSPO3	6	127118663	127199481	+	ENSG00000146374
RNF146	6	127266582	127288567	+	ENSG00000118518
ECHDC1	6	127288712	127343609	-	ENSG00000093144
KIAA0408	6	127438406	127459393	-	ENSG00000189367
MTCL3	6	127472806	127519335	-	ENSG00000214338
C6orf58	6	127519455	127591820	+	ENSG00000184530
THEMIS	6	127708072	127918631	-	ENSG00000172673
PTPRK	6	127968780	128520619	-	ENSG00000152894
LAMA2	6	128883138	129516566	+	ENSG00000196569
ARHGAP18	6	129576132	129710247	-	ENSG00000146376
TMEM244	6	129827945	129861547	-	ENSG00000203756
L3MBTL3	6	130013699	130141449	+	ENSG00000198945
SAMD3	6	130144315	130365425	-	ENSG00000164483
TMEM200A	6	130365404	130443424	+	ENSG00000164484
SMLR1	6	130827406	130837135	+	ENSG00000256162
EPB41L2	6	130839343	131063361	-	ENSG00000079819
AKAP7	6	131135467	131283535	+	ENSG00000118507
ARG1	6	131470832	131584332	+	ENSG00000118520
MED23	6	131573966	131628242	-	ENSG00000112282
ENPP3	6	131628292	131747418	+	ENSG00000154269
OR2A4	6	131699644	131701401	-	ENSG00000180658
CTAGE9	6	131708441	131711017	-	ENSG00000236761
ENPP1	6	131807993	131895155	+	ENSG00000197594
CCN2	6	131948176	131951456	-	ENSG00000118523
MOXD1	6	132296055	132401556	-	ENSG00000079931
STX7	6	132445867	132513999	-	ENSG00000079950
TAAR9	6	132538277	132539336	+	ENSG00000237110
TAAR8	6	132552672	132553756	+	ENSG00000146385
TAAR6	6	132570322	132571359	+	ENSG00000146383
TAAR5	6	132588592	132589741	-	ENSG00000135569
TAAR2	6	132617022	132624275	-	ENSG00000146378
TAAR1	6	132643312	132659182	-	ENSG00000146399
VNN1	6	132680849	132719962	-	ENSG00000112299
VNN2	6	132743870	132763459	-	ENSG00000112303
SLC18B1	6	132769370	132813339	-	ENSG00000146409
RPS12	6	132814557	132817577	+	ENSG00000112306
EYA4	6	133240514	133532128	+	ENSG00000112319
TCF21	6	133889113	133895553	+	ENSG00000118526
TBPL1	6	133952170	133990432	+	ENSG00000028839
SLC2A12	6	133987581	134052660	-	ENSG00000146411
SGK1	6	134169248	134318112	-	ENSG00000118515
ALDH8A1	6	134917298	134950129	-	ENSG00000118514
HBS1L	6	134960378	135103056	-	ENSG00000112339
MYB	6	135181308	135219173	+	ENSG00000118513
AHI1	6	135283407	135498434	-	ENSG00000135541
PDE7B	6	135851701	136195574	+	ENSG00000171408
MTFR2	6	136231024	136250571	-	ENSG00000146410
BCLAF1	6	136256627	136289851	-	ENSG00000029363
MAP7	6	136342281	136550819	-	ENSG00000135525
MAP3K5	6	136557034	136793097	-	ENSG00000197442
PEX7	6	136822548	136914598	+	ENSG00000112357
SLC35D3	6	136922301	136925660	+	ENSG00000182747
IL20RA	6	136999971	137045180	-	ENSG00000016402
IL22RA2	6	137143820	137173648	-	ENSG00000164485
IFNGR1	6	137197483	137219449	-	ENSG00000027697
OLIG3	6	137492199	137494394	-	ENSG00000177468
TNFAIP3	6	137866383	137885836	+	ENSG00000118503
PERP	6	138088505	138107419	-	ENSG00000112378
ARFGEF3	6	138161939	138344663	+	ENSG00000112379
PBOV1	6	138215986	138218491	-	ENSG00000254440
SMIM28	6	138377905	138383486	+	ENSG00000262543
HEBP2	6	138403531	138422197	+	ENSG00000051620
NHSL1	6	138422043	138693253	-	ENSG00000135540
CCDC28A	6	138773493	138793319	+	ENSG00000024862
ECT2L	6	138795911	138904070	+	ENSG00000203734
REPS1	6	138903493	138988354	-	ENSG00000135597
ABRACL	6	139027494	139043742	+	ENSG00000146386
HECA	6	139135080	139180807	+	ENSG00000112406
TXLNB	6	139239083	139291998	-	ENSG00000164440
CITED2	6	139371807	139375909	-	ENSG00000164442
NMBR	6	142058330	142147122	-	ENSG00000135577
GJE1	6	142132925	142135358	+	ENSG00000203733
VTA1	6	142147162	142224685	+	ENSG00000009844
ADGRG6	6	142301854	142446266	+	ENSG00000112414
HIVEP2	6	142751467	142956698	-	ENSG00000010818
AIG1	6	143060496	143341058	+	ENSG00000146416
ADAT2	6	143422832	143450695	-	ENSG00000189007
PEX3	6	143450805	143490616	+	ENSG00000034693
FUCA2	6	143493961	143511842	-	ENSG00000001036
PHACTR2	6	143536845	143831185	+	ENSG00000112419
LTV1	6	143843326	143863812	+	ENSG00000135521
ZC2HC1B	6	143864436	143938343	+	ENSG00000118491
PLAGL1	6	143940300	144064714	-	ENSG00000118495
SF3B5	6	144094884	144095573	-	ENSG00000169976
STX11	6	144149970	144191939	+	ENSG00000135604
UTRN	6	144285335	144853034	+	ENSG00000152818
EPM2A	6	145382535	145736023	-	ENSG00000112425
FBXO30	6	145793502	145815267	-	ENSG00000118496
SHPRH	6	145864245	145964423	-	ENSG00000146414
GRM1	6	146027646	146437601	+	ENSG00000152822
RAB32	6	146543825	146554964	+	ENSG00000118508
ADGB	6	146598967	146815462	+	ENSG00000118492
STXBP5	6	147203710	147391010	+	ENSG00000164506
SAMD5	6	147508690	147737547	+	ENSG00000203727
SASH1	6	148272304	148552044	+	ENSG00000111961
UST	6	148746913	149076991	+	ENSG00000111962
TAB2	6	149218641	149411613	+	ENSG00000055208
SUMO4	6	149400262	149401278	+	ENSG00000177688
ZC3H12D	6	149446795	149485014	-	ENSG00000178199
PPIL4	6	149504495	149546092	-	ENSG00000131013
GINM1	6	149566206	149591748	+	ENSG00000055211
KATNA1	6	149594873	149648972	-	ENSG00000186625
LATS1	6	149658153	149718105	-	ENSG00000131023
NUP43	6	149724315	149750286	-	ENSG00000120253
PCMT1	6	149749431	149811421	+	ENSG00000120265
LRP11	6	149818757	149864424	-	ENSG00000120256
RAET1E	6	149883179	149898113	-	ENSG00000164520
RAET1G	6	149916878	149923121	-	ENSG00000203722
ULBP2	6	149942014	149949235	+	ENSG00000131015
ULBP1	6	149963943	149973715	+	ENSG00000111981
RAET1L	6	150018334	150025532	-	ENSG00000155918
ULBP3	6	150061053	150069191	-	ENSG00000131019
PPP1R14C	6	150143044	150250392	+	ENSG00000198729
IYD	6	150368892	150405969	+	ENSG00000009765
PLEKHG1	6	150599848	150843665	+	ENSG00000120278
MTHFD1L	6	150865679	151101887	+	ENSG00000120254
AKAP12	6	151239936	151358563	+	ENSG00000131016
ZBTB2	6	151364105	151391696	-	ENSG00000181472
RMND1	6	151398898	151452158	-	ENSG00000155906
ARMT1	6	151452258	151470101	+	ENSG00000146476
CCDC170	6	151494013	151621193	+	ENSG00000120262
ESR1	6	151651284	152129619	+	ENSG00000091831
SYNE1	6	152121687	152637801	-	ENSG00000131018
MYCT1	6	152697897	152724569	+	ENSG00000120279
VIP	6	152749922	152759765	+	ENSG00000146469
FBXO5	6	152970519	152983579	-	ENSG00000112029
MTRF1L	6	152987362	153002709	-	ENSG00000112031
RGS17	6	153004459	153131282	-	ENSG00000091844
OPRM1	6	154010496	154246867	+	ENSG00000112038
IPCEF1	6	154154496	154356803	-	ENSG00000074706
CNKSR3	6	154387515	154510685	-	ENSG00000153721
SCAF8	6	154733378	154842212	+	ENSG00000213079
TIAM2	6	154832697	155257723	+	ENSG00000146426
TFB1M	6	155256134	155314493	-	ENSG00000029639
CLDN20	6	155264013	155276548	+	ENSG00000171217
NOX3	6	155395368	155455839	-	ENSG00000074771
ARID1B	6	156776020	157210779	+	ENSG00000049618
TMEM242	6	157289025	157323601	-	ENSG00000215712
ZDHHC14	6	157381133	157678157	+	ENSG00000175048
SNX9	6	157700387	157945077	+	ENSG00000130340
SYNJ2	6	157981863	158099176	+	ENSG00000078269
SERAC1	6	158109515	158168295	-	ENSG00000122335
GTF2H5	6	158168338	158199344	+	ENSG00000272047
TULP4	6	158232236	158511828	+	ENSG00000130338
TMEM181	6	158536436	158635435	+	ENSG00000146433
DYNLT1	6	158636474	158644755	-	ENSG00000146425
SYTL3	6	158644387	158768355	+	ENSG00000164674
EZR	6	158765741	158819413	-	ENSG00000092820
RSPH3	6	158970084	159000202	-	ENSG00000130363
TAGAP	6	159034481	159095823	-	ENSG00000164691
FNDC1	6	159169353	159272112	+	ENSG00000164694
SOD2	6	159669069	159762529	-	ENSG00000291237
WTAP	6	159716432	159756319	+	ENSG00000146457
ACAT2	6	159761981	159779821	+	ENSG00000120437
TCP1	6	159778498	159789703	-	ENSG00000120438
MRPL18	6	159789812	159799027	+	ENSG00000112110
PNLDC1	6	159800249	159820704	+	ENSG00000146453
MAS1	6	159890988	159917447	+	ENSG00000130368
IGF2R	6	159969082	160113507	+	ENSG00000197081
SLC22A1	6	160121815	160159398	+	ENSG00000175003
SLC22A2	6	160171061	160277638	-	ENSG00000112499
SLC22A3	6	160348373	160452577	+	ENSG00000146477
LPA	6	160531482	160664275	-	ENSG00000198670
PLG	6	160702105	160754097	+	ENSG00000122194
MAP3K4	6	160991473	161117385	+	ENSG00000085511
AGPAT4	6	161129967	161274095	-	ENSG00000026652
PRKN	6	161347417	162727775	-	ENSG00000185345
PACRG	6	162727132	163315500	+	ENSG00000112530
QKI	6	163414000	163578592	+	ENSG00000112531
C6orf118	6	165279664	165309605	-	ENSG00000112539
PDE10A	6	165327287	165988117	-	ENSG00000112541
TBXT	6	166157656	166168815	-	ENSG00000164458
PRR18	6	166305300	166308448	-	ENSG00000176381
SFT2D1	6	166319724	166342590	-	ENSG00000198818
MPC1	6	166364919	166383013	-	ENSG00000060762
RPS6KA2	6	166409364	166906451	-	ENSG00000071242
RAMACL	6	166583009	166586678	-	ENSG00000235272
RNASET2	6	166922113	166957448	-	ENSG00000026297
CEP43	6	166999174	167052718	+	ENSG00000213066
CCR6	6	167111795	167139141	+	ENSG00000112486
GPR31	6	167155247	167157980	-	ENSG00000120436
UNC93A	6	167269010	167316028	+	ENSG00000112494
TTLL2	6	167325071	167359503	+	ENSG00000120440
AFDN	6	167826859	167972023	+	ENSG00000130396
KIF25	6	167996241	168045091	+	ENSG00000125337
FRMD1	6	168053095	168101511	-	ENSG00000153303
DACT2	6	168292830	168319777	-	ENSG00000164488
SMOC2	6	168440656	168673445	+	ENSG00000112562
THBS2	6	169215780	169254060	-	ENSG00000186340
WDR27	6	169457211	169702729	-	ENSG00000184465
C6orf120	6	169702126	169706360	+	ENSG00000185127
PHF10	6	169703902	169725566	-	ENSG00000130024
DYNLT2	6	169740106	169751587	-	ENSG00000184786
ERMARD	6	169751567	169781600	+	ENSG00000130023
DLL1	6	170282202	170306565	-	ENSG00000198719
FAM120B	6	170290703	170407067	+	ENSG00000112584
PSMB1	6	170535116	170553327	-	ENSG00000008018
TBP	6	170554302	170572870	+	ENSG00000112592
PDCD2	6	170575295	170584692	-	ENSG00000071994
FAM20C	7	192034	260772	+	ENSG00000177706
FOXL3	7	290170	294422	+	ENSG00000248767
PDGFA	7	497258	520695	-	ENSG00000197461
PRKAR1B	7	549196	728268	-	ENSG00000188191
DNAAF5	7	726690	786475	+	ENSG00000164818
SUN1	7	816591	896435	+	ENSG00000164828
GET4	7	876486	896436	+	ENSG00000239857
ADAP1	7	897900	955407	-	ENSG00000105963
COX19	7	898778	975549	-	ENSG00000240230
CYP2W1	7	983181	989640	+	ENSG00000073067
CHLSN	7	996973	1138313	-	ENSG00000146540
GPR146	7	1044537	1059269	+	ENSG00000164849
GPER1	7	1082208	1094511	+	ENSG00000164850
ZFAND2A	7	1151903	1160771	-	ENSG00000178381
UNCX	7	1232872	1237326	+	ENSG00000164853
MICALL2	7	1428465	1459496	-	ENSG00000164877
INTS1	7	1470276	1504418	-	ENSG00000164880
MAFK	7	1530702	1543049	+	ENSG00000198517
TMEM184A	7	1542235	1560821	-	ENSG00000164855
PSMG3	7	1567332	1571078	-	ENSG00000157778
ELFN1	7	1665745	1747946	+	ENSG00000225968
MAD1L1	7	1815787	2233243	-	ENSG00000002822
MRM2	7	2234195	2242205	-	ENSG00000122687
NUDT1	7	2242203	2251824	+	ENSG00000106268
SNX8	7	2251770	2354318	-	ENSG00000106266
EIF3B	7	2354086	2380747	+	ENSG00000106263
CHST12	7	2403442	2448484	+	ENSG00000136213
GRIFIN	7	2474728	2476894	-	ENSG00000275572
LFNG	7	2512529	2529177	+	ENSG00000106003
BRAT1	7	2537810	2555782	-	ENSG00000106009
IQCE	7	2558972	2614733	+	ENSG00000106012
TTYH3	7	2631919	2664816	+	ENSG00000136295
AMZ1	7	2679276	2775500	+	ENSG00000174945
GNA12	7	2721822	2870786	-	ENSG00000146535
CARD11	7	2906141	3044228	-	ENSG00000198286
SDK1	7	3301252	4269000	+	ENSG00000146555
FOXK1	7	4682295	4771442	+	ENSG00000164916
AP5Z1	7	4775615	4794397	+	ENSG00000242802
RADIL	7	4797055	4883716	-	ENSG00000157927
PAPOLB	7	4857738	4862030	-	ENSG00000218823
MMD2	7	4905989	4959212	-	ENSG00000136297
RBAK-RBAKDN	7	4983718	5073221	+	ENSG00000272968
RBAK	7	5045821	5069491	+	ENSG00000146587
RBAKDN	7	5072125	5073223	+	ENSG00000273313
WIPI2	7	5190182	5233840	+	ENSG00000157954
SLC29A4	7	5274369	5307194	+	ENSG00000164638
TNRC18	7	5306790	5425414	-	ENSG00000182095
FBXL18	7	5431335	5513809	-	ENSG00000155034
ACTB	7	5526409	5563902	-	ENSG00000075624
FSCN1	7	5592809	5606655	+	ENSG00000075618
RNF216	7	5620047	5781696	-	ENSG00000011275
OCM	7	5879827	5886363	+	ENSG00000122543
CCZ1	7	5898692	5926550	+	ENSG00000122674
RSPH10B	7	5925550	5970702	-	ENSG00000155026
PMS2	7	5970925	6009130	-	ENSG00000122512
AIMP2	7	6009255	6023834	+	ENSG00000106305
EIF2AK1	7	6022247	6059231	-	ENSG00000086232
ANKRD61	7	6031376	6036552	+	ENSG00000157999
USP42	7	6104934	6161565	+	ENSG00000106346
CYTH3	7	6161776	6272650	-	ENSG00000008256
FAM220A	7	6329411	6348981	-	ENSG00000178397
SMIM10L3	7	6329411	6348967	-	ENSG00000286075
RAC1	7	6374098	6403998	+	ENSG00000136238
DAGLB	7	6407846	6484190	-	ENSG00000164535
KDELR2	7	6445953	6484193	-	ENSG00000136240
GRID2IP	7	6496778	6551461	-	ENSG00000215045
ZDHHC4	7	6577405	6589374	+	ENSG00000136247
INTS15	7	6589978	6608726	+	ENSG00000146576
ZNF853	7	6615348	6624290	+	ENSG00000236609
ZNF316	7	6637298	6658279	+	ENSG00000205903
ZNF12	7	6688433	6706947	-	ENSG00000164631
RSPH10B2	7	6754101	6799365	+	ENSG00000169402
CCZ1B	7	6794134	6826770	-	ENSG00000146574
C1GALT1	7	7156934	7248616	+	ENSG00000106392
COL28A1	7	7356203	7535873	-	ENSG00000215018
MIOS	7	7566823	7609140	+	ENSG00000164654
RPA3	7	7634843	7718607	-	ENSG00000106399
UMAD1	7	7640661	7968020	+	ENSG00000219545
GLCCI1	7	7968796	8094272	+	ENSG00000106415
ICA1	7	8113181	8262687	-	ENSG00000003147
NXPH1	7	8433609	8752961	+	ENSG00000122584
NDUFA4	7	10931943	10940531	-	ENSG00000189043
PHF14	7	10973336	11169623	+	ENSG00000106443
THSD7A	7	11370365	11832198	-	ENSG00000005108
TMEM106B	7	12211042	12243367	+	ENSG00000106460
VWDE	7	12330201	12403941	-	ENSG00000146530
C7orf78	7	12469621	12542222	+	ENSG00000226690
SCIN	7	12570577	12660182	+	ENSG00000006747
ARL4A	7	12686602	12690958	+	ENSG00000122644
ETV1	7	13891229	13991425	-	ENSG00000006468
DGKB	7	14145049	14974833	-	ENSG00000136267
AGMO	7	15200317	15562017	-	ENSG00000187546
MEOX2	7	15611211	15686818	-	ENSG00000106511
CRPPA	7	16087525	16502504	-	ENSG00000214960
SOSTDC1	7	16461481	16530580	-	ENSG00000171243
LRRC72	7	16526825	16581568	+	ENSG00000205858
ANKMY2	7	16599779	16645831	-	ENSG00000106524
BZW2	7	16644653	16706771	+	ENSG00000136261
TSPAN13	7	16753745	16784536	+	ENSG00000106537
AGR2	7	16791387	16833433	-	ENSG00000106541
AGR3	7	16859412	16881987	-	ENSG00000173467
AHR	7	16916359	17346152	+	ENSG00000106546
SNX13	7	17790761	17940712	-	ENSG00000071189
PRPS1L1	7	18026770	18027846	-	ENSG00000229937
HDAC9	7	18086949	19002416	+	ENSG00000048052
TWIST1	7	19020991	19117636	-	ENSG00000122691
FERD3L	7	19144782	19145421	-	ENSG00000146618
POLR1F	7	19695461	19709045	-	ENSG00000105849
TMEM196	7	19719315	19773617	-	ENSG00000173452
MACC1	7	20134655	20217457	-	ENSG00000183742
ITGB8	7	20330609	20415754	+	ENSG00000105855
ABCB5	7	20615667	20777038	+	ENSG00000004846
SP8	7	20782279	20786886	-	ENSG00000164651
SP4	7	21428043	21514822	+	ENSG00000105866
DNAH11	7	21543039	21901839	+	ENSG00000105877
CDCA7L	7	21899974	21946219	-	ENSG00000164649
RAPGEF5	7	22118236	22357154	-	ENSG00000136237
STEAP1B	7	22417857	22727613	-	ENSG00000105889
IL6	7	22725884	22732002	+	ENSG00000136244
TOMM7	7	22812628	22822849	-	ENSG00000196683
HYCC1	7	22889371	23014130	-	ENSG00000122591
KLHL7	7	23105757	23177914	+	ENSG00000122550
NUP42	7	23181841	23201011	+	ENSG00000136243
GPNMB	7	23235967	23275108	+	ENSG00000136235
MALSU1	7	23298739	23311729	+	ENSG00000156928
IGF2BP3	7	23310209	23470491	-	ENSG00000136231
TRA2A	7	23504780	23532041	-	ENSG00000164548
CCDC126	7	23597377	23644712	+	ENSG00000169193
FAM221A	7	23680114	23703249	+	ENSG00000188732
STK31	7	23710203	23832513	+	ENSG00000196335
NPY	7	24284188	24291862	+	ENSG00000122585
PALS2	7	24572936	24694193	+	ENSG00000105926
GSDME	7	24698355	24757940	-	ENSG00000105928
OSBPL3	7	24796540	24981634	-	ENSG00000070882
CYCS	7	25118656	25125266	-	ENSG00000172115
SPMIP4	7	25134692	25180356	-	ENSG00000153790
NPVF	7	25224570	25228486	-	ENSG00000105954
NFE2L3	7	26152190	26187137	+	ENSG00000050344
HNRNPA2B1	7	26171151	26201529	-	ENSG00000122566
CBX3	7	26201162	26213607	+	ENSG00000122565
SNX10	7	26291862	26374383	+	ENSG00000086300
SKAP2	7	26667003	26995239	-	ENSG00000005020
HOXA1	7	27092993	27096000	-	ENSG00000105991
HOXA2	7	27100354	27102686	-	ENSG00000105996
HOXA3	7	27106184	27152610	-	ENSG00000105997
HOXA4	7	27128507	27130780	-	ENSG00000197576
HOXA5	7	27141052	27143681	-	ENSG00000106004
HOXA6	7	27145396	27150603	-	ENSG00000106006
HOXA7	7	27153716	27157936	-	ENSG00000122592
HOXA10-HOXA9	7	27162438	27180239	-	ENSG00000257184
HOXA9	7	27162438	27175180	-	ENSG00000078399
HOXA10	7	27170605	27180261	-	ENSG00000253293
HOXA11	7	27181157	27185232	-	ENSG00000005073
HOXA13	7	27193503	27200091	-	ENSG00000106031
EVX1	7	27242700	27250493	+	ENSG00000106038
HIBADH	7	27525440	27662988	-	ENSG00000106049
TAX1BP1	7	27739331	27844564	+	ENSG00000106052
JAZF1	7	27830573	28180992	-	ENSG00000153814
CREB5	7	28299321	28825894	+	ENSG00000146592
TRIL	7	28953358	28958330	-	ENSG00000255690
CPVL	7	28994636	29195451	-	ENSG00000106066
CHN2	7	29146547	29514334	+	ENSG00000106069
PRR15	7	29563775	29567306	+	ENSG00000176532
WIPF3	7	29806486	29917061	+	ENSG00000122574
SCRN1	7	29920104	29990289	-	ENSG00000136193
FKBP14	7	30010587	30026702	-	ENSG00000106080
PLEKHA8	7	30027404	30130483	+	ENSG00000106086
MTURN	7	30134986	30162765	+	ENSG00000180354
ZNRF2	7	30284418	30370457	+	ENSG00000180233
NOD1	7	30424527	30478789	-	ENSG00000106100
GGCT	7	30496620	30504850	-	ENSG00000006625
GARS1	7	30580533	30634033	+	ENSG00000106105
CRHR2	7	30651444	30700129	-	ENSG00000106113
INMT	7	30697985	30757602	+	ENSG00000241644
INMT-MINDY4	7	30752137	30892081	+	ENSG00000254959
MINDY4	7	30771417	30892387	+	ENSG00000106125
AQP1	7	30911720	30925517	+	ENSG00000240583
GHRHR	7	30938669	30993254	+	ENSG00000106128
ADCYAP1R1	7	31052308	31111475	+	ENSG00000078549
NEUROD6	7	31337465	31340726	-	ENSG00000164600
ITPRID1	7	31514090	31656504	+	ENSG00000180347
PPP1R17	7	31687215	31708457	+	ENSG00000106341
PDE1C	7	31751179	32428131	-	ENSG00000154678
LSM5	7	32485338	32495283	-	ENSG00000106355
AVL9	7	32495426	32588726	+	ENSG00000105778
KBTBD2	7	32868166	32894131	-	ENSG00000170852
FKBP9	7	32957404	33006930	+	ENSG00000122642
NT5C3A	7	33014113	33062824	-	ENSG00000122643
RP9	7	33094797	33109405	-	ENSG00000164610
BBS9	7	33109557	33877180	+	ENSG00000122507
BMPER	7	33904308	34156427	+	ENSG00000164619
NPSR1	7	34658218	34878332	+	ENSG00000187258
DPY19L1	7	34921469	35038271	-	ENSG00000173852
TBX20	7	35202430	35254100	-	ENSG00000164532
HERPUD2	7	35632659	35697459	-	ENSG00000122557
SEPTIN7	7	35800932	35907110	+	ENSG00000122545
EEPD1	7	36153075	36301557	+	ENSG00000122547
MATCAP2	7	36324152	36390125	-	ENSG00000164542
ANLN	7	36389727	36453791	+	ENSG00000011426
AOAH	7	36509308	36724549	-	ENSG00000136250
ELMO1	7	36852906	37449223	-	ENSG00000155849
GPR141	7	37683721	37833788	+	ENSG00000187037
NME8	7	37848597	37900397	+	ENSG00000086288
SFRP4	7	37905932	38025695	-	ENSG00000106483
EPDR1	7	37920640	37951936	+	ENSG00000086289
STARD3NL	7	38178245	38230671	+	ENSG00000010270
TARP	7	38259643	38273636	-	ENSG00000289746
AMPH	7	38383700	38631507	-	ENSG00000078053
CFAP144P1	7	38685346	38687037	-	ENSG00000164556
VPS41	7	38722974	38932394	-	ENSG00000006715
POU6F2	7	38977909	39493095	+	ENSG00000106536
YAE1	7	39566379	39612089	+	ENSG00000241127
RALA	7	39623445	39708124	+	ENSG00000006451
CDK13	7	39950121	40099580	+	ENSG00000065883
MPLKIP	7	40126027	40134622	-	ENSG00000168303
SUGCT	7	40134044	40861613	+	ENSG00000175600
INHBA	7	41667168	41705834	-	ENSG00000122641
GLI3	7	41960949	42264265	-	ENSG00000106571
C7orf25	7	42908619	42912518	-	ENSG00000136197
PSMA2	7	42916828	42932223	-	ENSG00000106588
MRPL32	7	42932346	42948958	+	ENSG00000106591
HECW1	7	43112629	43566001	+	ENSG00000002746
STK17A	7	43582758	43650713	+	ENSG00000164543
COA1	7	43608456	43729857	-	ENSG00000106603
BLVRA	7	43758009	43808097	+	ENSG00000106605
MRPS24	7	43866557	43869893	-	ENSG00000062582
URGCP-MRPS24	7	43866558	43906589	-	ENSG00000270617
URGCP	7	43875894	43926411	-	ENSG00000106608
UBE2D4	7	43926436	43956136	+	ENSG00000078967
SPDYE1	7	43997897	44010124	+	ENSG00000136206
DBNL	7	44044628	44069456	+	ENSG00000136279
PGAM2	7	44062727	44065605	-	ENSG00000164708
POLM	7	44070915	44082530	-	ENSG00000122678
AEBP1	7	44104295	44114565	+	ENSG00000106624
POLD2	7	44114631	44124407	-	ENSG00000106628
MYL7	7	44138864	44143179	-	ENSG00000106631
GCK	7	44143213	44198170	-	ENSG00000106633
YKT6	7	44200959	44214294	+	ENSG00000106636
CAMK2B	7	44209993	44334577	-	ENSG00000058404
NUDCD3	7	44379119	44490690	-	ENSG00000015676
NPC1L1	7	44512535	44541330	-	ENSG00000015520
DDX56	7	44565418	44575051	-	ENSG00000136271
TMED4	7	44576392	44582287	-	ENSG00000158604
OGDH	7	44606549	44709070	+	ENSG00000105953
ZMIZ2	7	44748560	44770112	+	ENSG00000122515
PPIA	7	44796678	44824564	+	ENSG00000196262
H2AZ2	7	44826791	44848146	-	ENSG00000105968
PURB	7	44876299	44885530	-	ENSG00000146676
MYO1G	7	44962662	44979813	-	ENSG00000136286
CCM2	7	44999475	45076469	+	ENSG00000136280
NACAD	7	45080437	45088969	-	ENSG00000136274
TBRG4	7	45097584	45112048	-	ENSG00000136270
RAMP3	7	45157648	45188665	+	ENSG00000122679
ADCY1	7	45574140	45723116	+	ENSG00000164742
CCDC201	7	45859994	45873082	-	ENSG00000283247
IGFBP1	7	45888360	45893660	+	ENSG00000146678
IGFBP3	7	45912245	45921874	-	ENSG00000146674
TNS3	7	47275154	47582558	-	ENSG00000136205
PKD1L1	7	47740202	47948466	-	ENSG00000158683
HUS1	7	47961882	47979682	-	ENSG00000136273
SUN3	7	47987148	48029119	-	ENSG00000164744
C7orf57	7	48035501	48061304	+	ENSG00000164746
UPP1	7	48088628	48108736	+	ENSG00000183696
ABCA13	7	48171458	48647497	+	ENSG00000179869
CDC14C	7	48924547	48927454	+	ENSG00000218305
VWC2	7	49772822	49921950	+	ENSG00000188730
ZPBP	7	49850421	50121329	-	ENSG00000042813
SPMIP7	7	50095883	50159256	+	ENSG00000164500
IKZF1	7	50303412	50405101	+	ENSG00000185811
FIGNL1	7	50444128	50450406	-	ENSG00000132436
DDC	7	50458436	50565468	-	ENSG00000132437
GRB10	7	50590063	50793462	-	ENSG00000106070
COBL	7	51016211	51317187	-	ENSG00000106078
POM121L12	7	53035633	53036925	+	ENSG00000221900
VSTM2A	7	54542325	54571080	+	ENSG00000170419
SEC61G	7	54752180	54759974	-	ENSG00000132432
EGFR	7	55018820	55211628	+	ENSG00000146648
LANCL2	7	55365337	55433741	+	ENSG00000132434
VOPP1	7	55436056	55572988	-	ENSG00000154978
SEPTIN14	7	55793540	55862755	-	ENSG00000154997
ZNF713	7	55887456	55942530	+	ENSG00000178665
MRPS17	7	55950705	55956500	+	ENSG00000239789
NIPSNAP2	7	55951793	56000181	+	ENSG00000146729
PSPH	7	56010312	56051604	-	ENSG00000146733
CCT6A	7	56051685	56063991	+	ENSG00000146731
SUMF2	7	56064002	56080670	+	ENSG00000129103
PHKG1	7	56079923	56093012	-	ENSG00000164776
CHCHD2	7	56094567	56106505	-	ENSG00000106153
NUPR2	7	56114681	56116417	-	ENSG00000185290
ZNF479	7	57117676	57139864	-	ENSG00000185177
ZNF716	7	57450177	57473559	+	ENSG00000182111
ZNF722	7	63998849	64018081	+	ENSG00000241149
ZNF727	7	64045429	64114556	+	ENSG00000214652
ZNF735	7	64207203	64220290	+	ENSG00000223614
ZNF679	7	64228474	64266931	+	ENSG00000197123
ZNF736	7	64307459	64356634	+	ENSG00000234444
ZNF680	7	64519878	64563078	-	ENSG00000173041
ZNF107	7	64666099	64711577	+	ENSG00000196247
ZNF138	7	64794388	64833681	+	ENSG00000197008
ZNF273	7	64870172	64930981	+	ENSG00000198039
ZNF117	7	64970663	65006687	-	ENSG00000152926
ERV3-1	7	64990356	65006743	-	ENSG00000213462
ZNF92	7	65373799	65401136	+	ENSG00000146757
VKORC1L1	7	65873074	65959563	+	ENSG00000196715
GUSB	7	65960677	65982283	-	ENSG00000169919
ASL	7	66075800	66094697	+	ENSG00000126522
CRCP	7	66114604	66154568	+	ENSG00000241258
TPST1	7	66205289	66420549	+	ENSG00000169902
KCTD7	7	66628881	66649067	+	ENSG00000243335
RABGEF1	7	66682105	66811464	+	ENSG00000154710
TMEM248	7	66921171	66958551	+	ENSG00000106609
SBDS	7	66987680	66995693	-	ENSG00000126524
TYW1	7	66995173	67239521	+	ENSG00000198874
SPDYE21	7	67276941	67289005	+	ENSG00000230358
AUTS2	7	69598296	70793506	+	ENSG00000158321
GALNT17	7	71132144	71713600	+	ENSG00000185274
CALN1	7	71779491	72447151	-	ENSG00000183166
TYW1B	7	72558744	72828260	-	ENSG00000277149
POM121	7	72879349	72951440	+	ENSG00000196313
TRIM74	7	72959485	72969466	-	ENSG00000155428
SPDYE8	7	73019719	73029766	-	ENSG00000273520
SPDYE11	7	73047862	73057911	-	ENSG00000275976
SPDYE9	7	73075972	73086038	-	ENSG00000262461
SPDYE10	7	73104008	73155431	-	ENSG00000274570
NSUN5	7	73302516	73308867	-	ENSG00000130305
TRIM50	7	73312536	73328082	-	ENSG00000146755
FKBP6	7	73328161	73358637	+	ENSG00000077800
FZD9	7	73433778	73436120	+	ENSG00000188763
BAZ1B	7	73440406	73522293	-	ENSG00000009954
BCL7B	7	73536355	73557699	-	ENSG00000106635
TBL2	7	73567537	73578791	-	ENSG00000106638
MLXIPL	7	73593194	73624568	-	ENSG00000009950
VPS37D	7	73667831	73672112	+	ENSG00000176428
DNAJC30	7	73680918	73683453	-	ENSG00000176410
BUD23	7	73683568	73698228	+	ENSG00000071462
STX1A	7	73699205	73719691	-	ENSG00000106089
ABHD11	7	73736091	73738863	-	ENSG00000106077
CLDN3	7	73768997	73770270	-	ENSG00000165215
CLDN4	7	73799542	73832690	+	ENSG00000189143
METTL27	7	73834012	73842539	-	ENSG00000165171
TMEM270	7	73861159	73865890	+	ENSG00000175877
ELN	7	74027789	74069909	+	ENSG00000049540
LIMK1	7	74082933	74122527	+	ENSG00000106683
EIF4H	7	74174231	74197122	+	ENSG00000106682
LAT2	7	74199652	74234454	+	ENSG00000086730
RFC2	7	74223231	74254458	-	ENSG00000049541
CLIP2	7	74289407	74405943	+	ENSG00000106665
GTF2IRD1	7	74452463	74602619	+	ENSG00000006704
GTF2I	7	74650231	74760706	+	ENSG00000263001
NCF1	7	74773975	74789376	+	ENSG00000158517
GTF2IRD2	7	74796144	74851611	-	ENSG00000196275
SPDYE12	7	74904289	74915078	-	ENSG00000184616
CASTOR2	7	74964705	75031528	+	ENSG00000274070
RCC1L	7	75027122	75074228	-	ENSG00000274523
GTF2IRD2B	7	75092396	75149818	+	ENSG00000174428
SPDYE13	7	75280790	75289501	+	ENSG00000286038
SPDYE14	7	75307376	75317429	+	ENSG00000286137
SPDYE15	7	75335343	75345396	+	ENSG00000286014
TRIM73	7	75395063	75410996	+	ENSG00000178809
POM121C	7	75416784	75486358	-	ENSG00000272391
SPDYE5	7	75492320	75504316	+	ENSG00000170092
HIP1	7	75533298	75738986	-	ENSG00000127946
CCL26	7	75769533	75789896	-	ENSG00000006606
CCL24	7	75810825	75823943	-	ENSG00000106178
RHBDD2	7	75842602	75888927	+	ENSG00000005486
POR	7	75899200	75986855	+	ENSG00000127948
TMEM120A	7	75986831	75994656	-	ENSG00000189077
STYXL1	7	75996315	76048809	-	ENSG00000127952
MDH2	7	76048050	76067508	+	ENSG00000146701
SRRM3	7	76201896	76287288	+	ENSG00000177679
HSPB1	7	76302673	76305813	+	ENSG00000106211
YWHAG	7	76326799	76358991	-	ENSG00000170027
SSC4D	7	76389017	76409744	-	ENSG00000146700
ZP3	7	76397518	76442071	+	ENSG00000188372
DTX2	7	76461656	76506471	+	ENSG00000091073
UPK3B	7	76510525	76516522	+	ENSG00000243566
SPDYE16	7	76531313	76543297	-	ENSG00000185040
POMZP3	7	76601809	76627288	-	ENSG00000146707
SPDYE17	7	77022306	77032361	-	ENSG00000186645
SPDYE18	7	77050391	77063938	-	ENSG00000205482
CCDC146	7	77122434	77329533	+	ENSG00000135205
FGL2	7	77193369	77199848	-	ENSG00000127951
GSAP	7	77310751	77416419	-	ENSG00000186088
PTPN12	7	77537295	77640072	+	ENSG00000127947
RSBN1L	7	77696459	77783022	+	ENSG00000187257
TMEM60	7	77793728	77799484	-	ENSG00000135211
PHTF2	7	77798761	77957503	+	ENSG00000006576
MAGI2	7	78017055	79453667	-	ENSG00000187391
GNAI1	7	79768028	80226181	+	ENSG00000127955
CD36	7	80369532	80679277	+	ENSG00000135218
GNAT3	7	80458635	80512064	-	ENSG00000214415
SEMA3C	7	80742538	80922379	-	ENSG00000075223
HGF	7	81699010	81770438	-	ENSG00000019991
CACNA2D1	7	81946444	82443970	-	ENSG00000153956
PCLO	7	82754012	83162930	-	ENSG00000186472
SEMA3E	7	83363238	83649139	-	ENSG00000170381
SEMA3A	7	83955777	84492939	-	ENSG00000075213
SEMA3D	7	84995195	85187056	-	ENSG00000153993
GRM3	7	86643909	86864884	+	ENSG00000198822
ELAPOR2	7	86876906	87059693	-	ENSG00000164659
DMTF1	7	87152409	87196337	+	ENSG00000135164
TMEM243	7	87196158	87220597	-	ENSG00000135185
CROT	7	87345664	87399800	+	ENSG00000005469
ABCB4	7	87401696	87480435	-	ENSG00000005471
ABCB1	7	87503017	87713375	-	ENSG00000085563
RUNDC3B	7	87627548	87832296	+	ENSG00000105784
SLC25A40	7	87833561	87876404	-	ENSG00000075303
DBF4	7	87876216	87909553	+	ENSG00000006634
ADAM22	7	87934136	88202889	+	ENSG00000008277
SRI	7	88205115	88226993	-	ENSG00000075142
STEAP4	7	88270892	88307010	-	ENSG00000127954
ZNF804B	7	88759700	89338528	+	ENSG00000182348
TEX47	7	88794106	88795737	-	ENSG00000164645
STEAP1	7	90154436	90164829	+	ENSG00000164647
STEAP2	7	90167590	90238137	+	ENSG00000157214
CFAP69	7	90245161	90311063	+	ENSG00000105792
FAM237B	7	90316503	90321304	-	ENSG00000283267
GTPBP10	7	90335223	90391453	+	ENSG00000105793
CLDN12	7	90383721	90513402	+	ENSG00000157224
CDK14	7	90466424	91210590	+	ENSG00000058091
PTTG1IP2	7	90469639	90513397	+	ENSG00000251154
FZD1	7	91264433	91271326	+	ENSG00000157240
MTERF1	7	91692008	91880727	-	ENSG00000127989
AKAP9	7	91940840	92110673	+	ENSG00000127914
CYP51A1	7	92084987	92134803	-	ENSG00000001630
LRRD1	7	92141643	92179531	-	ENSG00000240720
KRIT1	7	92197498	92246166	-	ENSG00000001631
ANKIB1	7	92245973	92402070	+	ENSG00000001629
GATAD1	7	92447482	92460075	+	ENSG00000157259
ERVW-1	7	92468380	92477986	-	ENSG00000242950
PEX1	7	92487020	92528640	-	ENSG00000127980
RBM48	7	92528773	92540481	+	ENSG00000127993
FAM133B	7	92560758	92590409	-	ENSG00000234545
CDK6	7	92604921	92836591	-	ENSG00000105810
SAMD9	7	93099513	93118023	-	ENSG00000205413
SAMD9L	7	93130056	93148385	-	ENSG00000177409
HEPACAM2	7	93188534	93226559	-	ENSG00000188175
VPS50	7	93232340	93361123	+	ENSG00000004766
CALCR	7	93424486	93575738	-	ENSG00000004948
GNGT1	7	93591329	93911265	+	ENSG00000127928
TFPI2	7	93885396	93890753	-	ENSG00000105825
GNG11	7	93921735	93928610	+	ENSG00000127920
BET1	7	93962762	94004382	-	ENSG00000105829
COL1A2	7	94394820	94431227	+	ENSG00000164692
CASD1	7	94509219	94557302	+	ENSG00000127995
SGCE	7	94524204	94656572	-	ENSG00000127990
PEG10	7	94656325	94669695	+	ENSG00000242265
PPP1R9A	7	94907202	95296415	+	ENSG00000158528
PON1	7	95297173	95324710	-	ENSG00000005421
PON3	7	95357618	95396493	-	ENSG00000105852
PON2	7	95404861	95435389	-	ENSG00000105854
ASB4	7	95478444	95540233	+	ENSG00000005981
PDK4	7	95583497	95597638	-	ENSG00000004799
DYNC1I1	7	95772459	96110322	+	ENSG00000158560
SLC25A13	7	96120218	96322147	-	ENSG00000004864
SEM1	7	96481626	96709891	-	ENSG00000127922
DLX6	7	97005553	97011040	+	ENSG00000006377
DLX5	7	97020396	97024950	-	ENSG00000105880
SDHAF3	7	97117698	97181763	+	ENSG00000196636
TAC1	7	97732053	97740472	+	ENSG00000006128
ASNS	7	97851677	97872542	-	ENSG00000070669
OCM2	7	97984687	97991169	-	ENSG00000135175
LMTK2	7	98106860	98209638	+	ENSG00000164715
BHLHA15	7	98211439	98215457	+	ENSG00000180535
TECPR1	7	98214624	98252235	-	ENSG00000205356
BRI3	7	98252379	98310441	+	ENSG00000164713
BAIAP2L1	7	98291648	98401115	-	ENSG00000006453
NPTX2	7	98617285	98629869	+	ENSG00000106236
TMEM130	7	98846488	98870771	-	ENSG00000166448
TRRAP	7	98877933	99050831	+	ENSG00000196367
SMURF1	7	99027435	99144164	-	ENSG00000198742
KPNA7	7	99173572	99250075	-	ENSG00000185467
MYH16	7	99272839	99311132	+	ENSG00000293560
ARPC1A	7	99325880	99366267	+	ENSG00000241685
ARPC1B	7	99374226	99394827	+	ENSG00000130429
PDAP1	7	99392048	99408665	-	ENSG00000106244
BUD31	7	99408615	99419618	+	ENSG00000106245
PTCD1	7	99416739	99466163	-	ENSG00000106246
ATP5MF-PTCD1	7	99419749	99466197	-	ENSG00000248919
CPSF4	7	99438908	99457377	+	ENSG00000160917
ATP5MF	7	99448475	99466199	-	ENSG00000241468
ZNF789	7	99472832	99503650	+	ENSG00000198556
ZNF394	7	99473877	99504918	-	ENSG00000160908
ZKSCAN5	7	99500398	99535360	+	ENSG00000196652
FAM200A	7	99546300	99559392	-	ENSG00000221909
ZNF655	7	99558406	99576453	+	ENSG00000197343
TMEM225B	7	99597868	99611045	+	ENSG00000244219
ZSCAN25	7	99616623	99632408	+	ENSG00000197037
CYP3A5	7	99648194	99679997	-	ENSG00000106258
CYP3A7-CYP3A51P	7	99684957	99735102	-	ENSG00000282301
CYP3A7	7	99705036	99735196	-	ENSG00000160870
CYP3A4	7	99756959	99784274	-	ENSG00000160868
CYP3A43	7	99827922	99867305	+	ENSG00000021461
OR2AE1	7	99876062	99877033	-	ENSG00000244623
TRIM4	7	99876958	99919601	-	ENSG00000146833
GJC3	7	99923266	99929620	-	ENSG00000176402
AZGP1	7	99966720	99976066	-	ENSG00000160862
ZKSCAN1	7	100015570	100041689	+	ENSG00000106261
ZSCAN21	7	100049772	100065044	+	ENSG00000166529
ZNF3	7	100064033	100082703	-	ENSG00000166526
COPS6	7	100088948	100093340	+	ENSG00000168090
MCM7	7	100092233	100101940	-	ENSG00000166508
AP4M1	7	100100841	100110345	+	ENSG00000221838
TAF6	7	100106876	100120091	-	ENSG00000106290
CNPY4	7	100119634	100125508	+	ENSG00000166997
MBLAC1	7	100126694	100128498	+	ENSG00000214309
LAMTOR4	7	100148912	100155944	+	ENSG00000188186
TRAPPC14	7	100154420	100158723	-	ENSG00000146826
GAL3ST4	7	100159244	100168953	-	ENSG00000197093
GPC2	7	100169606	100177381	-	ENSG00000213420
STAG3	7	100177563	100214387	+	ENSG00000066923
PVRIG	7	100218241	100221490	+	ENSG00000213413
SPDYE3	7	100307702	100322372	+	ENSG00000214300
PILRB	7	100352176	100367831	+	ENSG00000121716
PILRA	7	100367530	100400096	+	ENSG00000085514
ZCWPW1	7	100400826	100428992	-	ENSG00000078487
MEPCE	7	100428322	100434126	+	ENSG00000146834
PPP1R35	7	100435282	100436497	-	ENSG00000160813
SPACDR	7	100456620	100464260	-	ENSG00000185955
TSC22D4	7	100466519	100479232	-	ENSG00000166925
NYAP1	7	100483605	100494802	+	ENSG00000166924
AGFG2	7	100539190	100568220	+	ENSG00000106351
SAP25	7	100572228	100573900	-	ENSG00000205307
LRCH4	7	100574011	100586161	-	ENSG00000077454
FBXO24	7	100583982	100601117	+	ENSG00000106336
PCOLCE	7	100602334	100608175	+	ENSG00000106333
MOSPD3	7	100612102	100615983	+	ENSG00000106330
TFR2	7	100620416	100642779	-	ENSG00000106327
ACTL6B	7	100643097	100656458	-	ENSG00000077080
GNB2	7	100673567	100679174	+	ENSG00000172354
GIGYF1	7	100679505	100694480	-	ENSG00000146830
POP7	7	100705445	100707504	+	ENSG00000172336
EPO	7	100720468	100723700	+	ENSG00000130427
ZAN	7	100733595	100797797	+	ENSG00000146839
EPHB4	7	100802563	100827555	-	ENSG00000196411
SLC12A9	7	100826820	100867017	+	ENSG00000146828
TRIP6	7	100867126	100873524	+	ENSG00000087077
SRRT	7	100875065	100888664	+	ENSG00000087087
UFSP1	7	100888721	100889715	-	ENSG00000176125
ACHE	7	100889994	100897022	-	ENSG00000087085
MUC3A	7	100949422	100968348	+	ENSG00000169894
MUC12	7	100969431	101018940	+	ENSG00000205277
MUC17	7	101020072	101058859	+	ENSG00000169876
TRIM56	7	101085234	101097967	+	ENSG00000169871
SERPINE1	7	101122158	101139263	+	ENSG00000106366
AP1S1	7	101154352	101161596	+	ENSG00000106367
VGF	7	101162509	101167227	-	ENSG00000128564
NAT16	7	101170496	101180293	-	ENSG00000167011
MOGAT3	7	101195007	101201080	-	ENSG00000106384
PLOD3	7	101205977	101219968	-	ENSG00000106397
ZNHIT1	7	101218161	101224190	+	ENSG00000106400
CLDN15	7	101232092	101238820	-	ENSG00000106404
FIS1	7	101239458	101252316	-	ENSG00000214253
IFT22	7	101310914	101321823	-	ENSG00000128581
COL26A1	7	101362407	101559029	+	ENSG00000160963
MYL10	7	101613330	101629296	-	ENSG00000106436
CUX1	7	101815904	102283958	+	ENSG00000257923
SH2B2	7	102284995	102321712	+	ENSG00000160999
SPDYE6	7	102345746	102356444	-	ENSG00000260097
PRKRIP1	7	102363872	102426676	+	ENSG00000128563
ORAI2	7	102433106	102456825	+	ENSG00000160991
ALKBH4	7	102456238	102464865	-	ENSG00000160993
LRWD1	7	102464939	102473507	+	ENSG00000161036
POLR2J	7	102473128	102478929	-	ENSG00000005075
RASA4B	7	102479976	102517800	-	ENSG00000170667
UPK3BL2	7	102537919	102543696	-	ENSG00000284981
SPDYE2	7	102551226	102563538	+	ENSG00000205238
RASA4	7	102579646	102616756	-	ENSG00000105808
UPK3BL1	7	102637025	102642856	-	ENSG00000267368
POLR2J2-UPK3BL1	7	102637049	102671641	-	ENSG00000267645
SPDYE2B	7	102650319	102662625	+	ENSG00000173678
POLR2J2	7	102665368	102671663	-	ENSG00000228049
FAM185A	7	102748969	102809552	+	ENSG00000222011
FBXL13	7	102811189	103075400	-	ENSG00000161040
LRRC17	7	102912941	102945111	+	ENSG00000128606
ARMC10	7	103074625	103102902	+	ENSG00000170632
NAPEPLD	7	103099776	103151172	-	ENSG00000161048
PMPCB	7	103295717	103331818	+	ENSG00000105819
DNAJC2	7	103312289	103344830	-	ENSG00000105821
PSMC2	7	103328570	103370346	+	ENSG00000161057
SLC26A5	7	103352730	103446207	-	ENSG00000170615
RELN	7	103471381	103989658	-	ENSG00000189056
ORC5	7	104126341	104208047	-	ENSG00000164815
LHFPL3	7	104328603	104908561	+	ENSG00000187416
KMT2E	7	104940943	105115019	+	ENSG00000005483
SRPK2	7	105110704	105399308	-	ENSG00000135250
PUS7	7	105439661	105522272	-	ENSG00000091127
RINT1	7	105532160	105567687	+	ENSG00000135249
EFCAB10	7	105565120	105600875	-	ENSG00000185055
ATXN7L1	7	105604772	105876599	-	ENSG00000146776
CDHR3	7	105876796	106036432	+	ENSG00000128536
SYPL1	7	106090500	106112589	-	ENSG00000008282
NAMPT	7	106248298	106291225	-	ENSG00000105835
CCDC71L	7	106654360	106661158	-	ENSG00000253276
PIK3CG	7	106865278	106908980	+	ENSG00000105851
PRKAR2B	7	107044627	107161811	+	ENSG00000005249
HBP1	7	107168961	107202529	+	ENSG00000105856
COG5	7	107201372	107564261	-	ENSG00000164597
GPR22	7	107470018	107476314	+	ENSG00000172209
DUS4L	7	107563484	107579483	+	ENSG00000105865
DUS4L-BCAP29	7	107563971	107623317	+	ENSG00000288558
BCAP29	7	107579957	107629170	+	ENSG00000075790
SLC26A4	7	107660594	107717809	+	ENSG00000091137
CBLL1	7	107743073	107761667	+	ENSG00000105879
SLC26A3	7	107764219	107803630	-	ENSG00000091138
DLD	7	107891162	107931730	+	ENSG00000091140
LAMB1	7	107923715	108004434	-	ENSG00000091136
LAMB4	7	108023548	108130361	-	ENSG00000091128
NRCAM	7	108147623	108456717	-	ENSG00000091129
PNPLA8	7	108470417	108569666	-	ENSG00000135241
THAP5	7	108554543	108569750	-	ENSG00000177683
DNAJB9	7	108569847	108574850	+	ENSG00000128590
IMMP2L	7	110662644	111562517	-	ENSG00000184903
LRRN3	7	111091006	111125454	+	ENSG00000173114
DOCK4	7	111726110	112206407	-	ENSG00000128512
ZNF277	7	112206695	112356519	+	ENSG00000198839
IFRD1	7	112422887	112481017	+	ENSG00000006652
LSMEM1	7	112480853	112491062	+	ENSG00000181016
TMEM168	7	112762377	112790715	-	ENSG00000146802
SAMTOR	7	112819147	112939875	-	ENSG00000164603
GPR85	7	113078331	113087778	-	ENSG00000164604
SMIM30	7	113116718	113118582	-	ENSG00000214194
PPP1R3A	7	113876777	114075920	-	ENSG00000154415
FOXP2	7	114086317	114693772	+	ENSG00000128573
MDFIC	7	114921746	115019917	+	ENSG00000135272
TFEC	7	115935148	116159896	-	ENSG00000105967
TES	7	116210493	116258789	+	ENSG00000135269
CAV2	7	116287380	116508541	+	ENSG00000105971
CAV1	7	116524994	116561179	+	ENSG00000105974
MET	7	116672051	116798386	+	ENSG00000105976
CAPZA2	7	116811070	116922049	+	ENSG00000198898
ST7	7	116952980	117230812	+	ENSG00000004866
WNT2	7	117275451	117323152	-	ENSG00000105989
CFTR	7	117287120	117715971	+	ENSG00000001626
ASZ1	7	117363222	117428123	-	ENSG00000154438
CTTNBP2	7	117710651	117874139	-	ENSG00000077063
LSM8	7	118183976	118204035	+	ENSG00000128534
ANKRD7	7	118214669	118496171	+	ENSG00000106013
KCND2	7	120273175	120750337	+	ENSG00000184408
TSPAN12	7	120787319	120858402	-	ENSG00000106025
ING3	7	120950763	120977216	+	ENSG00000071243
CPED1	7	120988697	121297980	+	ENSG00000106034
WNT16	7	121325367	121341104	+	ENSG00000002745
FAM3C	7	121347792	121398471	-	ENSG00000196937
PTPRZ1	7	121873089	122062037	+	ENSG00000106278
AASS	7	122064583	122144489	-	ENSG00000008311
FEZF1	7	122301303	122310691	-	ENSG00000128610
CADPS2	7	122318411	122886779	-	ENSG00000081803
RNF133	7	122697735	122699117	-	ENSG00000188050
RNF148	7	122701668	122702922	-	ENSG00000235631
TAS2R16	7	122994704	122995700	-	ENSG00000128519
SLC13A1	7	123113531	123200047	-	ENSG00000081800
IQUB	7	123452174	123535077	-	ENSG00000164675
NDUFA5	7	123536997	123557904	-	ENSG00000128609
ASB15	7	123567010	123639481	+	ENSG00000146809
LMOD2	7	123655866	123664290	+	ENSG00000170807
WASL	7	123681938	123749003	-	ENSG00000106299
HYAL4	7	123828955	123877481	+	ENSG00000106302
SPAM1	7	123925237	123971414	+	ENSG00000106304
TMEM229A	7	124030921	124033067	-	ENSG00000234224
SSU72L6	7	124476317	124477664	+	ENSG00000230268
GPR37	7	124743885	124765792	-	ENSG00000170775
POT1	7	124822386	124929959	-	ENSG00000128513
GRM8	7	126438598	127253093	-	ENSG00000179603
ZNF800	7	127346790	127431924	-	ENSG00000048405
GCC1	7	127580628	127593611	-	ENSG00000179562
ARF5	7	127588370	127591700	+	ENSG00000004059
FSCN3	7	127591409	127602144	+	ENSG00000106328
PAX4	7	127610292	127618142	-	ENSG00000106331
SND1	7	127652145	128092609	+	ENSG00000197157
LRRC4	7	128027071	128032128	-	ENSG00000128594
LEP	7	128241278	128257629	+	ENSG00000174697
RBM28	7	128297685	128343971	-	ENSG00000106344
PRRT4	7	128350325	128361690	-	ENSG00000224940
IMPDH1	7	128392277	128410009	-	ENSG00000106348
HILPDA	7	128455829	128458423	+	ENSG00000135245
METTL2B	7	128476729	128506602	+	ENSG00000165055
GARIN1A	7	128671693	128687877	+	ENSG00000205085
GARIN1B	7	128709061	128731743	+	ENSG00000135248
CALU	7	128739292	128773400	+	ENSG00000128595
OPN1SW	7	128772485	128775794	-	ENSG00000128617
CCDC136	7	128790757	128822135	+	ENSG00000128596
FLNC	7	128830312	128859275	+	ENSG00000128591
KCP	7	128862042	128910719	-	ENSG00000135253
ATP6V1F	7	128862856	128865847	+	ENSG00000128524
SPMIP1	7	128866330	128872047	+	ENSG00000272899
IRF5	7	128933429	128950038	+	ENSG00000128604
TNPO3	7	128954180	129055173	-	ENSG00000064419
TSPAN33	7	129144690	129169699	+	ENSG00000158457
SMO	7	129188511	129213546	+	ENSG00000128602
AHCYL2	7	129225021	129430211	+	ENSG00000158467
STRIP2	7	129434392	129488399	+	ENSG00000128578
SMKR1	7	129502531	129512918	+	ENSG00000240204
NRF1	7	129611699	129757082	+	ENSG00000106459
UBE2H	7	129830732	129952977	-	ENSG00000186591
ZC3HC1	7	130018286	130051401	-	ENSG00000091732
KLHDC10	7	130070534	130135720	+	ENSG00000128607
TMEM209	7	130164713	130207770	-	ENSG00000146842
SSMEM1	7	130206344	130216844	+	ENSG00000165120
CPA2	7	130266863	130289798	+	ENSG00000158516
CPA4	7	130293134	130324180	+	ENSG00000128510
CPA5	7	130344816	130368730	+	ENSG00000158525
CPA1	7	130380339	130388114	+	ENSG00000091704
CEP41	7	130393771	130442433	-	ENSG00000106477
MEST	7	130486171	130506465	+	ENSG00000106484
COPG2	7	130506238	130668748	-	ENSG00000158623
TSGA13	7	130668643	130687432	-	ENSG00000213265
KLF14	7	130730697	130734207	-	ENSG00000266265
MKLN1	7	131110096	131496632	+	ENSG00000128585
PODXL	7	131500254	131558217	-	ENSG00000128567
PLXNA4	7	132123340	132648688	-	ENSG00000221866
CHCHD3	7	132784449	133082250	-	ENSG00000106554
EXOC4	7	133253071	134067137	+	ENSG00000131558
LRGUK	7	134127299	134264595	+	ENSG00000155530
SLC35B4	7	134289332	134317117	-	ENSG00000205060
AKR1B1	7	134442349	134459284	-	ENSG00000085662
AKR1B10	7	134527567	134541412	+	ENSG00000198074
AKR1B15	7	134549110	134579875	+	ENSG00000227471
BPGM	7	134646811	134679816	+	ENSG00000172331
CALD1	7	134744252	134970729	+	ENSG00000122786
AGBL3	7	134986508	135147963	+	ENSG00000146856
CYREN	7	135092363	135170914	-	ENSG00000122783
TMEM140	7	135148072	135166519	+	ENSG00000146859
WDR91	7	135183839	135211557	-	ENSG00000105875
STRA8	7	135231979	135258663	+	ENSG00000146857
CNOT4	7	135361795	135510145	-	ENSG00000080802
NUP205	7	135557726	135648757	+	ENSG00000155561
STMP1	7	135662483	135693418	+	ENSG00000243317
SLC13A4	7	135681231	135729258	-	ENSG00000164707
FAM180A	7	135728348	135748813	-	ENSG00000189320
MTPN	7	135926760	135977375	-	ENSG00000105887
CHRM2	7	136868652	137020255	+	ENSG00000181072
PTN	7	137227341	137344358	-	ENSG00000105894
DGKI	7	137381037	137847092	-	ENSG00000157680
CREB3L2	7	137874979	138002086	-	ENSG00000182158
AKR1D1	7	138002324	138118306	+	ENSG00000122787
TRIM24	7	138460210	138589996	+	ENSG00000122779
SVOPL	7	138594285	138701382	-	ENSG00000157703
ATP6V0A4	7	138706289	138799672	-	ENSG00000105929
TMEM213	7	138797952	138838101	+	ENSG00000214128
KIAA1549	7	138831381	138982084	-	ENSG00000122778
ZC3HAV1L	7	139025706	139036042	-	ENSG00000146858
ZC3HAV1	7	139043515	139132122	-	ENSG00000105939
IFT56	7	139133744	139191986	+	ENSG00000105948
UBN2	7	139230356	139308236	+	ENSG00000157741
FMC1	7	139339457	139346328	+	ENSG00000164898
LUC7L2	7	139340359	139425496	+	ENSG00000146963
FMC1-LUC7L2	7	139341360	139422599	+	ENSG00000269955
KLRG2	7	139450625	139483674	-	ENSG00000188883
CLEC2L	7	139523685	139544985	+	ENSG00000236279
HIPK2	7	139561570	139777998	-	ENSG00000064393
TBXAS1	7	139777051	140020325	+	ENSG00000059377
PARP12	7	140023746	140063344	-	ENSG00000059378
KDM7A	7	140084746	140177055	-	ENSG00000006459
SLC37A3	7	140293693	140404433	-	ENSG00000157800
RAB19	7	140404047	140427974	+	ENSG00000146955
MKRN1	7	140453033	140479552	-	ENSG00000133606
DENND2A	7	140518418	140673993	-	ENSG00000146966
ADCK2	7	140672885	140696261	+	ENSG00000133597
NDUFB2	7	140690777	140723923	+	ENSG00000090266
BRAF	7	140719327	140924976	-	ENSG00000157764
MRPS33	7	141002610	141015228	-	ENSG00000090263
TMEM178B	7	141074064	141480380	+	ENSG00000261115
AGK	7	141551278	141655244	+	ENSG00000006530
DENND11	7	141656728	141702166	-	ENSG00000257093
WEE2	7	141702227	141731271	+	ENSG00000214102
SSBP1	7	141737456	141787922	+	ENSG00000106028
TAS2R3	7	141764097	141765197	+	ENSG00000127362
TAS2R4	7	141776674	141781691	+	ENSG00000127364
TAS2R5	7	141790217	141791367	+	ENSG00000127366
PRSS37	7	141836300	141841487	-	ENSG00000165076
OR9A1P	7	141887148	141888092	+	ENSG00000237621
MGAM	7	141907813	142106747	+	ENSG00000257335
OR9A4	7	141916399	141920625	+	ENSG00000258083
CLEC5A	7	141927357	141947007	-	ENSG00000258227
TAS2R38	7	141972631	141973773	-	ENSG00000257138
MGAM2	7	142111718	142222324	+	ENSG00000257743
PRSS58	7	142252143	142258058	-	ENSG00000258223
TRBV11-2	7	142433895	142434394	+	ENSG00000241657
PRSS1	7	142749468	142753072	+	ENSG00000204983
PRSS2	7	142760398	142774564	+	ENSG00000275896
EPHB6	7	142854930	142871094	+	ENSG00000106123
TRPV6	7	142871208	142885745	-	ENSG00000165125
TRPV5	7	142908101	142933746	-	ENSG00000127412
LLCFC1	7	142939343	142940868	+	ENSG00000165131
KEL	7	142941114	142962363	-	ENSG00000197993
OR9A2	7	143026200	143027132	-	ENSG00000179468
OR6V1	7	143052341	143053282	+	ENSG00000225781
PIP	7	143132077	143139739	+	ENSG00000159763
TAS2R39	7	143183419	143184435	+	ENSG00000236398
TAS2R40	7	143222037	143223079	+	ENSG00000221937
GSTK1	7	143244093	143270873	+	ENSG00000197448
TMEM139	7	143279937	143288240	+	ENSG00000178826
CASP2	7	143288215	143307696	+	ENSG00000106144
CLCN1	7	143316111	143352083	+	ENSG00000188037
FAM131B	7	143353400	143362815	-	ENSG00000159784
ZYX	7	143381295	143391111	+	ENSG00000159840
EPHA1	7	143390289	143408856	-	ENSG00000146904
TAS2R60	7	143443453	143444409	+	ENSG00000185899
TAS2R41	7	143477873	143478796	+	ENSG00000221855
OR10AC1	7	143509256	143519469	-	ENSG00000176510
CTAGE15	7	143571801	143574387	+	ENSG00000271079
TCAF2	7	143620952	143730410	+	ENSG00000170379
TCAF2C	7	143639230	143647646	-	ENSG00000283528
CTAGE6	7	143755089	143757696	-	ENSG00000271321
TCAF1	7	143851364	143903890	-	ENSG00000198420
OR2F2	7	143935233	143936186	+	ENSG00000221910
OR2F1	7	143954844	143997312	+	ENSG00000213215
OR6B1	7	144000320	144008793	+	ENSG00000221813
OR2A5	7	144048948	144058845	+	ENSG00000221836
OR2A25	7	144069811	144075870	+	ENSG00000221933
OR2A12	7	144086278	144098953	+	ENSG00000221858
OR2A2	7	144109583	144110539	+	ENSG00000221989
OR2A14	7	144123176	144131188	+	ENSG00000221938
ARHGEF35	7	144182888	144195879	-	ENSG00000213214
CTAGE4	7	144183466	144186080	+	ENSG00000288784
OR2A42	7	144228244	144239605	-	ENSG00000212807
OR2A7	7	144257663	144264792	-	ENSG00000243896
CTAGE8	7	144266674	144269288	-	ENSG00000289604
OR2A1	7	144312419	144322737	+	ENSG00000221970
ARHGEF5	7	144355288	144380632	+	ENSG00000050327
NOBOX	7	144396895	144410227	-	ENSG00000106410
TPK1	7	144451941	144836419	-	ENSG00000196511
CNTNAP2	7	146116002	148420998	+	ENSG00000174469
C7orf33	7	148590766	148615860	+	ENSG00000170279
CUL1	7	148697914	148801110	+	ENSG00000055130
EZH2	7	148807257	148884330	-	ENSG00000106462
PDIA4	7	149003046	149028662	-	ENSG00000155660
ZNF786	7	149069641	149090782	-	ENSG00000197362
ZNF425	7	149102784	149126338	-	ENSG00000204947
ZNF398	7	149126416	149183042	+	ENSG00000197024
ZNF282	7	149195546	149226243	+	ENSG00000170265
ZNF212	7	149239651	149255956	+	ENSG00000170260
ZNF783	7	149262171	149297302	+	ENSG00000204946
ZNF777	7	149431363	149461062	-	ENSG00000196453
ZNF746	7	149472696	149497817	-	ENSG00000181220
KRBA1	7	149714781	149734575	+	ENSG00000133619
ZNF467	7	149764175	149776519	-	ENSG00000181444
ZNF862	7	149838375	149867479	+	ENSG00000106479
ATP6V0E2	7	149872968	149891204	+	ENSG00000171130
ACTR3C	7	150243916	150323725	-	ENSG00000106526
LRRC61	7	150323263	150338156	+	ENSG00000127399
RARRES2	7	150338314	150342144	-	ENSG00000106538
REPIN1	7	150368071	150374045	+	ENSG00000214022
ZNF775	7	150368790	150398634	+	ENSG00000196456
GIMAP8	7	150450630	150479395	+	ENSG00000171115
GIMAP7	7	150514872	150521073	+	ENSG00000179144
GIMAP4	7	150567242	150573962	+	ENSG00000133574
GIMAP6	7	150625375	150632648	-	ENSG00000133561
GIMAP2	7	150685697	150693641	+	ENSG00000106560
GIMAP1	7	150716606	150724284	+	ENSG00000213203
GIMAP1-GIMAP5	7	150716668	150743646	+	ENSG00000281887
GIMAP5	7	150722253	150750033	+	ENSG00000196329
TMEM176B	7	150790382	150803404	-	ENSG00000106565
TMEM176A	7	150799598	150805122	+	ENSG00000002933
AOC1	7	150824627	150861504	+	ENSG00000002726
KCNH2	7	150944064	150978394	-	ENSG00000055118
NOS3	7	150991017	151015653	+	ENSG00000164867
ATG9B	7	151012209	151024499	-	ENSG00000181652
ABCB8	7	151028422	151047782	+	ENSG00000197150
ASIC3	7	151048292	151052756	+	ENSG00000213199
CDK5	7	151051517	151057947	-	ENSG00000164885
SLC4A2	7	151057210	151076527	+	ENSG00000164889
FASTK	7	151076591	151080866	-	ENSG00000164896
TMUB1	7	151081082	151083514	-	ENSG00000164897
AGAP3	7	151085831	151144436	+	ENSG00000133612
GBX1	7	151148009	151174745	-	ENSG00000164900
ASB10	7	151175695	151187832	-	ENSG00000146926
IQCA1L	7	151190873	151205496	-	ENSG00000278685
ABCF2-H2BK1	7	151207837	151227166	-	ENSG00000285292
H2BK1	7	151207837	151210488	-	ENSG00000285480
ABCF2	7	151211484	151227241	-	ENSG00000033050
CHPF2	7	151232483	151240979	+	ENSG00000033100
SMARCD3	7	151238764	151277896	-	ENSG00000082014
NUB1	7	151341708	151378461	+	ENSG00000013374
WDR86	7	151375909	151410727	-	ENSG00000187260
CRYGN	7	151428832	151440813	-	ENSG00000127377
RHEB	7	151466012	151520120	-	ENSG00000106615
PRKAG2	7	151556117	151877507	-	ENSG00000106617
GALNTL5	7	151956379	152019929	+	ENSG00000106648
GALNT11	7	152025626	152122347	+	ENSG00000178234
KMT2C	7	152134922	152436644	-	ENSG00000055609
XRCC2	7	152644776	152676193	-	ENSG00000196584
ACTR3B	7	152759749	152855378	+	ENSG00000133627
DPP6	7	153748133	154894285	+	ENSG00000130226
PAXIP1	7	154943687	155003124	-	ENSG00000157212
HTR5A	7	155070324	155087392	+	ENSG00000157219
INSIG1	7	155296731	155311963	+	ENSG00000186480
EN2	7	155458129	155464831	+	ENSG00000164778
CNPY1	7	155474206	155555450	-	ENSG00000146910
RBM33	7	155644451	155781485	+	ENSG00000184863
SHH	7	155799980	155812463	-	ENSG00000164690
RNF32	7	156640281	156677191	+	ENSG00000105982
LMBR1	7	156668946	156893225	-	ENSG00000105983
NOM1	7	156949712	156973176	+	ENSG00000146909
MNX1	7	156994051	157010663	-	ENSG00000130675
UBE3C	7	157138922	157269372	+	ENSG00000009335
DNAJB6	7	157335381	157417440	+	ENSG00000105993
PTPRN2	7	157539056	158587823	-	ENSG00000155093
NCAPG2	7	158628224	158704825	-	ENSG00000146918
ESYT2	7	158730995	158830253	-	ENSG00000117868
DYNC2I1	7	158856558	158956747	+	ENSG00000126870
VIPR2	7	159028175	159144944	-	ENSG00000106018
OR4F21	8	166086	167024	-	ENSG00000176269
ZNF596	8	232137	264703	+	ENSG00000172748
FBXO25	8	406428	477967	+	ENSG00000147364
TDRP	8	489803	545781	-	ENSG00000180190
ERICH1	8	614746	738106	-	ENSG00000104714
DLGAP2	8	737628	1708476	+	ENSG00000198010
CLN8	8	1755778	1801711	+	ENSG00000182372
KBTBD11-OT1	8	1763888	1958627	+	ENSG00000283239
ARHGEF10	8	1823332	1958642	+	ENSG00000104728
KBTBD11	8	1973677	2006937	+	ENSG00000176595
MYOM2	8	2044682	2165552	+	ENSG00000036448
CSMD1	8	2935353	4994972	-	ENSG00000183117
MCPH1	8	6406592	6648508	+	ENSG00000147316
ANGPT2	8	6499632	6563409	-	ENSG00000091879
AGPAT5	8	6708341	6761503	+	ENSG00000155189
XKR5	8	6805013	6835526	-	ENSG00000275591
DEFB1	8	6870592	6877936	-	ENSG00000164825
DEFA6	8	6924697	6926076	-	ENSG00000164822
DEFA4	8	6935820	6938306	-	ENSG00000164821
DEFA1	8	6977649	6980092	-	ENSG00000206047
DEFA1B	8	6996766	6999202	-	ENSG00000240247
DEFA3	8	7015869	7018359	-	ENSG00000239839
DEFA5	8	7055304	7056739	-	ENSG00000164816
FAM90A15	8	7256904	7259914	+	ENSG00000230045
FAM90A3	8	7264526	7267536	+	ENSG00000233132
FAM90A13	8	7279770	7282780	+	ENSG00000223885
FAM90A5	8	7287392	7290402	+	ENSG00000215373
FAM90A20	8	7295014	7298024	+	ENSG00000233295
DEFB109B	8	7312722	7320096	+	ENSG00000206034
USP17L1	8	7332387	7333979	+	ENSG00000230549
USP17L4	8	7337115	7338707	+	ENSG00000236125
ZNF705G	8	7355517	7385558	-	ENSG00000215372
DEFB108C	8	7373114	7377500	+	ENSG00000215371
DEFB4B	8	7414855	7416863	-	ENSG00000177257
DEFB103B	8	7428888	7430348	-	ENSG00000177243
SPAG11B	8	7442684	7463674	-	ENSG00000164871
DEFB104B	8	7470308	7475082	-	ENSG00000177023
DEFB106B	8	7482504	7486400	-	ENSG00000187082
DEFB105B	8	7487679	7489593	+	ENSG00000186599
DEFB107B	8	7495911	7509311	+	ENSG00000198129
PRR23D1	8	7539627	7542450	+	ENSG00000255251
FAM90A7	8	7556700	7559712	-	ENSG00000285975
FAM90A22	8	7571995	7575006	-	ENSG00000285687
FAM90A23	8	7579644	7582653	-	ENSG00000285765
FAM90A14	8	7715443	7718453	+	ENSG00000285814
FAM90A18	8	7723091	7726101	+	ENSG00000285913
FAM90A16	8	7730739	7733749	+	ENSG00000285620
FAM90A8	8	7738387	7741396	+	ENSG00000285937
FAM90A17	8	7746034	7749044	+	ENSG00000285720
FAM90A19	8	7751570	7756692	+	ENSG00000285657
FAM90A9	8	7761330	7764340	+	ENSG00000285607
FAM90A10	8	7766902	7772547	+	ENSG00000285950
PRR23D2	8	7778591	7781413	-	ENSG00000255378
DEFB107A	8	7811720	7815716	-	ENSG00000186572
DEFB105A	8	7821004	7823880	-	ENSG00000186562
DEFB106A	8	7825139	7829053	+	ENSG00000186579
DEFB104A	8	7836436	7841242	+	ENSG00000176782
SPAG11A	8	7847876	7868867	+	ENSG00000178287
DEFB103A	8	7881392	7882663	+	ENSG00000176797
DEFB4A	8	7894677	7896716	+	ENSG00000171711
ZNF705B	8	7926337	7952413	+	ENSG00000215356
USP17L8	8	7971661	7973253	-	ENSG00000237038
USP17L3	8	7976393	7977985	-	ENSG00000225327
DEFB109C	8	7990270	7997645	-	ENSG00000205989
FAM90A11	8	8012342	8015352	-	ENSG00000233115
FAM90A24	8	8019988	8022998	-	ENSG00000215354
FAM90A12	8	8027636	8030646	-	ENSG00000254229
PRAG1	8	8317736	8387357	-	ENSG00000275342
CLDN23	8	8701937	8704096	+	ENSG00000253958
MFHAS1	8	8783354	8893630	-	ENSG00000147324
ERI1	8	9002147	9116746	+	ENSG00000104626
PPP1R3B	8	9136255	9151574	-	ENSG00000173281
TNKS	8	9555912	9782346	+	ENSG00000173273
MSRA	8	10054278	10428897	+	ENSG00000175806
PRSS51	8	10482878	10547624	-	ENSG00000253649
PRSS55	8	10525532	10554166	+	ENSG00000184647
RP1L1	8	10606349	10712187	-	ENSG00000183638
C8orf74	8	10672628	10700590	+	ENSG00000171060
SOX7	8	10723768	10730511	-	ENSG00000171056
XKR6	8	10896045	11201833	-	ENSG00000171044
MTMR9	8	11284523	11328146	+	ENSG00000104643
SLC35G5	8	11331012	11332360	+	ENSG00000177710
FAM167A	8	11421463	11475908	-	ENSG00000154319
BLK	8	11486894	11564599	+	ENSG00000136573
GATA4	8	11676785	11760002	+	ENSG00000136574
NEIL2	8	11769639	11787345	+	ENSG00000154328
FDFT1	8	11795570	11839500	+	ENSG00000079459
CTSB	8	11842524	11869533	-	ENSG00000164733
DEFB136	8	11973937	11974599	-	ENSG00000205884
DEFB135	8	11982256	11984590	+	ENSG00000205883
DEFB134	8	11993174	12000752	-	ENSG00000205882
DEFB130B	8	12064389	12071747	-	ENSG00000233050
ZNF705D	8	12089338	12115516	+	ENSG00000215343
USP17L7	8	12132417	12134099	-	ENSG00000226430
USP17L2	8	12136435	12138849	-	ENSG00000223443
DEFB109D	8	12150888	12158033	-	ENSG00000254866
FAM86B1	8	12182096	12194133	-	ENSG00000186523
DEFB130A	8	12310962	12318316	-	ENSG00000232948
FAM86B2	8	12424408	12436408	-	ENSG00000145002
LONRF1	8	12721906	12756073	-	ENSG00000154359
TRMT9B	8	12945642	13031503	+	ENSG00000250305
DLC1	8	13083361	13604610	-	ENSG00000164741
C8orf48	8	13566869	13568288	+	ENSG00000164743
SGCZ	8	14084845	15238431	-	ENSG00000185053
TUSC3	8	15417215	15766649	+	ENSG00000104723
MSR1	8	16107878	16567490	-	ENSG00000038945
FGF20	8	16992181	17002345	-	ENSG00000078579
MICU3	8	17026877	17125880	+	ENSG00000155970
ZDHHC2	8	17155974	17224799	+	ENSG00000104219
CNOT7	8	17224966	17247726	-	ENSG00000198791
VPS37A	8	17246896	17302707	+	ENSG00000155975
MTMR7	8	17296794	17413528	-	ENSG00000003987
SLC7A2	8	17496975	17570573	+	ENSG00000003989
PDGFRL	8	17576433	17644071	+	ENSG00000104213
MTUS1	8	17643794	17801545	-	ENSG00000129422
FGL1	8	17863528	17910378	-	ENSG00000104760
PCM1	8	17922746	18029996	+	ENSG00000078674
ASAH1	8	18055992	18084998	-	ENSG00000104763
NAT1	8	18170399	18223739	+	ENSG00000171428
NAT2	8	18391252	18401218	+	ENSG00000156006
PSD3	8	18527303	19084730	-	ENSG00000156011
SH2D4A	8	19313693	19396695	+	ENSG00000104611
CSGALNACT1	8	19404156	19758029	-	ENSG00000147408
INTS10	8	19817339	19853282	+	ENSG00000104613
LPL	8	19901717	19967267	+	ENSG00000175445
SLC18A1	8	20144855	20183206	-	ENSG00000036565
ATP6V1B2	8	20197381	20230399	+	ENSG00000147416
LZTS1	8	20246165	20303963	-	ENSG00000061337
GFRA2	8	21690398	21812370	-	ENSG00000168546
DOK2	8	21908873	21913960	-	ENSG00000147443
XPO7	8	21919641	22006585	+	ENSG00000130227
NPM2	8	22024125	22036897	+	ENSG00000158806
FGF17	8	22042398	22048809	+	ENSG00000158815
DMTN	8	22048995	22082527	+	ENSG00000158856
FHIP2B	8	22089139	22104911	+	ENSG00000158863
NUDT18	8	22105748	22109419	-	ENSG00000275074
HR	8	22114419	22133384	-	ENSG00000168453
HRURF	8	22130458	22131010	-	ENSG00000288677
REEP4	8	22138019	22141951	-	ENSG00000168476
LGI3	8	22146824	22157084	-	ENSG00000168481
SFTPC	8	22156913	22164479	+	ENSG00000168484
BMP1	8	22165140	22212326	+	ENSG00000168487
PHYHIP	8	22219703	22232101	-	ENSG00000168490
POLR3D	8	22245094	22254601	+	ENSG00000168495
PIWIL2	8	22275316	22357568	+	ENSG00000197181
SLC39A14	8	22366727	22434129	+	ENSG00000104635
PPP3CC	8	22440819	22541145	+	ENSG00000120910
SORBS3	8	22544986	22575788	+	ENSG00000120896
PDLIM2	8	22578058	22598025	+	ENSG00000120913
C8orf58	8	22599594	22604150	+	ENSG00000241852
CCAR2	8	22604629	22620964	+	ENSG00000158941
BIN3	8	22620418	22669148	-	ENSG00000147439
EGR3	8	22687659	22693480	-	ENSG00000179388
PEBP4	8	22713237	23000000	-	ENSG00000134020
RHOBTB2	8	22987222	23020723	+	ENSG00000008853
TNFRSF10B	8	23020133	23069071	-	ENSG00000120889
TNFRSF10C	8	23102921	23118759	+	ENSG00000173535
TNFRSF10D	8	23135588	23164027	-	ENSG00000173530
TNFRSF10A	8	23190452	23225121	-	ENSG00000104689
CHMP7	8	23243635	23266156	+	ENSG00000147457
R3HCC1	8	23270120	23296279	+	ENSG00000104679
LOXL2	8	23296897	23425328	-	ENSG00000134013
ENTPD4	8	23385783	23457716	-	ENSG00000197217
SLC25A37	8	23528956	23575463	+	ENSG00000147454
NKX3-1	8	23678697	23682938	-	ENSG00000167034
NKX2-6	8	23701740	23706756	-	ENSG00000180053
STC1	8	23841929	23854806	-	ENSG00000159167
ADAM28	8	24294016	24359014	+	ENSG00000042980
ADAMDEC1	8	24384285	24406013	+	ENSG00000134028
ADAM7	8	24440930	24526970	+	ENSG00000069206
NEFM	8	24913758	24919098	+	ENSG00000104722
NEFL	8	24950955	24956721	-	ENSG00000277586
DOCK5	8	25184689	25418082	+	ENSG00000147459
GNRH1	8	25419258	25424654	-	ENSG00000147437
KCTD9	8	25427847	25458476	-	ENSG00000104756
CDCA2	8	25459199	25507911	+	ENSG00000184661
EBF2	8	25841725	26045413	-	ENSG00000221818
PPP2R2A	8	26291508	26372680	+	ENSG00000221914
BNIP3L	8	26383037	26505636	+	ENSG00000104765
PNMA2	8	26504701	26514092	-	ENSG00000240694
DPYSL2	8	26514031	26658178	+	ENSG00000092964
ADRA1A	8	26748150	26867278	-	ENSG00000120907
STMN4	8	27235308	27258435	-	ENSG00000015592
TRIM35	8	27284886	27311289	-	ENSG00000104228
PTK2B	8	27311456	27459392	+	ENSG00000120899
CHRNA2	8	27459756	27479883	-	ENSG00000120903
EPHX2	8	27490775	27548992	+	ENSG00000120915
CLU	8	27596917	27615056	-	ENSG00000120885
SCARA3	8	27633414	27676776	+	ENSG00000168077
CCDC25	8	27733316	27772653	-	ENSG00000147419
ESCO2	8	27771949	27812640	+	ENSG00000171320
PBK	8	27809621	27838082	-	ENSG00000168078
SCARA5	8	27869883	27992834	-	ENSG00000168079
NUGGC	8	28021964	28083936	-	ENSG00000189233
ELP3	8	28089673	28191156	+	ENSG00000134014
PNOC	8	28316986	28343355	+	ENSG00000168081
ZNF395	8	28345590	28402701	-	ENSG00000186918
FBXO16	8	28348287	28490278	-	ENSG00000214050
FZD3	8	28494205	28574267	+	ENSG00000104290
EXTL3	8	28600469	28756561	+	ENSG00000012232
INTS9	8	28767661	28890242	-	ENSG00000104299
HMBOX1	8	28890292	29064764	+	ENSG00000147421
KIF13B	8	29067278	29263124	-	ENSG00000197892
DUSP4	8	29333064	29350684	-	ENSG00000120875
SARAF	8	30063003	30083208	-	ENSG00000133872
LEPROTL1	8	30095408	30177208	+	ENSG00000104660
MBOAT4	8	30131671	30144665	-	ENSG00000177669
DCTN6	8	30156319	30183639	+	ENSG00000104671
RBPMS	8	30384416	30572256	+	ENSG00000157110
GTF2E2	8	30578318	30660846	-	ENSG00000197265
SMIM18	8	30638576	30647260	+	ENSG00000253457
GSR	8	30678064	30727975	-	ENSG00000104687
UBXN8	8	30729131	30767009	+	ENSG00000104691
PPP2CB	8	30774096	30814314	-	ENSG00000104695
TEX15	8	30831544	30913008	-	ENSG00000133863
PURG	8	30995802	31033715	-	ENSG00000172733
WRN	8	31033779	31176138	+	ENSG00000165392
NRG1	8	31639222	32855666	+	ENSG00000157168
FUT10	8	33370824	33473146	-	ENSG00000172728
TTI2	8	33473386	33513185	-	ENSG00000129696
MAK16	8	33484696	33501262	+	ENSG00000198042
RNF122	8	33547754	33567170	-	ENSG00000133874
DUSP26	8	33591330	33600176	-	ENSG00000133878
UNC5D	8	35235475	35796550	+	ENSG00000156687
KCNU1	8	36784324	36936125	+	ENSG00000215262
ZNF703	8	37695782	37700019	+	ENSG00000183779
ERLIN2	8	37736601	37758422	+	ENSG00000147475
PLPBP	8	37762585	37779770	+	ENSG00000147471
ADGRA2	8	37784191	37844896	+	ENSG00000020181
BRF2	8	37843268	37849861	-	ENSG00000104221
RAB11FIP1	8	37858618	37899513	-	ENSG00000156675
GOT1L1	8	37934281	37940124	-	ENSG00000169154
ADRB3	8	37962990	37966599	-	ENSG00000188778
EIF4EBP1	8	38030512	38060365	+	ENSG00000187840
ASH2L	8	38105493	38144124	+	ENSG00000129691
STAR	8	38141747	38151061	-	ENSG00000147465
LSM1	8	38163335	38176730	-	ENSG00000175324
BAG4	8	38176533	38213301	+	ENSG00000156735
DDHD2	8	38225218	38275558	+	ENSG00000085788
PLPP5	8	38263130	38269243	-	ENSG00000147535
NSD3	8	38269704	38382279	-	ENSG00000147548
LETM2	8	38386207	38409527	+	ENSG00000165046
FGFR1	8	38400215	38468834	-	ENSG00000077782
TACC1	8	38728166	38853028	+	ENSG00000147526
PLEKHA2	8	38901235	38973912	+	ENSG00000169499
HTRA4	8	38974228	38988663	+	ENSG00000169495
TM2D2	8	38988808	38996824	-	ENSG00000169490
ADAM9	8	38996754	39105445	+	ENSG00000168615
ADAM32	8	39106990	39284917	+	ENSG00000197140
ADAM18	8	39584489	39730065	+	ENSG00000168619
ADAM2	8	39743735	39838227	-	ENSG00000104755
IDO1	8	39902275	39928790	+	ENSG00000131203
IDO2	8	39934614	40016392	+	ENSG00000188676
TCIM	8	40153482	40155310	+	ENSG00000176907
ZMAT4	8	40530590	40897833	-	ENSG00000165061
SFRP1	8	41261956	41309511	-	ENSG00000104332
GOLGA7	8	41488200	41511095	+	ENSG00000147533
GINS4	8	41529218	41545030	+	ENSG00000147536
GPAT4	8	41577187	41625001	+	ENSG00000158669
NKX6-3	8	41645177	41650817	-	ENSG00000165066
ANK1	8	41653220	41896741	-	ENSG00000029534
KAT6A	8	41929479	42051998	-	ENSG00000083168
AP3M2	8	42152946	42171673	+	ENSG00000070718
PLAT	8	42174718	42207709	-	ENSG00000104368
IKBKB	8	42271302	42332460	+	ENSG00000104365
POLB	8	42338454	42371808	+	ENSG00000070501
DKK4	8	42374063	42377229	-	ENSG00000104371
VDAC3	8	42391624	42405937	+	ENSG00000078668
SLC20A2	8	42416449	42542530	-	ENSG00000168575
SMIM19	8	42541155	42555195	+	ENSG00000176209
CHRNB3	8	42697366	42737407	+	ENSG00000147432
CHRNA6	8	42752620	42796392	-	ENSG00000147434
THAP1	8	42836674	42843338	-	ENSG00000131931
RNF170	8	42849637	42897290	-	ENSG00000120925
HOOK3	8	42896900	43030535	+	ENSG00000168172
FNTA	8	43034194	43085788	+	ENSG00000168522
POMK	8	43093498	43131180	+	ENSG00000185900
HGSNAT	8	43140376	43202855	+	ENSG00000165102
POTEA	8	43292483	43363518	+	ENSG00000188877
SPIDR	8	47260878	47736306	+	ENSG00000164808
CEBPD	8	47736913	47738164	-	ENSG00000221869
PRKDC	8	47773108	47960182	-	ENSG00000253729
MCM4	8	47960185	47978165	+	ENSG00000104738
UBE2V2	8	48008410	48064708	+	ENSG00000169139
CLXN	8	48710789	48735311	-	ENSG00000034239
SNAI2	8	48917598	48921740	-	ENSG00000019549
PPDPFL	8	49054311	49076093	+	ENSG00000168333
SNTG1	8	49909789	50796692	+	ENSG00000147481
PXDNL	8	51319577	51809462	-	ENSG00000147485
PCMTD1	8	51817575	51900042	-	ENSG00000168300
ST18	8	52110838	52460983	-	ENSG00000147488
ALKAL1	8	52534037	52565430	-	ENSG00000196711
RB1CC1	8	52622458	52745843	-	ENSG00000023287
NPBWR1	8	52939182	52943734	+	ENSG00000288611
OPRK1	8	53225724	53251637	-	ENSG00000082556
ATP6V1H	8	53715543	53843558	-	ENSG00000047249
RGS20	8	53851795	53959303	+	ENSG00000147509
TCEA1	8	53966552	54022448	-	ENSG00000187735
LYPLA1	8	54046367	54102017	-	ENSG00000120992
MRPL15	8	54135183	54149588	+	ENSG00000137547
SOX17	8	54457935	54460892	+	ENSG00000164736
RP1	8	54509422	54871720	+	ENSG00000104237
XKR4	8	55102028	55542054	+	ENSG00000206579
TMEM68	8	55696424	55773407	-	ENSG00000167904
TGS1	8	55773432	55826445	+	ENSG00000137574
LYN	8	55879825	56014169	+	ENSG00000254087
RPS20	8	56067254	56074510	-	ENSG00000008988
MOS	8	56112942	56113982	-	ENSG00000172680
PLAG1	8	56160909	56211333	-	ENSG00000181690
CHCHD7	8	56211686	56218809	+	ENSG00000170791
SDR16C5	8	56300005	56320776	-	ENSG00000170786
PENK	8	56436674	56448048	-	ENSG00000181195
BPNT2	8	56957931	56993867	-	ENSG00000104331
FAM110B	8	57993956	58204279	+	ENSG00000169122
UBXN2B	8	58411349	58452164	+	ENSG00000215114
CYP7A1	8	58490178	58500163	-	ENSG00000167910
SDCBP	8	58552924	58583800	+	ENSG00000137575
NSMAF	8	58583504	58659959	-	ENSG00000035681
TOX	8	58805412	59119279	-	ENSG00000198846
CA8	8	60185412	60281573	-	ENSG00000178538
RAB2A	8	60516936	60623644	+	ENSG00000104388
CHD7	8	60678740	60868028	+	ENSG00000171316
CLVS1	8	61057158	61501645	+	ENSG00000177182
ASPH	8	61500549	61714768	-	ENSG00000198363
NKAIN3	8	62248591	63014000	+	ENSG00000185942
GGH	8	63014881	63039407	-	ENSG00000137563
TTPA	8	63048553	63086153	-	ENSG00000137561
YTHDF3	8	63168553	63212786	+	ENSG00000185728
BHLHE22	8	64580365	64583627	+	ENSG00000180828
CYP7B1	8	64587763	64799145	-	ENSG00000172817
ARMC1	8	65602456	65634217	-	ENSG00000104442
MTFR1	8	65644684	65771261	+	ENSG00000066855
PDE7A	8	65714334	65842529	-	ENSG00000205268
DNAJC5B	8	66021553	66101252	+	ENSG00000147570
TRIM55	8	66126896	66175489	+	ENSG00000147573
CRH	8	66176376	66178464	-	ENSG00000147571
RRS1	8	66429014	66430733	+	ENSG00000179041
ADHFE1	8	66432467	66468907	+	ENSG00000147576
VXN	8	66492326	66518524	+	ENSG00000169085
MYBL1	8	66562175	66614247	-	ENSG00000185697
VCPIP1	8	66628487	66667231	-	ENSG00000175073
C8orf44-SGK3	8	66667596	66860472	+	ENSG00000288602
SGK3	8	66712484	66862022	+	ENSG00000104205
MCMDC2	8	66870749	66922048	+	ENSG00000178460
TCF24	8	66946491	66962591	-	ENSG00000261787
PPP1R42	8	66964099	67056604	-	ENSG00000178125
COPS5	8	67043079	67083783	-	ENSG00000121022
CSPP1	8	67062381	67196778	+	ENSG00000104218
ARFGEF1	8	67173511	67343961	-	ENSG00000066777
CPA6	8	67422038	67746378	-	ENSG00000165078
PREX2	8	67951955	68237032	+	ENSG00000046889
C8orf34	8	68330669	68819023	+	ENSG00000165084
SULF1	8	69466624	69660935	+	ENSG00000137573
SLCO5A1	8	69667041	69835064	-	ENSG00000137571
PRDM14	8	70049063	70072782	-	ENSG00000147596
NCOA2	8	70109772	70404191	-	ENSG00000140396
TRAM1	8	70573218	70608449	-	ENSG00000067167
LACTB2	8	70631109	70669185	-	ENSG00000147592
XKR9	8	70669332	70790371	+	ENSG00000221947
EYA1	8	71197432	71592025	-	ENSG00000104313
MSC	8	71841552	71844496	-	ENSG00000178860
TRPA1	8	72019608	72089998	-	ENSG00000104321
KCNB2	8	72537225	72938349	+	ENSG00000182674
TERF1	8	73008833	73048123	+	ENSG00000147601
SBSPON	8	73064543	73124088	-	ENSG00000164764
C8orf89	8	73241331	73259530	-	ENSG00000274443
RPL7	8	73290242	73295789	-	ENSG00000147604
RDH10	8	73294602	73325281	+	ENSG00000121039
STAU2	8	73420369	73747708	-	ENSG00000040341
UBE2W	8	73780097	73878910	-	ENSG00000104343
ELOC	8	73939169	73972307	-	ENSG00000154582
TMEM70	8	73972437	73982783	+	ENSG00000175606
LY96	8	73991392	74029079	+	ENSG00000154589
JPH1	8	74234700	74321592	-	ENSG00000104369
GDAP1	8	74320613	74518007	+	ENSG00000104381
PI15	8	74824534	74855029	+	ENSG00000137558
CRISPLD1	8	74984502	75034558	+	ENSG00000121005
HNF4G	8	75407914	75566834	+	ENSG00000164749
ZFHX4	8	76681239	76867281	+	ENSG00000091656
PEX2	8	76980258	77001044	-	ENSG00000164751
PKIA	8	78516303	78605267	+	ENSG00000171033
ZC2HC1A	8	78666050	78719765	+	ENSG00000104427
IL7	8	78675743	78805523	-	ENSG00000104432
STMN2	8	79611117	79666159	+	ENSG00000104435
HEY1	8	79762371	79767857	-	ENSG00000164683
MRPS28	8	79918401	80030304	-	ENSG00000147586
TPD52	8	80034745	80231232	-	ENSG00000076554
ZBTB10	8	80485596	80526265	+	ENSG00000205189
ZNF704	8	80628451	80874781	-	ENSG00000164684
PAG1	8	80967810	81112116	-	ENSG00000076641
FABP5	8	81280535	81284777	+	ENSG00000164687
PMP2	8	81440326	81447518	-	ENSG00000147588
FABP9	8	81458253	81461579	-	ENSG00000205186
FABP4	8	81477651	81483239	-	ENSG00000170323
FABP12	8	81524974	81590139	-	ENSG00000197416
IMPA1	8	81656914	81686848	-	ENSG00000133731
SLC10A5	8	81693631	81695058	-	ENSG00000253598
ZFAND1	8	81701313	81732903	-	ENSG00000104231
CHMP4C	8	81732448	81759515	+	ENSG00000164695
SNX16	8	81799581	81842866	-	ENSG00000104497
RALYL	8	84182787	84921844	+	ENSG00000184672
LRRCC1	8	85107116	85146080	+	ENSG00000133739
E2F5	8	85177154	85217158	+	ENSG00000133740
RBIS	8	85214048	85220793	-	ENSG00000176731
CA13	8	85220587	85284073	+	ENSG00000185015
CA1	8	85327608	85379014	-	ENSG00000133742
CA3	8	85373436	85449040	+	ENSG00000164879
CA2	8	85463968	85481493	+	ENSG00000104267
ATP6V0D2	8	85987323	86154227	+	ENSG00000147614
PSKH2	8	86047109	86088621	-	ENSG00000147613
SLC7A13	8	86214063	86321146	-	ENSG00000164893
WWP1	8	86342547	86478420	+	ENSG00000123124
RMDN1	8	86468257	86514357	-	ENSG00000176623
CPNE3	8	86514435	86561498	+	ENSG00000085719
CNGB3	8	86553977	86743675	-	ENSG00000170289
CNBD1	8	86866415	87615219	+	ENSG00000176571
DCAF4L2	8	87870747	87874015	-	ENSG00000176566
MMP16	8	88032011	88328025	-	ENSG00000156103
RIPK2	8	89757783	89791064	+	ENSG00000104312
OSGIN2	8	89901849	89927888	+	ENSG00000164823
NBN	8	89924515	90003228	-	ENSG00000104320
DECR1	8	90001330	90053633	+	ENSG00000104325
CALB1	8	90058608	90095475	-	ENSG00000104327
TMEM64	8	90621995	90791632	-	ENSG00000180694
NECAB1	8	90791741	90959393	+	ENSG00000123119
C8orf88	8	90958084	90985238	-	ENSG00000253250
PIP4P2	8	90990482	91041007	-	ENSG00000155099
OTUD6B	8	91070196	91087095	+	ENSG00000155100
LRRC69	8	91101832	91219257	+	ENSG00000214954
SLC26A7	8	91209494	91398155	+	ENSG00000147606
RUNX1T1	8	91954972	92103385	-	ENSG00000079102
TRIQK	8	92883530	93017786	-	ENSG00000205133
CIBAR1	8	93698561	93731527	+	ENSG00000188343
RBM12B	8	93728155	93741098	-	ENSG00000183808
TMEM67	8	93754844	93819234	+	ENSG00000164953
PDP1	8	93857788	93926068	+	ENSG00000164951
CDH17	8	94124381	94217303	-	ENSG00000079112
GEM	8	94249249	94262461	-	ENSG00000164949
RAD54B	8	94371960	94475133	-	ENSG00000197275
FSBP	8	94378377	94436952	-	ENSG00000265817
VIRMA	8	94487689	94553529	-	ENSG00000164944
ESRP1	8	94640987	94707466	+	ENSG00000104413
DPY19L4	8	94719703	94793836	+	ENSG00000156162
INTS8	8	94813311	94881746	+	ENSG00000164941
CCNE2	8	94879641	94896678	-	ENSG00000175305
NDUFAF6	8	94895533	95116455	+	ENSG00000156170
TP53INP1	8	94925972	94949395	-	ENSG00000164938
PLEKHF2	8	95115642	95156698	+	ENSG00000175895
CFAP418	8	95244913	95269201	-	ENSG00000156172
GDF6	8	96142333	96160806	-	ENSG00000156466
UQCRB	8	96222947	96235564	-	ENSG00000156467
MTERF3	8	96238169	96261618	-	ENSG00000156469
PTDSS1	8	96261902	96336995	+	ENSG00000156471
SDC2	8	96493410	96611790	+	ENSG00000169439
CPQ	8	96645240	97150160	+	ENSG00000104324
TSPYL5	8	97273488	97277928	-	ENSG00000180543
MTDH	8	97644013	97730260	+	ENSG00000147649
LAPTM4B	8	97775057	97853013	+	ENSG00000104341
MATN2	8	97868840	98036769	+	ENSG00000132561
RPL30	8	98024851	98046469	-	ENSG00000156482
ERICH5	8	98064271	98095512	+	ENSG00000177459
RIDA	8	98102336	98117175	-	ENSG00000132541
POP1	8	98117293	98159835	+	ENSG00000104356
NIPAL2	8	98189826	98294393	-	ENSG00000104361
STK3	8	98371228	98942827	-	ENSG00000104375
KCNS2	8	98426958	98432853	+	ENSG00000156486
OSR2	8	98940116	98952336	+	ENSG00000164920
VPS13B	8	99013266	99877580	+	ENSG00000132549
COX6C	8	99873200	99893759	-	ENSG00000164919
RGS22	8	99960936	100131268	-	ENSG00000132554
FBXO43	8	100133351	100145817	-	ENSG00000156509
POLR2K	8	100150622	100154005	+	ENSG00000147669
SPAG1	8	100157906	100259278	+	ENSG00000104450
RNF19A	8	100257059	100336218	-	ENSG00000034677
ANKRD46	8	100509752	100559784	-	ENSG00000186106
SNX31	8	100572882	100663415	-	ENSG00000174226
PABPC1	8	100685816	100722809	-	ENSG00000070756
YWHAZ	8	100916523	100953388	-	ENSG00000164924
ZNF706	8	101177720	101207085	-	ENSG00000120963
GRHL2	8	101492439	101669726	+	ENSG00000083307
NCALD	8	101686542	102124907	-	ENSG00000104490
RRM2B	8	102204502	102239382	-	ENSG00000048392
UBR5	8	102250608	102412880	-	ENSG00000104517
ODF1	8	102551589	102561018	+	ENSG00000155087
KLF10	8	102648783	102655728	-	ENSG00000155090
AZIN1	8	102826111	102893864	-	ENSG00000155096
ATP6V1C1	8	103021063	103073051	+	ENSG00000155097
BAALC	8	103140433	103230305	+	ENSG00000164929
FZD6	8	103298433	103332866	+	ENSG00000164930
CTHRC1	8	103371538	103382990	+	ENSG00000164932
SLC25A32	8	103398635	103415189	-	ENSG00000164933
DCAF13	8	103414714	103443579	+	ENSG00000164934
RIMS2	8	103500610	104254430	+	ENSG00000176406
DPYS	8	104329333	104467111	-	ENSG00000147647
DCSTAMP	8	104339087	104356689	+	ENSG00000164935
LRP12	8	104489231	104589258	-	ENSG00000147650
ZFPM2	8	104590733	105804539	+	ENSG00000169946
OXR1	8	106270144	106752694	+	ENSG00000164830
ABRA	8	106759483	106770244	-	ENSG00000174429
ANGPT1	8	107249482	107498055	-	ENSG00000154188
RSPO2	8	107899316	108083790	-	ENSG00000147655
EIF3E	8	108162787	108443496	-	ENSG00000104408
EMC2	8	108443601	108489196	+	ENSG00000104412
TMEM74	8	108606850	108787624	-	ENSG00000164841
TRHR	8	109086585	109121565	+	ENSG00000174417
NUDCD1	8	109240919	109334129	-	ENSG00000120526
ENY2	8	109334324	109345954	+	ENSG00000120533
PKHD1L1	8	109362461	109537207	+	ENSG00000205038
EBAG9	8	109539711	109570072	+	ENSG00000147654
SYBU	8	109573978	109691791	-	ENSG00000147642
KCNV1	8	109963636	109975771	-	ENSG00000164794
CSMD3	8	112222928	113436939	-	ENSG00000164796
TRPS1	8	115408496	115809673	-	ENSG00000104447
EIF3H	8	116642130	116766925	-	ENSG00000147677
UTP23	8	116766505	116849463	+	ENSG00000147679
RAD21	8	116845934	116874849	-	ENSG00000164754
AARD	8	116938207	116944487	+	ENSG00000205002
SLC30A8	8	116950273	117176714	+	ENSG00000164756
MED30	8	117520710	117540262	+	ENSG00000164758
EXT1	8	117794490	118111826	-	ENSG00000182197
SAMD12	8	118189455	118622112	-	ENSG00000177570
TNFRSF11B	8	118923557	118952055	-	ENSG00000164761
COLEC10	8	118995452	119108455	+	ENSG00000184374
MAL2	8	119165034	119249903	+	ENSG00000147676
CCN3	8	119416446	119424434	+	ENSG00000136999
ENPP2	8	119557085	119673453	-	ENSG00000136960
TAF2	8	119730774	119832863	-	ENSG00000064313
DSCC1	8	119833944	119855987	-	ENSG00000136982
DEPTOR	8	119873717	120050918	+	ENSG00000155792
COL14A1	8	120059780	120373573	+	ENSG00000187955
MRPL13	8	120380761	120445402	-	ENSG00000172172
MTBP	8	120445400	120542133	+	ENSG00000172167
SNTB1	8	120535745	120813273	-	ENSG00000172164
HAS2	8	121612116	121641440	-	ENSG00000170961
ZHX2	8	122781311	122974514	+	ENSG00000178764
DERL1	8	123013170	123042406	-	ENSG00000136986
TBC1D31	8	123041968	123152154	+	ENSG00000156787
FAM83A	8	123178960	123210079	+	ENSG00000147689
C8orf76	8	123219967	123241384	-	ENSG00000189376
ZHX1-C8orf76	8	123226189	123274284	-	ENSG00000259305
ZHX1	8	123248451	123275541	-	ENSG00000165156
ATAD2	8	123319850	123416350	-	ENSG00000156802
NTAQ1	8	123416723	123470028	+	ENSG00000156795
FBXO32	8	123497889	123541273	-	ENSG00000156804
KLHL38	8	123644442	123653801	-	ENSG00000175946
ANXA13	8	123680794	123737414	-	ENSG00000104537
FAM91A1	8	123768439	123815452	+	ENSG00000176853
FER1L6	8	123851987	124120061	+	ENSG00000214814
TMEM65	8	124306189	124372701	-	ENSG00000164983
TRMT12	8	124450820	124462150	+	ENSG00000183665
RNF139	8	124474866	124488618	+	ENSG00000170881
TATDN1	8	124488485	124539458	-	ENSG00000147687
NDUFB9	8	124539101	124580648	+	ENSG00000147684
MTSS1	8	124550776	124728775	-	ENSG00000170873
ZNF572	8	124973265	124979389	+	ENSG00000180938
SQLE	8	124998467	125022287	+	ENSG00000104549
WASHC5	8	125024260	125091819	-	ENSG00000164961
NSMCE2	8	125091673	125367729	+	ENSG00000156831
TRIB1	8	125430358	125438403	+	ENSG00000173334
LRATD2	8	126552443	126558478	-	ENSG00000168672
POU5F1B	8	127322183	127420066	+	ENSG00000212993
MYC	8	127735434	127742951	+	ENSG00000136997
GSDMC	8	129748196	129786624	-	ENSG00000147697
CYRIB	8	129839593	130017504	-	ENSG00000153310
ASAP1	8	130052104	130443762	-	ENSG00000153317
ADCY8	8	130780300	131041587	-	ENSG00000155897
EFR3A	8	131904077	132013642	+	ENSG00000132294
OC90	8	132024216	132059382	-	ENSG00000253117
HHLA1	8	132061480	132111159	-	ENSG00000132297
KCNQ3	8	132120861	132481095	-	ENSG00000184156
DNAAF11	8	132570416	132675617	-	ENSG00000129295
TMEM71	8	132685007	132760712	-	ENSG00000165071
PHF20L1	8	132775311	132848807	+	ENSG00000129292
TG	8	132866958	133134903	+	ENSG00000042832
SLA	8	133036728	133102912	-	ENSG00000155926
CCN4	8	133191039	133231690	+	ENSG00000104415
NDRG1	8	133237175	133302022	-	ENSG00000104419
ST3GAL1	8	133454848	133572518	-	ENSG00000008513
ZFAT	8	134477788	134713127	-	ENSG00000066827
KHDRBS3	8	135457456	135656722	+	ENSG00000131773
FAM135B	8	138130023	138497261	-	ENSG00000147724
COL22A1	8	138588235	138914063	-	ENSG00000169436
KCNK9	8	139600838	139704109	-	ENSG00000169427
TRAPPC9	8	139727725	140458579	-	ENSG00000167632
CHRAC1	8	140511311	140517154	+	ENSG00000104472
AGO2	8	140520156	140635633	-	ENSG00000123908
PTK2	8	140657900	141002216	-	ENSG00000169398
DENND3	8	141117278	141195808	+	ENSG00000105339
SLC45A4	8	141207166	141308318	-	ENSG00000022567
GPR20	8	141356470	141367286	-	ENSG00000204882
PTP4A3	8	141391497	141432456	+	ENSG00000184489
MROH5	8	141433829	141507230	-	ENSG00000226807
C8orf90	8	141514638	141518737	+	ENSG00000226490
TSNARE1	8	142212077	142403213	-	ENSG00000171045
ADGRB1	8	142449430	142545009	+	ENSG00000181790
ARC	8	142611049	142614479	-	ENSG00000198576
JRK	8	142657460	142681968	-	ENSG00000234616
PSCA	8	142670308	142682725	+	ENSG00000167653
LY6K	8	142700111	142705127	+	ENSG00000160886
THEM6	8	142727191	142736938	+	ENSG00000130193
SLURP1	8	142740949	142742406	-	ENSG00000126233
LYPD2	8	142750150	142752532	-	ENSG00000197353
LYNX1-SLURP2	8	142764334	142778224	-	ENSG00000284505
SLURP2	8	142764338	142769828	-	ENSG00000283992
LYNX1	8	142771197	142777859	-	ENSG00000180155
LY6D	8	142784882	142786539	-	ENSG00000167656
GML	8	142834247	142916506	+	ENSG00000104499
CYP11B1	8	142871528	142880000	-	ENSG00000160882
CYP11B2	8	142910559	142917850	-	ENSG00000179142
LY6E	8	143012722	143023832	+	ENSG00000160932
LY6S	8	143040839	143048357	-	ENSG00000291309
LY6L	8	143080312	143083486	+	ENSG00000261667
LY6H	8	143157914	143160711	-	ENSG00000176956
GPIHBP1	8	143213019	143217172	+	ENSG00000277494
ZFP41	8	143246821	143262705	+	ENSG00000181638
GLI4	8	143263193	143276937	+	ENSG00000250571
ZNF696	8	143289676	143299952	+	ENSG00000185730
TOP1MT	8	143304384	143359979	-	ENSG00000184428
RHPN1	8	143368810	143384221	+	ENSG00000158106
MAFA	8	143419182	143430732	-	ENSG00000182759
ZC3H3	8	143437655	143541455	-	ENSG00000014164
GSDMD	8	143553207	143563062	+	ENSG00000104518
MROH6	8	143566192	143572772	-	ENSG00000204839
NAPRT	8	143574782	143578649	-	ENSG00000147813
EEF1D	8	143579697	143599541	-	ENSG00000104529
TIGD5	8	143597831	143603224	+	ENSG00000179886
PYCR3	8	143603210	143609773	-	ENSG00000104524
GFUS	8	143612617	143618048	-	ENSG00000104522
ZNF623	8	143635518	143656418	+	ENSG00000183309
ZNF707	8	143684452	143713898	+	ENSG00000181135
CCDC166	8	143706694	143708109	-	ENSG00000255181
MAPK15	8	143716279	143722458	+	ENSG00000181085
FAM83H	8	143723933	143740732	-	ENSG00000180921
IQANK1	8	143734139	143790645	+	ENSG00000203499
SCRIB	8	143790920	143815773	-	ENSG00000180900
PUF60	8	143816344	143830709	-	ENSG00000179950
NRBP2	8	143833583	143840973	-	ENSG00000185189
EPPK1	8	143857324	143878467	-	ENSG00000261150
PLEC	8	143915152	143976734	-	ENSG00000178209
PARP10	8	143977153	144019930	-	ENSG00000178685
GRINA	8	143990053	143993427	+	ENSG00000178719
SPATC1	8	144012280	144047114	+	ENSG00000186583
OPLAH	8	144051265	144064091	-	ENSG00000178814
EXOSC4	8	144078621	144081244	+	ENSG00000178896
GPAA1	8	144082337	144093149	+	ENSG00000197858
CYC1	8	144095039	144097525	+	ENSG00000179091
SHARPIN	8	144097513	144108124	-	ENSG00000179526
MAF1	8	144103112	144107618	+	ENSG00000179632
WDR97	8	144107726	144118328	+	ENSG00000179698
HGH1	8	144137774	144140851	+	ENSG00000235173
MROH1	8	144147997	144262470	+	ENSG00000179832
BOP1	8	144262045	144291438	-	ENSG00000261236
SCX	8	144266453	144268481	+	ENSG00000260428
HSF1	8	144291529	144314727	+	ENSG00000185122
DGAT1	8	144314584	144326910	-	ENSG00000185000
SCRT1	8	144330565	144336482	-	ENSG00000261678
SLC52A2	8	144333957	144361447	+	ENSG00000185803
TMEM249	8	144352219	144354954	-	ENSG00000261587
FBXL6	8	144355427	144359376	-	ENSG00000182325
ADCK5	8	144373101	144393242	+	ENSG00000173137
CPSF1	8	144393229	144409861	-	ENSG00000071894
SLC39A4	8	144409742	144416844	-	ENSG00000147804
VPS28	8	144423601	144429499	-	ENSG00000160948
TONSL	8	144428767	144444473	-	ENSG00000160949
TMEM276-ZFTRAF1	8	144449582	144465430	-	ENSG00000291316
ZFTRAF1	8	144449582	144462871	-	ENSG00000187954
TMEM276	8	144463817	144466890	-	ENSG00000291317
KIFC2	8	144465940	144474202	+	ENSG00000167702
FOXH1	8	144473412	144475873	-	ENSG00000160973
PPP1R16A	8	144475989	144502126	+	ENSG00000160972
GPT	8	144502608	144507494	+	ENSG00000167701
MFSD3	8	144509070	144511213	+	ENSG00000167700
RECQL4	8	144511288	144517845	-	ENSG00000160957
LRRC14	8	144517965	144525178	+	ENSG00000160959
LRRC24	8	144522388	144527033	-	ENSG00000254402
C8orf82	8	144525733	144529132	-	ENSG00000213563
ARHGAP39	8	144529179	144685879	-	ENSG00000147799
ZNF251	8	144720515	144756417	-	ENSG00000198169
ZNF34	8	144772224	144788684	-	ENSG00000196378
RPL8	8	144789765	144792587	-	ENSG00000161016
ZNF517	8	144798866	144811169	+	ENSG00000197363
ZNF7	8	144826894	144847509	+	ENSG00000147789
COMMD5	8	144837978	144853736	-	ENSG00000170619
ZNF250	8	144876497	144902217	-	ENSG00000196150
ZNF16	8	144930358	144950888	-	ENSG00000170631
C8orf33	8	145052425	145066685	+	ENSG00000182307
WASHC1	9	14475	73865	-	ENSG00000181404
FOXD4	9	116231	118417	-	ENSG00000170122
ZNG1A	9	119288	179147	-	ENSG00000172785
DOCK8	9	214854	465259	+	ENSG00000107099
KANK1	9	470291	746105	+	ENSG00000107104
DMRT1	9	841690	969090	+	ENSG00000137090
DMRT3	9	976373	991746	+	ENSG00000064218
DMRT2	9	1049000	1057563	+	ENSG00000173253
SMARCA2	9	1980290	2193624	+	ENSG00000080503
VLDLR	9	2621182	2660056	+	ENSG00000147852
KCNV2	9	2717510	2730037	+	ENSG00000168263
PUM3	9	2720469	2844130	-	ENSG00000080608
RFX3	9	3218297	3526022	-	ENSG00000080298
GLIS3	9	3824127	4348392	-	ENSG00000107249
SLC1A1	9	4490225	4587469	+	ENSG00000106688
SPATA6L	9	4553386	4666674	-	ENSG00000106686
PLPP6	9	4662294	4665258	+	ENSG00000205808
CDC37L1	9	4679559	4708399	+	ENSG00000106993
AK3	9	4709556	4742043	-	ENSG00000147853
RCL1	9	4792944	4885917	+	ENSG00000120158
JAK2	9	4984390	5129948	+	ENSG00000096968
INSL6	9	5123880	5185647	-	ENSG00000120210
INSL4	9	5231419	5235304	+	ENSG00000120211
RLN2	9	5299864	5304716	-	ENSG00000107014
RLN1	9	5334930	5339876	-	ENSG00000107018
PLGRKT	9	5357966	5438615	-	ENSG00000107020
CD274	9	5450503	5470566	+	ENSG00000120217
PDCD1LG2	9	5510491	5571282	+	ENSG00000197646
RIC1	9	5629025	5776557	+	ENSG00000107036
ERMP1	9	5749832	5879537	-	ENSG00000099219
BRD10	9	5881596	6008482	-	ENSG00000183354
MLANA	9	5890889	5910606	+	ENSG00000120215
RANBP6	9	6011025	6015625	-	ENSG00000137040
IL33	9	6215136	6257983	+	ENSG00000137033
TPD52L3	9	6328375	6331891	+	ENSG00000170777
UHRF2	9	6413151	6507056	+	ENSG00000147854
GLDC	9	6532467	6645729	-	ENSG00000178445
KDM4C	9	6720863	7175648	+	ENSG00000107077
DMAC1	9	7796500	7888380	-	ENSG00000137038
PTPRD	9	8314246	10613002	-	ENSG00000153707
TYRP1	9	12685439	12710285	+	ENSG00000107165
LURAP1L	9	12775020	12823060	+	ENSG00000153714
MPDZ	9	13104620	13279790	-	ENSG00000107186
NFIB	9	14081843	14398983	-	ENSG00000147862
ZDHHC21	9	14586766	14693737	-	ENSG00000175893
CER1	9	14719724	14722733	-	ENSG00000147869
FREM1	9	14734671	14910995	-	ENSG00000164946
TTC39B	9	15163622	15307360	-	ENSG00000155158
SNAPC3	9	15422734	15465953	+	ENSG00000164975
PSIP1	9	15464065	15511202	-	ENSG00000164985
CCDC171	9	15552899	16061663	+	ENSG00000164989
BNC2	9	16409503	16870902	-	ENSG00000173068
CNTLN	9	17134982	17503923	+	ENSG00000044459
SH3GL2	9	17579066	17797129	+	ENSG00000107295
ADAMTSL1	9	17906563	18910950	+	ENSG00000178031
SAXO1	9	18858906	19049358	-	ENSG00000155875
RRAGA	9	19049427	19051025	+	ENSG00000155876
HAUS6	9	19053141	19102927	-	ENSG00000147874
PLIN2	9	19108375	19149369	-	ENSG00000147872
DENND4C	9	19230435	19374281	+	ENSG00000137145
RPS6	9	19375715	19380282	-	ENSG00000137154
ACER2	9	19409009	19452505	+	ENSG00000177076
SLC24A2	9	19507452	19789119	-	ENSG00000155886
MLLT3	9	20341669	20622499	-	ENSG00000171843
FOCAD	9	20658305	20996161	+	ENSG00000188352
HACD4	9	20999509	21031640	-	ENSG00000188921
IFNB1	9	21077104	21077942	-	ENSG00000171855
IFNW1	9	21140632	21141832	-	ENSG00000177047
IFNA21	9	21165637	21166660	-	ENSG00000137080
IFNA4	9	21186618	21187587	-	ENSG00000236637
IFNA7	9	21201469	21202205	-	ENSG00000214042
IFNA10	9	21206181	21207143	-	ENSG00000186803
IFNA16	9	21216373	21217311	-	ENSG00000147885
IFNA17	9	21227243	21228222	-	ENSG00000234829
IFNA14	9	21239002	21240005	-	ENSG00000228083
IFNA5	9	21304326	21305313	-	ENSG00000147873
KLHL9	9	21320024	21335404	-	ENSG00000198642
IFNA6	9	21350253	21350956	-	ENSG00000120235
IFNA13	9	21367372	21368057	-	ENSG00000233816
IFNA2	9	21384255	21385398	-	ENSG00000188379
IFNA8	9	21409117	21410185	+	ENSG00000120242
IFNA1	9	21440439	21441316	+	ENSG00000197919
IFNE	9	21480839	21482313	-	ENSG00000184995
MTAP	9	21802636	21937651	+	ENSG00000099810
CDKN2A	9	21967752	21995301	-	ENSG00000147889
CDKN2B	9	22002903	22009305	-	ENSG00000147883
DMRTA1	9	22446824	22455740	+	ENSG00000176399
ELAVL2	9	23690099	23826352	-	ENSG00000107105
IZUMO3	9	24542952	24545946	-	ENSG00000205442
TUSC1	9	25676969	25678444	-	ENSG00000198680
CAAP1	9	26840685	26892819	-	ENSG00000120159
PLAA	9	26903372	26947490	-	ENSG00000137055
IFT74	9	26947039	27066134	+	ENSG00000096872
LRRC19	9	26993136	27005709	-	ENSG00000184434
TEK	9	27109030	27232092	+	ENSG00000120156
EQTN	9	27284654	27297150	-	ENSG00000120160
MOB3B	9	27325209	27529814	-	ENSG00000120162
IFNK	9	27524290	27526498	+	ENSG00000147896
C9orf72	9	27535640	27573895	-	ENSG00000147894
LINGO2	9	27937617	29213601	-	ENSG00000174482
ACO1	9	32384603	32454769	+	ENSG00000122729
RIGI	9	32455302	32526348	-	ENSG00000107201
TOPORS	9	32540544	32552603	-	ENSG00000197579
SMIM27	9	32551144	32568621	+	ENSG00000235453
NDUFB6	9	32553001	32573184	-	ENSG00000165264
TAF1L	9	32629454	32635669	-	ENSG00000122728
TMEM215	9	32783540	32789201	+	ENSG00000188133
APTX	9	32886601	33025130	-	ENSG00000137074
DNAJA1	9	33025206	33039916	+	ENSG00000086061
SMU1	9	33041765	33076694	-	ENSG00000122692
B4GALT1	9	33100493	33167359	-	ENSG00000086062
SPINK4	9	33218365	33248567	+	ENSG00000122711
BAG1	9	33247820	33264720	-	ENSG00000107262
CHMP5	9	33264017	33282071	+	ENSG00000086065
NFX1	9	33290428	33371872	+	ENSG00000086102
AQP7	9	33383179	33402682	-	ENSG00000165269
AQP3	9	33441156	33447596	-	ENSG00000165272
NOL6	9	33461353	33473930	-	ENSG00000165271
ANKRD18B	9	33524251	33608848	+	ENSG00000230453
PRSS3	9	33750679	33799231	+	ENSG00000010438
UBE2R2	9	33817160	33920399	+	ENSG00000107341
UBAP2	9	33921691	34049420	-	ENSG00000137073
DCAF12	9	34086384	34127399	-	ENSG00000198876
UBAP1	9	34179005	34252523	+	ENSG00000165006
KIF24	9	34252380	34329280	-	ENSG00000186638
NUDT2	9	34329506	34343713	+	ENSG00000164978
MYORG	9	34366666	34377150	-	ENSG00000164976
SPMIP6	9	34379019	34397828	-	ENSG00000164972
FAM219A	9	34398184	34458591	-	ENSG00000164970
DNAI1	9	34457414	34520988	+	ENSG00000122735
ENHO	9	34521043	34523174	-	ENSG00000168913
CNTFR	9	34551423	34593478	-	ENSG00000122756
RPP25L	9	34610486	34612605	-	ENSG00000164967
DCTN3	9	34613545	34620523	-	ENSG00000137100
ARID3C	9	34621049	34629066	-	ENSG00000205143
SIGMAR1	9	34634720	34637844	-	ENSG00000147955
GALT	9	34637367	34651754	+	ENSG00000213930
IL11RA	9	34651582	34661902	+	ENSG00000137070
CCL27	9	34661880	34664048	-	ENSG00000213927
CCL19	9	34689570	34691276	-	ENSG00000172724
CCL21	9	34709005	34710167	-	ENSG00000137077
SPATA31F1	9	34723053	34729488	-	ENSG00000205108
SPATA31F3	9	34889066	34895764	-	ENSG00000187791
PHF24	9	34957608	34982544	+	ENSG00000122733
DNAJB5	9	34989641	34998900	+	ENSG00000137094
SPATA31G1	9	35041095	35045986	+	ENSG00000174038
VCP	9	35053928	35072671	-	ENSG00000165280
FANCG	9	35073820	35082444	-	ENSG00000221829
PIGO	9	35085493	35096632	-	ENSG00000165282
STOML2	9	35099606	35103195	-	ENSG00000165283
ATOSB	9	35104112	35116357	-	ENSG00000005238
UNC13B	9	35161829	35405339	+	ENSG00000198722
RUSC2	9	35489712	35561898	+	ENSG00000198853
CIMIP2B	9	35561831	35563899	-	ENSG00000215187
TESK1	9	35605262	35610041	+	ENSG00000107140
CD72	9	35609982	35646810	-	ENSG00000137101
SIT1	9	35649288	35650963	-	ENSG00000137078
CCDC107	9	35658290	35661511	+	ENSG00000159884
ARHGEF39	9	35658875	35675866	-	ENSG00000137135
CA9	9	35673928	35681159	+	ENSG00000107159
TPM2	9	35681992	35690056	-	ENSG00000198467
TLN1	9	35696948	35732195	-	ENSG00000137076
CREB3	9	35732296	35738886	+	ENSG00000107175
GBA2	9	35736864	35749986	-	ENSG00000070610
RGP1	9	35748613	35758600	+	ENSG00000107185
MSMP	9	35752990	35756613	-	ENSG00000215183
NPR2	9	35791003	35809732	+	ENSG00000159899
SPAG8	9	35808045	35812272	-	ENSG00000137098
HINT2	9	35812960	35815354	-	ENSG00000137133
TMEM8B	9	35814451	35865518	+	ENSG00000137103
FAM221B	9	35816391	35828747	-	ENSG00000204930
OR13J1	9	35869463	35870401	-	ENSG00000168828
HRCT1	9	35906202	35907136	+	ENSG00000196196
SPAAR	9	35909488	35937153	+	ENSG00000235387
OR2S2	9	35957108	35958154	-	ENSG00000278889
OR13C7	9	36002909	36003867	-	ENSG00000243641
RECK	9	36036905	36124455	+	ENSG00000122707
GLIPR2	9	36136536	36163913	+	ENSG00000122694
CCIN	9	36169388	36171334	+	ENSG00000185972
CLTA	9	36190856	36304781	+	ENSG00000122705
GNE	9	36214441	36277042	-	ENSG00000159921
RNF38	9	36336396	36487548	-	ENSG00000137075
MELK	9	36572074	36682131	+	ENSG00000165304
PAX5	9	36833269	37034268	-	ENSG00000196092
ZCCHC7	9	37120478	37358177	+	ENSG00000147905
GRHPR	9	37422664	37437259	+	ENSG00000137106
ZBTB5	9	37437687	37468850	-	ENSG00000168795
POLR1E	9	37481695	37503701	+	ENSG00000137054
FBXO10	9	37510892	37576380	-	ENSG00000147912
TOMM5	9	37582646	37592609	-	ENSG00000175768
FRMPD1	9	37650954	37746904	+	ENSG00000070601
TRMT10B	9	37753774	37778972	+	ENSG00000165275
EXOSC3	9	37759234	37832117	-	ENSG00000107371
DCAF10	9	37800554	37867666	+	ENSG00000122741
SLC25A51	9	37879400	37904387	-	ENSG00000122696
SHB	9	37915898	38069227	-	ENSG00000107338
ALDH1B1	9	38392623	38398661	+	ENSG00000137124
IGFBPL1	9	38406528	38424454	-	ENSG00000137142
ANKRD18A	9	38540567	38620596	-	ENSG00000180071
FAM240B	9	38694266	38720133	-	ENSG00000283329
CNTNAP3	9	39064710	39288611	-	ENSG00000106714
SPATA31A1	9	39355669	39361962	+	ENSG00000204849
FOXD4L6	9	41126435	41128681	-	ENSG00000273514
ZNG1F	9	41131288	41199261	-	ENSG00000215126
CNTNAP3B	9	41890314	42129552	-	ENSG00000154529
SPATA31A6	9	42183659	42189887	+	ENSG00000185775
SPATA31A5	9	60914407	60920653	+	ENSG00000276581
SPATA31A7	9	61190036	61196280	+	ENSG00000276040
CNTNAP3C	9	61330717	61453030	+	ENSG00000283378
FOXD4L5	9	65282101	65285209	-	ENSG00000204779
ZNG1E	9	65668805	65735823	+	ENSG00000147996
FOXD4L4	9	65737146	65738396	+	ENSG00000184659
ZNF658	9	66856426	66932141	+	ENSG00000274349
SPATA31A3	9	66986304	66992550	-	ENSG00000275969
ANKRD20A1	9	67832765	67920552	+	ENSG00000260691
ZNG1C	9	68232003	68300036	+	ENSG00000196873
FOXD4L3	9	68302867	68305084	+	ENSG00000187559
PGM5	9	68328308	68535009	+	ENSG00000154330
TMEM252	9	68536580	68540883	-	ENSG00000181778
PIP5K1B	9	68705190	69009191	+	ENSG00000107242
PABIR1	9	68780065	68785566	+	ENSG00000187866
PRKACG	9	69012504	69014113	-	ENSG00000165059
FXN	9	69035750	69079076	+	ENSG00000165060
TJP2	9	69121264	69274615	+	ENSG00000119139
ENTREP1	9	69324567	69392592	+	ENSG00000135063
APBA1	9	69427532	69672371	-	ENSG00000107282
PTAR1	9	69709522	69760011	-	ENSG00000188647
CFAP95	9	69820815	69906655	+	ENSG00000204711
MAMDC2	9	70043820	70226987	+	ENSG00000165072
SMC5	9	70258270	70354874	+	ENSG00000198887
KLF9	9	70384604	70414657	-	ENSG00000119138
TRPM3	9	70529060	71446977	-	ENSG00000083067
CEMIP2	9	71683364	71816690	-	ENSG00000135048
ABHD17B	9	71862452	71911224	-	ENSG00000107362
C9orf85	9	71911457	71986054	+	ENSG00000155621
C9orf57	9	72051376	72072721	-	ENSG00000204669
GDA	9	72114595	72257193	+	ENSG00000119125
ZFAND5	9	72351412	72365328	-	ENSG00000107372
TMC1	9	72521608	72838297	+	ENSG00000165091
ALDH1A1	9	72900670	73080442	-	ENSG00000165092
ANXA1	9	73148874	73170629	+	ENSG00000135046
RORB	9	74497335	74693177	+	ENSG00000198963
TRPM6	9	74722495	74888094	-	ENSG00000119121
C9orf40	9	74946583	74952912	-	ENSG00000135045
CARNMT1	9	74980790	75028437	-	ENSG00000156017
NMRK1	9	75060573	75088306	-	ENSG00000106733
OSTF1	9	75088480	75149429	+	ENSG00000134996
PCSK5	9	75890644	76362975	+	ENSG00000099139
RFK	9	76385526	76394517	-	ENSG00000135002
GCNT1	9	76419850	76651203	+	ENSG00000187210
PRUNE2	9	76611376	76906591	-	ENSG00000106772
FOXB2	9	77018706	77022372	+	ENSG00000204612
VPS13A	9	77177445	77421537	+	ENSG00000197969
GNA14	9	77423079	77648322	-	ENSG00000156049
GNAQ	9	77716097	78031972	-	ENSG00000156052
CEP78	9	78236042	78279690	+	ENSG00000148019
PSAT1	9	78297094	78330098	+	ENSG00000135069
TLE4	9	79571773	79726882	+	ENSG00000106829
TLE1	9	81582313	81689681	-	ENSG00000196781
SPATA31D4	9	81928428	81934998	+	ENSG00000189357
SPATA31D3	9	81943500	81950093	+	ENSG00000186788
SPATA31D1	9	81988772	81995253	+	ENSG00000214929
RASEF	9	82979590	83063255	-	ENSG00000165105
FRMD3	9	83242990	83538737	-	ENSG00000172159
IDNK	9	83623049	83644137	+	ENSG00000148057
UBQLN1	9	83657386	83707993	-	ENSG00000135018
GKAP1	9	83739423	83829516	-	ENSG00000165113
KIF27	9	83834099	83921494	-	ENSG00000165115
QNG1	9	83938311	83956986	-	ENSG00000165118
HNRNPK	9	83966766	83981586	-	ENSG00000165119
RMI1	9	83980355	84004078	+	ENSG00000178966
SLC28A3	9	84275457	84340758	-	ENSG00000197506
NTRK2	9	84668375	85095751	+	ENSG00000148053
AGTPBP1	9	85546539	85742144	-	ENSG00000135049
NAA35	9	85941002	86026967	+	ENSG00000135040
GOLM1	9	86026138	86100173	-	ENSG00000135052
C9orf153	9	86220265	86259657	-	ENSG00000187753
ISCA1	9	86264546	86283102	-	ENSG00000135070
TUT7	9	86287725	86354541	-	ENSG00000083223
GAS1	9	86944362	86947506	-	ENSG00000180447
DAPK1	9	87497228	87709073	+	ENSG00000196730
CTSL	9	87724051	87731469	+	ENSG00000135047
SPATA31E1	9	87882877	87888903	+	ENSG00000177992
SPATA31C1	9	87914488	87923657	+	ENSG00000230246
CDK20	9	87964906	87974764	-	ENSG00000156345
SPATA31C2	9	88129305	88138475	-	ENSG00000177910
SPIN1	9	88387434	88480234	+	ENSG00000106723
NXNL2	9	88534033	88584274	+	ENSG00000130045
S1PR3	9	88990863	89005155	+	ENSG00000213694
SHC3	9	89005771	89178818	-	ENSG00000148082
CKS2	9	89311155	89316715	+	ENSG00000123975
SECISBP2	9	89318460	89363633	+	ENSG00000187742
SEMA4D	9	89360787	89498167	-	ENSG00000187764
GADD45G	9	89605012	89606555	+	ENSG00000130222
DIRAS2	9	90609832	90642862	-	ENSG00000165023
SYK	9	90801579	90898549	+	ENSG00000165025
AUH	9	91213815	91361961	-	ENSG00000148090
NFIL3	9	91408748	91425066	-	ENSG00000165030
ROR2	9	91563091	91950240	-	ENSG00000169071
SPTLC1	9	92000087	92115433	-	ENSG00000090054
IARS1	9	92210207	92293854	-	ENSG00000196305
NOL8	9	92297358	92325636	-	ENSG00000198000
CENPP	9	92325953	92620529	+	ENSG00000188312
OGN	9	92383268	92406734	-	ENSG00000106809
OMD	9	92412380	92424471	-	ENSG00000127083
ASPN	9	92456205	92492208	-	ENSG00000106819
ECM2	9	92493554	92536736	-	ENSG00000106823
IPPK	9	92613181	92670262	-	ENSG00000127080
BICD2	9	92711363	92764833	-	ENSG00000185963
ZNF484	9	92843171	92878038	-	ENSG00000127081
FGD3	9	92947486	93036238	+	ENSG00000127084
SUSD3	9	93058688	93085138	+	ENSG00000157303
CARD19	9	93096161	93113283	+	ENSG00000165233
NINJ1	9	93121496	93134310	-	ENSG00000131669
WNK2	9	93184122	93320572	+	ENSG00000165238
FAM120AOS	9	93431441	93453581	-	ENSG00000188938
FAM120A	9	93451685	93566112	+	ENSG00000048828
PHF2	9	93576584	93679599	+	ENSG00000197724
BARX1	9	93951627	93955355	-	ENSG00000131668
PTPDC1	9	94030794	94109856	+	ENSG00000158079
ZNF169	9	94259298	94303967	+	ENSG00000175787
NUTM2F	9	94318198	94328644	-	ENSG00000130950
MFSD14B	9	94374403	94461042	+	ENSG00000148110
FBP2	9	94558720	94593824	-	ENSG00000130957
FBP1	9	94603133	94640323	-	ENSG00000165140
AOPEP	9	94726604	95151793	+	ENSG00000148120
FANCC	9	95099054	95426796	-	ENSG00000158169
PTCH1	9	95442980	95517057	-	ENSG00000185920
ERCC6L2	9	95871264	96121154	+	ENSG00000182150
HSD17B3	9	96235306	96302176	-	ENSG00000130948
SLC35D2	9	96313444	96383711	-	ENSG00000130958
ZNF367	9	96385941	96418370	-	ENSG00000165244
HABP4	9	96450160	96491336	+	ENSG00000130956
CDC14B	9	96490241	96619855	-	ENSG00000081377
PRXL2C	9	96639577	96655337	-	ENSG00000158122
ZNF510	9	96754553	96778129	-	ENSG00000081386
ZNF782	9	96815490	96875623	-	ENSG00000196597
NUTM2G	9	96928310	96940253	+	ENSG00000188152
CTSV	9	97025073	97156556	-	ENSG00000136943
CCDC180	9	97307304	97378751	+	ENSG00000197816
TDRD7	9	97412069	97496125	+	ENSG00000196116
TMOD1	9	97501180	97601743	+	ENSG00000136842
TSTD2	9	97600080	97633377	-	ENSG00000136925
NCBP1	9	97633448	97673748	+	ENSG00000136937
XPA	9	97674909	97697340	-	ENSG00000136936
FOXE1	9	97853226	97856717	+	ENSG00000178919
TRMO	9	97894512	97922525	-	ENSG00000136932
HEMGN	9	97926791	97944856	-	ENSG00000136929
ANP32B	9	97983215	98015943	+	ENSG00000136938
NANS	9	98056674	98083087	+	ENSG00000095380
TRIM14	9	98068968	98119399	-	ENSG00000106785
CORO2A	9	98120975	98193206	-	ENSG00000106789
TBC1D2	9	98199011	98255649	-	ENSG00000095383
GABBR2	9	98288096	98709739	-	ENSG00000136928
ANKS6	9	98731329	98796965	-	ENSG00000165138
GALNT12	9	98807613	98851266	+	ENSG00000119514
COL15A1	9	98942680	99070797	+	ENSG00000204291
TGFBR1	9	99104038	99154192	+	ENSG00000106799
ALG2	9	99216425	99221942	-	ENSG00000119523
SEC61B	9	99222064	99230615	+	ENSG00000106803
NR4A3	9	99821855	99866891	+	ENSG00000119508
STX17	9	99906654	99974534	+	ENSG00000136874
ERP44	9	99979185	100099052	-	ENSG00000023318
INVS	9	100098699	100306072	+	ENSG00000119509
TEX10	9	100302072	100352957	-	ENSG00000136891
MSANTD3	9	100426693	100451734	+	ENSG00000066697
MSANTD3-TMEFF1	9	100442271	100577636	+	ENSG00000251349
TMEFF1	9	100473121	100577636	+	ENSG00000241697
CAVIN4	9	100578033	100588402	+	ENSG00000170681
PLPPR1	9	101028727	101325135	+	ENSG00000148123
BAAT	9	101354182	101385400	-	ENSG00000136881
MRPL50	9	101387633	101398618	-	ENSG00000136897
ZNF189	9	101398851	101410660	+	ENSG00000136870
ALDOB	9	101420560	101449664	-	ENSG00000136872
PGAP4	9	101473170	101533537	-	ENSG00000165152
RNF20	9	101533853	101563344	+	ENSG00000155827
GRIN3A	9	101569352	101738647	-	ENSG00000198785
PPP3R2	9	101591604	101595021	-	ENSG00000188386
CYLC2	9	102995311	103018488	+	ENSG00000155833
SMC2	9	104093695	104144486	+	ENSG00000136824
OR13F1	9	104504263	104505222	+	ENSG00000186881
OR13C4	9	104526253	104527209	-	ENSG00000148136
OR13C3	9	104535749	104536856	-	ENSG00000204246
OR13C8	9	104569168	104570130	+	ENSG00000186943
OR13C5	9	104598457	104599413	-	ENSG00000277556
OR13C2	9	104604671	104605627	-	ENSG00000276119
OR13C9	9	104617248	104618204	-	ENSG00000136839
OR13D1	9	104694518	104695462	+	ENSG00000179055
NIPSNAP3A	9	104747683	104760138	+	ENSG00000136783
NIPSNAP3B	9	104763850	104777764	+	ENSG00000165028
ABCA1	9	104781006	104928155	-	ENSG00000165029
SLC44A1	9	105244536	105439171	+	ENSG00000070214
FSD1L	9	105447796	105552433	+	ENSG00000106701
FKTN	9	105558122	105653820	+	ENSG00000106692
TAL2	9	105662457	105663124	+	ENSG00000186051
TMEM38B	9	105694519	105776629	+	ENSG00000095209
ZNF462	9	106862286	107013634	+	ENSG00000148143
RAD23B	9	107283137	107332192	+	ENSG00000119318
KLF4	9	107484852	107490482	-	ENSG00000136826
ACTL7B	9	108854588	108855986	-	ENSG00000148156
ACTL7A	9	108862266	108863756	+	ENSG00000187003
ELP1	9	108866898	108934414	-	ENSG00000070061
ABITRAM	9	108934400	108950744	+	ENSG00000119328
CTNNAL1	9	108942569	109013645	-	ENSG00000119326
TMEM245	9	109015135	109119974	-	ENSG00000106771
FRRS1L	9	109130293	109167249	-	ENSG00000260230
EPB41L4B	9	109171463	109321067	-	ENSG00000095203
PTPN3	9	109375466	109498333	-	ENSG00000070159
PALM2AKAP2	9	109498325	110172512	+	ENSG00000157654
C9orf152	9	110190048	110208159	-	ENSG00000188959
TXN	9	110243810	110256604	-	ENSG00000136810
TXNDC8	9	110303476	110337891	-	ENSG00000204193
SVEP1	9	110365248	110579880	-	ENSG00000165124
MUSK	9	110668779	110806558	+	ENSG00000030304
LPAR1	9	110871773	111038863	-	ENSG00000198121
OR2K2	9	111327229	111330224	-	ENSG00000171133
ECPAS	9	111360685	111484745	-	ENSG00000136813
ZNF483	9	111525054	111577844	+	ENSG00000173258
PTGR1	9	111549722	111599893	-	ENSG00000106853
DNAJC25	9	111631334	111654351	+	ENSG00000059769
DNAJC25-GNG10	9	111631386	111670229	+	ENSG00000244115
GNG10	9	111661561	111670473	+	ENSG00000242616
SHOC1	9	111686171	111795008	-	ENSG00000165181
UGCG	9	111896814	111935374	+	ENSG00000148154
SUSD1	9	112040777	112175486	-	ENSG00000106868
PTBP3	9	112215071	112333695	-	ENSG00000119314
HSDL2	9	112380051	112472408	+	ENSG00000119471
KIAA1958	9	112486827	112669397	+	ENSG00000165185
INIP	9	112683926	112718149	-	ENSG00000148153
SNX30	9	112750760	112881671	+	ENSG00000148158
SLC46A2	9	112878920	112890876	-	ENSG00000119457
ZNF883	9	112988129	113012242	-	ENSG00000228623
ZFP37	9	113038377	113056759	-	ENSG00000136866
SLC31A2	9	113150976	113164140	+	ENSG00000136867
FKBP15	9	113161006	113221458	-	ENSG00000119321
SLC31A1	9	113221191	113264492	+	ENSG00000136868
CDC26	9	113255835	113275602	-	ENSG00000176386
PRPF4	9	113275642	113294009	+	ENSG00000136875
RNF183	9	113297093	113303376	-	ENSG00000165188
WDR31	9	113313222	113340337	-	ENSG00000148225
BSPRY	9	113349520	113371233	+	ENSG00000119411
HDHD3	9	113373417	113377473	-	ENSG00000119431
ALAD	9	113386304	113401356	-	ENSG00000148218
POLE3	9	113407232	113410723	-	ENSG00000148229
C9orf43	9	113410054	113429690	+	ENSG00000157653
RGS3	9	113444731	113597743	+	ENSG00000138835
ZNF618	9	113876052	114056593	+	ENSG00000157657
AMBP	9	114060127	114080970	-	ENSG00000106927
KIF12	9	114086126	114099292	-	ENSG00000136883
COL27A1	9	114155537	114312511	+	ENSG00000196739
ORM1	9	114323025	114326479	+	ENSG00000229314
ORM2	9	114329788	114333254	+	ENSG00000228278
AKNA	9	114334156	114394405	-	ENSG00000106948
WHRN	9	114402078	114505525	-	ENSG00000095397
ATP6V1G1	9	114587706	114598915	+	ENSG00000136888
TMEM268	9	114611206	114646422	+	ENSG00000157693
TEX53	9	114656304	114662374	-	ENSG00000230054
TEX48	9	114666434	114682192	-	ENSG00000230601
TNFSF15	9	114784652	114806039	-	ENSG00000181634
TNFSF8	9	114893343	114930595	-	ENSG00000106952
TNC	9	115019575	115118257	-	ENSG00000041982
PAPPA	9	116153791	116402321	+	ENSG00000182752
ASTN2	9	116423112	117415070	-	ENSG00000148219
TRIM32	9	116687305	116701300	+	ENSG00000119401
TLR4	9	117704175	117724735	+	ENSG00000136869
BRINP1	9	119153458	119369515	-	ENSG00000078725
CDK5RAP2	9	120388875	120580172	-	ENSG00000136861
MEGF9	9	120600811	120714470	-	ENSG00000106780
FBXW2	9	120751978	120793438	-	ENSG00000119402
B3GALT9	9	120792403	120801787	+	ENSG00000214654
PSMD5	9	120815496	120842984	-	ENSG00000095261
PHF19	9	120855651	120894896	-	ENSG00000119403
TRAF1	9	120902393	120931875	-	ENSG00000056558
C5	9	120932987	121075195	-	ENSG00000106804
CNTRL	9	121074660	121177729	+	ENSG00000119397
RAB14	9	121178133	121223014	-	ENSG00000119396
GSN	9	121201324	121334721	+	ENSG00000148180
STOM	9	121338987	121370304	-	ENSG00000148175
GGTA1	9	121444991	121500032	-	ENSG00000204136
DAB2IP	9	121567057	121785530	+	ENSG00000136848
TTLL11	9	121815674	122093606	-	ENSG00000175764
NDUFA8	9	122144058	122159779	-	ENSG00000119421
MORN5	9	122159903	122200088	+	ENSG00000185681
LHX6	9	122202577	122229626	-	ENSG00000106852
RBM18	9	122237622	122264855	-	ENSG00000119446
MRRF	9	122264603	122331337	+	ENSG00000148187
PTGS1	9	122370530	122395705	+	ENSG00000095303
OR1J1	9	122476958	122477926	-	ENSG00000136834
OR1J2	9	122510802	122511743	+	ENSG00000197233
OR1J4	9	122519141	122520082	+	ENSG00000239590
OR1N1	9	122526358	122527293	-	ENSG00000171505
OR1N2	9	122553112	122554214	+	ENSG00000171501
OR1L8	9	122567117	122583384	-	ENSG00000171496
OR1Q1	9	122614738	122615682	+	ENSG00000165202
OR1B1	9	122628125	122657627	-	ENSG00000280094
OR1L1	9	122661566	122662648	+	ENSG00000173679
OR1L3	9	122675130	122676104	+	ENSG00000171481
OR1L4	9	122723990	122724925	+	ENSG00000136939
OR1L6	9	122742303	122750783	+	ENSG00000171459
OR5C1	9	122788933	122789895	+	ENSG00000148215
PDCL	9	122798389	122828604	-	ENSG00000136940
OR1K1	9	122800123	122801073	+	ENSG00000165204
RC3H2	9	122844556	122905513	-	ENSG00000056586
ZBTB6	9	122908053	122913323	-	ENSG00000186130
ZBTB26	9	122915566	122931565	-	ENSG00000171448
RABGAP1	9	122940833	123104869	+	ENSG00000011454
GPR21	9	123033667	123035665	+	ENSG00000188394
STRBP	9	123109500	123269102	-	ENSG00000165209
CRB2	9	123356170	123380324	+	ENSG00000148204
DENND1A	9	123379648	123930152	-	ENSG00000119522
LHX2	9	124001670	124033301	+	ENSG00000106689
NEK6	9	124257606	124353307	+	ENSG00000119408
PSMB7	9	124352999	124415476	-	ENSG00000136930
ADGRD2	9	124450451	124478589	+	ENSG00000180264
NR5A1	9	124481231	124507444	-	ENSG00000136931
NR6A1	9	124517275	124771311	-	ENSG00000148200
OLFML2A	9	124777122	124814885	+	ENSG00000185585
WDR38	9	124853266	124859132	+	ENSG00000136918
RPL35	9	124857873	124862017	-	ENSG00000136942
ARPC5L	9	124862130	124877733	+	ENSG00000136950
GOLGA1	9	124878275	124948492	-	ENSG00000136935
SCAI	9	124942608	125143528	-	ENSG00000173611
PPP6C	9	125146573	125189939	-	ENSG00000119414
RABEPK	9	125200538	125234161	+	ENSG00000136933
HSPA5	9	125234853	125241382	-	ENSG00000044574
GAPVD1	9	125261780	125367207	+	ENSG00000165219
MAPKAP1	9	125437393	125707266	-	ENSG00000119487
PBX3	9	125746737	125967377	+	ENSG00000167081
MVB12B	9	126326815	126507041	+	ENSG00000196814
LMX1B	9	126613928	126701032	+	ENSG00000136944
ZBTB43	9	126804988	126838210	+	ENSG00000169155
ZBTB34	9	126860632	126885878	+	ENSG00000177125
RALGPS1	9	126914774	127223166	+	ENSG00000136828
ANGPTL2	9	127087348	127122645	-	ENSG00000136859
GARNL3	9	127224265	127393660	+	ENSG00000136895
SLC2A8	9	127397138	127408424	+	ENSG00000136856
ZNF79	9	127424374	127449728	+	ENSG00000196152
RPL12	9	127447422	127451446	-	ENSG00000197958
LRSAM1	9	127451469	127503503	+	ENSG00000148356
NIBAN2	9	127505339	127578989	-	ENSG00000136830
STXBP1	9	127579370	127696027	+	ENSG00000136854
PTRH1	9	127690348	127724873	-	ENSG00000187024
CFAP157	9	127706988	127716002	+	ENSG00000160401
TTC16	9	127716079	127731590	+	ENSG00000167094
TOR2A	9	127731516	127735355	-	ENSG00000160404
SH2D3C	9	127738317	127778727	-	ENSG00000095370
CDK9	9	127785679	127790792	+	ENSG00000136807
FPGS	9	127794597	127814494	+	ENSG00000136877
ENG	9	127811130	127855232	-	ENSG00000106991
AK1	9	127866486	127878558	-	ENSG00000106992
ST6GALNAC6	9	127885321	127906616	-	ENSG00000160408
ST6GALNAC4	9	127907876	127917055	-	ENSG00000136840
PIP5KL1	9	127920881	127930785	-	ENSG00000167103
DPM2	9	127935090	127937866	-	ENSG00000136908
EEIG1	9	127940582	127981068	-	ENSG00000167106
NAIF1	9	128061233	128068206	-	ENSG00000171169
SLC25A25	9	128068169	128109245	+	ENSG00000148339
PTGES2	9	128120693	128128462	-	ENSG00000148334
LCN2	9	128149071	128153453	+	ENSG00000148346
BBLN	9	128160265	128163924	+	ENSG00000171159
CIZ1	9	128161251	128204482	-	ENSG00000148337
DNM1	9	128191655	128255248	+	ENSG00000106976
GOLGA2	9	128255829	128276026	-	ENSG00000167110
SWI5	9	128275379	128316123	+	ENSG00000175854
TRUB2	9	128305159	128322741	-	ENSG00000167112
COQ4	9	128322515	128334072	+	ENSG00000167113
SLC27A4	9	128340506	128363283	+	ENSG00000167114
URM1	9	128371349	128392016	+	ENSG00000167118
CERCAM	9	128411751	128437351	+	ENSG00000167123
ODF2	9	128455186	128501292	+	ENSG00000136811
GLE1	9	128504655	128543874	+	ENSG00000119392
SPTAN1	9	128552558	128633663	+	ENSG00000197694
DYNC2I2	9	128633646	128656847	-	ENSG00000119333
SET	9	128683424	128696400	+	ENSG00000119335
PKN3	9	128702499	128720924	+	ENSG00000160447
ZDHHC12	9	128720864	128724137	-	ENSG00000160446
ZER1	9	128729785	128772414	-	ENSG00000160445
TBC1D13	9	128787233	128810432	+	ENSG00000107021
ENDOG	9	128818461	128822676	+	ENSG00000167136
SPOUT1	9	128819651	128829815	-	ENSG00000198917
LRRC8A	9	128882133	128918042	+	ENSG00000136802
PHYHD1	9	128920966	128942042	+	ENSG00000175287
DOLK	9	128945530	128947603	-	ENSG00000175283
NUP188	9	128947683	129007835	+	ENSG00000095319
SH3GLB2	9	129007036	129028369	-	ENSG00000148341
MIGA2	9	129036614	129072087	+	ENSG00000148343
DOLPP1	9	129081100	129090438	+	ENSG00000167130
CRAT	9	129094142	129111313	-	ENSG00000095321
PTPA	9	129110550	129148946	+	ENSG00000119383
IER5L	9	129175552	129178261	-	ENSG00000188483
NTMT1	9	129606704	129636744	+	ENSG00000148335
C9orf50	9	129612225	129621101	-	ENSG00000179058
ASB6	9	129634602	129642169	-	ENSG00000148331
PRRX2	9	129665630	129722674	+	ENSG00000167157
PTGES	9	129738331	129753042	-	ENSG00000148344
TOR1B	9	129803157	129811281	+	ENSG00000136816
TOR1A	9	129812942	129824244	-	ENSG00000136827
C9orf78	9	129827194	129835863	-	ENSG00000136819
USP20	9	129834698	129881842	+	ENSG00000136878
FNBP1	9	129887179	130043238	-	ENSG00000187239
GPR107	9	130053426	130140169	+	ENSG00000148358
NCS1	9	130172347	130237303	+	ENSG00000107130
HMCN2	9	130265760	130434123	+	ENSG00000148357
ASS1	9	130443282	130502361	+	ENSG00000130707
FUBP3	9	130578965	130638354	+	ENSG00000107164
PRDM12	9	130664594	130682986	+	ENSG00000130711
EXOSC2	9	130693721	130707288	+	ENSG00000130713
ABL1	9	130713043	130887675	+	ENSG00000097007
QRFP	9	130892707	130896812	-	ENSG00000188710
FIBCD1	9	130900194	130941232	-	ENSG00000130720
LAMC3	9	131009149	131094473	+	ENSG00000050555
AIF1L	9	131096476	131123152	+	ENSG00000126878
NUP214	9	131124868	131234667	+	ENSG00000126883
FAM78A	9	131258076	131277365	-	ENSG00000126882
PLPP7	9	131289459	131359022	+	ENSG00000160539
PRRC2B	9	131373636	131500197	+	ENSG00000288701
POMT1	9	131502789	131523806	+	ENSG00000130714
UCK1	9	131523786	131531280	-	ENSG00000130717
PRRT1B	9	131545520	131560618	+	ENSG00000283526
RAPGEF1	9	131576758	131740117	-	ENSG00000107263
MED27	9	131852928	132079875	-	ENSG00000160563
NTNG2	9	132161020	132244528	+	ENSG00000196358
SETX	9	132261356	132355048	-	ENSG00000107290
TTF1	9	132375548	132406851	-	ENSG00000125482
CFAP77	9	132410043	132573319	+	ENSG00000188523
BARHL1	9	132582606	132590252	+	ENSG00000125492
DDX31	9	132592787	132670401	-	ENSG00000125485
GTF3C4	9	132670035	132694953	+	ENSG00000125484
AK8	9	132725573	132878777	-	ENSG00000165695
SPACA9	9	132878027	132890201	+	ENSG00000165698
TSC1	9	132891348	132946874	-	ENSG00000165699
GFI1B	9	132944000	132991687	+	ENSG00000165702
GTF3C5	9	133030675	133058503	+	ENSG00000148308
CEL	9	133061981	133071861	+	ENSG00000170835
RALGDS	9	133097719	133149334	-	ENSG00000160271
GBGT1	9	133152938	133164245	-	ENSG00000148288
OBP2B	9	133205277	133209250	-	ENSG00000171102
ABO	9	133233278	133276024	-	ENSG00000175164
SURF6	9	133328776	133336189	-	ENSG00000148296
MED22	9	133338312	133348134	-	ENSG00000148297
RPL7A	9	133348194	133351435	+	ENSG00000148303
SURF1	9	133351758	133356676	-	ENSG00000148290
SURF2	9	133356545	133362215	+	ENSG00000148291
SURF4	9	133361450	133376166	-	ENSG00000148248
STKLD1	9	133376366	133406096	+	ENSG00000198870
REXO4	9	133406059	133418096	-	ENSG00000148300
ADAMTS13	9	133414358	133459402	+	ENSG00000160323
CACFD1	9	133459965	133470848	+	ENSG00000160325
SLC2A6	9	133471088	133479148	-	ENSG00000160326
MYMK	9	133514586	133528612	-	ENSG00000187616
ADAMTSL2	9	133532164	133575522	+	ENSG00000197859
FAM163B	9	133577076	133609418	-	ENSG00000196990
DBH	9	133636314	133659329	+	ENSG00000123454
SARDH	9	133663528	133739976	-	ENSG00000123453
VAV2	9	133761892	133992854	-	ENSG00000160293
BRD3OS	9	134025429	134034666	+	ENSG00000235106
BRD3	9	134030305	134068555	-	ENSG00000169925
WDR5	9	134134346	134159971	+	ENSG00000196363
RXRA	9	134317098	134440585	+	ENSG00000186350
COL5A1	9	134641803	134844843	+	ENSG00000130635
FCN2	9	134880714	134890508	+	ENSG00000160339
FCN1	9	134903232	134917954	-	ENSG00000085265
OLFM1	9	135075422	135121180	+	ENSG00000130558
PPP1R26	9	135479073	135488897	+	ENSG00000196422
PIERCE1	9	135495180	135501734	-	ENSG00000160345
MRPS2	9	135499984	135504673	+	ENSG00000122140
LCN1	9	135521438	135526540	+	ENSG00000160349
OBP2A	9	135545504	135549969	+	ENSG00000122136
PAEP	9	135561756	135566955	+	ENSG00000122133
GLT6D1	9	135623648	135641216	-	ENSG00000204007
LCN9	9	135663309	135666961	+	ENSG00000148386
SOHLH1	9	135693407	135704498	-	ENSG00000165643
KCNT1	9	135702185	135795508	+	ENSG00000107147
CAMSAP1	9	135808487	135907546	-	ENSG00000130559
UBAC1	9	135932403	135961387	-	ENSG00000130560
NACC2	9	136006537	136095289	-	ENSG00000148411
TMEM250	9	136114580	136118946	-	ENSG00000238227
LHX3	9	136196250	136205128	-	ENSG00000107187
QSOX2	9	136206333	136245812	-	ENSG00000165661
CCDC187	9	136249973	136306901	-	ENSG00000260220
GPSM1	9	136327476	136359605	+	ENSG00000160360
DNLZ	9	136359480	136363744	-	ENSG00000213221
CARD9	9	136363956	136373683	-	ENSG00000187796
SNAPC4	9	136375567	136400176	-	ENSG00000165684
ENTR1	9	136401922	136410614	-	ENSG00000165689
PMPCA	9	136410630	136427992	+	ENSG00000165688
INPP5E	9	136428618	136439882	-	ENSG00000148384
SEC16A	9	136440096	136483843	-	ENSG00000148396
NOTCH1	9	136494433	136546048	-	ENSG00000148400
EGFL7	9	136658284	136672679	+	ENSG00000172889
AGPAT2	9	136673142	136687457	-	ENSG00000169692
DIPK1B	9	136712468	136724742	+	ENSG00000165716
LCN10	9	136738167	136743356	-	ENSG00000187922
LCN6	9	136744017	136748525	-	ENSG00000267206
LCN8	9	136754386	136758543	-	ENSG00000204001
LCN15	9	136759634	136766255	-	ENSG00000177984
TMEM141	9	136791303	136793317	+	ENSG00000244187
CCDC183	9	136796338	136807741	+	ENSG00000213213
RABL6	9	136807927	136841187	+	ENSG00000196642
AJM1	9	136842478	136848801	+	ENSG00000232434
PHPT1	9	136848724	136851039	+	ENSG00000054148
MAMDC4	9	136850943	136860802	+	ENSG00000177943
EDF1	9	136862115	136866312	-	ENSG00000107223
TRAF2	9	136881903	136929221	+	ENSG00000127191
FBXW5	9	136940435	136944762	-	ENSG00000159069
C8G	9	136944870	136946980	+	ENSG00000176919
LCN12	9	136949551	136955497	+	ENSG00000184925
PTGDS	9	136975053	136981750	+	ENSG00000107317
LCNL1	9	136981904	136986410	+	ENSG00000214402
PAXX	9	136992403	136994074	+	ENSG00000310560
CLIC3	9	136994608	136996568	-	ENSG00000169583
ABCA2	9	137007234	137028915	-	ENSG00000107331
FUT7	9	137030174	137032825	-	ENSG00000180549
NPDC1	9	137039459	137046695	-	ENSG00000107281
ENTPD2	9	137048107	137054061	-	ENSG00000054179
SAPCD2	9	137062127	137070593	-	ENSG00000186193
UAP1L1	9	137077483	137084542	+	ENSG00000197355
MAN1B1	9	137086857	137109189	+	ENSG00000177239
DPP7	9	137110540	137118309	-	ENSG00000176978
GRIN1	9	137138346	137168756	+	ENSG00000176884
LRRC26	9	137168758	137170051	-	ENSG00000184709
TMEM210	9	137170858	137172056	-	ENSG00000185863
ANAPC2	9	137174784	137189028	-	ENSG00000176248
SSNA1	9	137188657	137190370	+	ENSG00000176101
TPRN	9	137191617	137204193	-	ENSG00000176058
TMEM203	9	137204082	137205648	-	ENSG00000187713
NDOR1	9	137205667	137219361	+	ENSG00000188566
RNF208	9	137220246	137222290	-	ENSG00000212864
CYSRT1	9	137225174	137226315	+	ENSG00000197191
RNF224	9	137226908	137229640	+	ENSG00000233198
SLC34A3	9	137230757	137236555	+	ENSG00000198569
TUBB4B	9	137241287	137243707	+	ENSG00000188229
CIMIP2A	9	137243584	137247770	-	ENSG00000188163
STPG3	9	137250608	137253483	+	ENSG00000197768
NELFB	9	137255327	137273542	+	ENSG00000188986
TOR4A	9	137274854	137282641	+	ENSG00000198113
NRARP	9	137299631	137302271	-	ENSG00000198435
EXD3	9	137306894	137423260	-	ENSG00000187609
NOXA1	9	137423350	137434451	+	ENSG00000188747
ENTPD8	9	137434362	137441881	-	ENSG00000188833
NSMF	9	137447570	137459576	-	ENSG00000165802
PNPLA7	9	137459952	137550431	-	ENSG00000130653
MRPL41	9	137551879	137552555	+	ENSG00000182154
DPH7	9	137554444	137578925	-	ENSG00000148399
ZMYND19	9	137582081	137590512	-	ENSG00000165724
ARRDC1	9	137605619	137616227	+	ENSG00000197070
EHMT1	9	137618977	137870016	+	ENSG00000181090
CACNA1B	9	137877782	138124624	+	ENSG00000148408
MAFIP	GL000194.1	53594	115055	-	ENSG00000274847
MT-ND1	MT	3307	4262	+	ENSG00000198888
MT-ND2	MT	4470	5511	+	ENSG00000198763
MT-CO1	MT	5904	7445	+	ENSG00000198804
MT-CO2	MT	7586	8269	+	ENSG00000198712
MT-ATP8	MT	8366	8572	+	ENSG00000228253
MT-ATP6	MT	8527	9207	+	ENSG00000198899
MT-CO3	MT	9207	9990	+	ENSG00000198938
MT-ND3	MT	10059	10404	+	ENSG00000198840
MT-ND4L	MT	10470	10766	+	ENSG00000212907
MT-ND4	MT	10760	12137	+	ENSG00000198886
MT-ND5	MT	12337	14148	+	ENSG00000198786
MT-ND6	MT	14149	14673	-	ENSG00000198695
MT-CYB	MT	14747	15887	+	ENSG00000198727
XG	X	2752040	2816500	+	ENSG00000124343
GYG2	X	2828571	2890109	+	ENSG00000056998
ARSD	X	2903972	2929405	-	ENSG00000006756
ARSL	X	2934045	2968475	-	ENSG00000157399
ARSH	X	3006546	3034111	+	ENSG00000205667
ARSF	X	3040235	3112822	+	ENSG00000062096
MXRA5	X	3308565	3346652	-	ENSG00000101825
PRKX	X	3604340	3713649	-	ENSG00000183943
NLGN4X	X	5840637	6228867	-	ENSG00000146938
VCX3A	X	6533618	6535118	-	ENSG00000169059
PUDP	X	6667865	7148165	-	ENSG00000130021
STS	X	7147237	7804358	+	ENSG00000101846
VCX	X	7842262	7844143	+	ENSG00000182583
PNPLA4	X	7898247	7927739	-	ENSG00000006757
VCX2	X	8169944	8171267	-	ENSG00000177504
VCX3B	X	8464830	8466510	+	ENSG00000205642
ANOS1	X	8528874	8732195	-	ENSG00000011201
FAM9A	X	8790795	8801383	-	ENSG00000183304
FAM9B	X	9024232	9295682	-	ENSG00000177138
TBL1X	X	9463258	9741037	+	ENSG00000101849
GPR143	X	9724039	9786297	-	ENSG00000101850
SHROOM2	X	9786429	9949443	+	ENSG00000146950
CLDN34	X	9961424	9968352	+	ENSG00000234469
WWC3	X	10015254	10144474	+	ENSG00000047644
CLCN4	X	10156943	10237660	+	ENSG00000073464
MID1	X	10445310	10833654	-	ENSG00000101871
HCCS	X	11111299	11123086	+	ENSG00000004961
ARHGAP6	X	11117651	11665920	-	ENSG00000047648
AMELX	X	11293413	11300761	+	ENSG00000125363
MSL3	X	11758159	11775772	+	ENSG00000005302
FRMPD4	X	11822423	12724523	+	ENSG00000169933
PRPS2	X	12791355	12824223	+	ENSG00000101911
TLR7	X	12867072	12890361	+	ENSG00000196664
TLR8	X	12906620	12923169	+	ENSG00000101916
TMSB4X	X	12975107	12977227	+	ENSG00000205542
FAM9C	X	13035617	13044682	-	ENSG00000187268
ATXN3L	X	13318647	13320053	-	ENSG00000123594
EGFL6	X	13569601	13633575	+	ENSG00000198759
TCEANC	X	13653078	13681964	+	ENSG00000176896
RAB9A	X	13689122	13710504	+	ENSG00000123595
TRAPPC2	X	13712244	13734635	-	ENSG00000196459
OFD1	X	13734675	13777955	+	ENSG00000046651
GPM6B	X	13770939	13938638	-	ENSG00000046653
GEMIN8	X	13998099	14029928	-	ENSG00000046647
GLRA2	X	14529298	14731812	+	ENSG00000101958
FANCB	X	14690388	14873255	-	ENSG00000181544
MOSPD2	X	14873421	14922327	+	ENSG00000130150
ASB9	X	15235288	15270467	-	ENSG00000102048
ASB11	X	15281697	15315640	-	ENSG00000165192
PIGA	X	15319452	15335554	-	ENSG00000165195
VEGFD	X	15345594	15384509	-	ENSG00000165197
PIR	X	15384799	15493635	-	ENSG00000087842
BMX	X	15464246	15556529	+	ENSG00000102010
ACE2	X	15494566	15607236	-	ENSG00000130234
CLTRN	X	15627085	15675377	-	ENSG00000147003
CA5B	X	15688830	15788411	+	ENSG00000169239
ZRSR2	X	15790106	15830694	+	ENSG00000169249
AP1S2	X	15825806	15854931	-	ENSG00000182287
GRPR	X	16123565	16153518	+	ENSG00000126010
MAGEB17	X	16167481	16171464	+	ENSG00000182798
CTPS2	X	16587950	16712976	-	ENSG00000047230
S100G	X	16650158	16654670	+	ENSG00000169906
SYAP1	X	16719545	16765340	+	ENSG00000169895
TXLNG	X	16786432	16844519	+	ENSG00000086712
RBBP7	X	16839283	16870372	-	ENSG00000102054
REPS2	X	16946658	17153272	+	ENSG00000169891
NHS	X	17375200	17735994	+	ENSG00000188158
SCML1	X	17737115	17754988	+	ENSG00000047634
RAI2	X	17799788	17861337	-	ENSG00000131831
BEND2	X	18162931	18220886	-	ENSG00000177324
SCML2	X	18239307	18355149	-	ENSG00000102098
CDKL5	X	18425583	18653629	+	ENSG00000008086
RS1	X	18639688	18672108	-	ENSG00000102104
PPEF1	X	18675909	18827921	+	ENSG00000086717
PHKA2	X	18892298	18984988	-	ENSG00000044446
ADGRG2	X	18989307	19122956	-	ENSG00000173698
PDHA1	X	19343893	19361718	+	ENSG00000131828
MAP3K15	X	19360056	19515508	-	ENSG00000180815
SH3KBP1	X	19533977	19887650	-	ENSG00000147010
BCLAF3	X	19912860	19991097	-	ENSG00000173681
MAP7D2	X	20006713	20117065	-	ENSG00000184368
EIF1AX	X	20124525	20141982	-	ENSG00000173674
RPS6KA3	X	20149911	20267519	-	ENSG00000177189
CNKSR2	X	21372801	21654695	+	ENSG00000149970
KLHL34	X	21654690	21658330	-	ENSG00000185915
SMPX	X	21705978	21758176	-	ENSG00000091482
MBTPS2	X	21839610	21885423	+	ENSG00000012174
YY2	X	21855987	21858740	+	ENSG00000230797
SMS	X	21940709	21994837	+	ENSG00000102172
PHEX	X	22032325	22494713	+	ENSG00000102174
CBLL2	X	22272913	22274461	+	ENSG00000175809
DDX53	X	22999960	23003589	+	ENSG00000184735
PTCHD1	X	23334318	23404374	+	ENSG00000165186
PRDX4	X	23664262	23686399	+	ENSG00000123131
ACOT9	X	23699396	23766475	-	ENSG00000123130
SAT1	X	23783173	23786210	+	ENSG00000130066
APOO	X	23833353	23908070	-	ENSG00000184831
CXorf58	X	23907807	23939509	+	ENSG00000165182
KLHL15	X	23983716	24027186	-	ENSG00000174010
EIF2S3	X	24054911	24078810	+	ENSG00000130741
ZFX	X	24148976	24216255	+	ENSG00000005889
SUPT20HL2	X	24308210	24314069	-	ENSG00000223611
SUPT20HL1	X	24360639	24367839	+	ENSG00000223731
PDK3	X	24465244	24550466	+	ENSG00000067992
PCYT1B	X	24558087	24672677	-	ENSG00000102230
POLA1	X	24693864	24996986	+	ENSG00000101868
ARX	X	25003694	25016420	-	ENSG00000004848
MAGEB18	X	26138343	26140736	+	ENSG00000176774
MAGEB6B	X	26160601	26162410	+	ENSG00000232030
MAGEB6	X	26192440	26195646	+	ENSG00000176746
MAGEB5	X	26216169	26218270	+	ENSG00000188408
PPP4R3C	X	27460207	27463341	-	ENSG00000224960
DCAF8L2	X	27590281	27749942	+	ENSG00000189186
MAGEB10	X	27807990	27823014	+	ENSG00000177689
DCAF8L1	X	27977992	27981449	-	ENSG00000226372
IL1RAPL1	X	28587446	29956718	+	ENSG00000169306
MAGEB2	X	30215563	30220089	+	ENSG00000099399
MAGEB3	X	30230657	30237495	+	ENSG00000198798
MAGEB4	X	30242000	30244187	+	ENSG00000120289
MAGEB1	X	30243715	30252041	+	ENSG00000214107
NR0B1	X	30304206	30309390	-	ENSG00000169297
TASL	X	30557707	30577766	-	ENSG00000120280
GK	X	30653359	30731462	+	ENSG00000198814
TAB3	X	30827442	30975084	-	ENSG00000157625
FTHL17	X	31071233	31072041	-	ENSG00000132446
DMD	X	31097677	33339609	-	ENSG00000198947
FAM47A	X	34129752	34132314	-	ENSG00000185448
TMEM47	X	34627075	34657285	-	ENSG00000147027
FAM47B	X	34942796	34944915	+	ENSG00000189132
MAGEB16	X	35798342	35803772	+	ENSG00000189023
CFAP47	X	35919734	36385317	+	ENSG00000165164
H2AL1Q	X	36719829	36720573	+	ENSG00000249467
FAM47C	X	37008366	37011664	+	ENSG00000198173
PRRG1	X	37349309	37492702	+	ENSG00000130962
LANCL3	X	37571569	37684463	+	ENSG00000147036
XK	X	37685791	37732130	+	ENSG00000047597
CYBB	X	37780018	37816994	+	ENSG00000165168
DYNLT3	X	37836757	37847571	-	ENSG00000165169
H2AP	X	37990779	37991314	+	ENSG00000187516
H2AL3	X	37994272	37994904	+	ENSG00000229674
SYTL5	X	38006515	38128819	+	ENSG00000147041
SRPX	X	38149336	38220941	-	ENSG00000101955
RPGR	X	38269163	38327544	-	ENSG00000156313
OTC	X	38327598	38424632	+	ENSG00000036473
TSPAN7	X	38561498	38689249	+	ENSG00000156298
MID1IP1	X	38801417	38806537	+	ENSG00000165175
BCOR	X	40049815	40177329	-	ENSG00000183337
ATP6AP2	X	40579372	40606848	+	ENSG00000182220
MPC1L	X	40623428	40624136	+	ENSG00000238205
CXorf38	X	40626921	40647569	-	ENSG00000185753
MED14	X	40648305	40735877	-	ENSG00000180182
USP9X	X	41085431	41236579	+	ENSG00000124486
DDX3X	X	41333348	41364472	+	ENSG00000215301
NYX	X	41445383	41475710	+	ENSG00000188937
CASK	X	41514934	41923660	-	ENSG00000147044
GPR34	X	41688973	41698371	+	ENSG00000171659
GPR82	X	41724181	41730130	+	ENSG00000171657
PPP1R2C	X	42777366	42778163	-	ENSG00000102055
MAOA	X	43654907	43746821	+	ENSG00000189221
MAOB	X	43766400	43882559	-	ENSG00000069535
NDP	X	43948772	43973395	-	ENSG00000124479
EFHC2	X	44146255	44343850	-	ENSG00000183690
FUNDC1	X	44523639	44542972	-	ENSG00000069509
DUSP21	X	44844021	44844888	+	ENSG00000189037
KDM6A	X	44873130	45112779	+	ENSG00000147050
DIPK2B	X	45148373	45200963	-	ENSG00000147113
KRBOX4	X	46447255	46497422	+	ENSG00000147121
ZNF674	X	46497725	46545457	-	ENSG00000251192
CHST7	X	46573391	46598496	+	ENSG00000147119
SLC9A7	X	46599251	46759193	-	ENSG00000065923
RP2	X	46836928	46889240	+	ENSG00000102218
JADE3	X	46912276	47061242	+	ENSG00000102221
RGN	X	47078190	47094419	+	ENSG00000130988
NDUFB11	X	47142071	47145466	-	ENSG00000147123
RBM10	X	47144284	47186814	+	ENSG00000182872
UBA1	X	47190713	47215173	+	ENSG00000130985
CDK16	X	47217860	47230000	+	ENSG00000102225
USP11	X	47232866	47248328	+	ENSG00000102226
ZNF157	X	47370578	47414498	+	ENSG00000147117
ZNF41	X	47444693	47483247	-	ENSG00000147124
ARAF	X	47561182	47571921	+	ENSG00000078061
SYN1	X	47571901	47619858	-	ENSG00000008056
TIMP1	X	47582408	47586789	+	ENSG00000102265
CFP	X	47621537	47630305	-	ENSG00000126759
ELK1	X	47631621	47650604	-	ENSG00000126767
UXT	X	47651792	47659187	-	ENSG00000126756
ZNF81	X	47836471	48002561	+	ENSG00000197779
ZNF182	X	47974851	48004375	-	ENSG00000147118
ZNF630	X	47983356	48071893	-	ENSG00000221994
SPACA5	X	48004336	48009733	+	ENSG00000171489
SPACA5B	X	48130626	48132620	+	ENSG00000171478
SSX5	X	48186220	48196795	-	ENSG00000165583
SSX1	X	48255392	48267444	+	ENSG00000126752
SSX3	X	48346427	48356707	-	ENSG00000165584
SSX4	X	48383516	48393347	+	ENSG00000268009
SSX4B	X	48402082	48411960	-	ENSG00000269791
SLC38A5	X	48458537	48470554	-	ENSG00000017483
FTSJ1	X	48476021	48486364	+	ENSG00000068438
PORCN	X	48508574	48520814	+	ENSG00000102312
EBP	X	48521089	48528716	+	ENSG00000147155
TBC1D25	X	48539684	48562609	+	ENSG00000068354
RBM3	X	48574056	48581162	+	ENSG00000102317
WDR13	X	48589838	48608869	+	ENSG00000101940
WAS	X	48676593	48691431	+	ENSG00000015285
SUV39H1	X	48695554	48709016	+	ENSG00000101945
GLOD5	X	48761747	48773648	+	ENSG00000171433
GATA1	X	48786540	48794311	+	ENSG00000102145
HDAC6	X	48801377	48824986	+	ENSG00000094631
ERAS	X	48826513	48830138	+	ENSG00000187682
PCSK1N	X	48831088	48835632	-	ENSG00000102109
PQBP1	X	48890197	48903640	+	ENSG00000102103
TIMM17B	X	48893447	48898143	-	ENSG00000126768
SLC35A2	X	48903180	48911958	-	ENSG00000102100
PIM2	X	48913182	48919024	-	ENSG00000102096
OTUD5	X	48922024	48958386	-	ENSG00000068308
KCND1	X	48960982	48971866	-	ENSG00000102057
GRIPAP1	X	48973719	49002265	-	ENSG00000068400
TFE3	X	49028726	49043476	-	ENSG00000068323
CCDC120	X	49053572	49069857	+	ENSG00000147144
PRAF2	X	49071161	49074017	-	ENSG00000243279
WDR45	X	49074433	49101203	-	ENSG00000196998
GPKOW	X	49113396	49123746	-	ENSG00000068394
MAGIX	X	49162564	49168774	+	ENSG00000269313
PLP2	X	49171787	49175235	+	ENSG00000102007
PRICKLE3	X	49174802	49186528	-	ENSG00000012211
SYP	X	49187807	49200218	-	ENSG00000102003
CACNA1F	X	49205063	49233371	-	ENSG00000102001
CCDC22	X	49235444	49250526	+	ENSG00000101997
FOXP3	X	49250436	49264800	-	ENSG00000049768
PPP1R3F	X	49269793	49301461	+	ENSG00000049769
GAGE10	X	49303646	49319841	+	ENSG00000215274
GAGE12J	X	49322037	49329384	+	ENSG00000224659
GAGE13	X	49331582	49338949	+	ENSG00000274274
GAGE2E	X	49341192	49345922	+	ENSG00000275113
GAGE12B	X	49529869	49529985	+	ENSG00000236737
GAGE12C	X	49532177	49539539	+	ENSG00000237671
GAGE12D	X	49541733	49549094	+	ENSG00000227488
GAGE12F	X	49551278	49568218	+	ENSG00000236362
GAGE12E	X	49551289	49558645	+	ENSG00000216649
GAGE12G	X	49570400	49577754	+	ENSG00000215269
GAGE12H	X	49579949	49587301	+	ENSG00000224902
GAGE2A	X	49589496	49596827	+	ENSG00000189064
GAGE1	X	49599020	49608538	+	ENSG00000205777
PAGE1	X	49687447	49695984	-	ENSG00000068985
PAGE4	X	49793653	49834264	+	ENSG00000101951
USP27X	X	49879484	49882558	+	ENSG00000273820
CLCN5	X	49922596	50099235	+	ENSG00000171365
AKAP4	X	50190777	50201007	-	ENSG00000147081
CCNB3	X	50202713	50351914	+	ENSG00000147082
DGKK	X	50365405	50470850	-	ENSG00000274588
SHROOM4	X	50586796	50814302	-	ENSG00000158352
BMP15	X	50910735	50916641	+	ENSG00000130385
NUDT10	X	51332231	51337525	+	ENSG00000122824
EZHIP	X	51406948	51408843	+	ENSG00000187690
NUDT11	X	51490011	51496592	-	ENSG00000196368
CENPVL3	X	51617020	51618912	-	ENSG00000224109
CENPVL2	X	51681212	51682831	-	ENSG00000283093
CENPVL1	X	51710512	51712131	+	ENSG00000223591
GSPT2	X	51743442	51746232	+	ENSG00000189369
MAGED1	X	51803007	51902357	+	ENSG00000179222
MAGED4B	X	52061827	52069272	-	ENSG00000187243
MAGED4	X	52184767	52192268	+	ENSG00000154545
XAGE2	X	52368577	52375680	+	ENSG00000155622
XAGE1A	X	52495808	52500812	+	ENSG00000204379
XAGE1B	X	52512077	52520803	-	ENSG00000204382
SSX7	X	52644061	52654900	-	ENSG00000187754
SSX2	X	52696896	52707178	-	ENSG00000241476
SSX2B	X	52751132	52790305	+	ENSG00000268447
SPANXN5	X	52796144	52797427	-	ENSG00000204363
XAGE5	X	52811287	52818301	+	ENSG00000171405
XAGE3	X	52862525	52868083	-	ENSG00000171402
FAM156B	X	52891306	52908560	+	ENSG00000179304
FAM156A	X	52926402	52995564	-	ENSG00000268350
GPR173	X	53048789	53080615	+	ENSG00000184194
TSPYL2	X	53082326	53088541	+	ENSG00000184205
KANTR	X	53094142	53170914	+	ENSG00000232593
KDM5C	X	53176277	53225422	-	ENSG00000126012
IQSEC2	X	53225828	53321350	-	ENSG00000124313
SMC1A	X	53374149	53422728	-	ENSG00000072501
RIBC1	X	53421951	53431624	+	ENSG00000158423
HSD17B10	X	53431258	53434371	-	ENSG00000072506
HUWE1	X	53532096	53686752	-	ENSG00000086758
PHF8	X	53936676	54048958	-	ENSG00000172943
FAM120C	X	54068324	54183281	-	ENSG00000184083
WNK3	X	54192823	54358642	-	ENSG00000196632
TSR2	X	54440402	54448032	+	ENSG00000158526
FGD1	X	54445454	54496234	-	ENSG00000102302
GNL3L	X	54529900	54621565	+	ENSG00000130119
ITIH6	X	54748918	54798255	-	ENSG00000102313
MAGED2	X	54807599	54816015	+	ENSG00000102316
TRO	X	54920462	54931436	+	ENSG00000067445
PFKFB1	X	54931434	54998534	-	ENSG00000158571
APEX2	X	55000331	55009057	+	ENSG00000169188
ALAS2	X	55009055	55030986	-	ENSG00000158578
PAGE2B	X	55075030	55078909	+	ENSG00000238269
PAGE2	X	55089018	55092842	+	ENSG00000234068
VCF2	X	55143102	55161310	-	ENSG00000182518
PAGE5	X	55220346	55224108	+	ENSG00000158639
PAGE3	X	55258415	55264916	-	ENSG00000204279
MAGEH1	X	55452127	55453566	+	ENSG00000187601
USP51	X	55484616	55489874	-	ENSG00000247746
FOXR2	X	55623400	55626192	+	ENSG00000189299
RRAGB	X	55717743	55758774	+	ENSG00000083750
KLF8	X	56232356	56291531	+	ENSG00000102349
UBQLN2	X	56563627	56567868	+	ENSG00000188021
NBDY	X	56729219	56819179	+	ENSG00000204272
SPIN3	X	56818298	56995827	-	ENSG00000204271
SPIN2B	X	57118551	57121840	-	ENSG00000186787
SPIN2A	X	57134530	57137679	-	ENSG00000147059
FAAH2	X	57286632	57490641	+	ENSG00000165591
ZXDB	X	57592011	57597477	+	ENSG00000198455
NLRP2B	X	57677067	57680260	-	ENSG00000215174
ZXDA	X	57905430	57910458	-	ENSG00000198205
SPIN4	X	63347228	63351332	-	ENSG00000186767
ARHGEF9	X	63634967	63809274	-	ENSG00000131089
AMER1	X	64185117	64205708	-	ENSG00000184675
ASB12	X	64224194	64230607	-	ENSG00000198881
MTMR8	X	64268081	64395452	-	ENSG00000102043
ZC4H2	X	64915802	65034713	-	ENSG00000126970
ZC3H12B	X	65034788	65507887	+	ENSG00000102053
LAS1L	X	65438549	65534818	-	ENSG00000001497
MSN	X	65588377	65741936	+	ENSG00000147065
VSIG4	X	66021738	66040125	-	ENSG00000155659
HEPH	X	66162483	66268910	+	ENSG00000089472
EDA2R	X	66594384	66639298	-	ENSG00000131080
AR	X	67543353	67730619	+	ENSG00000169083
OPHN1	X	67949349	68434120	-	ENSG00000079482
YIPF6	X	68498562	68537282	+	ENSG00000181704
STARD8	X	68647666	68725842	+	ENSG00000130052
EFNB1	X	68828992	68842160	+	ENSG00000090776
PJA1	X	69160721	69165521	-	ENSG00000181191
NALF2	X	69504326	69532508	+	ENSG00000130054
EDA	X	69616067	70039472	+	ENSG00000158813
AWAT2	X	70040542	70049988	-	ENSG00000147160
OTUD6A	X	70062457	70064179	+	ENSG00000189401
IGBP1	X	70133345	70166324	+	ENSG00000089289
DGAT2L6	X	70177483	70205704	+	ENSG00000184210
AWAT1	X	70234655	70240659	+	ENSG00000204195
P2RY4	X	70258166	70260204	-	ENSG00000186912
ARR3	X	70268305	70281840	+	ENSG00000120500
PDZD11	X	70281118	70290596	-	ENSG00000120509
RAB41	X	70282093	70285002	+	ENSG00000147127
KIF4A	X	70290067	70420886	+	ENSG00000090889
GDPD2	X	70423031	70433710	+	ENSG00000130055
DLG3	X	70444835	70505490	+	ENSG00000082458
TEX11	X	70528940	70908711	-	ENSG00000120498
SLC7A3	X	70925575	70931149	-	ENSG00000165349
SNX12	X	71056332	71073426	-	ENSG00000147164
FOXO4	X	71095851	71103535	+	ENSG00000184481
CXorf65	X	71103889	71106788	-	ENSG00000204165
IL2RG	X	71107404	71112108	-	ENSG00000147168
MED12	X	71118543	71144103	+	ENSG00000184634
NLGN3	X	71143286	71175255	+	ENSG00000196338
GJB1	X	71212811	71225519	+	ENSG00000169562
ZMYM3	X	71239617	71255269	-	ENSG00000147130
NONO	X	71254270	71301522	+	ENSG00000147140
ITGB1BP2	X	71301747	71305371	+	ENSG00000147166
TAF1	X	71366131	71532374	+	ENSG00000147133
OGT	X	71533083	71575892	+	ENSG00000147162
GCNA	X	71578437	71613584	+	ENSG00000147174
CXCR3	X	71615916	71618511	-	ENSG00000186810
CXorf49	X	71714371	71718285	-	ENSG00000215115
CXorf49B	X	71763349	71767204	+	ENSG00000215113
NHSL2	X	71910845	72161750	+	ENSG00000204131
RTL5	X	72127110	72131915	-	ENSG00000242732
PIN4	X	72181353	72302926	+	ENSG00000102309
ERCC6L	X	72204657	72239027	-	ENSG00000186871
RPS4X	X	72255679	72277312	-	ENSG00000198034
CITED1	X	72301638	72309652	-	ENSG00000125931
HDAC8	X	72329516	72573101	-	ENSG00000147099
PHKA1	X	72578814	72714327	-	ENSG00000067177
DMRTC1B	X	72776890	72848803	+	ENSG00000184911
FAM236B	X	72781865	72782660	-	ENSG00000268994
FAM236D	X	72807425	72808210	-	ENSG00000225396
DMRTC1	X	72872025	72943837	-	ENSG00000269502
FAM236C	X	72912615	72913401	+	ENSG00000283594
FAM236A	X	72938163	72938958	+	ENSG00000275520
PABPC1L2B	X	73002939	73006106	+	ENSG00000184388
PABPC1L2A	X	73077276	73079512	-	ENSG00000186288
NAP1L2	X	73212299	73215239	-	ENSG00000186462
CDX4	X	73447053	73455171	+	ENSG00000131264
CHIC1	X	73563197	73687111	+	ENSG00000204116
ZCCHC13	X	74304180	74305034	+	ENSG00000187969
SLC16A2	X	74421383	74533918	+	ENSG00000147100
RLIM	X	74582976	74614627	-	ENSG00000131263
NEXMIF	X	74732856	74925472	-	ENSG00000050030
ABCB7	X	75051048	75156732	-	ENSG00000131269
UPRT	X	75156388	75304885	+	ENSG00000094841
ZDHHC15	X	75368427	75523502	-	ENSG00000102383
MAGEE2	X	75782987	75785254	-	ENSG00000186675
PBDC1	X	76173034	76178755	+	ENSG00000102390
MAGEE1	X	76427710	76431342	+	ENSG00000198934
FGF16	X	77447389	77457278	+	ENSG00000196468
ATRX	X	77504880	77786233	-	ENSG00000085224
MAGT1	X	77825747	77899271	-	ENSG00000102158
COX7B	X	77895727	77907376	+	ENSG00000131174
ATP7A	X	77910690	78050395	+	ENSG00000165240
PGK1	X	77910739	78129295	+	ENSG00000102144
PGAM4	X	77967949	77969638	-	ENSG00000226784
TAF9B	X	78129748	78139688	-	ENSG00000187325
CYSLTR1	X	78271468	78327691	-	ENSG00000173198
RTL3	X	78656068	78659532	-	ENSG00000179300
LPAR4	X	78747680	78758724	+	ENSG00000147145
P2RY10	X	78945332	78963727	+	ENSG00000078589
GPR174	X	79144678	79175318	+	ENSG00000147138
ITM2A	X	79360384	79367697	-	ENSG00000078596
TBX22	X	80014753	80031908	+	ENSG00000122145
TENT5D	X	80335504	80445311	+	ENSG00000174016
BRWD3	X	80669503	80809877	-	ENSG00000165288
HMGN5	X	81112915	81202016	-	ENSG00000198157
SH3BGRL	X	81202005	81298547	+	ENSG00000131171
POU3F4	X	83508290	83512127	+	ENSG00000196767
CYLC1	X	83861126	83886699	+	ENSG00000183035
RPS6KA6	X	84058346	84206356	-	ENSG00000072133
HDX	X	84317874	84502496	-	ENSG00000165259
APOOL	X	85003871	85093315	+	ENSG00000155008
SATL1	X	85092284	85243911	-	ENSG00000184788
ZNF711	X	85243839	85273422	+	ENSG00000147180
POF1B	X	85276746	85379755	-	ENSG00000124429
CHM	X	85861180	86047561	-	ENSG00000188419
DACH2	X	86148451	86832604	+	ENSG00000126733
KLHL4	X	87517409	87670050	+	ENSG00000102271
CPXCR1	X	88747225	88754785	+	ENSG00000147183
TGIF2LX	X	89921908	89922883	+	ENSG00000153779
PABPC5	X	91434595	91438584	+	ENSG00000174740
PCDH11X	X	91779261	92623230	+	ENSG00000102290
NAP1L3	X	93670930	93673578	-	ENSG00000186310
FAM133A	X	93673181	93712274	+	ENSG00000179083
DIAPH2	X	96684712	97604997	+	ENSG00000147202
RPA4	X	96883908	96885467	+	ENSG00000204086
PCDH19	X	100291644	100410296	-	ENSG00000165194
TNMD	X	100584936	100599885	+	ENSG00000000005
TSPAN6	X	100627108	100639991	-	ENSG00000000003
SRPX2	X	100644195	100675788	+	ENSG00000102359
SYTL4	X	100671783	100732151	-	ENSG00000102362
CSTF2	X	100820369	100841523	+	ENSG00000101811
NOX1	X	100843324	100874464	-	ENSG00000007952
XKRX	X	100913445	100929433	-	ENSG00000182489
ARL13A	X	100969708	100990831	+	ENSG00000174225
TRMT2B	X	101009346	101052135	-	ENSG00000188917
TMEM35A	X	101078879	101096367	+	ENSG00000126950
CENPI	X	101098167	101166126	+	ENSG00000102384
DRP2	X	101219769	101264502	+	ENSG00000102385
TAF7L	X	101268253	101293057	-	ENSG00000102387
TIMM8A	X	101345652	101349001	-	ENSG00000126953
BTK	X	101349338	101390796	-	ENSG00000010671
RPL36A	X	101390824	101396155	+	ENSG00000241343
RPL36A-HNRNPH2	X	101391011	101412297	+	ENSG00000257529
GLA	X	101393273	101408012	-	ENSG00000102393
HNRNPH2	X	101408114	101414137	+	ENSG00000126945
ARMCX4	X	101418287	101533459	+	ENSG00000196440
ARMCX1	X	101550411	101554704	+	ENSG00000126947
ARMCX6	X	101615118	101618003	-	ENSG00000198960
ARMCX3	X	101622797	101627843	+	ENSG00000102401
ARMCX2	X	101655157	101659924	-	ENSG00000184867
ZMAT1	X	101882288	101932090	-	ENSG00000166432
TCEAL2	X	102125130	102140426	+	ENSG00000184905
TCEAL6	X	102140476	102142970	-	ENSG00000204071
BEX5	X	102153464	102156017	-	ENSG00000184515
TCP11X1	X	102215298	102229532	+	ENSG00000268235
NXF2	X	102247167	102326722	+	ENSG00000269405
NXF2B	X	102360395	102440008	-	ENSG00000269437
TCP11X2	X	102456862	102471842	-	ENSG00000215029
TMSB15A	X	102513674	102516795	-	ENSG00000158164
ARMCX5	X	102599168	102604159	+	ENSG00000125962
GPRASP1	X	102650345	102659083	+	ENSG00000198932
GPRASP2	X	102712056	102717733	+	ENSG00000158301
ARMCX5-GPRASP2	X	102712495	102753530	+	ENSG00000286237
GPRASP3	X	102720688	102753540	+	ENSG00000198908
RAB40AL	X	102937272	102938300	+	ENSG00000102128
BEX1	X	103062645	103064342	-	ENSG00000133169
NXF3	X	103075810	103093143	-	ENSG00000147206
BEX4	X	103215068	103217246	+	ENSG00000102409
TCEAL8	X	103252863	103255204	-	ENSG00000180964
TCEAL5	X	103273689	103276750	-	ENSG00000204065
BEX2	X	103309345	103311298	-	ENSG00000133134
TCEAL7	X	103330178	103332326	+	ENSG00000182916
TCEAL9	X	103356461	103358472	+	ENSG00000185222
BEX3	X	103376299	103378301	+	ENSG00000166681
RAB40A	X	103496541	103526752	-	ENSG00000172476
TCEAL4	X	103576231	103590165	+	ENSG00000133142
TCEAL3	X	103607451	103629690	+	ENSG00000196507
TCEAL1	X	103628701	103630958	+	ENSG00000172465
MORF4L2	X	103675360	103688158	-	ENSG00000123562
TMEM31	X	103710909	103714036	+	ENSG00000179363
PLP1	X	103769047	103792677	+	ENSG00000123560
RAB9B	X	103822327	103835153	-	ENSG00000123570
TMSB15B	X	103918896	103966712	+	ENSG00000158427
H2BW1	X	104011147	104013708	-	ENSG00000123569
H2BW2	X	104039956	104042454	+	ENSG00000101812
TMSB15C	X	104063871	104076236	-	ENSG00000269226
SLC25A53	X	104099214	104157009	-	ENSG00000269743
ZCCHC18	X	104112060	104115847	+	ENSG00000166707
FAM199X	X	104166453	104195902	+	ENSG00000123575
ESX1	X	104250038	104254933	-	ENSG00000123576
IL1RAPL2	X	104566199	105767829	+	ENSG00000189108
TEX13A	X	105218929	105220694	-	ENSG00000268629
NRK	X	105822394	105958611	+	ENSG00000123572
SERPINA7	X	106032425	106038778	-	ENSG00000123561
PWWP3B	X	106168304	106208963	+	ENSG00000157502
RADX	X	106611930	106679439	+	ENSG00000147231
RNF128	X	106693794	106797016	+	ENSG00000133135
TBC1D8B	X	106802673	106876150	+	ENSG00000133138
MORC4	X	106813871	107000254	-	ENSG00000133131
RIPPLY1	X	106900063	106903341	-	ENSG00000147223
CLDN2	X	106900125	106930862	+	ENSG00000165376
RBM41	X	107052095	107118823	-	ENSG00000089682
NUP62CL	X	107123427	107206505	-	ENSG00000198088
DNAAF6	X	107206611	107244247	+	ENSG00000080572
FRMPD3	X	107449652	107605255	+	ENSG00000147234
PRPS1	X	107628428	107651993	+	ENSG00000147224
TSC22D3	X	107713221	107777342	-	ENSG00000157514
NCBP2L	X	107774899	107795829	+	ENSG00000170935
MID2	X	107825755	107931637	+	ENSG00000080561
TEX13B	X	107980864	107982370	-	ENSG00000170925
VSIG1	X	108044970	108079184	+	ENSG00000101842
PSMD10	X	108084202	108091619	-	ENSG00000101843
ATG4A	X	108091668	108154671	+	ENSG00000101844
COL4A6	X	108155607	108439497	-	ENSG00000197565
COL4A5	X	108439745	108697547	+	ENSG00000188153
IRS4	X	108719946	108736563	-	ENSG00000133124
GUCY2F	X	109372906	109482086	-	ENSG00000101890
NXT2	X	109535781	109544698	+	ENSG00000101888
KCNE5	X	109623700	109625172	-	ENSG00000176076
ACSL4	X	109624244	109733403	-	ENSG00000068366
TMEM164	X	110002631	110184260	+	ENSG00000157600
AMMECR1	X	110194186	110440318	-	ENSG00000101935
GNG5B	X	110346103	110440372	-	ENSG00000133136
RTL9	X	110358848	110456334	+	ENSG00000243978
CRIPTO3	X	110520312	110523021	+	ENSG00000225366
CHRDL1	X	110673856	110796192	-	ENSG00000101938
PAK3	X	110944285	111227361	+	ENSG00000077264
CAPN6	X	111245099	111270483	-	ENSG00000077274
DCX	X	111293779	111412429	-	ENSG00000077279
SERTM2	X	111511645	111522399	+	ENSG00000260802
ALG13	X	111665811	111760649	+	ENSG00000101901
TRPC5	X	111768011	112082776	-	ENSG00000072315
TRPC5OS	X	111876051	111903990	+	ENSG00000204025
RTL4	X	112082965	112458566	+	ENSG00000187823
LHFPL1	X	112625372	112680180	-	ENSG00000182508
AMOT	X	112774503	112840831	-	ENSG00000126016
HTR2C	X	114584078	114910061	+	ENSG00000147246
IL13RA2	X	115003975	115019977	-	ENSG00000123496
LRCH2	X	115110616	115234096	-	ENSG00000130224
RBMXL3	X	115189410	115192868	+	ENSG00000175718
LUZP4	X	115289715	115307563	+	ENSG00000102021
PLS3	X	115560928	115650861	+	ENSG00000102024
AGTR2	X	116170744	116174974	+	ENSG00000180772
SLC6A14	X	116436606	116461458	+	ENSG00000268104
CT83	X	116461686	116462976	-	ENSG00000204019
KLHL13	X	117897794	118117340	-	ENSG00000003096
WDR44	X	118345968	118450285	+	ENSG00000131725
DOCK11	X	118495814	118686974	+	ENSG00000147251
RBBP8P1	X	118632375	118634616	-	ENSG00000230399
IL13RA1	X	118727133	118794535	+	ENSG00000131724
ZCCHC12	X	118823824	118826968	+	ENSG00000174460
LONRF3	X	118974614	119022925	+	ENSG00000175556
CT47C1	X	119072993	119076765	+	ENSG00000277535
KIAA1210	X	119078635	119150579	-	ENSG00000250423
PGRMC1	X	119236244	119244468	+	ENSG00000101856
SLC25A43	X	119399336	119454478	+	ENSG00000077713
SLC25A5	X	119468395	119471396	+	ENSG00000005022
UBE2A	X	119474802	119591083	+	ENSG00000077721
STEEP1	X	119535669	119565409	-	ENSG00000018610
NKRF	X	119588337	119606443	-	ENSG00000186416
SEPTIN6	X	119615724	119693949	-	ENSG00000125354
SOWAHD	X	119758588	119760202	+	ENSG00000187808
RPL39	X	119786497	119791662	-	ENSG00000198918
UPF3B	X	119833808	119853083	-	ENSG00000125351
RNF113A	X	119870475	119871733	-	ENSG00000125352
NDUFA1	X	119871796	119876689	+	ENSG00000125356
AKAP14	X	119895837	119920720	+	ENSG00000186471
NKAP	X	119920672	119943751	-	ENSG00000101882
RHOXF1P3	X	119942834	119992838	+	ENSG00000282933
RHOXF2B	X	120072264	120077690	-	ENSG00000203989
RHOXF1	X	120109050	120245267	-	ENSG00000101883
RHOXF2	X	120158613	120165630	+	ENSG00000131721
ZBTB33	X	120250752	120259741	+	ENSG00000177485
TMEM255A	X	120258650	120311556	-	ENSG00000125355
ATP1B4	X	120362085	120383249	+	ENSG00000101892
LAMP2	X	120426148	120469365	-	ENSG00000005893
CUL4B	X	120505920	120604074	-	ENSG00000158290
MCTS1	X	120594010	120621159	+	ENSG00000232119
C1GALT1C1	X	120625674	120630054	-	ENSG00000171155
CT47B1	X	120872607	120875866	-	ENSG00000236446
CT47A12	X	120930250	120932301	-	ENSG00000226685
CT47A11	X	120933840	120937158	-	ENSG00000226929
CT47A10	X	120938701	120942023	-	ENSG00000224089
CT47A9	X	120943561	120946883	-	ENSG00000226600
CT47A8	X	120948422	120951744	-	ENSG00000230347
CT47A7	X	120953282	120956600	-	ENSG00000228517
CT47A6	X	120958165	120961487	-	ENSG00000226023
CT47A5	X	120963026	120966348	-	ENSG00000237957
CT47A4	X	120967886	120971208	-	ENSG00000230594
CT47A3	X	120972746	120976068	-	ENSG00000236126
CT47A2	X	120977606	120980928	-	ENSG00000242362
CT47A1	X	120982476	120985760	-	ENSG00000236371
GLUD2	X	121047610	121050094	+	ENSG00000182890
GRIA3	X	123184023	123490915	+	ENSG00000125675
THOC2	X	123600561	123733056	-	ENSG00000125676
XIAP	X	123859693	123913972	+	ENSG00000101966
STAG2	X	123960212	124422664	+	ENSG00000101972
SH2D1A	X	124227868	124373197	+	ENSG00000183918
TEX13D	X	124246249	124336863	+	ENSG00000282419
TENM1	X	124375903	125204312	-	ENSG00000009694
TEX13C	X	125319871	125325216	+	ENSG00000282815
DCAF12L2	X	126163499	126166289	-	ENSG00000198354
DCAF12L1	X	126549383	126552814	-	ENSG00000198889
PRR32	X	126819729	126821786	+	ENSG00000183631
ACTRT1	X	128050962	128052403	-	ENSG00000123165
SMARCA1	X	129446501	129523947	-	ENSG00000102038
OCRL	X	129539849	129592561	+	ENSG00000122126
APLN	X	129645259	129654959	-	ENSG00000171388
XPNPEP2	X	129738949	129769547	+	ENSG00000122121
SASH3	X	129779949	129795201	+	ENSG00000122122
ZDHHC9	X	129803288	129844215	-	ENSG00000188706
UTP14A	X	129906121	129929761	+	ENSG00000156697
BCORL1	X	129981107	130058071	+	ENSG00000085185
ELF4	X	130063955	130110904	-	ENSG00000102034
AIFM1	X	130124666	130165879	-	ENSG00000156709
RAB33A	X	130171950	130184874	+	ENSG00000134594
ZNF280C	X	130202707	130268899	-	ENSG00000056277
SLC25A14	X	130339888	130373361	+	ENSG00000102078
GPR119	X	130379449	130385674	-	ENSG00000147262
RBMX2	X	130401922	130413656	+	ENSG00000134597
ENOX2	X	130622325	130903272	-	ENSG00000165675
ARHGAP36	X	131058346	131089885	+	ENSG00000147256
IGSF1	X	131273506	131578899	-	ENSG00000147255
OR13H1	X	131544074	131545000	+	ENSG00000171054
STK26	X	132023226	132075948	+	ENSG00000134602
FRMD7	X	132076990	132128020	-	ENSG00000165694
RAP2C	X	132203024	132219495	-	ENSG00000123728
MBNL3	X	132369320	132489978	-	ENSG00000076770
HS6ST2	X	132626015	132961395	-	ENSG00000171004
USP26	X	133023168	133097109	-	ENSG00000134588
TFDP3	X	133216662	133218354	-	ENSG00000183434
GPC4	X	133300103	133416214	-	ENSG00000076716
GPC3	X	133535745	133987100	-	ENSG00000147257
CCDC160	X	134237047	134246842	+	ENSG00000203952
PHF6	X	134373286	134428792	+	ENSG00000156531
HPRT1	X	134460155	134520513	+	ENSG00000165704
PLAC1	X	134565837	134764355	-	ENSG00000170965
PABIR2	X	134769566	134797232	-	ENSG00000156504
PABIR3	X	134796389	134854835	+	ENSG00000156500
MOSPD1	X	134887613	134915470	-	ENSG00000101928
SMIM10	X	134990991	134992473	+	ENSG00000184785
RTL8B	X	135020513	135022542	-	ENSG00000212747
RTL8C	X	135032355	135033546	+	ENSG00000134590
RTL8A	X	135050932	135052196	-	ENSG00000203950
SMIM10L2B-AS1	X	135059685	135123952	+	ENSG00000228372
SMIM10L2B	X	135094985	135098712	-	ENSG00000196972
ETDB	X	135118955	135120526	-	ENSG00000224107
CT55	X	135156540	135171398	-	ENSG00000169551
ZNF75D	X	135248590	135344113	-	ENSG00000186376
ETDA	X	135252061	135253583	+	ENSG00000238210
ETDC	X	135271717	135309803	+	ENSG00000283644
ZNF449	X	135344199	135363413	+	ENSG00000173275
SMIM10L2A	X	135421944	135428075	+	ENSG00000178947
INTS6L	X	135520622	135582534	+	ENSG00000165359
CT45A1	X	135713639	135723539	+	ENSG00000268940
CT45A3	X	135759846	135768191	-	ENSG00000269096
CT45A5	X	135775852	135785503	-	ENSG00000228836
CT45A6	X	135794685	135802787	-	ENSG00000278289
CT45A2	X	135811668	135820012	-	ENSG00000271449
CT45A7	X	135829229	135837280	-	ENSG00000273696
CT45A8	X	135846497	135854538	-	ENSG00000278085
CT45A9	X	135863418	135871812	-	ENSG00000270946
CT45A10	X	135879471	135893444	-	ENSG00000269586
SAGE1	X	135890182	135913062	+	ENSG00000181433
MMGT1	X	135960588	135974029	-	ENSG00000169446
SLC9A6	X	135973841	136047269	+	ENSG00000198689
FHL1	X	136146702	136211359	+	ENSG00000022267
MAP7D3	X	136213220	136256482	-	ENSG00000129680
ADGRG4	X	136300963	136416890	+	ENSG00000156920
BRS3	X	136487947	136493780	+	ENSG00000102239
HTATSF1	X	136496932	136513181	+	ENSG00000102241
VGLL1	X	136532154	136556807	+	ENSG00000102243
CD40LG	X	136648158	136660390	+	ENSG00000102245
ARHGEF6	X	136665547	136781688	-	ENSG00000129675
RBMX	X	136848004	136880764	-	ENSG00000147274
GPR101	X	137023929	137033995	-	ENSG00000165370
ZIC3	X	137563314	137577691	+	ENSG00000156925
FGF13	X	138614727	139222777	-	ENSG00000129682
F9	X	139530739	139563459	+	ENSG00000101981
MCF2	X	139581770	139708216	-	ENSG00000101977
ATP11C	X	139726346	139945276	-	ENSG00000101974
CXorf66	X	139955728	139965521	-	ENSG00000203933
HAPSTR2	X	140091678	140092911	+	ENSG00000230707
SOX3	X	140502985	140505069	-	ENSG00000134595
SPANXB1	X	141002594	141003706	+	ENSG00000227234
LDOC1	X	141111605	141177129	-	ENSG00000182195
SPANXC	X	141241463	141242517	-	ENSG00000198573
SPANXA1	X	141583674	141584738	-	ENSG00000198021
SPANXA2	X	141589708	141590762	+	ENSG00000203926
SPANXD	X	141697411	141698739	-	ENSG00000196406
MAGEC3	X	141838316	141897832	+	ENSG00000165509
MAGEC1	X	141903894	141909374	+	ENSG00000155495
MAGEC2	X	142202342	142205290	-	ENSG00000046774
SPANXN4	X	143025928	143034702	+	ENSG00000189326
SPANXN3	X	143508735	143517475	-	ENSG00000189252
SLITRK4	X	143622790	143636101	-	ENSG00000179542
SPANXN2	X	143711955	143720752	-	ENSG00000268988
UBE2NL	X	143884071	143885255	+	ENSG00000276380
SPANXN1	X	145247503	145256208	+	ENSG00000203923
SLITRK2	X	145817819	145829856	+	ENSG00000185985
CXorf51B	X	146809771	146810411	+	ENSG00000235699
CXorf51A	X	146814106	146814744	-	ENSG00000224440
FMR1	X	147911858	147951125	+	ENSG00000102081
FMR1NB	X	147981337	148026665	+	ENSG00000176988
AFF2	X	148500617	149000663	+	ENSG00000155966
IDS	X	149476988	149521096	-	ENSG00000010404
EOLA1	X	149536605	149550510	+	ENSG00000197620
HSFX3	X	149548210	149549924	-	ENSG00000283697
MAGEA9B	X	149581653	149587459	-	ENSG00000267978
HSFX2	X	149592512	149595314	-	ENSG00000268738
TMEM185A	X	149596556	149631912	-	ENSG00000269556
MAGEA11	X	149688228	149717268	+	ENSG00000185247
HSFX1	X	149774068	149776867	+	ENSG00000171116
MAGEA9	X	149781930	149787737	+	ENSG00000123584
MAGEA8	X	149881141	149885835	+	ENSG00000156009
EOLA2	X	149929527	149938831	-	ENSG00000197021
HSFX4	X	149929573	149931287	+	ENSG00000283463
MAMLD1	X	150361422	150514178	+	ENSG00000013619
MTM1	X	150568417	150673143	+	ENSG00000171100
MTMR1	X	150692971	150765165	+	ENSG00000063601
CD99L2	X	150766336	150898816	-	ENSG00000102181
HMGB3	X	150980509	150990775	+	ENSG00000029993
GPR50	X	151176584	151181465	+	ENSG00000102195
VMA21	X	151396515	151409364	+	ENSG00000160131
PASD1	X	151563675	151676739	+	ENSG00000166049
PRRG3	X	151694607	151705924	+	ENSG00000130032
FATE1	X	151714192	151723194	+	ENSG00000147378
CNGA2	X	151734746	151745564	+	ENSG00000183862
MAGEA4	X	151912495	151925173	+	ENSG00000147381
GABRE	X	151953124	151974680	-	ENSG00000102287
MAGEA10	X	152133310	152138578	-	ENSG00000124260
GABRA3	X	152166234	152451425	-	ENSG00000011677
GABRQ	X	152637895	152657542	+	ENSG00000268089
MAGEA3	X	152698767	152702347	+	ENSG00000221867
CSAG2	X	152708261	152721661	-	ENSG00000268902
MAGEA2B	X	152714580	152718612	+	ENSG00000183305
CSAG1	X	152727484	152733736	-	ENSG00000198930
MAGEA12	X	152733757	152737679	+	ENSG00000213401
MAGEA2	X	152749857	152754145	-	ENSG00000268606
CSAG3	X	152753921	152760222	+	ENSG00000268916
MAGEA6	X	152766136	152769716	-	ENSG00000197172
CETN2	X	152826994	152830782	-	ENSG00000147400
NSDHL	X	152830967	152869729	+	ENSG00000147383
ZNF185	X	152896695	152973511	+	ENSG00000147394
PNMA5	X	152988824	152994116	-	ENSG00000198883
PNMA3	X	153056409	153060467	+	ENSG00000183837
PNMA6A	X	153072454	153075019	+	ENSG00000235961
MAGEA1	X	153179284	153183880	+	ENSG00000198681
PWWP4	X	153266152	153279145	+	ENSG00000278803
PNMA6F	X	153317680	153321767	-	ENSG00000225110
ZNF275	X	153334147	153360110	+	ENSG00000063587
PNMA6E	X	153395639	153401392	-	ENSG00000214897
ZFP92	X	153411434	153426481	+	ENSG00000189420
TREX2	X	153444473	153470587	-	ENSG00000183479
HAUS7	X	153447655	153495516	-	ENSG00000213397
BGN	X	153488654	153510299	+	ENSG00000182492
ATP2B3	X	153517637	153582939	+	ENSG00000067842
CCNQ	X	153587925	153600045	-	ENSG00000262919
DUSP9	X	153642401	153651326	+	ENSG00000130829
PNCK	X	153669730	153689033	-	ENSG00000130822
SLC6A8	X	153687926	153696591	+	ENSG00000130821
BCAP31	X	153698006	153725957	-	ENSG00000185825
ABCD1	X	153724495	153744755	+	ENSG00000101986
PLXNB3	X	153764186	153779346	+	ENSG00000198753
SRPK3	X	153781001	153785768	+	ENSG00000184343
IDH3G	X	153785735	153794535	-	ENSG00000067829
SSR4	X	153793516	153798505	+	ENSG00000180879
PDZD4	X	153802166	153830930	-	ENSG00000067840
L1CAM	X	153861511	153886204	-	ENSG00000198910
AVPR2	X	153902531	153907166	+	ENSG00000126895
ARHGAP4	X	153907367	153934999	-	ENSG00000089820
NAA10	X	153929225	153935080	-	ENSG00000102030
RENBP	X	153935269	153944687	-	ENSG00000102032
HCFC1	X	153946434	153972427	-	ENSG00000172534
TMEM187	X	153972754	153983194	+	ENSG00000177854
IRAK1	X	154010504	154019927	-	ENSG00000184216
MECP2	X	154021573	154137103	-	ENSG00000169057
OPN1LW	X	154144243	154159032	+	ENSG00000102076
OPN1MW	X	154182596	154196861	+	ENSG00000268221
OPN1MW2	X	154219756	154233286	+	ENSG00000166160
OPN1MW3	X	154257582	154271090	+	ENSG00000269433
TEX28	X	154271265	154295853	-	ENSG00000278057
TKTL1	X	154295795	154330350	+	ENSG00000007350
FLNA	X	154348524	154374638	-	ENSG00000196924
EMD	X	154379244	154381574	+	ENSG00000102119
RPL10	X	154389955	154409168	+	ENSG00000147403
DNASE1L1	X	154401236	154412114	-	ENSG00000013563
TAFAZZIN	X	154409456	154421726	+	ENSG00000102125
ATP6AP1	X	154428618	154436517	+	ENSG00000071553
GDI1	X	154436600	154443467	+	ENSG00000203879
FAM50A	X	154444103	154450654	+	ENSG00000071859
PLXNA3	X	154458280	154477779	+	ENSG00000130827
LAGE3	X	154477775	154479281	-	ENSG00000196976
UBL4A	X	154483717	154486615	-	ENSG00000102178
SLC10A3	X	154487306	154490690	-	ENSG00000126903
FAM3A	X	154506159	154516882	-	ENSG00000071889
G6PD	X	154517825	154547584	-	ENSG00000160211
IKBKG	X	154541179	154565047	+	ENSG00000269335
CTAG1A	X	154585133	154586816	+	ENSG00000268651
CTAG1B	X	154617609	154619282	-	ENSG00000184033
CTAG2	X	154651972	154653579	-	ENSG00000126890
GAB3	X	154675249	154751583	-	ENSG00000160219
DKC1	X	154762742	154777697	+	ENSG00000130826
MPP1	X	154778684	154821039	-	ENSG00000130830
SMIM9	X	154823348	154834662	-	ENSG00000203870
F8	X	154835788	155026940	-	ENSG00000185010
H2AB1	X	154884972	154885558	+	ENSG00000274183
F8A1	X	154886355	154888061	+	ENSG00000288722
FUNDC2	X	155025980	155060304	+	ENSG00000165775
CMC4	X	155061622	155071136	-	ENSG00000182712
MTCP1	X	155064034	155147937	-	ENSG00000214827
BRCC3	X	155071420	155123077	+	ENSG00000185515
VBP1	X	155197007	155239841	+	ENSG00000155959
RAB39B	X	155258235	155264491	-	ENSG00000155961
CLIC2	X	155276211	155334673	-	ENSG00000155962
H2AB2	X	155380709	155381299	+	ENSG00000277858
F8A2	X	155382095	155383801	+	ENSG00000288709
F8A3	X	155456914	155458620	-	ENSG00000277150
H2AB3	X	155459415	155460005	-	ENSG00000277745
TMLHE	X	155488606	155719107	-	ENSG00000185973
SPRY3	X	155612298	155782459	+	ENSG00000168939
SRY	Y	2786855	2787682	-	ENSG00000184895
RPS4Y1	Y	2841602	2932000	+	ENSG00000129824
ZFY	Y	2935281	2982512	+	ENSG00000067646
TGIF2LY	Y	3579067	3580041	+	ENSG00000176679
PCDH11Y	Y	5000226	5742224	+	ENSG00000099715
TSPY2	Y	6246223	6249019	+	ENSG00000168757
AMELY	Y	6865918	6911752	-	ENSG00000099721
TBL1Y	Y	6910686	7101970	+	ENSG00000092377
TSPY4	Y	9337464	9340284	+	ENSG00000233803
TSPY8	Y	9357797	9360599	+	ENSG00000229549
TSPY3	Y	9398421	9401223	+	ENSG00000228927
TSPY1	Y	9466955	9469749	+	ENSG00000258992
TSPY9	Y	9487267	9490081	+	ENSG00000238074
TSPY10	Y	9527880	9530682	+	ENSG00000236424
USP9Y	Y	12537650	12860852	+	ENSG00000114374
DDX3Y	Y	12904108	12920478	+	ENSG00000067048
UTY	Y	13234577	13480673	-	ENSG00000183878
TMSB4Y	Y	13703899	13706024	+	ENSG00000154620
VCY	Y	13985772	13986473	-	ENSG00000129864
VCY1B	Y	14056227	14056958	+	ENSG00000129862
NLGN4Y	Y	14522573	14845654	+	ENSG00000165246
CDY2B	Y	17878260	17880220	-	ENSG00000129873
CDY2A	Y	18025787	18027746	+	ENSG00000182415
HSFY1	Y	18546691	18588963	+	ENSG00000172468
HSFY2	Y	18731440	18773735	-	ENSG00000169953
KDM5D	Y	19703865	19744989	-	ENSG00000012817
EIF1AY	Y	20575694	20593154	+	ENSG00000198692
RPS4Y2	Y	20756108	20781032	+	ENSG00000280969
RBMY1B	Y	21511338	21525786	+	ENSG00000242875
RBMY1A1	Y	21534879	21549326	+	ENSG00000234414
RBMY1D	Y	21880076	21894526	-	ENSG00000244395
RBMY1E	Y	21903618	21918042	-	ENSG00000242389
RBMY1F	Y	22168542	22182982	-	ENSG00000169800
RBMY1J	Y	22403410	22417881	+	ENSG00000226941
BPY2	Y	22973819	23005465	+	ENSG00000183753
DAZ1	Y	23129355	23199010	-	ENSG00000188120
DAZ2	Y	23219447	23291356	+	ENSG00000205944
CDY1B	Y	24045229	24048019	-	ENSG00000172352
BPY2B	Y	24607560	24639207	+	ENSG00000183795
DAZ3	Y	24763069	24813492	-	ENSG00000187191
DAZ4	Y	24833843	24907040	+	ENSG00000205916
BPY2C	Y	25030901	25062548	-	ENSG00000185894
CDY1	Y	25622117	25624902	+	ENSG00000172288
