gene_symbol	chrom	start	end	strand	ensembl_id
OR4F5	1	69091	70008	+	ENSG00000186092
AL627309.1	1	134901	139379	-	ENSG00000237683
OR4F29	1	367640	368634	+	ENSG00000235249
OR4F16	1	621059	622053	-	ENSG00000185097
AL669831.1	1	738532	739137	-	ENSG00000269831
AL645608.2	1	818043	819983	+	ENSG00000269308
SAMD11	1	860260	879955	+	ENSG00000187634
AL645608.1	1	861264	866445	-	ENSG00000268179
NOC2L	1	879584	894689	-	ENSG00000188976
KLHL17	1	895967	901095	+	ENSG00000187961
PLEKHN1	1	901877	911245	+	ENSG00000187583
C1orf170	1	910579	917497	-	ENSG00000187642
HES4	1	934342	935552	-	ENSG00000188290
ISG15	1	948803	949920	+	ENSG00000187608
AGRN	1	955503	991496	+	ENSG00000188157
RNF223	1	1006346	1009687	-	ENSG00000237330
C1orf159	1	1017198	1051741	-	ENSG00000131591
TTLL10	1	1109264	1133315	+	ENSG00000162571
TNFRSF18	1	1138888	1142071	-	ENSG00000186891
TNFRSF4	1	1146706	1149518	-	ENSG00000186827
SDF4	1	1152288	1167411	-	ENSG00000078808
B3GALT6	1	1167629	1170421	+	ENSG00000176022
FAM132A	1	1177826	1182102	-	ENSG00000184163
UBE2J2	1	1189289	1209265	-	ENSG00000160087
SCNN1D	1	1215816	1227409	+	ENSG00000162572
ACAP3	1	1227756	1244989	-	ENSG00000131584
PUSL1	1	1243947	1247057	+	ENSG00000169972
CPSF3L	1	1246965	1260071	-	ENSG00000127054
GLTPD1	1	1260136	1264277	+	ENSG00000224051
TAS1R3	1	1266694	1270686	+	ENSG00000169962
DVL1	1	1270656	1284730	-	ENSG00000107404
MXRA8	1	1288069	1297157	-	ENSG00000162576
AURKAIP1	1	1309110	1310875	-	ENSG00000175756
CCNL2	1	1321091	1334708	-	ENSG00000221978
RP4-758J18.2	1	1334902	1337426	+	ENSG00000224870
MRPL20	1	1337288	1342693	-	ENSG00000242485
ANKRD65	1	1353800	1357149	-	ENSG00000235098
TMEM88B	1	1361508	1363167	+	ENSG00000205116
VWA1	1	1370241	1378262	+	ENSG00000179403
ATAD3C	1	1385069	1405538	+	ENSG00000215915
ATAD3B	1	1407143	1433228	+	ENSG00000160072
ATAD3A	1	1447531	1470067	+	ENSG00000197785
TMEM240	1	1470554	1475833	-	ENSG00000205090
SSU72	1	1477053	1510249	-	ENSG00000160075
AL645728.1	1	1510355	1511373	+	ENSG00000215014
C1orf233	1	1533392	1535476	-	ENSG00000228594
MIB2	1	1550795	1565990	+	ENSG00000197530
MMP23B	1	1567474	1570639	+	ENSG00000189409
CDK11B	1	1570603	1590473	-	ENSG00000248333
SLC35E2B	1	1592939	1624167	-	ENSG00000189339
CDK11A	1	1634169	1655766	-	ENSG00000008128
SLC35E2	1	1656277	1677431	-	ENSG00000215790
NADK	1	1682671	1711896	-	ENSG00000008130
GNB1	1	1716729	1822495	-	ENSG00000078369
CALML6	1	1846266	1848735	+	ENSG00000169885
TMEM52	1	1849029	1850712	-	ENSG00000178821
C1orf222	1	1853396	1935276	-	ENSG00000142609
GABRD	1	1950780	1962192	+	ENSG00000187730
PRKCZ	1	1981909	2116834	+	ENSG00000067606
C1orf86	1	2115903	2144159	-	ENSG00000162585
AL590822.2	1	2121237	2123179	+	ENSG00000269554
AL590822.1	1	2143360	2145620	-	ENSG00000203301
SKI	1	2160134	2241558	+	ENSG00000157933
MORN1	1	2252692	2323146	-	ENSG00000116151
AL589739.1	1	2258581	2259042	+	ENSG00000269753
RER1	1	2323267	2336883	+	ENSG00000157916
PEX10	1	2336236	2345236	-	ENSG00000157911
PLCH2	1	2357419	2436969	+	ENSG00000149527
PANK4	1	2439972	2458039	-	ENSG00000157881
HES5	1	2460184	2461684	-	ENSG00000197921
TNFRSF14	1	2487078	2496821	+	ENSG00000157873
FAM213B	1	2517930	2522908	+	ENSG00000157870
MMEL1	1	2522078	2564481	-	ENSG00000142606
TTC34	1	2567415	2718286	-	ENSG00000215912
ACTRT2	1	2938046	2939465	+	ENSG00000169717
PRDM16	1	2985732	3355185	+	ENSG00000142611
ARHGEF16	1	3370990	3397677	+	ENSG00000130762
MEGF6	1	3406484	3528059	-	ENSG00000162591
TPRG1L	1	3541566	3546691	+	ENSG00000158109
WRAP73	1	3547331	3569325	-	ENSG00000116213
TP73	1	3569084	3652765	+	ENSG00000078900
CCDC27	1	3668962	3688209	+	ENSG00000162592
SMIM1	1	3689352	3692546	+	ENSG00000235169
LRRC47	1	3696784	3713068	-	ENSG00000130764
CEP104	1	3728645	3773778	-	ENSG00000116198
DFFB	1	3773845	3801993	+	ENSG00000169598
C1orf174	1	3805689	3816857	-	ENSG00000198912
AJAP1	1	4714792	4852594	+	ENSG00000196581
NPHP4	1	5922871	6052533	-	ENSG00000131697
KCNAB2	1	6051526	6161253	+	ENSG00000069424
AL035406.1	1	6100630	6101399	-	ENSG00000268332
CHD5	1	6161853	6240183	-	ENSG00000116254
RPL22	1	6241329	6269449	-	ENSG00000116251
RNF207	1	6265535	6281359	+	ENSG00000158286
ICMT	1	6281253	6296032	-	ENSG00000116237
HES3	1	6304252	6305638	+	ENSG00000173673
GPR153	1	6307406	6321035	-	ENSG00000158292
ACOT7	1	6324329	6454451	-	ENSG00000097021
HES2	1	6472478	6484730	-	ENSG00000069812
ESPN	1	6484848	6521430	+	ENSG00000187017
TNFRSF25	1	6521211	6526255	-	ENSG00000215788
PLEKHG5	1	6526152	6580121	-	ENSG00000171680
NOL9	1	6581407	6614595	-	ENSG00000162408
TAS1R1	1	6615241	6639817	+	ENSG00000173662
ZBTB48	1	6640061	6649340	+	ENSG00000204859
KLHL21	1	6650784	6674667	-	ENSG00000162413
PHF13	1	6673745	6684093	+	ENSG00000116273
THAP3	1	6684926	6695646	+	ENSG00000041988
DNAJC11	1	6694228	6761984	-	ENSG00000007923
CAMTA1	1	6845384	7829766	+	ENSG00000171735
VAMP3	1	7831329	7841492	+	ENSG00000049245
PER3	1	7844380	7905237	+	ENSG00000049246
UTS2	1	7903143	7913572	-	ENSG00000049247
TNFRSF9	1	7979907	8000926	-	ENSG00000049249
PARK7	1	8014351	8045565	+	ENSG00000116288
ERRFI1	1	8064464	8086368	-	ENSG00000116285
SLC45A1	1	8377886	8404227	+	ENSG00000162426
RERE	1	8412457	8877702	-	ENSG00000142599
ENO1	1	8921061	8939308	-	ENSG00000074800
CA6	1	9005926	9035151	+	ENSG00000131686
SLC2A7	1	9063359	9086404	-	ENSG00000197241
SLC2A5	1	9095166	9148537	-	ENSG00000142583
GPR157	1	9160364	9189229	-	ENSG00000180758
H6PD	1	9294834	9331396	+	ENSG00000049239
SPSB1	1	9352939	9429591	+	ENSG00000171621
SLC25A33	1	9599541	9645237	+	ENSG00000171612
TMEM201	1	9648932	9674935	+	ENSG00000188807
PIK3CD	1	9711790	9789172	+	ENSG00000171608
C1orf200	1	9712668	9714644	-	ENSG00000179840
CLSTN1	1	9789084	9884584	-	ENSG00000171603
CTNNBIP1	1	9908334	9970394	-	ENSG00000178585
LZIC	1	9982173	10003465	-	ENSG00000162441
NMNAT1	1	10003486	10045559	+	ENSG00000173614
RBP7	1	10057264	10076078	+	ENSG00000162444
UBE4B	1	10092890	10241297	+	ENSG00000130939
KIF1B	1	10270863	10441661	+	ENSG00000054523
PGD	1	10458649	10480201	+	ENSG00000142657
APITD1	1	10490159	10512210	+	ENSG00000175279
APITD1-CORT	1	10490159	10512210	+	ENSG00000251503
CORT	1	10509776	10511959	+	ENSG00000241563
DFFA	1	10516579	10532583	-	ENSG00000160049
PEX14	1	10532345	10690815	+	ENSG00000142655
CASZ1	1	10696661	10856707	-	ENSG00000130940
C1orf127	1	11006528	11042094	-	ENSG00000175262
TARDBP	1	11072414	11085796	+	ENSG00000120948
MASP2	1	11086580	11107290	-	ENSG00000009724
SRM	1	11114641	11120081	-	ENSG00000116649
EXOSC10	1	11126675	11159938	-	ENSG00000171824
MTOR	1	11166592	11322564	-	ENSG00000198793
ANGPTL7	1	11249398	11256038	+	ENSG00000171819
UBIAD1	1	11333263	11356106	+	ENSG00000120942
PTCHD2	1	11539223	11597641	+	ENSG00000204624
FBXO2	1	11708424	11715842	-	ENSG00000116661
FBXO44	1	11714432	11723384	+	ENSG00000132879
FBXO6	1	11724181	11734411	+	ENSG00000116663
MAD2L2	1	11734537	11751707	-	ENSG00000116670
DRAXIN	1	11751786	11785914	+	ENSG00000162490
AGTRAP	1	11796141	11814859	+	ENSG00000177674
C1orf167	1	11821844	11849642	+	ENSG00000215910
MTHFR	1	11845780	11866977	-	ENSG00000177000
CLCN6	1	11866207	11903201	+	ENSG00000011021
NPPA	1	11905766	11908402	-	ENSG00000175206
NPPB	1	11917521	11918988	-	ENSG00000120937
KIAA2013	1	11979648	11986485	-	ENSG00000116685
PLOD1	1	11994262	12035595	+	ENSG00000083444
MFN2	1	12040238	12073571	+	ENSG00000116688
MIIP	1	12079523	12092102	+	ENSG00000116691
TNFRSF8	1	12123434	12204264	+	ENSG00000120949
TNFRSF1B	1	12227060	12269285	+	ENSG00000028137
VPS13D	1	12290124	12572099	+	ENSG00000048707
DHRS3	1	12627939	12677737	-	ENSG00000162496
AADACL4	1	12704566	12727097	+	ENSG00000204518
AADACL3	1	12776118	12788726	+	ENSG00000188984
C1orf158	1	12806163	12823847	+	ENSG00000157330
PRAMEF12	1	12834984	12838049	+	ENSG00000116726
PRAMEF1	1	12851546	12856777	+	ENSG00000116721
PRAMEF11	1	12884468	12891264	-	ENSG00000204513
HNRNPCL1	1	12907261	12908578	-	ENSG00000179172
PRAMEF2	1	12916941	12921764	+	ENSG00000120952
PRAMEF4	1	12939045	12946025	-	ENSG00000243073
PRAMEF10	1	12952727	12958101	-	ENSG00000187545
PRAMEF7	1	12976450	12980569	+	ENSG00000204510
PRAMEF6	1	12998181	13117751	-	ENSG00000232423
PRAMEF22	1	13035543	13038381	+	ENSG00000204508
WI2-3308P17.2	1	13052394	13052998	-	ENSG00000239810
PRAMEF26	1	13216356	13219581	-	ENSG00000229571
PRAMEF3	1	13328196	13331692	-	ENSG00000204503
PRAMEF5	1	13359819	13369057	+	ENSG00000204502
PRAMEF8	1	13386646	13390765	-	ENSG00000182330
PRAMEF9	1	13421176	13428191	+	ENSG00000204501
PRAMEF13	1	13447414	13452656	-	ENSG00000204495
PRAMEF18	1	13474689	13477522	-	ENSG00000204491
PRAMEF16	1	13495254	13498260	+	ENSG00000204488
PRAMEF21	1	13516066	13526943	+	ENSG00000204486
PRAMEF15	1	13641973	13648988	+	ENSG00000157358
PRAMEF14	1	13668269	13673511	-	ENSG00000204481
PRAMEF19	1	13694889	13698405	-	ENSG00000204480
PRAMEF17	1	13716092	13719089	+	ENSG00000204479
PRAMEF20	1	13736907	13747803	+	ENSG00000204478
LRRC38	1	13801445	13840543	-	ENSG00000162494
PDPN	1	13909960	13944452	+	ENSG00000162493
PRDM2	1	14026693	14151574	+	ENSG00000116731
KAZN	1	14925200	15444539	+	ENSG00000189337
TMEM51	1	15479028	15546976	+	ENSG00000171729
C1orf195	1	15490840	15497813	-	ENSG00000204464
FHAD1	1	15573768	15726779	+	ENSG00000142621
EFHD2	1	15736391	15756839	+	ENSG00000142634
CTRC	1	15764935	15775737	+	ENSG00000162438
CELA2A	1	15783223	15798586	+	ENSG00000142615
CELA2B	1	15792404	15817895	+	ENSG00000215704
CASP9	1	15817327	15853029	-	ENSG00000132906
DNAJC16	1	15853308	15918874	+	ENSG00000116138
AGMAT	1	15898848	15911605	-	ENSG00000116771
DDI2	1	15943995	15995539	+	ENSG00000197312
RSC1A1	1	15986364	15988217	+	ENSG00000215695
PLEKHM2	1	16010827	16061264	+	ENSG00000116786
SLC25A34	1	16062900	16067891	+	ENSG00000162461
TMEM82	1	16068917	16074477	+	ENSG00000162460
FBLIM1	1	16083102	16113089	+	ENSG00000162458
SPEN	1	16174359	16266955	+	ENSG00000065526
ZBTB17	1	16268364	16302627	-	ENSG00000116809
C1orf64	1	16330731	16335302	+	ENSG00000183888
HSPB7	1	16340523	16346089	-	ENSG00000173641
CLCNKA	1	16345370	16360545	+	ENSG00000186510
CLCNKB	1	16370272	16383803	+	ENSG00000184908
FAM131C	1	16384264	16400127	-	ENSG00000185519
EPHA2	1	16450832	16482582	-	ENSG00000142627
ARHGEF19	1	16524349	16539104	-	ENSG00000142632
C1orf134	1	16555368	16556038	-	ENSG00000204377
RSG1	1	16558195	16563657	-	ENSG00000132881
FBXO42	1	16573334	16678949	-	ENSG00000037637
SZRD1	1	16679070	16724640	+	ENSG00000055070
SPATA21	1	16713612	16763919	-	ENSG00000187144
NECAP2	1	16767167	16786573	+	ENSG00000157191
FAM231B	1	16865561	16866070	+	ENSG00000268674
NBPF1	1	16888814	16940057	-	ENSG00000219481
FAM231A	1	16999498	17000007	+	ENSG00000237847
FAM231C	1	17060447	17060956	-	ENSG00000268991
CROCC	1	17066768	17299474	+	ENSG00000058453
MFAP2	1	17300997	17307330	-	ENSG00000117122
ATP13A2	1	17312453	17338423	-	ENSG00000159363
SDHB	1	17345217	17380665	-	ENSG00000117118
PADI2	1	17393256	17445948	-	ENSG00000117115
PADI1	1	17531621	17572500	+	ENSG00000142623
PADI3	1	17575593	17610728	+	ENSG00000142619
PADI4	1	17634690	17690499	+	ENSG00000159339
AC004824.2	1	17655507	17676070	-	ENSG00000269468
RCC2	1	17733256	17766220	-	ENSG00000179051
ARHGEF10L	1	17866330	18024369	+	ENSG00000074964
ACTL8	1	18081808	18153558	+	ENSG00000117148
IGSF21	1	18434240	18704977	+	ENSG00000117154
KLHDC7A	1	18807424	18812478	+	ENSG00000179023
PAX7	1	18957500	19075360	+	ENSG00000009709
TAS1R2	1	19166093	19186176	-	ENSG00000179002
RP13-279N23.2	1	19175767	19247615	-	ENSG00000255275
ALDH4A1	1	19197926	19229275	-	ENSG00000159423
IFFO2	1	19230775	19283180	-	ENSG00000169991
UBR4	1	19401000	19536770	-	ENSG00000127481
EMC1	1	19542158	19578046	-	ENSG00000127463
MRTO4	1	19578033	19586622	+	ENSG00000053372
AKR7A3	1	19609052	19615744	-	ENSG00000162482
AKR7A2	1	19630459	19638640	-	ENSG00000053371
PQLC2	1	19638820	19655794	+	ENSG00000040487
CAPZB	1	19665267	19812066	-	ENSG00000077549
MINOS1-NBL1	1	19923473	19984549	+	ENSG00000270136
MINOS1	1	19923477	19956314	+	ENSG00000173436
NBL1	1	19967048	19984945	+	ENSG00000158747
HTR6	1	19991780	20006055	+	ENSG00000158748
TMCO4	1	20008706	20126438	-	ENSG00000162542
RNF186	1	20140523	20141771	-	ENSG00000178828
OTUD3	1	20209006	20239438	+	ENSG00000169914
PLA2G2E	1	20246502	20250110	-	ENSG00000188784
PLA2G2A	1	20301925	20306932	-	ENSG00000188257
PLA2G5	1	20354672	20417683	+	ENSG00000127472
PLA2G2D	1	20438432	20446050	-	ENSG00000117215
PLA2G2F	1	20465819	20476879	+	ENSG00000158786
PLA2G2C	1	20487746	20503917	-	ENSG00000187980
UBXN10	1	20512578	20522541	+	ENSG00000162543
VWA5B1	1	20617412	20681387	+	ENSG00000158816
CAMK2N1	1	20808884	20812713	-	ENSG00000162545
MUL1	1	20825943	20834654	-	ENSG00000090432
FAM43B	1	20878932	20881512	+	ENSG00000183114
CDA	1	20915441	20945401	+	ENSG00000158825
PINK1	1	20959948	20978004	+	ENSG00000158828
DDOST	1	20978270	20988000	-	ENSG00000244038
KIF17	1	20990507	21044510	-	ENSG00000117245
SH2D5	1	21046225	21059330	-	ENSG00000189410
HP1BP3	1	21069154	21113816	-	ENSG00000127483
EIF4G3	1	21132963	21503377	-	ENSG00000075151
ECE1	1	21543740	21671997	-	ENSG00000117298
NBPF3	1	21766621	21811498	+	ENSG00000142794
ALPL	1	21835858	21904905	+	ENSG00000162551
RAP1GAP	1	21922708	21995801	-	ENSG00000076864
USP48	1	22004791	22110099	-	ENSG00000090686
LDLRAD2	1	22138758	22151714	+	ENSG00000187942
HSPG2	1	22148738	22263790	-	ENSG00000142798
CELA3B	1	22303514	22325135	+	ENSG00000219073
CELA3A	1	22328149	22339032	+	ENSG00000142789
CDC42	1	22379120	22419437	+	ENSG00000070831
WNT4	1	22443798	22470462	-	ENSG00000162552
ZBTB40	1	22778344	22857650	+	ENSG00000184677
EPHA8	1	22890057	22930087	+	ENSG00000070886
C1QA	1	22962999	22966101	+	ENSG00000173372
C1QC	1	22970123	22974603	+	ENSG00000159189
C1QB	1	22979255	22988031	+	ENSG00000173369
EPHB2	1	23037332	23241818	+	ENSG00000133216
LACTBL1	1	23279536	23291831	-	ENSG00000215906
C1orf234	1	23337327	23342343	-	ENSG00000227868
KDM1A	1	23345941	23410182	+	ENSG00000004487
LUZP1	1	23410516	23504301	-	ENSG00000169641
HTR1D	1	23516993	23521222	-	ENSG00000179546
HNRNPR	1	23630264	23670829	-	ENSG00000125944
ZNF436	1	23685941	23695935	-	ENSG00000125945
C1orf213	1	23695490	23698332	+	ENSG00000249087
TCEA3	1	23707554	23751233	-	ENSG00000204219
ASAP3	1	23755056	23811061	-	ENSG00000088280
E2F2	1	23832922	23857712	-	ENSG00000007968
ID3	1	23884409	23886285	-	ENSG00000117318
MDS2	1	23907985	23967058	+	ENSG00000197880
RPL11	1	24018269	24022915	+	ENSG00000142676
TCEB3	1	24069645	24088549	+	ENSG00000011007
PITHD1	1	24104895	24114722	+	ENSG00000057757
LYPLA2	1	24117460	24122029	+	ENSG00000011009
GALE	1	24122089	24127271	-	ENSG00000117308
HMGCL	1	24128375	24165110	-	ENSG00000117305
FUCA1	1	24171567	24194784	-	ENSG00000179163
CNR2	1	24197016	24285549	-	ENSG00000188822
MYOM3	1	24382525	24438665	-	ENSG00000142661
IL22RA1	1	24446261	24469611	-	ENSG00000142677
IFNLR1	1	24480647	24514449	-	ENSG00000185436
GRHL3	1	24645812	24690972	+	ENSG00000158055
STPG1	1	24683489	24743424	-	ENSG00000001460
NIPAL3	1	24742284	24799466	+	ENSG00000001461
RCAN3	1	24829387	24867530	+	ENSG00000117602
NCMAP	1	24882602	24935819	+	ENSG00000184454
SRRM1	1	24958207	24999758	+	ENSG00000133226
CLIC4	1	25071848	25170815	+	ENSG00000169504
RUNX3	1	25226002	25291612	-	ENSG00000020633
SYF2	1	25549170	25558993	-	ENSG00000117614
C1orf63	1	25568728	25664704	-	ENSG00000117616
RHD	1	25598884	25656936	+	ENSG00000187010
TMEM50A	1	25664408	25688852	+	ENSG00000183726
RHCE	1	25688740	25756683	-	ENSG00000188672
TMEM57	1	25757388	25826700	+	ENSG00000204178
LDLRAP1	1	25870071	25895377	+	ENSG00000157978
MAN1C1	1	25943959	26112698	+	ENSG00000117643
SEPN1	1	26126667	26144713	+	ENSG00000162430
RP1-317E23.6	1	26137961	26150235	+	ENSG00000255054
MTFR1L	1	26145131	26159432	+	ENSG00000117640
AL020996.1	1	26145212	26147288	-	ENSG00000223474
AUNIP	1	26158414	26185903	-	ENSG00000127423
PAQR7	1	26187701	26197744	-	ENSG00000182749
STMN1	1	26210672	26233482	-	ENSG00000117632
PAFAH2	1	26286258	26324648	-	ENSG00000158006
EXTL1	1	26346375	26362955	+	ENSG00000158008
SLC30A2	1	26363743	26372624	-	ENSG00000158014
TRIM63	1	26377795	26394927	-	ENSG00000158022
PDIK1L	1	26437664	26452034	+	ENSG00000175087
FAM110D	1	26485511	26489119	+	ENSG00000197245
ZNF593	1	26496362	26498551	+	ENSG00000142684
CNKSR1	1	26503894	26516377	+	ENSG00000142675
CATSPER4	1	26517052	26529459	+	ENSG00000188782
CEP85	1	26560691	26605299	+	ENSG00000130695
SH3BGRL3	1	26605667	26608007	+	ENSG00000142669
UBXN11	1	26607819	26644854	-	ENSG00000158062
CD52	1	26644448	26647014	+	ENSG00000169442
AIM1L	1	26648350	26680621	-	ENSG00000176092
ZNF683	1	26688125	26701013	-	ENSG00000176083
LIN28A	1	26737269	26756213	+	ENSG00000131914
DHDDS	1	26758773	26797785	+	ENSG00000117682
HMGN2	1	26798941	26802463	+	ENSG00000198830
RPS6KA1	1	26856252	26901521	+	ENSG00000117676
ARID1A	1	27022524	27108595	+	ENSG00000117713
PIGV	1	27113963	27124889	+	ENSG00000060642
ZDHHC18	1	27153201	27184093	+	ENSG00000204160
SFN	1	27189633	27190947	+	ENSG00000175793
GPN2	1	27202624	27216788	-	ENSG00000142751
GPATCH3	1	27216979	27226957	-	ENSG00000198746
NUDC	1	27226729	27273353	+	ENSG00000090273
NR0B2	1	27237980	27240457	-	ENSG00000131910
C1orf172	1	27276053	27286897	-	ENSG00000175707
TRNP1	1	27320198	27327389	+	ENSG00000253368
FAM46B	1	27331511	27339327	-	ENSG00000158246
SLC9A1	1	27425306	27493472	-	ENSG00000090020
WDTC1	1	27561007	27635110	+	ENSG00000142784
TMEM222	1	27648651	27662891	+	ENSG00000186501
SYTL1	1	27668513	27680421	+	ENSG00000142765
MAP3K6	1	27681675	27693383	-	ENSG00000142733
FCN3	1	27695603	27701315	-	ENSG00000142748
CD164L2	1	27705666	27709870	-	ENSG00000174950
GPR3	1	27719148	27722318	+	ENSG00000181773
WASF2	1	27730730	27816669	-	ENSG00000158195
AHDC1	1	27860546	27930942	-	ENSG00000126705
FGR	1	27938575	27961788	-	ENSG00000000938
IFI6	1	27992572	27998729	-	ENSG00000126709
FAM76A	1	28052490	28089633	+	ENSG00000009780
STX12	1	28099694	28150963	+	ENSG00000117758
PPP1R8	1	28157289	28178187	+	ENSG00000117751
AL109927.1	1	28177085	28177255	-	ENSG00000268552
THEMIS2	1	28199055	28213196	+	ENSG00000130775
RPA2	1	28218035	28241257	-	ENSG00000117748
SMPDL3B	1	28261504	28285668	+	ENSG00000130768
XKR8	1	28285973	28294607	+	ENSG00000158156
EYA3	1	28296855	28415207	-	ENSG00000158161
PTAFR	1	28473677	28520447	-	ENSG00000169403
DNAJC8	1	28525967	28559536	-	ENSG00000126698
AL353354.1	1	28527013	28527152	-	ENSG00000215902
AL353354.2	1	28527070	28527419	+	ENSG00000269804
ATPIF1	1	28562620	28573417	+	ENSG00000130770
SESN2	1	28586038	28609002	+	ENSG00000130766
MED18	1	28655513	28662476	+	ENSG00000130772
PHACTR4	1	28696114	28826881	+	ENSG00000204138
RCC1	1	28832455	28865812	+	ENSG00000180198
TRNAU1AP	1	28879597	28905051	+	ENSG00000180098
TAF12	1	28915835	28969597	-	ENSG00000120656
RAB42	1	28918712	28921955	+	ENSG00000188060
GMEB1	1	28995244	29045865	+	ENSG00000162419
YTHDF2	1	29063133	29096287	+	ENSG00000198492
OPRD1	1	29138654	29190208	+	ENSG00000116329
EPB41	1	29213603	29446553	+	ENSG00000159023
TMEM200B	1	29445940	29450447	-	ENSG00000253304
SRSF4	1	29474255	29508499	-	ENSG00000116350
MECR	1	29519385	29557454	-	ENSG00000116353
PTPRU	1	29563028	29653325	+	ENSG00000060656
MATN1	1	31184124	31196434	-	ENSG00000162510
LAPTM5	1	31205316	31230667	-	ENSG00000162511
SDC3	1	31342314	31381608	-	ENSG00000162512
PUM1	1	31404353	31538838	-	ENSG00000134644
NKAIN1	1	31652592	31712401	-	ENSG00000084628
SNRNP40	1	31732417	31769662	-	ENSG00000060688
ZCCHC17	1	31769842	31837783	+	ENSG00000121766
FABP3	1	31838472	31849697	-	ENSG00000121769
SERINC2	1	31882412	31907525	+	ENSG00000168528
AC114494.1	1	31902192	31902614	-	ENSG00000268950
TINAGL1	1	32042116	32053288	+	ENSG00000142910
HCRTR1	1	32083287	32098119	+	ENSG00000121764
PEF1	1	32095463	32110497	-	ENSG00000162517
COL16A1	1	32117848	32169920	-	ENSG00000084636
BAI2	1	32192718	32230494	-	ENSG00000121753
SPOCD1	1	32256023	32281652	-	ENSG00000134668
PTP4A2	1	32372022	32410457	-	ENSG00000184007
AL136115.1	1	32379174	32380745	+	ENSG00000212673
KHDRBS1	1	32479430	32526451	+	ENSG00000121774
TMEM39B	1	32537632	32568467	+	ENSG00000121775
KPNA6	1	32573639	32642169	+	ENSG00000025800
TXLNA	1	32645287	32663886	+	ENSG00000084652
CCDC28B	1	32665987	32670988	+	ENSG00000160050
IQCC	1	32671236	32674288	+	ENSG00000160051
DCDC2B	1	32674695	32681797	+	ENSG00000222046
TMEM234	1	32680073	32687972	-	ENSG00000160055
EIF3I	1	32687529	32697205	+	ENSG00000084623
FAM167B	1	32712834	32714457	+	ENSG00000183615
LCK	1	32716840	32751766	+	ENSG00000182866
HDAC1	1	32757687	32799236	+	ENSG00000116478
MARCKSL1	1	32799433	32801980	-	ENSG00000175130
TSSK3	1	32817122	32829913	+	ENSG00000162526
FAM229A	1	32826871	32829879	-	ENSG00000225828
BSDC1	1	32830704	32860332	-	ENSG00000160058
RP1-27O5.3	1	32930658	33066393	+	ENSG00000254553
ZBTB8B	1	32930670	32962287	+	ENSG00000273274
ZBTB8A	1	33005028	33071540	+	ENSG00000160062
ZBTB8OS	1	33065773	33116504	-	ENSG00000176261
RBBP4	1	33116743	33151812	+	ENSG00000162521
SYNC	1	33145507	33169197	-	ENSG00000162520
KIAA1522	1	33207486	33240571	+	ENSG00000162522
YARS	1	33240840	33283754	-	ENSG00000134684
S100PBP	1	33282368	33324476	+	ENSG00000116497
FNDC5	1	33327869	33338083	-	ENSG00000160097
HPCA	1	33351595	33364042	+	ENSG00000121905
TMEM54	1	33360195	33367039	-	ENSG00000121900
RNF19B	1	33402046	33430286	-	ENSG00000116514
FKSG48	1	33439268	33439642	+	ENSG00000267885
AK2	1	33473585	33546597	-	ENSG00000004455
ADC	1	33546705	33586131	+	ENSG00000142920
TRIM62	1	33611003	33647660	-	ENSG00000116525
ZNF362	1	33722146	33766320	+	ENSG00000160094
A3GALT2	1	33772367	33786699	-	ENSG00000184389
PHC2	1	33789224	33896653	-	ENSG00000134686
ZSCAN20	1	33938246	33962107	+	ENSG00000121903
CSMD2	1	33979609	34631443	-	ENSG00000121904
HMGB4	1	34326076	34330392	+	ENSG00000176256
C1orf94	1	34632484	34684732	+	ENSG00000142698
SMIM12	1	35178338	35325417	-	ENSG00000163866
GJB5	1	35220648	35224113	+	ENSG00000189280
GJB4	1	35225342	35229325	+	ENSG00000189433
GJB3	1	35246790	35251970	+	ENSG00000188910
GJA4	1	35258599	35261348	+	ENSG00000187513
DLGAP3	1	35331037	35395186	-	ENSG00000116544
RP11-244H3.4	1	35447134	35497342	-	ENSG00000271741
ZMYM6NB	1	35447136	35450954	-	ENSG00000243749
ZMYM6	1	35449523	35497569	-	ENSG00000163867
ZMYM1	1	35525387	35581460	+	ENSG00000197056
SFPQ	1	35641979	35658749	-	ENSG00000116560
ZMYM4	1	35734568	35887659	+	ENSG00000146463
KIAA0319L	1	35899091	36023551	-	ENSG00000142687
NCDN	1	36023074	36032875	+	ENSG00000020129
TFAP2E	1	36038971	36060929	+	ENSG00000116819
PSMB2	1	36067185	36107445	-	ENSG00000126067
C1orf216	1	36179476	36185073	-	ENSG00000142686
CLSPN	1	36185819	36235568	-	ENSG00000092853
AGO4	1	36273773	36323491	+	ENSG00000134698
AGO1	1	36335409	36395211	+	ENSG00000092847
AGO3	1	36396319	36538101	+	ENSG00000126070
TEKT2	1	36549676	36553876	+	ENSG00000092850
ADPRHL2	1	36554476	36559533	+	ENSG00000116863
COL8A2	1	36560837	36590821	-	ENSG00000171812
TRAPPC3	1	36602173	36615098	-	ENSG00000054116
MAP7D1	1	36621180	36646450	+	ENSG00000116871
THRAP3	1	36690017	36770958	+	ENSG00000054118
SH3D21	1	36771988	36790484	+	ENSG00000214193
EVA1B	1	36787632	36789755	-	ENSG00000142694
RP11-268J15.5	1	36789335	36794822	+	ENSG00000116883
STK40	1	36805225	36851497	-	ENSG00000196182
LSM10	1	36856839	36863493	-	ENSG00000181817
OSCP1	1	36881428	36916086	-	ENSG00000116885
MRPS15	1	36921319	36930038	-	ENSG00000116898
CSF3R	1	36931644	36948879	-	ENSG00000119535
GRIK3	1	37261128	37499730	-	ENSG00000163873
ZC3H12A	1	37940153	37949980	+	ENSG00000163874
MEAF6	1	37958176	37980375	-	ENSG00000163875
SNIP1	1	38000050	38019903	-	ENSG00000163877
DNALI1	1	38022520	38032458	+	ENSG00000163879
GNL2	1	38032417	38061536	-	ENSG00000134697
RSPO1	1	38076951	38100595	-	ENSG00000169218
C1orf109	1	38147242	38157914	-	ENSG00000116922
CDCA8	1	38158090	38175391	+	ENSG00000134690
EPHA10	1	38179552	38230805	-	ENSG00000183317
MANEAL	1	38259474	38266809	+	ENSG00000185090
YRDC	1	38268616	38273857	-	ENSG00000196449
C1orf122	1	38272651	38275126	+	ENSG00000197982
MTF1	1	38275239	38325292	-	ENSG00000188786
AL929472.1	1	38292232	38293886	-	ENSG00000230610
INPP5B	1	38326369	38412729	-	ENSG00000204084
SF3A3	1	38422647	38456593	-	ENSG00000183431
FHL3	1	38462442	38471278	-	ENSG00000183386
UTP11L	1	38474930	38490496	+	ENSG00000183520
POU3F1	1	38509523	38512450	-	ENSG00000185668
RRAGC	1	39303870	39325495	-	ENSG00000116954
MYCBP	1	39328636	39347289	-	ENSG00000214114
GJA9	1	39330175	39347289	-	ENSG00000131233
RHBDL2	1	39351479	39407471	-	ENSG00000158315
AKIRIN1	1	39456895	39471731	+	ENSG00000174574
NDUFS5	1	39491990	39500308	+	ENSG00000168653
MACF1	1	39546988	39952849	+	ENSG00000127603
KIAA0754	1	39876151	39882154	+	ENSG00000255103
BMP8A	1	39957318	39991607	+	ENSG00000183682
PABPC4	1	40026488	40042462	-	ENSG00000090621
HEYL	1	40089825	40105617	-	ENSG00000163909
NT5C1A	1	40124793	40137710	-	ENSG00000116981
HPCAL4	1	40144320	40157361	-	ENSG00000116983
PPIE	1	40157854	40229586	+	ENSG00000084072
BMP8B	1	40222854	40254533	-	ENSG00000116985
OXCT2	1	40235195	40237020	-	ENSG00000198754
TRIT1	1	40306723	40349183	-	ENSG00000043514
MYCL	1	40361098	40367928	-	ENSG00000116990
MFSD2A	1	40420802	40435638	+	ENSG00000168389
CAP1	1	40505905	40538321	+	ENSG00000131236
PPT1	1	40538379	40563375	-	ENSG00000131238
RLF	1	40627045	40706593	+	ENSG00000117000
TMCO2	1	40711619	40717363	+	ENSG00000188800
ZMPSTE24	1	40723779	40759856	+	ENSG00000084073
COL9A2	1	40766159	40783488	-	ENSG00000049089
SMAP2	1	40810522	40888998	+	ENSG00000084070
ZFP69B	1	40915774	40929390	+	ENSG00000187801
ZFP69	1	40942887	40962015	+	ENSG00000187815
EXO5	1	40974413	40982228	+	ENSG00000164002
ZNF684	1	40997233	41013841	+	ENSG00000117010
RIMS3	1	41086351	41131329	-	ENSG00000117016
NFYC	1	41157320	41237275	+	ENSG00000066136
KCNQ4	1	41249684	41306124	+	ENSG00000117013
CITED4	1	41326729	41328018	-	ENSG00000179862
CTPS1	1	41445007	41478235	+	ENSG00000171793
SLFNL1	1	41481269	41488909	-	ENSG00000171790
SCMH1	1	41492872	41707826	-	ENSG00000010803
FOXO6	1	41827594	41849262	+	ENSG00000204060
EDN2	1	41944446	41950344	-	ENSG00000127129
HIVEP3	1	41972036	42501596	-	ENSG00000127124
GUCA2B	1	42619092	42621495	+	ENSG00000044012
GUCA2A	1	42628362	42630389	-	ENSG00000197273
FOXJ3	1	42642210	42801548	-	ENSG00000198815
RIMKLA	1	42846466	42888249	+	ENSG00000177181
ZMYND12	1	42896000	42921938	-	ENSG00000066185
PPCS	1	42921788	42939056	+	ENSG00000127125
CCDC30	1	42929001	43120335	+	ENSG00000186409
PPIH	1	43124096	43142429	+	ENSG00000171960
YBX1	1	43148098	43168020	+	ENSG00000065978
CLDN19	1	43198764	43205925	-	ENSG00000164007
LEPRE1	1	43212006	43232755	-	ENSG00000117385
C1orf50	1	43232940	43263968	+	ENSG00000164008
CCDC23	1	43272723	43282954	-	ENSG00000177868
ERMAP	1	43282795	43310660	+	ENSG00000164010
ZNF691	1	43312280	43318148	+	ENSG00000164011
SLC2A1	1	43391052	43424530	-	ENSG00000117394
FAM183A	1	43610824	43622067	+	ENSG00000186973
EBNA1BP2	1	43629846	43736607	-	ENSG00000117395
WDR65	1	43637820	43720029	+	ENSG00000243710
TMEM125	1	43735665	43739673	+	ENSG00000179178
C1orf210	1	43747554	43751288	-	ENSG00000253313
TIE1	1	43766664	43788779	+	ENSG00000066056
MPL	1	43803478	43818443	+	ENSG00000117400
CDC20	1	43824626	43828874	+	ENSG00000117399
ELOVL1	1	43829068	43833696	-	ENSG00000066322
MED8	1	43849588	43855479	-	ENSG00000159479
SZT2	1	43855553	43918321	+	ENSG00000198198
HYI	1	43916824	43919660	-	ENSG00000178922
PTPRF	1	43990858	44089343	+	ENSG00000142949
KDM4A	1	44115829	44171186	+	ENSG00000066135
ST3GAL3	1	44171495	44396831	+	ENSG00000126091
ARTN	1	44398992	44402913	+	ENSG00000117407
IPO13	1	44412611	44433694	+	ENSG00000117408
DPH2	1	44435672	44439041	+	ENSG00000132768
ATP6V0B	1	44440159	44443967	+	ENSG00000117410
B4GALT2	1	44444615	44456840	+	ENSG00000117411
CCDC24	1	44457031	44462200	+	ENSG00000159214
SLC6A9	1	44457172	44497139	-	ENSG00000196517
KLF17	1	44584522	44600812	+	ENSG00000171872
DMAP1	1	44679127	44686353	+	ENSG00000178028
ERI3	1	44686742	44820932	-	ENSG00000117419
RNF220	1	44870866	45117396	+	ENSG00000187147
TMEM53	1	45100910	45140227	-	ENSG00000126106
C1orf228	1	45140364	45191263	+	ENSG00000198520
KIF2C	1	45205490	45233439	+	ENSG00000142945
RPS8	1	45240923	45244451	+	ENSG00000142937
BEST4	1	45249257	45253377	-	ENSG00000142959
PLK3	1	45265897	45271662	+	ENSG00000173846
TCTEX1D4	1	45271585	45272957	-	ENSG00000188396
BTBD19	1	45274154	45281257	+	ENSG00000222009
PTCH2	1	45285516	45308735	-	ENSG00000117425
EIF2B3	1	45316450	45452282	-	ENSG00000070785
HECTD3	1	45468212	45477001	-	ENSG00000126107
UROD	1	45477819	45481247	+	ENSG00000126088
ZSWIM5	1	45482071	45771881	-	ENSG00000162415
HPDL	1	45792545	45794347	+	ENSG00000186603
MUTYH	1	45794835	45806142	-	ENSG00000132781
TOE1	1	45805342	45809647	+	ENSG00000132773
TESK2	1	45809555	45956872	-	ENSG00000070759
CCDC163P	1	45959538	45965751	-	ENSG00000236624
MMACHC	1	45965725	45976739	+	ENSG00000132763
PRDX1	1	45976708	45988719	-	ENSG00000117450
AKR1A1	1	46016215	46035721	+	ENSG00000117448
NASP	1	46049518	46084566	+	ENSG00000132780
CCDC17	1	46085716	46089729	-	ENSG00000159588
GPBP1L1	1	46092976	46153785	-	ENSG00000159592
TMEM69	1	46152886	46160115	+	ENSG00000159596
IPP	1	46159996	46216322	-	ENSG00000197429
MAST2	1	46252659	46501796	+	ENSG00000086015
PIK3R3	1	46505812	46642160	-	ENSG00000117461
TSPAN1	1	46640745	46651630	+	ENSG00000117472
POMGNT1	1	46654354	46685977	-	ENSG00000085998
LURAP1	1	46669006	46686933	+	ENSG00000171357
RAD54L	1	46713360	46744145	+	ENSG00000085999
LRRC41	1	46726868	46769280	-	ENSG00000132128
UQCRH	1	46769303	46782448	+	ENSG00000173660
NSUN4	1	46805849	46830824	+	ENSG00000117481
FAAH	1	46859937	46879520	+	ENSG00000117480
DMBX1	1	46972668	46979898	+	ENSG00000197587
KNCN	1	47011316	47017199	-	ENSG00000162456
MKNK1	1	47023090	47082515	-	ENSG00000079277
MOB3C	1	47073387	47082563	-	ENSG00000142961
ATPAF1	1	47098409	47139539	-	ENSG00000123472
EFCAB14	1	47124366	47184824	-	ENSG00000159658
TEX38	1	47134527	47139266	+	ENSG00000186118
CYP4B1	1	47223510	47285085	+	ENSG00000142973
CYP4A11	1	47394849	47407156	-	ENSG00000187048
CYP4X1	1	47427036	47516423	+	ENSG00000186377
CYP4Z1	1	47533160	47583991	+	ENSG00000186160
CYP4A22	1	47603107	47615413	+	ENSG00000162365
PDZK1IP1	1	47649265	47656716	-	ENSG00000162366
TAL1	1	47681962	47697892	-	ENSG00000162367
STIL	1	47715811	47779819	-	ENSG00000123473
CMPK1	1	47799469	47844511	+	ENSG00000162368
FOXE3	1	47881744	47883723	+	ENSG00000186790
FOXD2	1	47901689	47906363	+	ENSG00000186564
TRABD2B	1	48226200	48462567	-	ENSG00000269113
FLJ00388	1	48226979	48227290	-	ENSG00000273395
AL109659.1	1	48569306	48569878	+	ENSG00000269709
SLC5A9	1	48688357	48714316	+	ENSG00000117834
SPATA6	1	48761044	48937845	-	ENSG00000132122
AGBL4	1	48998527	50489585	-	ENSG00000186094
BEND5	1	49193195	49242641	-	ENSG00000162373
AL645730.2	1	50459990	50461874	+	ENSG00000227839
ELAVL4	1	50513686	50669458	+	ENSG00000162374
DMRTA2	1	50883222	50889172	-	ENSG00000142700
FAF1	1	50905150	51425935	-	ENSG00000185104
CDKN2C	1	51426417	51440305	+	ENSG00000123080
C1orf185	1	51567906	51613752	+	ENSG00000204006
RNF11	1	51701943	51739127	+	ENSG00000123091
TTC39A	1	51752930	51810788	-	ENSG00000085831
EPS15	1	51819935	51985000	-	ENSG00000085832
OSBPL9	1	52042851	52254889	+	ENSG00000117859
NRD1	1	52254863	52344477	-	ENSG00000078618
RAB3B	1	52373628	52456436	-	ENSG00000169213
TXNDC12	1	52485803	52521843	-	ENSG00000117862
KTI12	1	52497775	52499488	-	ENSG00000198841
BTF3L4	1	52521797	52556388	+	ENSG00000134717
ZFYVE9	1	52608046	52812358	+	ENSG00000157077
CC2D1B	1	52811395	52831865	-	ENSG00000154222
ORC1	1	52838501	52870131	-	ENSG00000085840
PRPF38A	1	52870236	52886511	+	ENSG00000134748
ZCCHC11	1	52873954	53019159	-	ENSG00000134744
GPX7	1	53068044	53074723	+	ENSG00000116157
FAM159A	1	53099016	53135355	+	ENSG00000182183
COA7	1	53152508	53164038	-	ENSG00000162377
ZYG11B	1	53192126	53293014	+	ENSG00000162378
ZYG11A	1	53308183	53360670	+	ENSG00000203995
ECHDC2	1	53361656	53392884	-	ENSG00000121310
SCP2	1	53392901	53517375	+	ENSG00000116171
PODN	1	53527854	53551174	+	ENSG00000174348
SLC1A7	1	53552855	53608289	-	ENSG00000162383
CPT2	1	53662101	53679869	+	ENSG00000157184
C1orf123	1	53679771	53686289	-	ENSG00000162384
MAGOH	1	53692564	53704282	-	ENSG00000162385
LRP8	1	53711217	53793742	-	ENSG00000157193
DMRTB1	1	53925072	53933161	+	ENSG00000143006
GLIS1	1	53971910	54199877	-	ENSG00000174332
NDC1	1	54231133	54304533	-	ENSG00000058804
YIPF1	1	54317392	54356407	-	ENSG00000058799
DIO1	1	54356912	54376759	+	ENSG00000211452
HSPB11	1	54382247	54411602	-	ENSG00000081870
LRRC42	1	54411750	54433841	+	ENSG00000116212
LDLRAD1	1	54474412	54483856	-	ENSG00000203985
TMEM59	1	54497347	54519177	-	ENSG00000116209
TCEANC2	1	54519260	54578192	+	ENSG00000116205
AL161915.1	1	54569968	54571750	+	ENSG00000212670
CDCP2	1	54598747	54619443	-	ENSG00000157211
RP11-446E24.4	1	54606897	54665746	-	ENSG00000256407
AL357673.1	1	54635333	54637997	-	ENSG00000248835
CYB5RL	1	54638009	54665709	-	ENSG00000215883
MRPL37	1	54649714	54691137	+	ENSG00000116221
SSBP3	1	54691105	54879152	-	ENSG00000157216
SSBP3-AS1	1	54703710	54704736	+	ENSG00000198711
ACOT11	1	55007930	55104865	+	ENSG00000162390
FAM151A	1	55074855	55089229	-	ENSG00000162391
MROH7-TTC4	1	55107459	55207981	+	ENSG00000271723
MROH7	1	55107463	55175939	+	ENSG00000184313
TTC4	1	55181495	55208330	+	ENSG00000243725
PARS2	1	55222571	55230187	-	ENSG00000162396
TTC22	1	55245385	55266940	-	ENSG00000006555
C1orf177	1	55271736	55307925	+	ENSG00000162398
DHCR24	1	55315306	55352891	-	ENSG00000116133
TMEM61	1	55446465	55457966	+	ENSG00000143001
BSND	1	55464606	55476556	+	ENSG00000162399
PCSK9	1	55505221	55530525	+	ENSG00000169174
USP24	1	55532032	55680786	-	ENSG00000162402
PPAP2B	1	56960419	57110974	-	ENSG00000162407
PRKAA2	1	57110995	57181008	+	ENSG00000162409
C1orf168	1	57184477	57285369	-	ENSG00000187889
C8A	1	57320479	57383894	+	ENSG00000157131
C8B	1	57394883	57431813	-	ENSG00000021852
DAB1	1	57460451	59012406	-	ENSG00000173406
OMA1	1	58881056	59012474	-	ENSG00000162600
TACSTD2	1	59041099	59043166	-	ENSG00000184292
MYSM1	1	59120411	59165764	-	ENSG00000162601
JUN	1	59246465	59249785	-	ENSG00000177606
FGGY	1	59762310	60233347	+	ENSG00000172456
HOOK1	1	60280458	60342050	+	ENSG00000134709
CYP2J2	1	60358980	60392462	-	ENSG00000134716
C1orf87	1	60452941	60539442	-	ENSG00000162598
NFIA	1	61330931	61928465	+	ENSG00000162599
TM2D1	1	62146718	62191095	-	ENSG00000162604
INADL	1	62208149	62629592	+	ENSG00000132849
L1TD1	1	62660503	62678000	+	ENSG00000240563
KANK4	1	62702651	62785085	-	ENSG00000132854
USP1	1	62901968	62917475	+	ENSG00000162607
DOCK7	1	62920399	63153969	-	ENSG00000116641
ANGPTL3	1	63063158	63071830	+	ENSG00000132855
AL138847.1	1	63073437	63075249	+	ENSG00000269624
ATG4C	1	63249806	63331184	+	ENSG00000125703
FOXD3	1	63788730	63790797	+	ENSG00000187140
ALG6	1	63833261	63904233	+	ENSG00000088035
ITGB3BP	1	63906441	64059392	-	ENSG00000142856
EFCAB7	1	63989043	64038364	+	ENSG00000203965
DLEU2L	1	64014588	64015405	+	ENSG00000116652
PGM1	1	64058947	64125916	+	ENSG00000079739
ROR1	1	64239693	64647181	+	ENSG00000185483
UBE2U	1	64669310	64733051	+	ENSG00000177414
CACHD1	1	64936428	65158741	+	ENSG00000158966
RAVER2	1	65210778	65298915	+	ENSG00000162437
JAK1	1	65298912	65432187	-	ENSG00000162434
AK4	1	65613232	65697828	+	ENSG00000162433
DNAJC6	1	65713902	65881552	+	ENSG00000116675
LEPR	1	65886248	66107242	+	ENSG00000116678
LEPROT	1	65886270	65901690	+	ENSG00000213625
PDE4B	1	66258197	66840259	+	ENSG00000184588
SGIP1	1	66999066	67213982	+	ENSG00000118473
AL139147.1	1	67131547	67142710	-	ENSG00000248458
TCTEX1D1	1	67218142	67244470	+	ENSG00000152760
INSL5	1	67263424	67266939	-	ENSG00000172410
WDR78	1	67278568	67390570	-	ENSG00000152763
MIER1	1	67390578	67454302	+	ENSG00000198160
SLC35D1	1	67465015	67519782	-	ENSG00000116704
C1orf141	1	67557848	67697536	-	ENSG00000203963
IL23R	1	67632083	67725662	+	ENSG00000162594
IL12RB2	1	67773047	67862583	+	ENSG00000081985
SERBP1	1	67873493	67896098	-	ENSG00000142864
GADD45A	1	68150744	68154021	+	ENSG00000116717
GNG12	1	68167149	68299150	-	ENSG00000172380
DIRAS3	1	68511645	68517314	-	ENSG00000162595
WLS	1	68564142	68698803	-	ENSG00000116729
RPE65	1	68894505	68915642	-	ENSG00000116745
DEPDC1	1	68939835	68962904	-	ENSG00000024526
LRRC7	1	70034081	70617628	+	ENSG00000033122
LRRC40	1	70610488	70671303	-	ENSG00000066557
SRSF11	1	70671365	70718735	+	ENSG00000116754
ANKRD13C	1	70726271	70820417	-	ENSG00000118454
HHLA3	1	70820488	70851022	+	ENSG00000197568
CTH	1	70876901	70905534	+	ENSG00000116761
PTGER3	1	71318036	71513491	-	ENSG00000050628
ZRANB2	1	71528974	71546980	-	ENSG00000132485
NEGR1	1	71861623	72748417	-	ENSG00000172260
LRRIQ3	1	74491699	74663871	-	ENSG00000162620
FPGT	1	74663896	74699770	+	ENSG00000254685
FPGT-TNNI3K	1	74663919	75009666	+	ENSG00000259030
TNNI3K	1	74663947	75010112	+	ENSG00000116783
LRRC53	1	74935562	74978298	-	ENSG00000162621
C1orf173	1	75033795	75139422	-	ENSG00000178965
CRYZ	1	75171170	75199092	-	ENSG00000116791
TYW3	1	75198836	75232362	+	ENSG00000162623
LHX8	1	75594119	75627218	+	ENSG00000162624
SLC44A5	1	75667816	76076801	-	ENSG00000137968
ACADM	1	76190036	76253260	+	ENSG00000117054
RABGGTB	1	76251879	76260764	+	ENSG00000137955
MSH4	1	76262567	76378923	+	ENSG00000057468
ASB17	1	76384558	76398116	-	ENSG00000154007
ST6GALNAC3	1	76540404	77100286	+	ENSG00000184005
ST6GALNAC5	1	77333126	77531396	+	ENSG00000117069
PIGK	1	77554675	77685115	-	ENSG00000142892
AK5	1	77747736	78025651	+	ENSG00000154027
ZZZ3	1	78028101	78149104	-	ENSG00000036549
USP33	1	78161672	78225537	-	ENSG00000077254
FAM73A	1	78245309	78344106	+	ENSG00000180488
NEXN	1	78354198	78409580	+	ENSG00000162614
FUBP1	1	78409740	78444794	-	ENSG00000162613
DNAJB4	1	78444859	78483648	+	ENSG00000162616
GIPC2	1	78445226	78604133	+	ENSG00000137960
PTGFR	1	78769568	79005434	+	ENSG00000122420
IFI44L	1	79085607	79111830	+	ENSG00000137959
IFI44	1	79115481	79129763	+	ENSG00000137965
ELTD1	1	79355449	79472403	-	ENSG00000162618
LPHN2	1	81771845	82458120	+	ENSG00000117114
TTLL7	1	84330711	84464833	-	ENSG00000137941
PRKACB	1	84543745	84704181	+	ENSG00000142875
SAMD13	1	84764049	84855640	+	ENSG00000203943
DNASE2B	1	84864215	84880701	+	ENSG00000137976
RPF1	1	84944942	84963473	+	ENSG00000117133
GNG5	1	84964008	84972248	-	ENSG00000174021
CTBS	1	85015289	85040163	-	ENSG00000117151
C1orf180	1	85093913	85100703	-	ENSG00000180869
SSX2IP	1	85109390	85156486	-	ENSG00000117155
LPAR3	1	85277285	85358896	-	ENSG00000171517
MCOLN2	1	85391268	85462796	-	ENSG00000153898
WDR63	1	85464830	85598821	+	ENSG00000162643
MCOLN3	1	85483765	85514182	-	ENSG00000055732
SYDE2	1	85622556	85666729	-	ENSG00000097096
C1orf52	1	85715639	85725355	-	ENSG00000162642
BCL10	1	85731931	85742773	-	ENSG00000142867
DDAH1	1	85784164	86043933	-	ENSG00000153904
CYR61	1	86046444	86049645	+	ENSG00000142871
ZNHIT6	1	86115106	86174116	-	ENSG00000117174
COL24A1	1	86194916	86622626	-	ENSG00000171502
ODF2L	1	86814344	86862023	-	ENSG00000122417
CLCA2	1	86889769	86922241	+	ENSG00000137975
CLCA1	1	86934051	86965972	+	ENSG00000016490
CLCA4	1	87012761	87046437	+	ENSG00000016602
SH3GLB1	1	87170259	87213867	+	ENSG00000097033
SEP15	1	87328132	87380107	-	ENSG00000183291
HS2ST1	1	87380331	87602334	+	ENSG00000153936
RP5-1052I5.2	1	87458692	87634884	+	ENSG00000267561
LMO4	1	87794151	87814606	+	ENSG00000143013
PKN2	1	89149905	89301938	+	ENSG00000065243
GTF2B	1	89318615	89357627	-	ENSG00000137947
CCBL2	1	89401456	89458636	-	ENSG00000137944
RBMXL1	1	89445139	89458643	-	ENSG00000213516
GBP3	1	89472349	89488577	-	ENSG00000117226
GBP1	1	89518002	89531043	-	ENSG00000117228
GBP2	1	89571815	89616139	-	ENSG00000162645
GBP7	1	89597434	89641723	-	ENSG00000213512
GBP4	1	89646831	89664615	-	ENSG00000162654
GBP5	1	89724633	89738544	-	ENSG00000154451
GBP6	1	89829617	89852020	+	ENSG00000183347
LRRC8B	1	89990395	90063423	+	ENSG00000197147
LRRC8C	1	90098631	90235462	+	ENSG00000171488
RP11-302M6.4	1	90098699	90398809	+	ENSG00000271949
LRRC8D	1	90286573	90402170	+	ENSG00000171492
ZNF326	1	90460671	90501090	+	ENSG00000162664
BARHL2	1	91177096	91182794	-	ENSG00000143032
ZNF644	1	91380859	91487829	-	ENSG00000122482
HFM1	1	91726323	91870426	-	ENSG00000162669
CDC7	1	91966408	91991321	+	ENSG00000097046
TGFBR3	1	92145902	92371892	-	ENSG00000069702
BRDT	1	92414928	92479983	+	ENSG00000137948
EPHX4	1	92495539	92529093	+	ENSG00000172031
BTBD8	1	92545862	92613393	+	ENSG00000189195
KIAA1107	1	92632542	92650280	+	ENSG00000069712
C1orf146	1	92683497	92711370	+	ENSG00000203910
GLMN	1	92711959	92764544	-	ENSG00000174842
RPAP2	1	92764522	92867613	+	ENSG00000122484
GFI1	1	92940319	92952433	-	ENSG00000162676
EVI5	1	92974253	93257961	-	ENSG00000067208
RPL5	1	93297582	93307481	+	ENSG00000122406
FAM69A	1	93307724	93427057	-	ENSG00000154511
MTF2	1	93544792	93604638	+	ENSG00000143033
TMED5	1	93615299	93646285	-	ENSG00000117500
CCDC18	1	93645476	93744287	+	ENSG00000122483
DR1	1	93811445	93835055	+	ENSG00000117505
FNBP1L	1	93913688	94020218	+	ENSG00000137942
BCAR3	1	94027347	94312706	-	ENSG00000137936
DNTTIP2	1	94333373	94345474	-	ENSG00000067334
GCLM	1	94350761	94374966	-	ENSG00000023909
ABCA4	1	94458393	94586688	-	ENSG00000198691
ARHGAP29	1	94614544	94740624	-	ENSG00000137962
ABCD3	1	94883933	94984222	+	ENSG00000117528
F3	1	94994781	95007356	-	ENSG00000117525
SLC44A3	1	95285898	95360802	+	ENSG00000143036
CNN3	1	95362507	95392834	-	ENSG00000117519
ALG14	1	95439963	95538501	-	ENSG00000172339
TMEM56	1	95582894	95663163	+	ENSG00000152078
TMEM56-RWDD3	1	95583479	95712781	+	ENSG00000271092
RWDD3	1	95699711	95712781	+	ENSG00000122481
RP11-147C23.1	1	96403457	96488436	+	ENSG00000237435
PTBP2	1	97187221	97289294	+	ENSG00000117569
DPYD	1	97543299	98386605	-	ENSG00000188641
SNX7	1	99127236	99226056	+	ENSG00000162627
LPPR5	1	99355806	99470588	-	ENSG00000117598
LPPR4	1	99729509	99775146	+	ENSG00000117600
PALMD	1	100111499	100160097	+	ENSG00000099260
FRRS1	1	100174259	100232187	-	ENSG00000156869
AGL	1	100315640	100389579	+	ENSG00000162688
SLC35A3	1	100435345	100492535	+	ENSG00000117620
HIAT1	1	100503653	100548933	+	ENSG00000156875
SASS6	1	100549119	100598511	-	ENSG00000156876
TRMT13	1	100598706	100616053	+	ENSG00000122435
LRRC39	1	100614409	100643771	-	ENSG00000122477
DBT	1	100652475	100715390	-	ENSG00000137992
RTCA	1	100731763	100758325	+	ENSG00000137996
CDC14A	1	100810584	100985833	+	ENSG00000079335
GPR88	1	101003693	101007574	+	ENSG00000181656
VCAM1	1	101185298	101204601	+	ENSG00000162692
EXTL2	1	101337943	101361554	-	ENSG00000162694
SLC30A7	1	101361632	101447309	+	ENSG00000162695
DPH5	1	101455179	101491644	-	ENSG00000117543
AC093157.1	1	101455761	101457653	+	ENSG00000269175
S1PR1	1	101702444	101707074	+	ENSG00000170989
OLFM3	1	102268130	102462586	-	ENSG00000118733
COL11A1	1	103342023	103574052	-	ENSG00000060718
RNPC3	1	104068313	104097861	+	ENSG00000185946
AMY2B	1	104096437	104122156	+	ENSG00000240038
AMY2A	1	104159999	104168402	+	ENSG00000243480
AMY1A	1	104197912	104207173	+	ENSG00000237763
AMY1B	1	104230037	104239302	-	ENSG00000174876
AMY1C	1	104293028	104301312	+	ENSG00000187733
PRMT6	1	107599267	107601916	+	ENSG00000198890
NTNG1	1	107682629	108026080	+	ENSG00000162631
VAV3	1	108113782	108507766	-	ENSG00000134215
SLC25A24	1	108676658	108743471	-	ENSG00000085491
NBPF4	1	108765963	108786689	-	ENSG00000196427
NBPF6	1	108918421	109013624	+	ENSG00000186086
FAM102B	1	109102711	109187522	+	ENSG00000162636
HENMT1	1	109190912	109204148	-	ENSG00000162639
PRPF38B	1	109234945	109244425	+	ENSG00000134186
FNDC7	1	109255279	109285365	+	ENSG00000143107
STXBP3	1	109289296	109352148	+	ENSG00000116266
AKNAD1	1	109358520	109506106	-	ENSG00000162641
GPSM2	1	109417972	109477167	+	ENSG00000121957
CLCC1	1	109472130	109506111	-	ENSG00000121940
WDR47	1	109512836	109584850	-	ENSG00000085433
TAF13	1	109605108	109618624	-	ENSG00000197780
TMEM167B	1	109632425	109639556	+	ENSG00000215717
C1orf194	1	109648573	109656479	-	ENSG00000179902
KIAA1324	1	109656301	109749401	+	ENSG00000116299
SARS	1	109756540	109780791	+	ENSG00000031698
CELSR2	1	109792641	109818372	+	ENSG00000143126
PSRC1	1	109822178	109825808	-	ENSG00000134222
MYBPHL	1	109834987	109849663	-	ENSG00000221986
SORT1	1	109852192	109940573	-	ENSG00000134243
PSMA5	1	109941653	109969062	-	ENSG00000143106
SYPL2	1	110009180	110024759	+	ENSG00000143028
ATXN7L2	1	110026101	110035426	+	ENSG00000162650
CYB561D1	1	110036674	110045554	+	ENSG00000174151
AMIGO1	1	110046797	110052360	-	ENSG00000181754
GPR61	1	110082494	110091028	+	ENSG00000156097
GNAI3	1	110091233	110136975	+	ENSG00000065135
GNAT2	1	110145889	110155679	-	ENSG00000134183
AMPD2	1	110158726	110174673	+	ENSG00000116337
GSTM4	1	110198703	110208118	+	ENSG00000168765
GSTM2	1	110210644	110252171	+	ENSG00000213366
GSTM1	1	110230436	110251661	+	ENSG00000134184
GSTM5	1	110254864	110318050	+	ENSG00000134201
GSTM3	1	110276554	110284384	-	ENSG00000134202
EPS8L3	1	110292702	110306649	-	ENSG00000198758
CSF1	1	110452864	110473614	+	ENSG00000184371
AHCYL1	1	110527308	110566357	+	ENSG00000168710
STRIP1	1	110574199	110617263	+	ENSG00000143093
ALX3	1	110602616	110613322	-	ENSG00000156150
UBL4B	1	110655062	110656569	+	ENSG00000186150
SLC6A17	1	110693108	110744824	+	ENSG00000197106
KCNC4	1	110753965	110825722	+	ENSG00000116396
RBM15	1	110881128	110889299	+	ENSG00000162775
SLC16A4	1	110905470	110933704	-	ENSG00000168679
LAMTOR5	1	110943871	110950564	-	ENSG00000134248
PROK1	1	110993822	110999976	+	ENSG00000143125
KCNA10	1	111059839	111061797	-	ENSG00000143105
KCNA2	1	111136202	111174096	-	ENSG00000177301
KCNA3	1	111214310	111217655	-	ENSG00000177272
CD53	1	111415775	111442550	+	ENSG00000143119
LRIF1	1	111489807	111506701	-	ENSG00000121931
DRAM2	1	111659955	111682838	-	ENSG00000156171
CEPT1	1	111682249	111727724	+	ENSG00000134255
DENND2D	1	111729796	111747157	-	ENSG00000162777
CHI3L2	1	111743393	111786062	+	ENSG00000064886
CHIA	1	111833484	111863188	+	ENSG00000134216
PIFO	1	111888910	111895635	+	ENSG00000173947
OVGP1	1	111956936	111970399	-	ENSG00000085465
WDR77	1	111982512	111991998	-	ENSG00000116455
ATP5F1	1	111991486	112005395	+	ENSG00000116459
C1orf162	1	112016414	112021134	+	ENSG00000143110
ADORA3	1	112025970	112106584	-	ENSG00000121933
RAP1A	1	112084840	112259313	+	ENSG00000116473
FAM212B	1	112223252	112298446	-	ENSG00000197852
DDX20	1	112297867	112310638	+	ENSG00000064703
KCND3	1	112313284	112531777	-	ENSG00000171385
CTTNBP2NL	1	112938803	113006078	+	ENSG00000143079
WNT2B	1	113009163	113072787	+	ENSG00000134245
ST7L	1	113066140	113163447	-	ENSG00000007341
CAPZA1	1	113161795	113214241	+	ENSG00000116489
MOV10	1	113215763	113243368	+	ENSG00000155363
RHOC	1	113243728	113250056	-	ENSG00000155366
RP11-426L16.10	1	113245236	113254055	-	ENSG00000271810
PPM1J	1	113252616	113258099	-	ENSG00000155367
FAM19A3	1	113263041	113269857	+	ENSG00000184599
SLC16A1	1	113454469	113499635	-	ENSG00000155380
LRIG2	1	113615831	113674882	+	ENSG00000198799
MAGI3	1	113933371	114228545	+	ENSG00000081026
PHTF1	1	114239453	114302111	-	ENSG00000116793
RSBN1	1	114304454	114355098	-	ENSG00000081019
PTPN22	1	114356433	114414381	-	ENSG00000134242
BCL2L15	1	114420790	114430169	-	ENSG00000188761
AP4B1	1	114437370	114447823	-	ENSG00000134262
DCLRE1B	1	114447763	114456708	+	ENSG00000118655
HIPK1	1	114471814	114520426	+	ENSG00000163349
OLFML3	1	114522063	114524876	+	ENSG00000116774
SYT6	1	114631913	114696541	-	ENSG00000134207
TRIM33	1	114935399	115053781	-	ENSG00000197323
BCAS2	1	115110178	115124260	-	ENSG00000116752
DENND2C	1	115125469	115213043	-	ENSG00000175984
AMPD1	1	115215719	115238239	-	ENSG00000116748
NRAS	1	115247090	115259515	-	ENSG00000213281
CSDE1	1	115259534	115301297	-	ENSG00000009307
SIKE1	1	115312100	115323306	-	ENSG00000052723
SYCP1	1	115397424	115537991	+	ENSG00000198765
TSHB	1	115572415	115576941	+	ENSG00000134200
TSPAN2	1	115590632	115632121	-	ENSG00000134198
NGF	1	115828539	115880857	-	ENSG00000134259
VANGL1	1	116184574	116240845	+	ENSG00000173218
CASQ2	1	116242628	116311402	-	ENSG00000118729
NHLH2	1	116378998	116386538	-	ENSG00000177551
SLC22A15	1	116519119	116612675	+	ENSG00000163393
MAB21L3	1	116654376	116677861	+	ENSG00000173212
ATP1A1	1	116915290	116952883	+	ENSG00000163399
AL136376.1	1	116915890	116926718	-	ENSG00000269279
CD58	1	117057157	117113661	-	ENSG00000116815
IGSF3	1	117117031	117210375	-	ENSG00000143061
C1orf137	1	117236734	117249225	+	ENSG00000203864
CD2	1	117297007	117311850	+	ENSG00000116824
PTGFRN	1	117452679	117532980	+	ENSG00000134247
CD101	1	117544382	117579167	+	ENSG00000134256
TTF2	1	117602925	117650075	+	ENSG00000116830
TRIM45	1	117653682	117665209	-	ENSG00000134253
VTCN1	1	117686209	117753556	-	ENSG00000134258
MAN1A2	1	117910071	118071494	+	ENSG00000198162
FAM46C	1	118148556	118170994	+	ENSG00000183508
GDAP2	1	118406107	118472253	-	ENSG00000196505
WDR3	1	118472343	118509165	+	ENSG00000065183
SPAG17	1	118496484	118727846	-	ENSG00000155761
TBX15	1	119425669	119532179	-	ENSG00000092607
WARS2	1	119573839	119683294	-	ENSG00000116874
HAO2	1	119911402	119936753	+	ENSG00000116882
HSD3B2	1	119957554	119965658	+	ENSG00000203859
HSD3B1	1	120049821	120057681	+	ENSG00000203857
ZNF697	1	120162045	120190396	-	ENSG00000143067
PHGDH	1	120202421	120286838	+	ENSG00000092621
HMGCS2	1	120290619	120311528	-	ENSG00000134240
REG4	1	120336641	120354283	-	ENSG00000134193
ADAM30	1	120436156	120439118	-	ENSG00000134249
NOTCH2	1	120454176	120612240	-	ENSG00000134250
FAM72B	1	120837756	120855681	+	ENSG00000188610
FCGR1B	1	120926979	120935937	-	ENSG00000198019
PPIAL4G	1	143767144	143767881	-	ENSG00000236334
FAM72D	1	143896452	143913143	-	ENSG00000215784
NBPF8	1	144146808	144224481	+	ENSG00000162825
AL592284.1	1	144339738	144521058	+	ENSG00000231360
PPIAL4B	1	144363462	144364246	-	ENSG00000255854
NBPF9	1	144811744	144830413	+	ENSG00000168614
PDE4DIP	1	144836157	145076186	-	ENSG00000178104
AL590452.1	1	144989309	144991365	+	ENSG00000268172
NOTCH2NL	1	145209119	145291972	+	ENSG00000213240
RP11-458D21.5	1	145209145	145319796	+	ENSG00000255168
NBPF10	1	145289772	145370303	+	ENSG00000163386
HFE2	1	145413095	145417545	+	ENSG00000168509
TXNIP	1	145438469	145442635	+	ENSG00000117289
POLR3GL	1	145456236	145470388	-	ENSG00000121851
ANKRD34A	1	145470508	145475646	+	ENSG00000181039
LIX1L	1	145477085	145501669	+	ENSG00000152022
RBM8A	1	145507598	145513536	+	ENSG00000131795
PEX11B	1	145516252	145523730	+	ENSG00000131779
ITGA10	1	145524891	145543868	+	ENSG00000143127
ANKRD35	1	145549230	145568526	+	ENSG00000198483
PIAS3	1	145575233	145586546	+	ENSG00000131788
NUDT17	1	145586115	145589439	-	ENSG00000186364
POLR3C	1	145592605	145611025	-	ENSG00000186141
RNF115	1	145611036	145696218	+	ENSG00000121848
CD160	1	145695798	145715614	-	ENSG00000117281
PDZK1	1	145726918	145764074	+	ENSG00000174827
GPR89A	1	145764411	145827103	-	ENSG00000117262
GPR89C	1	145883868	145924373	+	ENSG00000196644
NBPF11	1	146032647	146082765	-	ENSG00000152042
NBPF12	1	146373546	146467744	+	ENSG00000186275
PRKAB2	1	146626685	146644129	-	ENSG00000131791
FMO5	1	146646930	146714700	-	ENSG00000131781
CHD1L	1	146714291	146767443	+	ENSG00000131778
BCL9	1	147013182	147098017	+	ENSG00000116128
ACP6	1	147101453	147142618	-	ENSG00000162836
GJA5	1	147228332	147245484	-	ENSG00000143140
GJA8	1	147374946	147381393	+	ENSG00000121634
GPR89B	1	147400506	147465753	+	ENSG00000188092
NBPF24	1	147574428	147634886	-	ENSG00000203836
BX842679.1	1	147631967	147632428	-	ENSG00000269647
PPIAL4A	1	147954635	147955419	-	ENSG00000255963
NBPF14	1	148003642	148025863	-	ENSG00000122497
PPIAL4D	1	148201752	148202536	-	ENSG00000256374
NBPF20	1	148250249	148347506	-	ENSG00000203832
NBPF15	1	148555979	148596267	+	ENSG00000243452
NBPF16	1	148739443	148758311	+	ENSG00000203827
HIST2H3PS2	1	149400131	149400542	-	ENSG00000203818
FAM72C	1	149438750	149459549	-	ENSG00000203817
PPIAL4C	1	149553003	149553787	+	ENSG00000198161
FAM231D	1	149675978	149676609	+	ENSG00000203815
FCGR1A	1	149754227	149764074	+	ENSG00000150337
HIST2H2BF	1	149754245	149783928	-	ENSG00000203814
HIST2H3D	1	149784826	149785236	-	ENSG00000183598
HIST2H4A	1	149804221	149811339	+	ENSG00000183941
HIST2H3C	1	149811110	149812765	-	ENSG00000203811
HIST2H2AA3	1	149813505	149814478	-	ENSG00000183558
HIST2H2AA4	1	149822643	149823191	+	ENSG00000203812
HIST2H3A	1	149824181	149825836	+	ENSG00000203852
HIST2H4B	1	149825607	149832714	-	ENSG00000182217
HIST2H2BE	1	149856010	149858232	-	ENSG00000184678
HIST2H2AC	1	149858525	149858961	+	ENSG00000184260
HIST2H2AB	1	149859019	149859466	-	ENSG00000184270
BOLA1	1	149859440	149872351	+	ENSG00000178096
SV2A	1	149874870	149889434	-	ENSG00000159164
SF3B4	1	149895209	149900236	-	ENSG00000143368
MTMR11	1	149900543	149908791	-	ENSG00000014914
OTUD7B	1	149909705	149982625	-	ENSG00000163113
VPS45	1	150039369	150117505	+	ENSG00000136631
PLEKHO1	1	150121373	150136916	+	ENSG00000023902
ANP32E	1	150190717	150208504	-	ENSG00000143401
CA14	1	150229554	150237478	+	ENSG00000118298
APH1A	1	150237804	150241980	-	ENSG00000117362
C1orf54	1	150240600	150253327	+	ENSG00000118292
C1orf51	1	150254953	150259505	+	ENSG00000159208
MRPS21	1	150266289	150281414	+	ENSG00000187145
PRPF3	1	150293925	150325671	+	ENSG00000117360
RPRD2	1	150335567	150449042	+	ENSG00000163125
TARS2	1	150459887	150480078	+	ENSG00000143374
ECM1	1	150480538	150486265	+	ENSG00000143369
ADAMTSL4	1	150521884	150533413	+	ENSG00000143382
AL356356.1	1	150521897	150524367	+	ENSG00000225996
ADAMTSL4-AS1	1	150533480	150533969	-	ENSG00000203804
MCL1	1	150547032	150552066	-	ENSG00000143384
ENSA	1	150573327	150602088	-	ENSG00000143420
GOLPH3L	1	150618701	150669630	-	ENSG00000143457
HORMAD1	1	150670536	150693364	-	ENSG00000143452
CTSS	1	150702672	150738433	-	ENSG00000163131
CTSK	1	150768684	150780799	-	ENSG00000143387
ARNT	1	150782181	150849244	-	ENSG00000143437
SETDB1	1	150898739	150937213	+	ENSG00000143379
CERS2	1	150933059	150947479	-	ENSG00000143418
ANXA9	1	150954493	150968110	+	ENSG00000143412
FAM63A	1	150969025	150980851	-	ENSG00000143409
PRUNE	1	150980896	151008189	+	ENSG00000143363
BNIPL	1	151009046	151020076	+	ENSG00000163141
C1orf56	1	151020216	151024462	+	ENSG00000143443
CDC42SE1	1	151023447	151042801	-	ENSG00000197622
MLLT11	1	151030234	151040970	+	ENSG00000213190
GABPB2	1	151043054	151098018	+	ENSG00000143458
SEMA6C	1	151104161	151119104	-	ENSG00000143434
TNFAIP8L2	1	151129105	151132225	+	ENSG00000163154
SCNM1	1	151129140	151142773	+	ENSG00000163156
LYSMD1	1	151132224	151138424	-	ENSG00000163155
TMOD4	1	151142462	151148760	-	ENSG00000163157
VPS72	1	151142463	151167797	-	ENSG00000163159
PIP5K1A	1	151170425	151222012	+	ENSG00000143398
PSMD4	1	151227179	151239955	+	ENSG00000159352
RP11-126K1.2	1	151252500	151254405	-	ENSG00000232671
ZNF687	1	151254094	151264656	+	ENSG00000143373
PI4KB	1	151264273	151300191	-	ENSG00000143393
RFX5	1	151313116	151319833	-	ENSG00000143390
SELENBP1	1	151336778	151345209	-	ENSG00000143416
PSMB4	1	151372010	151374420	+	ENSG00000159377
POGZ	1	151375200	151431941	-	ENSG00000143442
CGN	1	151482986	151511168	+	ENSG00000143375
TUFT1	1	151512781	151556059	+	ENSG00000143367
SNX27	1	151584541	151671567	+	ENSG00000143376
CELF3	1	151674880	151689290	-	ENSG00000159409
AL589765.1	1	151682909	151702070	+	ENSG00000240510
RIIAD1	1	151682909	151702281	+	ENSG00000178796
MRPL9	1	151732119	151736040	-	ENSG00000143436
OAZ3	1	151735445	151743808	+	ENSG00000143450
TDRKH	1	151742583	151763892	-	ENSG00000182134
LINGO4	1	151772740	151778630	-	ENSG00000213171
RORC	1	151778547	151804348	-	ENSG00000143365
C2CD4D	1	151810295	151813033	-	ENSG00000225556
THEM5	1	151819739	151826173	-	ENSG00000196407
THEM4	1	151846060	151882284	-	ENSG00000159445
S100A10	1	151955391	151966866	-	ENSG00000197747
S100A11	1	152004982	152020383	-	ENSG00000163191
TCHHL1	1	152056620	152061540	-	ENSG00000182898
TCHH	1	152078793	152086556	-	ENSG00000159450
RPTN	1	152126071	152131704	-	ENSG00000215853
HRNR	1	152184558	152196669	-	ENSG00000197915
FLG	1	152274651	152297679	-	ENSG00000143631
FLG2	1	152321211	152332482	-	ENSG00000143520
CRNN	1	152381719	152386739	-	ENSG00000143536
LCE5A	1	152483320	152484653	+	ENSG00000186207
CRCT1	1	152486978	152488486	+	ENSG00000169509
LCE3E	1	152538130	152539248	-	ENSG00000185966
LCE3D	1	152551857	152552980	-	ENSG00000163202
LCE3C	1	152573138	152573562	+	ENSG00000244057
LCE3B	1	152586287	152586574	+	ENSG00000187238
LCE3A	1	152595310	152595579	-	ENSG00000185962
LCE2D	1	152635872	152637135	+	ENSG00000187223
LCE2B	1	152647771	152659877	+	ENSG00000159455
LCE2C	1	152647771	152649050	+	ENSG00000187180
LCE2A	1	152670840	152671918	+	ENSG00000187173
LCE4A	1	152680636	152681967	+	ENSG00000187170
C1orf68	1	152691998	152692905	+	ENSG00000198854
KPRP	1	152730506	152734529	+	ENSG00000203786
LCE1F	1	152748848	152749445	+	ENSG00000240386
LCE1E	1	152758690	152760902	+	ENSG00000186226
LCE1D	1	152769227	152770657	+	ENSG00000172155
LCE1C	1	152777311	152779107	-	ENSG00000197084
LCE1B	1	152784447	152785585	+	ENSG00000196734
LCE1A	1	152799949	152800573	+	ENSG00000186844
LCE6A	1	152815344	152816459	+	ENSG00000235942
SMCP	1	152850793	152857523	+	ENSG00000163206
IVL	1	152881021	152884362	+	ENSG00000163207
SPRR4	1	152943142	152945050	+	ENSG00000184148
SPRR1A	1	152956557	152958289	+	ENSG00000169474
SPRR3	1	152974223	152976332	+	ENSG00000163209
SPRR1B	1	153003678	153005376	+	ENSG00000169469
SPRR2D	1	153012201	153014407	-	ENSG00000163216
SPRR2A	1	153028589	153030013	-	ENSG00000241794
SPRR2B	1	153042700	153113927	-	ENSG00000196805
SPRR2E	1	153065611	153078660	-	ENSG00000203785
SPRR2F	1	153084590	153085991	-	ENSG00000244094
SPRR2G	1	153122058	153123345	-	ENSG00000159516
LELP1	1	153175919	153177596	+	ENSG00000203784
PRR9	1	153190060	153191793	+	ENSG00000203783
LOR	1	153232176	153234598	+	ENSG00000203782
PGLYRP3	1	153270338	153283194	-	ENSG00000159527
PGLYRP4	1	153302596	153321316	-	ENSG00000163218
S100A9	1	153330330	153333503	+	ENSG00000163220
S100A12	1	153346184	153348125	-	ENSG00000163221
S100A8	1	153362508	153363664	-	ENSG00000143546
S100A7A	1	153389000	153395701	+	ENSG00000184330
S100A7L2	1	153409534	153412425	-	ENSG00000197364
S100A7	1	153430220	153433177	-	ENSG00000143556
S100A6	1	153507075	153508720	-	ENSG00000197956
S100A5	1	153509623	153514241	-	ENSG00000196420
S100A4	1	153516089	153522612	-	ENSG00000196154
S100A3	1	153519805	153521848	-	ENSG00000188015
S100A2	1	153533584	153540366	-	ENSG00000196754
S100A16	1	153579362	153585621	-	ENSG00000188643
S100A14	1	153586731	153589462	-	ENSG00000189334
S100A13	1	153591263	153606568	-	ENSG00000189171
S100A1	1	153600402	153604513	+	ENSG00000160678
CHTOP	1	153606525	153618782	+	ENSG00000160679
SNAPIN	1	153631130	153634306	+	ENSG00000143553
ILF2	1	153634512	153643524	-	ENSG00000143621
NPR1	1	153651113	153666468	+	ENSG00000169418
INTS3	1	153700543	153746555	+	ENSG00000143624
SLC27A3	1	153746830	153752633	+	ENSG00000143554
GATAD2B	1	153777201	153895451	-	ENSG00000143614
DENND4B	1	153901977	153919172	-	ENSG00000198837
CRTC2	1	153920145	153931101	-	ENSG00000160741
SLC39A1	1	153931575	153940188	-	ENSG00000143570
CREB3L4	1	153940010	153946839	+	ENSG00000143578
JTB	1	153946745	153950164	-	ENSG00000143543
RAB13	1	153954127	153958834	-	ENSG00000143545
RPS27	1	153963235	153964626	+	ENSG00000177954
NUP210L	1	153965161	154127592	-	ENSG00000143552
TPM3	1	154127784	154167124	-	ENSG00000143549
C1orf189	1	154171848	154178809	-	ENSG00000163263
C1orf43	1	154179182	154193104	-	ENSG00000143612
UBAP2L	1	154192655	154243986	+	ENSG00000143569
HAX1	1	154244987	154248351	+	ENSG00000143575
AQP10	1	154293566	154297801	+	ENSG00000143595
ATP8B2	1	154298029	154323783	+	ENSG00000143515
IL6R	1	154377669	154441926	+	ENSG00000160712
SHE	1	154442248	154474589	-	ENSG00000169291
TDRD10	1	154474695	154520623	+	ENSG00000163239
UBE2Q1	1	154521053	154531504	-	ENSG00000160714
CHRNB2	1	154540257	154552502	+	ENSG00000160716
ADAR	1	154554538	154600475	-	ENSG00000160710
AL606500.1	1	154585067	154585190	+	ENSG00000268141
KCNN3	1	154669931	154842756	-	ENSG00000143603
PMVK	1	154897210	154909467	-	ENSG00000163344
PBXIP1	1	154916552	154928599	-	ENSG00000163346
PYGO2	1	154929502	154936329	-	ENSG00000163348
SHC1	1	154934774	154946871	-	ENSG00000160691
FLAD1	1	154955814	154965587	+	ENSG00000160688
LENEP	1	154966062	154966791	+	ENSG00000163352
ZBTB7B	1	154975127	154990998	+	ENSG00000160685
DCST2	1	154990996	155006257	-	ENSG00000163354
DCST1	1	155006300	155023406	+	ENSG00000163357
ADAM15	1	155023042	155035252	+	ENSG00000143537
EFNA4	1	155036207	155042029	+	ENSG00000243364
EFNA1	1	155099936	155107333	+	ENSG00000169242
SLC50A1	1	155107820	155111329	+	ENSG00000169241
DPM3	1	155112367	155113071	-	ENSG00000179085
KRTCAP2	1	155141884	155145951	-	ENSG00000163463
RP11-201K10.3	1	155141885	155159748	-	ENSG00000273088
TRIM46	1	155145873	155157447	+	ENSG00000163462
MUC1	1	155158300	155162707	-	ENSG00000185499
THBS3	1	155165379	155178842	-	ENSG00000169231
MTX1	1	155178490	155183615	+	ENSG00000173171
GBA	1	155204243	155214490	-	ENSG00000177628
FAM189B	1	155216996	155225274	-	ENSG00000160767
SCAMP3	1	155225770	155232221	-	ENSG00000116521
CLK2	1	155232659	155248282	-	ENSG00000176444
HCN3	1	155247374	155259639	+	ENSG00000143630
PKLR	1	155259630	155271225	-	ENSG00000143627
FDPS	1	155278539	155290457	+	ENSG00000160752
RUSC1	1	155290687	155300905	+	ENSG00000160753
ASH1L	1	155305059	155532598	-	ENSG00000116539
MSTO1	1	155579979	155718153	+	ENSG00000125459
YY1AP1	1	155629237	155658791	-	ENSG00000163374
DAP3	1	155657751	155708801	+	ENSG00000132676
GON4L	1	155719508	155829191	-	ENSG00000116580
SYT11	1	155829300	155854990	+	ENSG00000132718
RIT1	1	155867599	155881195	-	ENSG00000143622
KIAA0907	1	155882834	155904191	-	ENSG00000132680
RXFP4	1	155911480	155912625	+	ENSG00000173080
ARHGEF2	1	155916630	155976861	-	ENSG00000116584
SSR2	1	155978839	155990750	-	ENSG00000163479
UBQLN4	1	156005092	156023585	-	ENSG00000160803
LAMTOR2	1	156024543	156028301	+	ENSG00000116586
RAB25	1	156030951	156040295	+	ENSG00000132698
MEX3A	1	156041804	156051789	-	ENSG00000254726
LMNA	1	156052364	156109880	+	ENSG00000160789
SEMA4A	1	156117157	156147543	+	ENSG00000196189
SLC25A44	1	156163880	156182587	+	ENSG00000160785
PMF1-BGLAP	1	156182773	156213123	+	ENSG00000260238
PMF1	1	156182784	156212874	+	ENSG00000160783
BGLAP	1	156211753	156213112	+	ENSG00000242252
PAQR6	1	156213206	156217881	-	ENSG00000160781
SMG5	1	156219015	156252620	-	ENSG00000198952
TMEM79	1	156252726	156262976	+	ENSG00000163472
C1orf85	1	156259880	156265463	-	ENSG00000198715
VHLL	1	156268415	156269428	-	ENSG00000189030
CCT3	1	156278759	156337664	-	ENSG00000163468
TSACC	1	156307105	156316786	+	ENSG00000163467
RHBG	1	156339003	156355011	+	ENSG00000132677
C1orf61	1	156374042	156400493	-	ENSG00000125462
MEF2D	1	156433519	156470620	-	ENSG00000116604
IQGAP3	1	156495197	156542396	-	ENSG00000183856
TTC24	1	156549519	156556562	+	ENSG00000187862
APOA1BP	1	156561554	156564091	+	ENSG00000163382
GPATCH4	1	156564279	156571288	-	ENSG00000160818
HAPLN2	1	156589086	156595517	+	ENSG00000132702
BCAN	1	156611182	156629324	+	ENSG00000132692
NES	1	156638555	156647189	-	ENSG00000132688
CRABP2	1	156669398	156675608	-	ENSG00000143320
ISG20L2	1	156691683	156698591	-	ENSG00000143319
RRNAD1	1	156698234	156706752	+	ENSG00000143303
MRPL24	1	156707095	156711382	-	ENSG00000143314
HDGF	1	156711899	156736717	-	ENSG00000143321
PRCC	1	156720402	156770607	+	ENSG00000143294
SH2D2A	1	156776035	156786654	-	ENSG00000027869
NTRK1	1	156785432	156851642	+	ENSG00000198400
INSRR	1	156809855	156828810	-	ENSG00000027644
PEAR1	1	156863490	156886226	+	ENSG00000187800
LRRC71	1	156890442	156902886	+	ENSG00000160838
ARHGEF11	1	156904632	157015162	-	ENSG00000132694
ETV3L	1	157061836	157069600	-	ENSG00000253831
ETV3	1	157090983	157108266	-	ENSG00000117036
FCRL5	1	157483167	157522310	-	ENSG00000143297
FCRL4	1	157543539	157567870	-	ENSG00000163518
FCRL3	1	157644111	157670647	-	ENSG00000160856
FCRL2	1	157715523	157746922	-	ENSG00000132704
FCRL1	1	157764193	157789895	-	ENSG00000163534
CD5L	1	157800704	157868046	-	ENSG00000073754
KIRREL	1	157963063	158070052	+	ENSG00000183853
CD1D	1	158149737	158154686	+	ENSG00000158473
CD1A	1	158223927	158228059	+	ENSG00000158477
CD1C	1	158259576	158263420	+	ENSG00000158481
CD1B	1	158297741	158301321	-	ENSG00000158485
CD1E	1	158323254	158327343	+	ENSG00000158488
OR10T2	1	158368312	158369256	-	ENSG00000186306
OR10K2	1	158389718	158390656	-	ENSG00000180708
OR10K1	1	158435272	158436344	+	ENSG00000173285
OR10R2	1	158449668	158450675	+	ENSG00000198965
OR6Y1	1	158516918	158517895	-	ENSG00000197532
OR6P1	1	158532441	158533394	-	ENSG00000186440
OR10X1	1	158548709	158549689	-	ENSG00000186400
OR10Z1	1	158576229	158577170	+	ENSG00000198967
SPTA1	1	158580496	158656488	-	ENSG00000163554
OR6K2	1	158669369	158670486	-	ENSG00000196171
OR6K3	1	158686958	158687953	-	ENSG00000203757
OR6K6	1	158724510	158725681	+	ENSG00000180433
OR6N1	1	158735466	158736492	-	ENSG00000197403
OR6N2	1	158746472	158747425	-	ENSG00000188340
MNDA	1	158801107	158819296	+	ENSG00000163563
PYHIN1	1	158900586	158946844	+	ENSG00000163564
IFI16	1	158969758	159024945	+	ENSG00000163565
AIM2	1	159032274	159116886	-	ENSG00000163568
CADM3	1	159141399	159173103	+	ENSG00000162706
DARC	1	159173097	159176290	+	ENSG00000213088
FCER1A	1	159259504	159278014	+	ENSG00000179639
OR10J3	1	159283460	159284449	-	ENSG00000196266
OR10J1	1	159409512	159410600	+	ENSG00000196184
OR10J5	1	159504793	159505842	-	ENSG00000184155
APCS	1	159557615	159558655	+	ENSG00000132703
CRP	1	159682079	159684379	-	ENSG00000132693
DUSP23	1	159750722	159752333	+	ENSG00000158716
FCRL6	1	159770301	159786041	+	ENSG00000181036
SLAMF8	1	159796540	159807039	+	ENSG00000158714
C1orf204	1	159804264	159825137	-	ENSG00000188004
VSIG8	1	159824106	159832447	-	ENSG00000243284
RP11-190A12.7	1	159827690	159842843	-	ENSG00000256029
CCDC19	1	159842154	159869953	-	ENSG00000213085
AL590560.1	1	159879884	159880159	-	ENSG00000269620
TAGLN2	1	159887897	159895522	-	ENSG00000158710
IGSF9	1	159896829	159915386	-	ENSG00000085552
SLAMF9	1	159921282	159924044	-	ENSG00000162723
PIGM	1	159997462	160001783	-	ENSG00000143315
KCNJ10	1	160007257	160040038	-	ENSG00000177807
KCNJ9	1	160051360	160060353	+	ENSG00000162728
IGSF8	1	160061130	160068733	-	ENSG00000162729
ATP1A2	1	160085549	160113381	+	ENSG00000018625
ATP1A4	1	160121360	160156767	+	ENSG00000132681
CASQ1	1	160160285	160171676	+	ENSG00000143318
PEA15	1	160175127	160185166	+	ENSG00000162734
PEX19	1	160246602	160256138	-	ENSG00000162735
COPA	1	160259063	160313190	-	ENSG00000122218
NCSTN	1	160313062	160328742	+	ENSG00000162736
NHLH1	1	160336857	160342638	+	ENSG00000171786
VANGL2	1	160370376	160398468	+	ENSG00000162738
SLAMF6	1	160454820	160493052	-	ENSG00000162739
CD84	1	160510885	160549306	-	ENSG00000066294
SLAMF1	1	160577890	160617085	-	ENSG00000117090
CD48	1	160648536	160681641	-	ENSG00000117091
SLAMF7	1	160709037	160724611	+	ENSG00000026751
LY9	1	160765864	160798051	+	ENSG00000122224
CD244	1	160799950	160832692	-	ENSG00000122223
ITLN1	1	160846329	160854960	-	ENSG00000179914
ITLN2	1	160914815	160924589	-	ENSG00000158764
F11R	1	160965001	160991138	-	ENSG00000158769
RP11-544M22.13	1	160967747	161008752	-	ENSG00000270149
TSTD1	1	161007421	161008780	-	ENSG00000215845
USF1	1	161009041	161015767	-	ENSG00000158773
ARHGAP30	1	161016736	161039760	-	ENSG00000186517
AL591806.1	1	161035655	161035943	+	ENSG00000268154
PVRL4	1	161040785	161059389	-	ENSG00000143217
KLHDC9	1	161068151	161070136	+	ENSG00000162755
PFDN2	1	161070346	161087901	-	ENSG00000143256
NIT1	1	161087876	161095235	+	ENSG00000158793
DEDD	1	161090764	161102478	-	ENSG00000158796
UFC1	1	161122566	161128646	+	ENSG00000143222
USP21	1	161129240	161135513	+	ENSG00000143258
PPOX	1	161136200	161147803	+	ENSG00000143224
B4GALT3	1	161141100	161147287	-	ENSG00000158850
ADAMTS4	1	161154098	161168846	-	ENSG00000158859
NDUFS2	1	161166894	161184185	+	ENSG00000158864
FCER1G	1	161185024	161190489	+	ENSG00000158869
AL590714.1	1	161190160	161192296	+	ENSG00000268387
APOA2	1	161192082	161193421	-	ENSG00000158874
TOMM40L	1	161195793	161200408	+	ENSG00000158882
NR1I3	1	161199456	161208092	-	ENSG00000143257
PCP4L1	1	161228517	161255240	+	ENSG00000248485
MPZ	1	161274525	161279762	-	ENSG00000158887
SDHC	1	161284047	161332984	+	ENSG00000143252
C1orf192	1	161334521	161337664	-	ENSG00000188931
FCGR2A	1	161475220	161493803	+	ENSG00000143226
HSPA6	1	161494036	161496681	+	ENSG00000173110
FCGR3A	1	161511549	161600917	-	ENSG00000203747
FCGR2B	1	161551101	161648444	+	ENSG00000072694
FCGR3B	1	161592986	161601753	-	ENSG00000162747
FCRLA	1	161676762	161684142	+	ENSG00000132185
FCRLB	1	161691353	161697933	+	ENSG00000162746
DUSP12	1	161719548	161727028	+	ENSG00000081721
ATF6	1	161736084	161933860	+	ENSG00000118217
OLFML2B	1	161952982	161993644	-	ENSG00000162745
NOS1AP	1	162039564	162353321	+	ENSG00000198929
RP11-565P22.6	1	162335197	162351905	+	ENSG00000254706
C1orf226	1	162336698	162356600	+	ENSG00000239887
C1orf111	1	162342993	162346660	-	ENSG00000171722
SH2D1B	1	162365056	162381928	-	ENSG00000198574
UHMK1	1	162467041	162499419	+	ENSG00000152332
UAP1	1	162531323	162569627	+	ENSG00000117143
DDR2	1	162601163	162757190	+	ENSG00000162733
HSD17B7	1	162760492	162782607	+	ENSG00000132196
C1orf110	1	162794248	162838605	-	ENSG00000185860
RGS4	1	163038565	163046592	+	ENSG00000117152
RGS5	1	163080911	163291577	-	ENSG00000143248
NUF2	1	163236366	163325554	+	ENSG00000143228
PBX1	1	164524821	164868533	+	ENSG00000185630
LMX1A	1	165171104	165325952	-	ENSG00000162761
RXRG	1	165370159	165414433	-	ENSG00000143171
LRRC52	1	165513244	165533198	+	ENSG00000162763
MGST3	1	165600098	165631033	+	ENSG00000143198
ALDH9A1	1	165631453	165668100	-	ENSG00000143149
TMCO1	1	165696032	165796992	-	ENSG00000143183
UCK2	1	165796768	165880855	+	ENSG00000143179
FAM78B	1	166026674	166136206	-	ENSG00000188859
AL626787.1	1	166026679	166028709	-	ENSG00000267884
POGK	1	166808681	166825581	+	ENSG00000143157
TADA1	1	166825747	166845564	-	ENSG00000152382
ILDR2	1	166882443	166944719	-	ENSG00000143195
MAEL	1	166958346	166991451	+	ENSG00000143194
GPA33	1	167022073	167059868	-	ENSG00000143167
DUSP27	1	167063282	167098402	+	ENSG00000198842
POU2F1	1	167190066	167396582	+	ENSG00000143190
CD247	1	167399877	167487847	-	ENSG00000198821
CREG1	1	167498914	167523004	-	ENSG00000143162
RCSD1	1	167599330	167675486	+	ENSG00000198771
MPZL1	1	167690429	167761156	+	ENSG00000197965
ADCY10	1	167778625	167883453	-	ENSG00000143199
MPC2	1	167885967	167906278	-	ENSG00000143158
DCAF6	1	167905021	168045081	+	ENSG00000143164
GPR161	1	168053997	168106821	-	ENSG00000143147
TIPRL	1	168148171	168169950	+	ENSG00000143155
SFT2D2	1	168195176	168222263	+	ENSG00000213064
TBX19	1	168250278	168283664	+	ENSG00000143178
XCL2	1	168510003	168513235	-	ENSG00000143185
XCL1	1	168545711	168551315	+	ENSG00000143184
DPT	1	168664697	168698502	-	ENSG00000143196
ATP1B1	1	169074935	169101960	+	ENSG00000143153
NME7	1	169101769	169337205	-	ENSG00000143156
BLZF1	1	169337208	169365778	+	ENSG00000117475
CCDC181	1	169364108	169429907	-	ENSG00000117477
SLC19A2	1	169433147	169455241	-	ENSG00000117479
F5	1	169483404	169555826	-	ENSG00000198734
SELP	1	169558087	169599431	-	ENSG00000174175
C1orf112	1	169631245	169823221	+	ENSG00000000460
SELL	1	169659808	169680839	-	ENSG00000188404
SELE	1	169691781	169733846	-	ENSG00000007908
METTL18	1	169761670	169764107	-	ENSG00000171806
SCYL3	1	169818772	169863408	-	ENSG00000000457
KIFAP3	1	169890467	170054349	-	ENSG00000075945
METTL11B	1	170115142	170136931	+	ENSG00000203740
GORAB	1	170501270	170522587	+	ENSG00000120370
PRRX1	1	170631869	170708560	+	ENSG00000116132
MROH9	1	170904612	171033906	+	ENSG00000117501
FMO3	1	171060018	171086959	+	ENSG00000007933
FMO6P	1	171106879	171130707	+	ENSG00000117507
FMO2	1	171154347	171181822	+	ENSG00000094963
FMO1	1	171217638	171255117	+	ENSG00000010932
FMO4	1	171283347	171311223	+	ENSG00000076258
PRRC2C	1	171454651	171562650	+	ENSG00000117523
MYOC	1	171604557	171621823	-	ENSG00000034971
VAMP4	1	171669300	171711387	-	ENSG00000117533
METTL13	1	171750788	171783163	+	ENSG00000010165
DNM3	1	171810621	172387606	+	ENSG00000197959
PIGC	1	172339329	172413230	-	ENSG00000135845
C1orf105	1	172389828	172437971	+	ENSG00000180999
SUCO	1	172501489	172580971	+	ENSG00000094975
FASLG	1	172628154	172636014	+	ENSG00000117560
TNFSF18	1	173009100	173020103	-	ENSG00000120337
TNFSF4	1	173152873	173176452	-	ENSG00000117586
PRDX6	1	173446405	173457946	+	ENSG00000117592
SLC9C2	1	173469603	173572233	-	ENSG00000162753
ANKRD45	1	173578700	173639001	-	ENSG00000183831
KLHL20	1	173684080	173755840	+	ENSG00000076321
CENPL	1	173768688	173793858	-	ENSG00000120334
DARS2	1	173793641	173827684	+	ENSG00000117593
ZBTB37	1	173837220	173872687	+	ENSG00000185278
SERPINC1	1	173872947	173886516	-	ENSG00000117601
RC3H1	1	173900352	173991435	-	ENSG00000135870
RABGAP1L	1	174128548	174964445	+	ENSG00000152061
GPR52	1	174417212	174418683	+	ENSG00000203737
CACYBP	1	174968300	174980851	+	ENSG00000116161
MRPS14	1	174979925	174992561	-	ENSG00000120333
TNN	1	175036994	175117202	+	ENSG00000120332
KIAA0040	1	175126123	175162135	-	ENSG00000235750
TNR	1	175284330	175712906	-	ENSG00000116147
RFWD2	1	175913967	176176629	-	ENSG00000143207
PAPPA2	1	176432307	176814735	+	ENSG00000116183
ASTN1	1	176826438	177134109	-	ENSG00000152092
BRINP2	1	177140633	177251558	+	ENSG00000198797
SEC16B	1	177893091	177953438	-	ENSG00000120341
RASAL2	1	178062864	178448644	+	ENSG00000075391
TEX35	1	178482212	178517734	+	ENSG00000240021
C1orf220	1	178511887	178518024	+	ENSG00000213057
C1ORF220	1	178511950	178517579	+	ENSG00000184909
RALGPS2	1	178694300	178889238	+	ENSG00000116191
ANGPTL1	1	178818840	178840187	-	ENSG00000116194
FAM20B	1	178994939	179045697	+	ENSG00000116199
TOR3A	1	179050512	179067158	+	ENSG00000186283
ABL2	1	179068462	179198819	-	ENSG00000143322
SOAT1	1	179262925	179327815	+	ENSG00000057252
AXDND1	1	179334855	179523870	+	ENSG00000162779
AL160286.1	1	179443716	179457805	-	ENSG00000269064
NPHS2	1	179519674	179545087	-	ENSG00000116218
TDRD5	1	179560748	179660407	+	ENSG00000162782
FAM163A	1	179712298	179785333	+	ENSG00000143340
TOR1AIP2	1	179809102	179846938	-	ENSG00000169905
IFRG15	1	179833916	179834311	-	ENSG00000258664
TOR1AIP1	1	179851177	179894135	+	ENSG00000143337
CEP350	1	179923873	180084015	+	ENSG00000135837
QSOX1	1	180123969	180173165	+	ENSG00000116260
LHX4	1	180199421	180249380	+	ENSG00000121454
ACBD6	1	180244515	180472089	-	ENSG00000135847
XPR1	1	180601140	180859387	+	ENSG00000143324
KIAA1614	1	180882290	180920750	+	ENSG00000135835
AL162431.1	1	180941695	180949868	+	ENSG00000234237
STX6	1	180941861	180992047	-	ENSG00000135823
MR1	1	181003067	181031074	+	ENSG00000153029
IER5	1	181057638	181059977	+	ENSG00000162783
CACNA1E	1	181382238	181777219	+	ENSG00000198216
ZNF648	1	182023705	182030847	-	ENSG00000179930
GLUL	1	182350839	182361341	-	ENSG00000135821
TEDDM1	1	182367252	182369751	-	ENSG00000203730
RGSL1	1	182419256	182529734	+	ENSG00000121446
RNASEL	1	182542769	182558391	-	ENSG00000135828
RGS16	1	182567758	182573543	-	ENSG00000143333
RGS8	1	182615239	182653711	-	ENSG00000135824
NPL	1	182758428	182799519	+	ENSG00000135838
DHX9	1	182808504	182856886	+	ENSG00000135829
SHCBP1L	1	182869000	182922660	-	ENSG00000157060
LAMC1	1	182992595	183114727	+	ENSG00000135862
LAMC2	1	183155373	183214035	+	ENSG00000058085
NMNAT2	1	183217372	183387737	-	ENSG00000157064
SMG7	1	183441351	183567381	+	ENSG00000116698
NCF2	1	183524698	183560011	-	ENSG00000116701
ARPC5	1	183592401	183604892	-	ENSG00000162704
RGL1	1	183605220	183897665	+	ENSG00000143344
APOBEC4	1	183615541	183622451	-	ENSG00000173627
COLGALT2	1	183898796	184006863	-	ENSG00000198756
TSEN15	1	184020811	184043346	+	ENSG00000198860
C1orf21	1	184356192	184598154	+	ENSG00000116667
EDEM3	1	184659365	184724047	-	ENSG00000116406
FAM129A	1	184759858	184943682	-	ENSG00000135842
RNF2	1	185014496	185071740	+	ENSG00000121481
TRMT1L	1	185087220	185126204	-	ENSG00000121486
SWT1	1	185126212	185260897	+	ENSG00000116668
IVNS1ABP	1	185265520	185286461	-	ENSG00000116679
HMCN1	1	185703683	186160085	+	ENSG00000143341
PRG4	1	186265405	186283694	+	ENSG00000116690
TPR	1	186280784	186344825	-	ENSG00000047410
C1orf27	1	186344890	186390510	+	ENSG00000157181
AL596220.1	1	186364123	186365908	-	ENSG00000268662
OCLM	1	186369704	186370587	+	ENSG00000262180
PDC	1	186412698	186430254	-	ENSG00000116703
PTGS2	1	186640923	186649559	-	ENSG00000073756
PLA2G4A	1	186798085	186958113	+	ENSG00000116711
BRINP3	1	190066792	190446759	-	ENSG00000162670
RGS18	1	192127587	192154945	+	ENSG00000150681
RGS21	1	192286122	192336415	+	ENSG00000253148
RGS1	1	192544857	192549161	+	ENSG00000090104
RGS13	1	192605275	192629390	+	ENSG00000127074
RGS2	1	192778169	192781403	+	ENSG00000116741
UCHL5	1	192981380	193029237	-	ENSG00000116750
TROVE2	1	193028552	193060907	+	ENSG00000116747
GLRX2	1	193065598	193075244	-	ENSG00000023572
CDC73	1	193091147	193223031	+	ENSG00000134371
B3GALT2	1	193148175	193155784	-	ENSG00000162630
KCNT2	1	196194909	196578355	-	ENSG00000162687
CFH	1	196621008	196716634	+	ENSG00000000971
CFHR3	1	196743925	196763203	+	ENSG00000116785
CFHR1	1	196788887	196801319	+	ENSG00000244414
CFHR2	1	196788898	196928356	+	ENSG00000080910
CFHR4	1	196819371	196888102	+	ENSG00000134365
CFHR5	1	196946667	196978804	+	ENSG00000134389
F13B	1	197008321	197036397	-	ENSG00000143278
ASPM	1	197053258	197115824	-	ENSG00000066279
ZBTB41	1	197122810	197169672	-	ENSG00000177888
CRB1	1	197170592	197447585	+	ENSG00000134376
DENND1B	1	197473878	197744826	-	ENSG00000213047
C1orf53	1	197871777	197876497	+	ENSG00000203724
LHX9	1	197881037	197904608	+	ENSG00000143355
NEK7	1	198126093	198291550	+	ENSG00000151414
ATP6V1G3	1	198492352	198510075	-	ENSG00000151418
PTPRC	1	198607801	198726545	+	ENSG00000081237
NR5A2	1	199996730	200146552	+	ENSG00000116833
ZNF281	1	200374068	200379184	-	ENSG00000162702
KIF14	1	200520628	200589862	-	ENSG00000118193
DDX59	1	200593024	200639097	-	ENSG00000118197
CAMSAP2	1	200708686	200829832	+	ENSG00000118200
GPR25	1	200842083	200843306	+	ENSG00000170128
C1orf106	1	200860176	200884863	+	ENSG00000163362
KIF21B	1	200938520	200992828	-	ENSG00000116852
CACNA1S	1	201008642	201081694	-	ENSG00000081248
ASCL5	1	201083081	201096312	-	ENSG00000232237
TMEM9	1	201103900	201140702	-	ENSG00000116857
IGFN1	1	201159953	201198080	+	ENSG00000163395
PKP1	1	201252580	201302121	+	ENSG00000081277
TNNT2	1	201328136	201346890	-	ENSG00000118194
LAD1	1	201342372	201368736	-	ENSG00000159166
TNNI1	1	201373625	201398994	-	ENSG00000159173
PHLDA3	1	201434620	201438365	-	ENSG00000174307
CSRP1	1	201452658	201478584	-	ENSG00000159176
AC096677.1	1	201592013	201592738	+	ENSG00000269690
NAV1	1	201592411	201796102	+	ENSG00000134369
IPO9	1	201798269	201853422	+	ENSG00000198700
SHISA4	1	201857808	201861434	+	ENSG00000198892
LMOD1	1	201865580	201915715	-	ENSG00000163431
TIMM17A	1	201924619	201939789	+	ENSG00000134375
RNPEP	1	201951500	201975275	+	ENSG00000176393
ELF3	1	201977073	201986316	+	ENSG00000163435
GPR37L1	1	202091986	202102720	+	ENSG00000170075
ARL8A	1	202102532	202113869	-	ENSG00000143862
PTPN7	1	202116141	202130716	-	ENSG00000143851
LGR6	1	202163029	202288909	+	ENSG00000133067
UBE2T	1	202300785	202311108	-	ENSG00000077152
PPP1R12B	1	202317827	202561834	+	ENSG00000077157
SYT2	1	202559724	202679545	-	ENSG00000143858
KDM5B	1	202696526	202778598	-	ENSG00000117139
RP11-480I12.4	1	202789394	202796353	+	ENSG00000184774
RABIF	1	202848085	202858263	-	ENSG00000183155
KLHL12	1	202860228	202897764	-	ENSG00000117153
ADIPOR1	1	202909951	202927700	-	ENSG00000159346
CYB5R1	1	202930997	202936408	-	ENSG00000159348
TMEM183A	1	202976514	202993976	+	ENSG00000163444
PPFIA4	1	202995626	203047868	+	ENSG00000143847
MYOG	1	203052260	203055164	-	ENSG00000122180
ADORA1	1	203059782	203136533	+	ENSG00000163485
MYBPH	1	203136939	203144941	-	ENSG00000133055
CHI3L1	1	203148059	203155877	-	ENSG00000133048
CHIT1	1	203181955	203242769	-	ENSG00000133063
BTG2	1	203274619	203278730	+	ENSG00000159388
FMOD	1	203309756	203320617	-	ENSG00000122176
PRELP	1	203444956	203460480	+	ENSG00000188783
OPTC	1	203463271	203477992	+	ENSG00000188770
ATP2B4	1	203595689	203713209	+	ENSG00000058668
LAX1	1	203734304	203745361	+	ENSG00000122188
ZC3H11A	1	203764782	203823252	+	ENSG00000058673
ZBED6	1	203765437	203769686	+	ENSG00000257315
SNRPE	1	203830731	203839678	+	ENSG00000182004
SOX13	1	204042243	204096863	+	ENSG00000143842
ETNK2	1	204100190	204121307	-	ENSG00000143845
REN	1	204123944	204135465	-	ENSG00000143839
KISS1	1	204159469	204165614	-	ENSG00000170498
GOLT1A	1	204167288	204183220	-	ENSG00000174567
PLEKHA6	1	204187979	204346793	-	ENSG00000143850
PPP1R15B	1	204372515	204380919	-	ENSG00000158615
PIK3C2B	1	204391756	204463852	-	ENSG00000133056
MDM4	1	204485511	204542871	+	ENSG00000198625
LRRN2	1	204586298	204654861	-	ENSG00000170382
NFASC	1	204797779	204991950	+	ENSG00000163531
CNTN2	1	205012325	205047627	+	ENSG00000184144
TMEM81	1	205052258	205053645	-	ENSG00000174529
RBBP5	1	205055270	205091143	-	ENSG00000117222
DSTYK	1	205111632	205180727	-	ENSG00000133059
TMCC2	1	205197304	205242471	+	ENSG00000133069
NUAK2	1	205271187	205290883	-	ENSG00000163545
KLHDC8A	1	205305220	205326218	-	ENSG00000162873
LEMD1	1	205350506	205425082	-	ENSG00000186007
CDK18	1	205473723	205501921	+	ENSG00000117266
MFSD4	1	205538013	205572046	+	ENSG00000174514
ELK4	1	205577071	205601090	-	ENSG00000158711
SLC45A3	1	205626979	205649587	-	ENSG00000158715
NUCKS1	1	205681947	205719404	-	ENSG00000069275
AC119673.1	1	205682497	205684153	+	ENSG00000268313
RAB7L1	1	205737114	205744588	-	ENSG00000117280
SLC41A1	1	205758221	205782876	-	ENSG00000133065
PM20D1	1	205797150	205819260	-	ENSG00000162877
SLC26A9	1	205882176	205912588	-	ENSG00000174502
FAM72A	1	206136916	206155151	+	ENSG00000196550
AVPR1B	1	206223976	206231639	+	ENSG00000198049
C1orf186	1	206238872	206288647	-	ENSG00000196533
CTSE	1	206317459	206332104	+	ENSG00000196188
SRGAP2	1	206516200	206637783	+	ENSG00000163486
IKBKE	1	206643791	206670223	+	ENSG00000143466
C1orf147	1	206664449	206671061	-	ENSG00000162888
RASSF5	1	206680879	206762616	+	ENSG00000136653
EIF2D	1	206744620	206785904	-	ENSG00000143486
DYRK3	1	206808881	206857764	+	ENSG00000143479
MAPKAPK2	1	206858289	206907628	+	ENSG00000162889
IL10	1	206940947	206945839	-	ENSG00000136634
IL19	1	206972215	207016324	+	ENSG00000142224
IL20	1	207038699	207042568	+	ENSG00000162891
IL24	1	207070788	207077484	+	ENSG00000162892
FAIM3	1	207077731	207096592	-	ENSG00000162894
PIGR	1	207101863	207119811	-	ENSG00000162896
FCAMR	1	207131310	207143970	-	ENSG00000162897
C1orf116	1	207191866	207206101	-	ENSG00000182795
YOD1	1	207217194	207226325	-	ENSG00000180667
PFKFB2	1	207222801	207254369	+	ENSG00000123836
C4BPB	1	207262187	207273338	+	ENSG00000123843
C4BPA	1	207277607	207318317	+	ENSG00000123838
CD55	1	207494853	207534311	+	ENSG00000196352
CR2	1	207627575	207663240	+	ENSG00000117322
CR1	1	207669492	207813992	+	ENSG00000203710
CR1L	1	207818458	207911761	+	ENSG00000197721
CD46	1	207925402	207968858	+	ENSG00000117335
CD34	1	208057594	208084747	-	ENSG00000174059
PLXNA2	1	208195587	208417665	-	ENSG00000076356
CAMK1G	1	209757062	209787283	+	ENSG00000008118
LAMB3	1	209788215	209825811	-	ENSG00000196878
G0S2	1	209848765	209849733	+	ENSG00000123689
HSD11B1	1	209859510	209908295	+	ENSG00000117594
TRAF3IP3	1	209929377	209955668	+	ENSG00000009790
C1orf74	1	209955661	209957904	-	ENSG00000162757
IRF6	1	209959036	209979465	-	ENSG00000117595
DIEXF	1	210001352	210030910	+	ENSG00000117597
SYT14	1	210111538	210337636	+	ENSG00000143469
SERTAD4	1	210406144	210419976	+	ENSG00000082497
HHAT	1	210501596	210849638	+	ENSG00000054392
KCNH1	1	210856555	211307457	-	ENSG00000143473
RCOR3	1	211431719	211489727	+	ENSG00000117625
TRAF5	1	211499957	211548288	+	ENSG00000082512
RD3	1	211649864	211666259	-	ENSG00000198570
SLC30A1	1	211744910	211752084	-	ENSG00000170385
NEK2	1	211836114	211848960	-	ENSG00000117650
LPGAT1	1	211916799	212004114	-	ENSG00000123684
INTS7	1	212113741	212208884	-	ENSG00000143493
DTL	1	212208919	212280742	+	ENSG00000143476
PPP2R5A	1	212458879	212535200	+	ENSG00000066027
TMEM206	1	212537273	212588243	-	ENSG00000065600
NENF	1	212606229	212619714	+	ENSG00000117691
ATF3	1	212738676	212794119	+	ENSG00000162772
FAM71A	1	212797789	212800120	+	ENSG00000162771
BATF3	1	212859760	212873327	-	ENSG00000123685
NSL1	1	212899495	212965124	-	ENSG00000117697
TATDN3	1	212965170	212989968	+	ENSG00000203705
C1orf227	1	213003483	213020991	-	ENSG00000185523
FLVCR1	1	213031597	213072705	+	ENSG00000162769
VASH2	1	213123862	213165379	+	ENSG00000143494
ANGEL2	1	213165524	213189168	-	ENSG00000174606
RPS6KC1	1	213224589	213448116	+	ENSG00000136643
PROX1	1	214156524	214214595	+	ENSG00000117707
SMYD2	1	214454445	214510474	+	ENSG00000143499
PTPN14	1	214522039	214725792	-	ENSG00000152104
CENPF	1	214776538	214837931	+	ENSG00000117724
KCNK2	1	215179118	215410436	+	ENSG00000082482
KCTD3	1	215740735	215795149	+	ENSG00000136636
USH2A	1	215796236	216596738	-	ENSG00000042781
ESRRG	1	216676588	217311097	-	ENSG00000196482
GPATCH2	1	217600334	217804424	-	ENSG00000092978
SPATA17	1	217804666	218045038	+	ENSG00000162814
RRP15	1	218458629	218511325	+	ENSG00000067533
TGFB2	1	218519577	218617961	+	ENSG00000092969
C1orf143	1	218683438	218699320	+	ENSG00000228208
LYPLAL1	1	219347186	219386207	+	ENSG00000143353
SLC30A10	1	219858769	220131989	-	ENSG00000196660
EPRS	1	220141943	220220000	-	ENSG00000136628
BPNT1	1	220230824	220263804	-	ENSG00000162813
IARS2	1	220267444	220321380	+	ENSG00000067704
RAB3GAP2	1	220321635	220445796	-	ENSG00000118873
AC096644.1	1	220603286	220608023	-	ENSG00000224867
MARK1	1	220701568	220837803	+	ENSG00000116141
C1orf115	1	220863187	220872499	+	ENSG00000162817
MARC2	1	220921567	220958150	+	ENSG00000117791
MARC1	1	220960101	220987735	+	ENSG00000186205
HLX	1	221051699	221058401	+	ENSG00000136630
DUSP10	1	221874766	221915518	-	ENSG00000143507
HHIPL2	1	222695602	222721445	-	ENSG00000143512
TAF1A	1	222731244	222763275	-	ENSG00000143498
MIA3	1	222791428	222841354	+	ENSG00000154305
AIDA	1	222841355	222886552	-	ENSG00000186063
BROX	1	222885895	222908538	+	ENSG00000162819
FAM177B	1	222910549	222924147	+	ENSG00000197520
DISP1	1	222988406	223179337	+	ENSG00000154309
TLR5	1	223282748	223316624	-	ENSG00000187554
SUSD4	1	223394161	223537544	-	ENSG00000143502
C1orf65	1	223566715	223568812	+	ENSG00000178395
CAPN8	1	223711349	223853436	-	ENSG00000203697
CAPN2	1	223889295	223963720	+	ENSG00000162909
TP53BP2	1	223967601	224033674	-	ENSG00000143514
AC138393.1	1	224215760	224216371	-	ENSG00000269358
FBXO28	1	224301789	224349749	+	ENSG00000143756
DEGS1	1	224363458	224381143	+	ENSG00000143753
NVL	1	224415036	224518089	-	ENSG00000143748
CNIH4	1	224544552	224567161	+	ENSG00000143771
WDR26	1	224572845	224624735	-	ENSG00000162923
CNIH3	1	224622362	224928251	+	ENSG00000143786
DNAH14	1	225083964	225586996	+	ENSG00000185842
LBR	1	225589204	225616627	-	ENSG00000143815
AC092811.1	1	225600404	225602040	+	ENSG00000203691
ENAH	1	225674537	225840844	-	ENSG00000154380
SRP9	1	225965531	225978168	+	ENSG00000143742
EPHX1	1	225997794	226033260	+	ENSG00000143819
TMEM63A	1	226033237	226070069	-	ENSG00000196187
LEFTY1	1	226073982	226099082	-	ENSG00000243709
RP4-559A3.7	1	226074396	226111978	-	ENSG00000255835
PYCR2	1	226107578	226111978	-	ENSG00000143811
LEFTY2	1	226124298	226129189	-	ENSG00000143768
SDE2	1	226170403	226187032	-	ENSG00000143751
H3F3A	1	226249552	226259702	+	ENSG00000163041
ACBD3	1	226332380	226374431	-	ENSG00000182827
MIXL1	1	226411319	226414755	+	ENSG00000185155
LIN9	1	226418850	226497570	-	ENSG00000183814
PARP1	1	226548392	226595780	-	ENSG00000143799
C1orf95	1	226736501	226796915	+	ENSG00000203685
ITPKB	1	226819391	226927024	-	ENSG00000143772
PSEN2	1	227057885	227083806	+	ENSG00000143801
ADCK3	1	227085237	227175246	+	ENSG00000163050
CDC42BPA	1	227177566	227506175	-	ENSG00000143776
ZNF678	1	227751244	227865144	+	ENSG00000181450
SNAP47	1	227916240	227968927	+	ENSG00000143740
JMJD4	1	227918126	227923112	-	ENSG00000081692
PRSS38	1	228003394	228034171	+	ENSG00000185888
WNT9A	1	228106357	228135599	-	ENSG00000143816
WNT3A	1	228194752	228248961	+	ENSG00000154342
ARF1	1	228270361	228286912	+	ENSG00000143761
C1orf35	1	228288427	228293112	-	ENSG00000143793
MRPL55	1	228294380	228297013	-	ENSG00000162910
GUK1	1	228327663	228336685	+	ENSG00000143774
GJC2	1	228337553	228347527	+	ENSG00000198835
IBA57-AS1	1	228351787	228353213	-	ENSG00000203684
IBA57	1	228353516	228369958	+	ENSG00000181873
C1orf145	1	228391207	228401365	-	ENSG00000162913
OBSCN	1	228395831	228566577	+	ENSG00000154358
TRIM11	1	228581374	228594541	-	ENSG00000154370
TRIM17	1	228595641	228604562	-	ENSG00000162931
HIST3H3	1	228612546	228613026	-	ENSG00000168148
HIST3H2A	1	228645065	228645560	-	ENSG00000181218
HIST3H2BB	1	228645808	228646259	+	ENSG00000196890
RNF187	1	228674762	228683467	+	ENSG00000168159
RHOU	1	228870824	228882416	+	ENSG00000116574
TMEM78	1	229385383	229387557	+	ENSG00000177800
RAB4A	1	229406822	229441641	+	ENSG00000168118
SPHAR	1	229440129	229441248	+	ENSG00000213029
CCSAP	1	229456758	229479041	-	ENSG00000154429
ACTA1	1	229566992	229569845	-	ENSG00000143632
NUP133	1	229577045	229644103	-	ENSG00000069248
ABCB10	1	229652329	229694442	-	ENSG00000135776
TAF5L	1	229728858	229761794	-	ENSG00000135801
URB2	1	229761981	229795946	+	ENSG00000135763
GALNT2	1	230193536	230417870	+	ENSG00000143641
PGBD5	1	230457392	230561475	-	ENSG00000177614
COG2	1	230778235	230829728	+	ENSG00000135775
AGT	1	230838269	230850043	-	ENSG00000135744
CAPN9	1	230883130	230937749	+	ENSG00000135773
C1orf198	1	230972865	231005335	-	ENSG00000119280
TTC13	1	231041989	231114621	-	ENSG00000143643
ARV1	1	231114727	231136341	+	ENSG00000173409
FAM89A	1	231154704	231175992	-	ENSG00000182118
TRIM67	1	231297858	231357302	+	ENSG00000119283
C1orf131	1	231359509	231376933	-	ENSG00000143633
GNPAT	1	231376953	231413719	+	ENSG00000116906
EXOC8	1	231468480	231473598	-	ENSG00000116903
SPRTN	1	231472850	231490769	+	ENSG00000010072
EGLN1	1	231499497	231560790	-	ENSG00000135766
TSNAX	1	231664399	231702270	+	ENSG00000116918
TSNAX-DISC1	1	231664399	231954990	+	ENSG00000270106
DISC1	1	231762561	232177018	+	ENSG00000162946
SIPA1L2	1	232533711	232697304	-	ENSG00000116991
MAP10	1	232940643	232946092	+	ENSG00000212916
NTPCR	1	233086351	233119628	+	ENSG00000135778
PCNXL2	1	233119181	233431459	-	ENSG00000135749
MLK4	1	233463514	233520894	+	ENSG00000143674
KCNK1	1	233749750	233808258	+	ENSG00000135750
SLC35F3	1	234040679	234460262	+	ENSG00000183780
COA6	1	234509202	234519795	+	ENSG00000168275
TARBP1	1	234527059	234614849	-	ENSG00000059588
IRF2BP2	1	234740015	234745271	-	ENSG00000168264
TOMM20	1	235272651	235292251	-	ENSG00000173726
RBM34	1	235294498	235324772	-	ENSG00000188739
ARID4B	1	235294949	235491534	-	ENSG00000054267
GGPS1	1	235490665	235507847	+	ENSG00000152904
TBCE	1	235530675	235612283	+	ENSG00000116957
B3GALNT2	1	235613238	235667781	-	ENSG00000162885
GNG4	1	235710987	235814054	-	ENSG00000168243
LYST	1	235824341	236046940	-	ENSG00000143669
NID1	1	236139130	236228462	-	ENSG00000116962
GPR137B	1	236305832	236385165	+	ENSG00000077585
ERO1LB	1	236378855	236445319	-	ENSG00000086619
EDARADD	1	236511562	236648214	+	ENSG00000186197
LGALS8	1	236681300	236716281	+	ENSG00000116977
HEATR1	1	236712305	236767804	-	ENSG00000119285
ACTN2	1	236849754	236927931	+	ENSG00000077522
MTR	1	236958610	237067281	+	ENSG00000116984
MT1HL1	1	237167403	237167718	-	ENSG00000244020
RYR2	1	237205505	237997288	+	ENSG00000198626
ZP4	1	238045705	238054094	-	ENSG00000116996
MTRNR2L11	1	238107024	238108575	-	ENSG00000270188
CHRM3	1	239549865	240078750	+	ENSG00000133019
FMN2	1	240177648	240638489	+	ENSG00000155816
AL646016.1	1	240629183	240643504	-	ENSG00000268365
GREM2	1	240652873	240775449	-	ENSG00000180875
RGS7	1	240931554	241520530	-	ENSG00000182901
FH	1	241660903	241683061	-	ENSG00000091483
KMO	1	241695434	241758944	+	ENSG00000117009
OPN3	1	241753404	241840678	-	ENSG00000054277
CHML	1	241792155	241799232	-	ENSG00000203668
WDR64	1	241815580	241965435	+	ENSG00000162843
EXO1	1	242011269	242058450	+	ENSG00000174371
MAP1LC3C	1	242158792	242162375	-	ENSG00000197769
PLD5	1	242246288	242687998	-	ENSG00000180287
CEP170	1	243287730	243418650	-	ENSG00000143702
AC092782.1	1	243388058	243395911	+	ENSG00000269795
SDCCAG8	1	243419320	243663394	+	ENSG00000054282
AKT3	1	243651535	244014381	-	ENSG00000117020
ZBTB18	1	244214585	244220778	+	ENSG00000179456
AL590483.1	1	244227632	244231211	+	ENSG00000268146
C1orf100	1	244515937	244552965	+	ENSG00000173728
ADSS	1	244571796	244615436	-	ENSG00000035687
C1orf101	1	244617679	244804479	+	ENSG00000179397
DESI2	1	244816237	244872335	+	ENSG00000121644
COX20	1	244998624	245008359	+	ENSG00000203667
HNRNPU	1	245014468	245027844	-	ENSG00000153187
RP11-156E8.1	1	245132652	245134390	-	ENSG00000272195
EFCAB2	1	245133007	245290466	+	ENSG00000203666
KIF26B	1	245318287	245872733	+	ENSG00000162849
SMYD3	1	245912642	246670614	-	ENSG00000185420
TFB2M	1	246703862	246729626	-	ENSG00000162851
CNST	1	246729746	246831886	+	ENSG00000162852
SCCPDH	1	246887349	246931439	+	ENSG00000143653
AHCTF1	1	247002400	247095280	-	ENSG00000153207
ZNF670	1	247108849	247242113	-	ENSG00000135747
ZNF695	1	247108849	247171395	-	ENSG00000197472
ZNF669	1	247263264	247267674	-	ENSG00000188295
C1orf229	1	247273462	247275719	-	ENSG00000221953
ZNF124	1	247285277	247335318	-	ENSG00000196418
ZNF496	1	247460714	247495148	-	ENSG00000162714
NLRP3	1	247579458	247612410	+	ENSG00000162711
OR2B11	1	247614255	247615308	-	ENSG00000177535
GCSAML	1	247670360	247740992	+	ENSG00000169224
OR2C3	1	247693434	247697141	-	ENSG00000196242
OR2G2	1	247751662	247752615	+	ENSG00000177489
OR2G3	1	247768856	247769838	+	ENSG00000177476
OR13G1	1	247835320	247836365	-	ENSG00000197437
OR6F1	1	247875045	247876105	-	ENSG00000169214
OR14A2	1	247886401	247887345	-	ENSG00000241128
OR14K1	1	247901917	247902861	+	ENSG00000153230
OR1C1	1	247920676	247921982	-	ENSG00000221888
OR14A16	1	247978102	247979031	-	ENSG00000196772
OR11L1	1	248004199	248005254	-	ENSG00000197591
TRIM58	1	248020501	248041507	+	ENSG00000162722
OR2W3	1	248031277	248060449	+	ENSG00000238243
OR2T8	1	248084320	248085258	+	ENSG00000177462
OR2AJ1	1	248097071	248098057	+	ENSG00000177275
OR2L13	1	248100493	248264224	+	ENSG00000196071
OR2L8	1	248112160	248113098	+	ENSG00000196936
OR2AK2	1	248128535	248129641	+	ENSG00000187080
OR2L5	1	248185250	248186188	+	ENSG00000197454
OR2L2	1	248201474	248202607	+	ENSG00000203663
OR2L3	1	248223984	248224922	+	ENSG00000198128
OR2M5	1	248308450	248309388	+	ENSG00000162727
OR2M2	1	248343288	248344331	+	ENSG00000198601
OR2M3	1	248366332	248367392	+	ENSG00000228198
OR2M4	1	248402231	248403166	+	ENSG00000171180
OR2T33	1	248436073	248437138	-	ENSG00000177212
OR2T12	1	248457918	248458880	-	ENSG00000177201
OR2M7	1	248486894	248487899	-	ENSG00000177186
OR14C36	1	248512077	248513015	+	ENSG00000177174
OR2T4	1	248524883	248525929	+	ENSG00000196944
OR2T6	1	248550910	248551836	+	ENSG00000198104
OR2T1	1	248569296	248570405	+	ENSG00000175143
OR2T7	1	248604508	248605434	+	ENSG00000227152
OR2T2	1	248616077	248617130	+	ENSG00000196240
OR2T3	1	248636627	248637634	+	ENSG00000196539
OR2T5	1	248651885	248652898	+	ENSG00000203661
OR2G6	1	248684916	248685964	+	ENSG00000188558
OR2T29	1	248721784	248722797	-	ENSG00000182783
OR2T34	1	248737022	248738080	-	ENSG00000183310
OR2T10	1	248756052	248757100	-	ENSG00000184022
OR2T11	1	248789420	248790491	-	ENSG00000183130
OR2T35	1	248801588	248802559	-	ENSG00000177151
OR2T27	1	248813232	248814185	-	ENSG00000187701
OR14I1	1	248844628	248845629	-	ENSG00000189181
LYPD8	1	248902716	248903150	-	ENSG00000266949
SH3BP5L	1	249104648	249120832	-	ENSG00000175137
ZNF672	1	249132409	249143716	+	ENSG00000171161
ZNF692	1	249144205	249153343	-	ENSG00000171163
PGBD2	1	249200395	249214145	+	ENSG00000185220
TUBB8	10	92828	120103	-	ENSG00000173876
ZMYND11	10	180405	300577	+	ENSG00000015171
DIP2C	10	320130	735683	-	ENSG00000151240
PRR26	10	695888	711109	+	ENSG00000180525
LARP4B	10	855484	977564	-	ENSG00000107929
AL359878.1	10	1017097	1034281	-	ENSG00000205740
GTPBP4	10	1034338	1065876	+	ENSG00000107937
IDI2	10	1064847	1071799	-	ENSG00000148377
IDI1	10	1085848	1095110	-	ENSG00000067064
WDR37	10	1095478	1178237	+	ENSG00000047056
ADARB2	10	1228073	1779670	-	ENSG00000185736
PFKP	10	3108525	3179904	+	ENSG00000067057
PITRM1	10	3179920	3215003	-	ENSG00000107959
KLF6	10	3818188	3827473	-	ENSG00000067082
AKR1E2	10	4828821	4890254	+	ENSG00000165568
AKR1C1	10	4934796	5025475	+	ENSG00000187134
AKR1C2	10	5029967	5060223	-	ENSG00000151632
AKR1C3	10	5077546	5149878	+	ENSG00000196139
AKR1CL1	10	5196335	5244449	-	ENSG00000196326
AKR1C4	10	5237425	5260912	+	ENSG00000198610
UCN3	10	5406972	5416169	+	ENSG00000178473
TUBAL3	10	5435061	5446793	-	ENSG00000178462
NET1	10	5454514	5500426	+	ENSG00000173848
CALML5	10	5540658	5541533	-	ENSG00000178372
CALML3	10	5566924	5568225	+	ENSG00000178363
ASB13	10	5680830	5708558	-	ENSG00000196372
FAM208B	10	5726801	5805703	+	ENSG00000108021
GDI2	10	5807186	5884095	-	ENSG00000057608
ANKRD16	10	5903580	5931869	-	ENSG00000134461
FBXO18	10	5931535	5979556	+	ENSG00000134452
IL15RA	10	5990855	6020150	-	ENSG00000134470
IL2RA	10	6052652	6104288	-	ENSG00000134460
RBM17	10	6130950	6159420	+	ENSG00000134453
PFKFB3	10	6186881	6277495	+	ENSG00000170525
DKFZP667F0711	10	6392278	6394723	+	ENSG00000212743
PRKCQ	10	6469105	6622263	-	ENSG00000065675
SFMBT2	10	7200586	7453450	-	ENSG00000198879
ITIH5	10	7601232	7708961	-	ENSG00000123243
ITIH2	10	7745232	7791483	+	ENSG00000151655
KIN	10	7792925	7829990	-	ENSG00000151657
ATP5C1	10	7830092	7849778	+	ENSG00000165629
TAF3	10	7860467	8058590	+	ENSG00000165632
GATA3	10	8095567	8117161	+	ENSG00000107485
CELF2	10	11047259	11378674	+	ENSG00000048740
USP6NL	10	11495945	11653753	-	ENSG00000148429
ECHDC3	10	11784365	11806069	+	ENSG00000134463
PROSER2	10	11865338	11914276	+	ENSG00000148426
UPF2	10	11962021	12085169	-	ENSG00000151461
DHTKD1	10	12110971	12165224	+	ENSG00000181192
SEC61A2	10	12171636	12211960	+	ENSG00000065665
NUDT5	10	12207324	12238143	-	ENSG00000165609
CDC123	10	12237964	12292588	+	ENSG00000151465
CAMK1D	10	12391481	12877545	+	ENSG00000183049
CCDC3	10	12938627	13141652	-	ENSG00000151468
OPTN	10	13141449	13180291	+	ENSG00000123240
MCM10	10	13203554	13253104	+	ENSG00000065328
UCMA	10	13263767	13276334	-	ENSG00000165623
PHYH	10	13319796	13344412	-	ENSG00000107537
AL138764.1	10	13350145	13350447	-	ENSG00000226209
SEPHS1	10	13359424	13390297	-	ENSG00000086475
BEND7	10	13480484	13570974	-	ENSG00000165626
PRPF18	10	13628927	13672868	+	ENSG00000165630
RP11-295P9.3	10	13652047	13710299	+	ENSG00000239665
FRMD4A	10	13685706	14504141	-	ENSG00000151474
FAM107B	10	14560556	14816896	-	ENSG00000065809
CDNF	10	14861249	14880574	-	ENSG00000185267
HSPA14	10	14880163	14913740	+	ENSG00000187522
SUV39H2	10	14920819	14946314	+	ENSG00000152455
DCLRE1C	10	14939358	14996431	-	ENSG00000152457
MEIG1	10	15001438	15030049	+	ENSG00000197889
OLAH	10	15074226	15115851	+	ENSG00000152463
ACBD7	10	15119522	15130775	-	ENSG00000176244
C10orf111	10	15137384	15139318	-	ENSG00000176236
RPP38	10	15139179	15181817	+	ENSG00000152464
NMT2	10	15144583	15210692	-	ENSG00000152465
FAM171A1	10	15253642	15413061	-	ENSG00000148468
ITGA8	10	15555948	15762124	-	ENSG00000077943
FAM188A	10	15820169	15902519	-	ENSG00000148481
PTER	10	16478942	16555736	+	ENSG00000165983
C1QL3	10	16555742	16564004	-	ENSG00000165985
RSU1	10	16632610	16859527	-	ENSG00000148484
CUBN	10	16865963	17171830	-	ENSG00000107611
TRDMT1	10	17184253	17244053	-	ENSG00000107614
VIM	10	17270258	17279592	+	ENSG00000026025
ST8SIA6	10	17360382	17496329	-	ENSG00000148488
PTPLA	10	17631958	17659376	-	ENSG00000165996
STAM	10	17686124	17757913	+	ENSG00000136738
MRC1L1	10	17851362	17953178	+	ENSG00000183748
MRC1	10	18098352	18200091	+	ENSG00000120586
SLC39A12	10	18240768	18332221	+	ENSG00000148482
CACNB2	10	18429606	18830798	+	ENSG00000165995
NSUN6	10	18834490	18940551	-	ENSG00000241058
RP11-139J15.7	10	18931405	18944123	-	ENSG00000271786
ARL5B	10	18948334	18970568	+	ENSG00000165997
MALRD1	10	19492779	20079330	+	ENSG00000204740
PLXDC2	10	20105168	20578785	+	ENSG00000120594
NEBL	10	21068902	21463116	-	ENSG00000078114
C10orf113	10	21414692	21435488	-	ENSG00000204683
CASC10	10	21781587	21786191	-	ENSG00000204682
SKIDA1	10	21802407	21814611	-	ENSG00000180592
MLLT10	10	21823094	22032559	+	ENSG00000078403
DNAJC1	10	22045466	22292698	-	ENSG00000136770
EBLN1	10	22497743	22498950	-	ENSG00000223601
COMMD3	10	22604903	22609235	+	ENSG00000148444
COMMD3-BMI1	10	22605317	22618471	+	ENSG00000269897
BMI1	10	22610140	22620413	+	ENSG00000168283
SPAG6	10	22634399	22743153	+	ENSG00000077327
PIP4K2A	10	22823778	23003484	-	ENSG00000150867
ARMC3	10	23216953	23326518	+	ENSG00000165309
MSRB2	10	23384435	23410942	+	ENSG00000148450
PTF1A	10	23481256	23483181	+	ENSG00000168267
C10orf115	10	23492745	23528745	-	ENSG00000204566
C10orf67	10	23556124	23633774	-	ENSG00000179133
OTUD1	10	23728198	23731308	+	ENSG00000165312
KIAA1217	10	23983675	24836772	+	ENSG00000120549
AL353583.1	10	24770273	24770632	-	ENSG00000269879
ARHGAP21	10	24872538	25012597	-	ENSG00000107863
PRTFDC1	10	25137536	25241533	-	ENSG00000099256
ENKUR	10	25270908	25305089	-	ENSG00000151023
THNSL1	10	25305587	25315593	+	ENSG00000185875
GPR158	10	25463991	25891155	+	ENSG00000151025
MYO3A	10	26223196	26501456	+	ENSG00000095777
GAD2	10	26505236	26593487	+	ENSG00000136750
APBB1IP	10	26727132	26856732	+	ENSG00000077420
PDSS1	10	26986588	27035727	+	ENSG00000148459
ABI1	10	27035522	27150016	-	ENSG00000136754
ANKRD26	10	27280843	27389421	-	ENSG00000107890
YME1L1	10	27399383	27444195	-	ENSG00000136758
MASTL	10	27443753	27475853	+	ENSG00000120539
ACBD5	10	27484146	27531059	-	ENSG00000107897
PTCHD3	10	27687116	27703297	-	ENSG00000182077
RAB18	10	27793197	27831143	+	ENSG00000099246
MKX	10	27961804	28034989	-	ENSG00000150051
ARMC4	10	28064115	28287977	-	ENSG00000169126
MPP7	10	28339922	28623415	-	ENSG00000150054
WAC	10	28821422	28912041	+	ENSG00000095787
BAMBI	10	28966271	28971868	+	ENSG00000095739
C10orf126	10	29135337	29170827	+	ENSG00000204365
LYZL1	10	29577990	29607257	+	ENSG00000120563
SVIL	10	29746267	30025710	-	ENSG00000197321
KIAA1462	10	30301729	30404423	-	ENSG00000165757
MTPAP	10	30598730	30663377	-	ENSG00000107951
MAP3K8	10	30722866	30750762	+	ENSG00000107968
LYZL2	10	30900718	30918691	-	ENSG00000151033
ZNF438	10	31109136	31320866	-	ENSG00000183621
ZEB1	10	31607424	31818742	+	ENSG00000148516
ARHGAP12	10	32094365	32217742	-	ENSG00000165322
KIF5B	10	32297938	32345359	-	ENSG00000170759
EPC1	10	32556679	32667726	-	ENSG00000120616
CCDC7	10	32735068	32863492	+	ENSG00000216937
C10ORF68	10	32832297	33171802	+	ENSG00000150076
ITGB1	10	33189247	33294720	-	ENSG00000150093
NRP1	10	33466420	33625190	-	ENSG00000099250
PARD3	10	34398488	35104253	-	ENSG00000148498
CUL2	10	35297479	35379570	-	ENSG00000108094
CREM	10	35415719	35501886	+	ENSG00000095794
CCNY	10	35535953	35860852	+	ENSG00000108100
GJD4	10	35894338	35897863	+	ENSG00000177291
FZD8	10	35927177	35930362	-	ENSG00000177283
NAMPTL	10	36810649	36813162	-	ENSG00000229644
ANKRD30A	10	37414785	37673039	+	ENSG00000148513
MTRNR2L7	10	37890366	37891859	-	ENSG00000256892
ZNF248	10	38091751	38147034	-	ENSG00000198105
ZNF25	10	38238500	38265561	-	ENSG00000175395
ZNF33A	10	38299578	38354016	+	ENSG00000189180
ZNF37A	10	38383264	38414472	+	ENSG00000075407
LINC00999	10	38717074	38736820	+	ENSG00000225119
ZNF33B	10	43084555	43133992	-	ENSG00000196693
BMS1	10	43278249	43330385	+	ENSG00000165733
RET	10	43572475	43625799	+	ENSG00000165731
CSGALNACT2	10	43633934	43680756	+	ENSG00000169826
RASGEF1A	10	43689983	43762367	-	ENSG00000198915
FXYD4	10	43867090	43871783	+	ENSG00000150201
HNRNPF	10	43881065	43904614	-	ENSG00000169813
ZNF487	10	43932282	43991517	+	ENSG00000243660
ZNF239	10	44051792	44070066	-	ENSG00000196793
ZNF485	10	44101855	44113351	+	ENSG00000198298
ZNF32	10	44139307	44144304	-	ENSG00000169740
CXCL12	10	44793038	44881941	-	ENSG00000107562
AL137026.1	10	44873687	44878739	+	ENSG00000269515
TMEM72	10	45406648	45432450	+	ENSG00000187783
RASSF4	10	45454855	45491339	+	ENSG00000107551
C10orf10	10	45466429	45474258	-	ENSG00000165507
C10orf25	10	45493146	45496336	-	ENSG00000165511
ZNF22	10	45495923	45500774	+	ENSG00000165512
OR13A1	10	45798102	45811056	-	ENSG00000256574
ALOX5	10	45869661	45941561	+	ENSG00000012779
MARCH8	10	45950035	46090354	-	ENSG00000165406
ZFAND4	10	46111043	46168228	-	ENSG00000172671
FAM21C	10	46222648	46288409	+	ENSG00000172661
FAM25E	10	46310876	46313036	-	ENSG00000231122
AGAP4	10	46321042	46349323	-	ENSG00000188234
PTPN20A	10	46549955	46641045	-	ENSG00000204179
SYT15	10	46955444	46971400	-	ENSG00000204176
GPRIN2	10	46994087	47005643	+	ENSG00000204175
NPY4R	10	47083534	47088320	+	ENSG00000204174
ANXA8L1	10	47157983	47174093	-	ENSG00000150165
FAM25B	10	47177204	47181681	-	ENSG00000189090
AGAP10	10	47191844	47239738	-	ENSG00000204172
ANTXRL	10	47657581	47701443	+	ENSG00000198250
ANXA8L2	10	47746936	47763041	+	ENSG00000186807
AL603965.1	10	47746962	47770871	+	ENSG00000215033
FAM21B	10	47894023	47949412	+	ENSG00000152726
ASAH2C	10	48001603	48055018	-	ENSG00000072444
AGAP9	10	48189612	48237508	+	ENSG00000198035
FAM25G	10	48247669	48252143	+	ENSG00000197910
ANXA8	10	48255253	48279200	+	ENSG00000165390
AL591684.1	10	48255279	48279199	+	ENSG00000215020
ZNF488	10	48355024	48373866	+	ENSG00000165388
RBP3	10	48381487	48390991	-	ENSG00000107618
GDF2	10	48413092	48416853	-	ENSG00000128802
GDF10	10	48425815	48438976	-	ENSG00000107623
PTPN20B	10	48736874	48827966	-	ENSG00000183675
FAM25C	10	49199649	49207818	-	ENSG00000188279
FRMPD2	10	49364601	49482941	-	ENSG00000170324
MAPK8	10	49514698	49647403	+	ENSG00000107643
ARHGAP22	10	49654077	49864310	-	ENSG00000128805
WDFY4	10	49892921	50191001	+	ENSG00000128815
LRRC18	10	50117528	50143242	-	ENSG00000165383
VSTM4	10	50222290	50323554	-	ENSG00000165633
FAM170B	10	50339199	50342053	-	ENSG00000172538
C10orf128	10	50362773	50396630	-	ENSG00000204161
C10orf71	10	50507187	50535537	+	ENSG00000177354
DRGX	10	50572237	50603497	-	ENSG00000165606
ERCC6	10	50663414	50747584	-	ENSG00000225830
PGBD3	10	50723151	50747086	-	ENSG00000243251
ERCC6-PGBD3	10	50723247	50747584	-	ENSG00000258838
CHAT	10	50817141	50901925	+	ENSG00000070748
SLC18A3	10	50818347	50820765	+	ENSG00000187714
C10orf53	10	50887697	50918307	+	ENSG00000178645
OGDHL	10	50942689	50970425	-	ENSG00000197444
PARG	10	51026325	51130715	-	ENSG00000227345
FAM21D	10	51187938	51192032	+	ENSG00000174196
AGAP8	10	51224681	51371321	-	ENSG00000174194
TIMM23B	10	51371390	51387768	+	ENSG00000204152
AGAP7	10	51464162	51486327	-	ENSG00000204169
MSMB	10	51549498	51562517	+	ENSG00000138294
NCOA4	10	51565108	51590734	+	ENSG00000138293
TIMM23	10	51592080	51623365	-	ENSG00000138297
AGAP6	10	51748078	51770259	+	ENSG00000204149
FAM21A	10	51827648	51893269	+	ENSG00000099290
ASAH2	10	51942538	52008370	-	ENSG00000188611
SGMS1	10	52065360	52384923	-	ENSG00000198964
AC069547.1	10	52094298	52095876	+	ENSG00000269165
AC069547.2	10	52152766	52154321	+	ENSG00000269700
ASAH2B	10	52499078	52576255	+	ENSG00000204147
A1CF	10	52559169	52645435	-	ENSG00000148584
PRKG1	10	52750945	54058110	+	ENSG00000185532
CSTF2T	10	53455247	53459355	-	ENSG00000177613
DKK1	10	54074056	54077802	+	ENSG00000107984
MBL2	10	54525140	54531460	-	ENSG00000165471
PCDH15	10	55562531	57387702	-	ENSG00000150275
MTRNR2L5	10	57358750	57360488	+	ENSG00000249860
ZWINT	10	58116989	58121036	-	ENSG00000122952
IPMK	10	59951278	60027694	-	ENSG00000151151
CISD1	10	60028818	60049346	+	ENSG00000122873
UBE2D1	10	60094735	60130513	+	ENSG00000072401
TFAM	10	60144782	60158981	+	ENSG00000108064
BICC1	10	60272900	60591195	+	ENSG00000122870
PHYHIPL	10	60936350	61007534	+	ENSG00000165443
FAM13C	10	61005890	61122939	-	ENSG00000148541
SLC16A9	10	61410523	61495760	-	ENSG00000165449
CCDC6	10	61548521	61666414	-	ENSG00000108091
C10orf40	10	61715188	61720671	-	ENSG00000235931
ANK3	10	61786056	62493248	-	ENSG00000151150
CDK1	10	62538089	62554610	+	ENSG00000170312
RHOBTB1	10	62629196	62761198	-	ENSG00000072422
TMEM26	10	63166401	63213208	-	ENSG00000196932
C10orf107	10	63422719	63526524	+	ENSG00000183346
ARID5B	10	63661059	63856703	+	ENSG00000150347
RTKN2	10	63942794	64028466	-	ENSG00000182010
ZNF365	10	64133951	64431771	+	ENSG00000138311
ADO	10	64564516	64568238	+	ENSG00000181915
EGR2	10	64571756	64679660	-	ENSG00000122877
NRBF2	10	64893050	64914783	+	ENSG00000148572
JMJD1C	10	64926981	65225722	-	ENSG00000171988
REEP3	10	65281123	65384883	+	ENSG00000165476
CTNNA3	10	67672276	69455927	-	ENSG00000183230
LRRTM3	10	68685764	68859588	+	ENSG00000198739
DNAJC12	10	69556427	69597924	-	ENSG00000108176
SIRT1	10	69644427	69678147	+	ENSG00000096717
HERC4	10	69681665	69835105	-	ENSG00000148634
MYPN	10	69865912	69971774	+	ENSG00000138347
ATOH7	10	69990386	69991871	-	ENSG00000179774
PBLD	10	70042417	70092806	-	ENSG00000108187
HNRNPH3	10	70090931	70102948	+	ENSG00000096746
RUFY2	10	70100864	70167051	-	ENSG00000204130
DNA2	10	70173821	70231879	-	ENSG00000138346
SLC25A16	10	70237756	70287231	-	ENSG00000122912
TET1	10	70320413	70454239	+	ENSG00000138336
CCAR1	10	70480769	70552134	+	ENSG00000060339
STOX1	10	70587298	70655188	+	ENSG00000165730
DDX50	10	70661034	70706603	+	ENSG00000107625
DDX21	10	70715884	70744829	+	ENSG00000165732
KIAA1279	10	70748487	70776738	+	ENSG00000198954
SRGN	10	70847862	70864567	+	ENSG00000122862
VPS26A	10	70883268	70932617	+	ENSG00000122958
SUPV3L1	10	70939988	70968855	+	ENSG00000156502
HKDC1	10	70980059	71027315	+	ENSG00000156510
HK1	10	71029740	71161638	+	ENSG00000156515
TACR2	10	71163659	71176623	-	ENSG00000075073
TSPAN15	10	71211229	71267425	+	ENSG00000099282
NEUROG3	10	71331454	71332994	-	ENSG00000122859
C10orf35	10	71390007	71393352	+	ENSG00000171224
RP11-242G20.1	10	71444655	71452208	+	ENSG00000235645
COL13A1	10	71561644	71724031	+	ENSG00000197467
H2AFY2	10	71812552	71872036	+	ENSG00000099284
AIFM2	10	71857979	71892690	-	ENSG00000042286
TYSND1	10	71897737	71906432	-	ENSG00000156521
SAR1A	10	71907045	71930279	-	ENSG00000079332
PPA1	10	71962586	71993667	-	ENSG00000180817
NPFFR1	10	72007085	72043432	-	ENSG00000148734
LRRC20	10	72058729	72142382	-	ENSG00000172731
EIF4EBP2	10	72164135	72188374	+	ENSG00000148730
NODAL	10	72192071	72207707	-	ENSG00000156574
AC022532.1	10	72194585	72196314	+	ENSG00000197604
PALD1	10	72238577	72328205	+	ENSG00000107719
PRF1	10	72357104	72362531	-	ENSG00000180644
ADAMTS14	10	72432559	72522197	+	ENSG00000138316
TBATA	10	72530995	72545157	-	ENSG00000166220
SGPL1	10	72575717	72640930	+	ENSG00000166224
PCBD1	10	72642037	72648541	-	ENSG00000166228
UNC5B	10	72972327	73062621	+	ENSG00000107731
SLC29A3	10	73079015	73123142	+	ENSG00000198246
CDH23	10	73156691	73575702	+	ENSG00000107736
C10orf105	10	73471458	73497581	-	ENSG00000214688
C10orf54	10	73507316	73533255	-	ENSG00000107738
PSAP	10	73576055	73611126	-	ENSG00000197746
CHST3	10	73724123	73773322	+	ENSG00000122863
SPOCK2	10	73818793	73848790	-	ENSG00000107742
ASCC1	10	73856278	73976892	-	ENSG00000138303
ANAPC16	10	73975787	73995618	+	ENSG00000166295
DDIT4	10	74033678	74035794	+	ENSG00000168209
DNAJB12	10	74092588	74114988	-	ENSG00000148719
MICU1	10	74127098	74385899	-	ENSG00000107745
MCU	10	74451889	74647452	+	ENSG00000156026
OIT3	10	74653339	74692791	+	ENSG00000138315
PLA2G12B	10	74694928	74714536	-	ENSG00000138308
P4HA1	10	74766975	74856732	-	ENSG00000122884
NUDT13	10	74870217	74891586	+	ENSG00000166321
ECD	10	74889913	74928813	-	ENSG00000122882
FAM149B1	10	74927924	75004262	+	ENSG00000138286
DNAJC9	10	74943120	75008620	-	ENSG00000213551
MRPS16	10	75006510	75012451	-	ENSG00000182180
TTC18	10	75013517	75118617	-	ENSG00000156042
ANXA7	10	75134859	75173834	-	ENSG00000138279
MSS51	10	75183339	75193319	-	ENSG00000166343
PPP3CB	10	75196186	75255782	-	ENSG00000107758
USP54	10	75257296	75385711	-	ENSG00000166348
MYOZ1	10	75391412	75401515	-	ENSG00000177791
SYNPO2L	10	75404639	75423561	-	ENSG00000166317
AGAP5	10	75434033	75457639	-	ENSG00000172650
SEC24C	10	75504120	75531919	+	ENSG00000176986
AC022400.2	10	75531935	75532378	-	ENSG00000267964
FUT11	10	75532049	75540009	+	ENSG00000196968
CHCHD1	10	75541805	75543410	+	ENSG00000172586
ZSWIM8	10	75545340	75561551	+	ENSG00000214655
RP11-574K11.31	10	75556272	75571409	-	ENSG00000272916
NDST2	10	75561669	75571589	-	ENSG00000166507
CAMK2G	10	75572259	75634343	-	ENSG00000148660
PLAU	10	75668935	75677255	+	ENSG00000122861
C10orf55	10	75669727	75682535	-	ENSG00000222047
VCL	10	75757872	75879918	+	ENSG00000035403
AP3M1	10	75881524	75910821	-	ENSG00000185009
ADK	10	75910960	76469061	+	ENSG00000156110
KAT6B	10	76585340	76792380	+	ENSG00000156650
DUPD1	10	76797594	76818272	-	ENSG00000188716
DUSP13	10	76854192	76868979	-	ENSG00000079393
SAMD8	10	76859344	76941881	+	ENSG00000156671
VDAC2	10	76969912	76991206	+	ENSG00000165637
COMTD1	10	76993727	76995788	-	ENSG00000165644
ZNF503	10	77157588	77161664	-	ENSG00000165655
C10orf11	10	77360998	78319925	+	ENSG00000148655
KCNMA1	10	78629359	79398353	-	ENSG00000156113
DLG5	10	79550549	79686378	-	ENSG00000151208
AL391421.1	10	79626633	79629368	+	ENSG00000204049
POLR3A	10	79734907	79789303	-	ENSG00000148606
RPS24	10	79793518	79816570	+	ENSG00000138326
ZMIZ1	10	80828792	81076276	+	ENSG00000108175
PPIF	10	81107225	81115093	+	ENSG00000108179
ZCCHC24	10	81142081	81205383	-	ENSG00000165424
AL133481.1	10	81266126	81270678	-	ENSG00000235705
EIF5AL1	10	81272357	81276188	+	ENSG00000253626
SFTPA2	10	81315608	81320153	-	ENSG00000185303
SFTPA1	10	81370695	81375196	+	ENSG00000122852
NUTM2B	10	81462983	81474437	+	ENSG00000188199
NUTM2E	10	81601114	81610632	+	ENSG00000228570
SFTPD	10	81697496	81742370	-	ENSG00000133661
TMEM254	10	81838402	81852313	+	ENSG00000133678
PLAC9	10	81891438	81905115	+	ENSG00000189129
ANXA11	10	81910645	81965328	-	ENSG00000122359
AL359195.1	10	82009466	82013395	+	ENSG00000204038
MAT1A	10	82031576	82049440	-	ENSG00000151224
DYDC1	10	82095861	82116511	-	ENSG00000170788
DYDC2	10	82104501	82127829	+	ENSG00000133665
FAM213A	10	82167585	82192753	+	ENSG00000122378
TSPAN14	10	82213922	82292879	+	ENSG00000108219
SH2D4B	10	82297658	82406316	+	ENSG00000178217
NRG3	10	83635070	84746935	+	ENSG00000185737
GHITM	10	85899196	85913001	+	ENSG00000165678
C10orf99	10	85933494	85945050	+	ENSG00000188373
CDHR1	10	85954410	85979377	+	ENSG00000148600
LRIT2	10	85980254	85985345	-	ENSG00000204033
LRIT1	10	85991349	86001217	-	ENSG00000148602
RGR	10	86004809	86019716	+	ENSG00000148604
CCSER2	10	86088342	86278273	+	ENSG00000107771
GRID1	10	87359312	88126250	-	ENSG00000182771
WAPAL	10	88195013	88281572	-	ENSG00000062650
OPN4	10	88414314	88426605	+	ENSG00000122375
LDB3	10	88428206	88495825	+	ENSG00000122367
BMPR1A	10	88516407	88692595	+	ENSG00000107779
MMRN2	10	88695297	88729238	-	ENSG00000173269
SNCG	10	88718375	88723017	+	ENSG00000173267
ADIRF	10	88727949	88743691	+	ENSG00000148671
FAM25A	10	88780063	88784487	+	ENSG00000188100
GLUD1	10	88810243	88854623	-	ENSG00000148672
FAM35A	10	88853918	88951225	+	ENSG00000122376
NUTM2A	10	88985205	88996665	+	ENSG00000184923
NUTM2D	10	89117425	89130452	+	ENSG00000214562
MINPP1	10	89264632	89313217	+	ENSG00000107789
PAPSS2	10	89419370	89507462	+	ENSG00000198682
ATAD1	10	89511269	89601100	-	ENSG00000138138
KLLN	10	89618918	89623194	-	ENSG00000227268
PTEN	10	89622870	89731687	+	ENSG00000171862
RNLS	10	90033621	90344287	-	ENSG00000184719
LIPJ	10	90346510	90366733	+	ENSG00000204022
LIPF	10	90424198	90438571	+	ENSG00000182333
LIPK	10	90484301	90512543	+	ENSG00000204021
LIPN	10	90521163	90537999	+	ENSG00000204020
LIPM	10	90562487	90580303	+	ENSG00000173239
ANKRD22	10	90581889	90611575	-	ENSG00000152766
STAMBPL1	10	90639491	90734910	+	ENSG00000138134
ACTA2	10	90694831	90751147	-	ENSG00000107796
FAS	10	90750414	90775542	+	ENSG00000026103
CH25H	10	90965694	90967071	-	ENSG00000138135
LIPA	10	90973326	91174314	-	ENSG00000107798
IFIT2	10	91061712	91069033	+	ENSG00000119922
IFIT3	10	91087651	91100728	+	ENSG00000119917
IFIT1B	10	91137813	91144962	+	ENSG00000204010
IFIT1	10	91152303	91163745	+	ENSG00000185745
IFIT5	10	91174343	91180758	+	ENSG00000152778
SLC16A12	10	91190051	91316398	-	ENSG00000152779
PANK1	10	91342745	91405215	-	ENSG00000152782
KIF20B	10	91461367	91534700	+	ENSG00000138182
HTR7	10	92500578	92617671	-	ENSG00000148680
RPP30	10	92631473	92668312	+	ENSG00000148688
ANKRD1	10	92671853	92681033	-	ENSG00000148677
PCGF5	10	92979908	93044088	+	ENSG00000180628
HECTD2	10	93170096	93274586	+	ENSG00000165338
PPP1R3C	10	93388199	93392811	-	ENSG00000119938
TNKS2	10	93558069	93625033	+	ENSG00000107854
FGFBP3	10	93666346	93669240	-	ENSG00000174721
BTAF1	10	93683526	93790082	+	ENSG00000095564
CPEB3	10	93806449	94050844	-	ENSG00000107864
MARCH5	10	94050920	94113721	+	ENSG00000198060
IDE	10	94211441	94333833	-	ENSG00000119912
KIF11	10	94353043	94415150	+	ENSG00000138160
HHEX	10	94447945	94455403	+	ENSG00000152804
EXOC6	10	94590935	94819250	+	ENSG00000138190
CYP26C1	10	94821021	94828454	+	ENSG00000187553
CYP26A1	10	94833232	94837647	+	ENSG00000095596
MYOF	10	95066186	95242074	-	ENSG00000138119
CEP55	10	95256389	95288849	+	ENSG00000138180
FFAR4	10	95326422	95364237	+	ENSG00000186188
RBP4	10	95351444	95361501	-	ENSG00000138207
PDE6C	10	95372345	95425767	+	ENSG00000095464
FRA10AC1	10	95427640	95462329	-	ENSG00000148690
LGI1	10	95517566	95557916	+	ENSG00000108231
SLC35G1	10	95653730	95715819	+	ENSG00000176273
PLCE1	10	95753746	96092580	+	ENSG00000138193
NOC3L	10	96075004	96122716	-	ENSG00000173145
TBC1D12	10	96162261	96295687	+	ENSG00000108239
HELLS	10	96305547	96373662	+	ENSG00000119969
CYP2C18	10	96443251	96495947	+	ENSG00000108242
CYP2C19	10	96447911	96613017	+	ENSG00000165841
CYP2C9	10	96698415	96749147	+	ENSG00000138109
CYP2C8	10	96796530	96829254	-	ENSG00000138115
C10orf129	10	96953957	96988685	+	ENSG00000173124
PDLIM1	10	96997329	97050781	-	ENSG00000107438
SORBS1	10	97071528	97321171	-	ENSG00000095637
ALDH18A1	10	97365696	97416463	-	ENSG00000059573
TCTN3	10	97423158	97453900	-	ENSG00000119977
ENTPD1	10	97471536	97637023	+	ENSG00000138185
RP11-248J23.7	10	97620305	97684601	+	ENSG00000270099
C10orf131	10	97667360	97698480	+	ENSG00000173088
RP11-248J23.6	10	97709725	97744785	+	ENSG00000269948
CC2D2B	10	97733786	97792441	+	ENSG00000188649
RP11-690P14.4	10	97733786	97792432	+	ENSG00000269920
CCNJ	10	97803151	97820627	+	ENSG00000107443
BLNK	10	97951458	98031344	-	ENSG00000095585
DNTT	10	98064085	98098321	+	ENSG00000107447
OPALIN	10	98102973	98119092	-	ENSG00000197430
TLL2	10	98124363	98273675	-	ENSG00000095587
TM9SF3	10	98277866	98347209	-	ENSG00000077147
PIK3AP1	10	98353069	98480271	-	ENSG00000155629
LCOR	10	98592017	98740800	+	ENSG00000196233
C10orf12	10	98741041	98745582	+	ENSG00000155640
ARHGAP19-SLIT1	10	98757795	99052413	-	ENSG00000269891
SLIT1	10	98757795	98945677	-	ENSG00000187122
ARHGAP19	10	98978996	99052413	-	ENSG00000213390
FRAT1	10	99079022	99081672	+	ENSG00000165879
FRAT2	10	99092255	99094458	-	ENSG00000181274
RRP12	10	99116115	99161127	-	ENSG00000052749
AL355490.1	10	99179228	99185831	-	ENSG00000224474
PGAM1	10	99185917	99193198	+	ENSG00000171314
EXOSC1	10	99195899	99205774	-	ENSG00000171311
ZDHHC16	10	99205927	99217127	+	ENSG00000171307
MMS19	10	99218081	99258551	-	ENSG00000155229
UBTD1	10	99258625	99330966	+	ENSG00000165886
ANKRD2	10	99332198	99343641	+	ENSG00000165887
HOGA1	10	99344080	99372559	+	ENSG00000241935
C10orf62	10	99349450	99350690	+	ENSG00000203942
MORN4	10	99374310	99393344	-	ENSG00000171160
AVPI1	10	99437181	99447080	-	ENSG00000119986
MARVELD1	10	99472930	99477907	+	ENSG00000155254
ZFYVE27	10	99496878	99520664	+	ENSG00000155256
SFRP5	10	99526508	99531709	-	ENSG00000120057
CRTAC1	10	99624757	99790585	-	ENSG00000095713
R3HCC1L	10	99894387	100004654	+	ENSG00000166024
LOXL4	10	100007447	100028007	-	ENSG00000138131
PYROXD2	10	100143322	100174941	-	ENSG00000119943
HPS1	10	100175955	100206684	-	ENSG00000107521
HPSE2	10	100218875	100995619	-	ENSG00000172987
CNNM1	10	101088856	101154087	+	ENSG00000119946
GOT1	10	101156627	101190381	-	ENSG00000120053
NKX2-3	10	101292690	101296278	+	ENSG00000119919
SLC25A28	10	101370282	101380366	-	ENSG00000155287
ENTPD7	10	101419263	101465997	+	ENSG00000198018
CUTC	10	101462315	101515891	+	ENSG00000119929
COX15	10	101471601	101491857	-	ENSG00000014919
ABCC2	10	101542489	101611949	+	ENSG00000023839
DNMBP	10	101635334	101769676	-	ENSG00000107554
CPN1	10	101801950	101841634	-	ENSG00000120054
ERLIN1	10	101909851	101948091	-	ENSG00000107566
CHUK	10	101948055	101989376	-	ENSG00000213341
CWF19L1	10	101992055	102027437	-	ENSG00000095485
BLOC1S2	10	102033713	102046469	-	ENSG00000196072
PKD2L1	10	102047903	102090243	-	ENSG00000107593
SCD	10	102106881	102124591	+	ENSG00000099194
WNT8B	10	102222798	102243501	+	ENSG00000075290
SEC31B	10	102246399	102289628	-	ENSG00000075826
HIF1AN	10	102288829	102319755	+	ENSG00000166135
PAX2	10	102495360	102589698	+	ENSG00000075891
FAM178A	10	102672326	102724893	+	ENSG00000119906
MRPL43	10	102729215	102747272	-	ENSG00000055950
SEMA4G	10	102729275	102745628	+	ENSG00000095539
C10orf2	10	102747124	102754158	+	ENSG00000107815
LZTS2	10	102756375	102767593	+	ENSG00000107816
PDZD7	10	102767440	102790890	-	ENSG00000186862
SFXN3	10	102790991	102800998	+	ENSG00000107819
KAZALD1	10	102821598	102827888	+	ENSG00000107821
TLX1NB	10	102849078	102890883	-	ENSG00000236311
HUG1	10	102882536	102883624	+	ENSG00000269259
TLX1	10	102889257	102897545	+	ENSG00000107807
LBX1	10	102986733	102989551	-	ENSG00000138136
BTRC	10	103113820	103317078	+	ENSG00000166167
DPCD	10	103330317	103369425	+	ENSG00000166171
POLL	10	103338639	103348027	-	ENSG00000166169
FBXW4	10	103370423	103455052	-	ENSG00000107829
FGF8	10	103529899	103535854	-	ENSG00000107831
NPM3	10	103541082	103543170	-	ENSG00000107833
MGEA5	10	103544200	103578696	-	ENSG00000198408
KCNIP2	10	103585731	103603677	-	ENSG00000120049
C10orf76	10	103605356	103815950	-	ENSG00000120029
HPS6	10	103825147	103827792	+	ENSG00000166189
LDB1	10	103867317	103880210	-	ENSG00000198728
PPRC1	10	103892787	103910082	+	ENSG00000148840
NOLC1	10	103911933	103923627	+	ENSG00000166197
ELOVL3	10	103986085	103989346	+	ENSG00000119915
PITX3	10	103989943	104001231	-	ENSG00000107859
GBF1	10	104005289	104142656	+	ENSG00000107862
NFKB2	10	104153867	104162281	+	ENSG00000077150
PSD	10	104162376	104181296	-	ENSG00000059915
FBXL15	10	104178946	104182893	+	ENSG00000107872
CUEDC2	10	104183002	104192418	-	ENSG00000107874
C10orf95	10	104209594	104211300	-	ENSG00000120055
TMEM180	10	104221149	104236802	+	ENSG00000138111
ACTR1A	10	104238986	104262482	-	ENSG00000138107
SUFU	10	104263744	104393292	+	ENSG00000107882
TRIM8	10	104404253	104418164	+	ENSG00000171206
ARL3	10	104433488	104474164	-	ENSG00000138175
SFXN2	10	104474295	104503249	+	ENSG00000156398
WBP1L	10	104503727	104576021	+	ENSG00000166272
CYP17A1	10	104590288	104597290	-	ENSG00000148795
C10orf32	10	104613980	104624718	+	ENSG00000166275
C10orf32-ASMT	10	104614029	104661656	+	ENSG00000270316
AS3MT	10	104629273	104661656	+	ENSG00000214435
CNNM2	10	104678050	104849978	+	ENSG00000148842
NT5C2	10	104845940	104953056	-	ENSG00000076685
RPEL1	10	105005644	105007773	+	ENSG00000235376
INA	10	105036920	105050108	+	ENSG00000148798
PCGF6	10	105062553	105110891	-	ENSG00000156374
TAF5	10	105127724	105148822	+	ENSG00000148835
USMG5	10	105148798	105156223	-	ENSG00000173915
PDCD11	10	105156405	105206049	+	ENSG00000148843
CALHM2	10	105206543	105212660	-	ENSG00000138172
CALHM1	10	105213144	105218645	-	ENSG00000185933
CALHM3	10	105232561	105238997	-	ENSG00000183128
NEURL1	10	105253736	105352309	+	ENSG00000107954
SH3PXD2A	10	105348285	105615301	-	ENSG00000107957
OBFC1	10	105642300	105677963	-	ENSG00000107960
SLK	10	105726959	105788991	+	ENSG00000065613
COL17A1	10	105791044	105845760	-	ENSG00000065618
SFR1	10	105881816	105886143	+	ENSG00000156384
WDR96	10	105889646	105992120	-	ENSG00000197748
GSTO1	10	105995114	106027217	+	ENSG00000148834
GSTO2	10	106028631	106064703	+	ENSG00000065621
ITPRIP	10	106071894	106098162	-	ENSG00000148841
CCDC147	10	106113522	106214848	+	ENSG00000120051
SORCS3	10	106400859	107024993	+	ENSG00000156395
SORCS1	10	108333421	108924292	-	ENSG00000108018
XPNPEP1	10	111624524	111683311	-	ENSG00000108039
RP11-451M19.3	10	111701029	111713649	-	ENSG00000203876
ADD3	10	111756126	111895323	+	ENSG00000148700
MXI1	10	111967363	112047123	+	ENSG00000119950
SMNDC1	10	112050488	112064709	-	ENSG00000119953
DUSP5	10	112257596	112271302	+	ENSG00000138166
SMC3	10	112327449	112364394	+	ENSG00000108055
RBM20	10	112404155	112599227	+	ENSG00000203867
PDCD4	10	112631565	112659764	+	ENSG00000150593
BBIP1	10	112658488	112679032	-	ENSG00000214413
SHOC2	10	112679301	112773425	+	ENSG00000108061
ADRA2A	10	112836790	112840658	+	ENSG00000150594
GPAM	10	113909624	113975135	-	ENSG00000119927
TECTB	10	114043493	114064793	+	ENSG00000119913
ACSL5	10	114133776	114188138	+	ENSG00000197142
ZDHHC6	10	114190058	114206672	-	ENSG00000023041
VTI1A	10	114206756	114578503	+	ENSG00000151532
TCF7L2	10	114710009	114927437	+	ENSG00000148737
HABP2	10	115310596	115349361	+	ENSG00000148702
NRAP	10	115348475	115423886	-	ENSG00000197893
CASP7	10	115438942	115490662	+	ENSG00000165806
PLEKHS1	10	115511213	115543188	+	ENSG00000148735
DCLRE1A	10	115594488	115614142	-	ENSG00000198924
NHLRC2	10	115614420	115676953	+	ENSG00000196865
AL162407.1	10	115674530	115676949	+	ENSG00000234631
ADRB1	10	115803806	115806667	+	ENSG00000043591
C10orf118	10	115880621	115933979	-	ENSG00000165813
TDRD1	10	115939029	115992063	+	ENSG00000095627
VWA2	10	115999018	116051272	+	ENSG00000165816
AFAP1L2	10	116054583	116164515	-	ENSG00000169129
ABLIM1	10	116190872	116444762	-	ENSG00000099204
FAM160B1	10	116581503	116659591	+	ENSG00000151553
TRUB1	10	116697952	116737430	+	ENSG00000165832
ATRNL1	10	116853124	117708503	+	ENSG00000107518
GFRA1	10	117816444	118032979	-	ENSG00000151892
CCDC172	10	118083940	118139541	+	ENSG00000182645
PNLIPRP3	10	118187379	118237469	+	ENSG00000203837
PNLIP	10	118305443	118327367	+	ENSG00000175535
PNLIPRP1	10	118349897	118368687	+	ENSG00000187021
C10orf82	10	118423207	118429775	-	ENSG00000165863
HSPA12A	10	118430703	118502085	-	ENSG00000165868
ENO4	10	118609023	118671299	+	ENSG00000188316
KIAA1598	10	118643742	118886097	-	ENSG00000187164
VAX1	10	118888032	118897812	-	ENSG00000148704
KCNK18	10	118957000	118969810	+	ENSG00000186795
SLC18A2	10	119000604	119038941	+	ENSG00000165646
PDZD8	10	119040000	119134978	-	ENSG00000165650
EMX2	10	119301955	119309056	+	ENSG00000170370
RAB11FIP2	10	119764427	119806114	-	ENSG00000107560
FAM204A	10	120065401	120101840	-	ENSG00000165669
PRLHR	10	120352916	120355160	-	ENSG00000119973
CACUL1	10	120433679	120514761	-	ENSG00000151893
NANOS1	10	120789228	120793854	+	ENSG00000188613
EIF3A	10	120794356	120840316	-	ENSG00000107581
FAM45A	10	120863598	120897496	+	ENSG00000119979
SFXN4	10	120900279	120925179	-	ENSG00000183605
PRDX3	10	120927215	120938345	-	ENSG00000165672
GRK5	10	120967101	121215131	+	ENSG00000198873
RGS10	10	121259340	121302220	-	ENSG00000148908
TIAL1	10	121334199	121356541	-	ENSG00000151923
BAG3	10	121410882	121437331	+	ENSG00000151929
INPP5F	10	121485609	121588652	+	ENSG00000198825
MCMBP	10	121588972	121652068	-	ENSG00000197771
SEC23IP	10	121652223	121702014	+	ENSG00000107651
PPAPDC1A	10	122216466	122349367	+	ENSG00000203805
C10orf85	10	122357721	122359629	+	ENSG00000177234
WDR11	10	122610687	122669036	+	ENSG00000120008
FGFR2	10	123237848	123357972	-	ENSG00000066468
ATE1	10	123499939	123688316	-	ENSG00000107669
NSMCE4A	10	123716603	123734732	-	ENSG00000107672
TACC2	10	123748689	124014060	+	ENSG00000138162
BTBD16	10	124030821	124097677	+	ENSG00000138152
PLEKHA1	10	124134212	124191867	+	ENSG00000107679
ARMS2	10	124214169	124216868	+	ENSG00000254636
HTRA1	10	124221041	124274424	+	ENSG00000166033
DMBT1	10	124320181	124403252	+	ENSG00000187908
C10orf120	10	124457225	124459338	-	ENSG00000183559
CUZD1	10	124591665	124639146	-	ENSG00000138161
FAM24B	10	124608594	124639157	-	ENSG00000213185
FAM24A	10	124670217	124672627	+	ENSG00000203795
C10orf88	10	124690419	124713919	-	ENSG00000119965
PSTK	10	124713897	124757029	+	ENSG00000179988
IKZF5	10	124750322	124768333	-	ENSG00000095574
ACADSB	10	124768495	124817827	+	ENSG00000196177
HMX3	10	124895478	124897257	+	ENSG00000188620
HMX2	10	124907638	124910188	+	ENSG00000188816
BUB3	10	124913793	124924886	+	ENSG00000154473
GPR26	10	125425871	125454123	+	ENSG00000154478
CPXM2	10	125465723	125699783	-	ENSG00000121898
CHST15	10	125767184	125853206	-	ENSG00000182022
OAT	10	126085872	126107545	-	ENSG00000065154
NKX1-2	10	126135592	126138753	-	ENSG00000229544
LHPP	10	126150403	126306457	+	ENSG00000107902
RP11-12J10.3	10	126305649	126480296	-	ENSG00000258539
FAM53B	10	126307861	126432838	-	ENSG00000189319
METTL10	10	126436718	126480439	-	ENSG00000203791
FAM175B	10	126490354	126525239	+	ENSG00000165660
ZRANB1	10	126630692	126676758	+	ENSG00000019995
CTBP2	10	126676421	126849739	-	ENSG00000175029
TEX36	10	127265091	127371713	-	ENSG00000175018
EDRF1	10	127408084	127452712	+	ENSG00000107938
MMP21	10	127455022	127464390	-	ENSG00000154485
UROS	10	127477146	127511817	-	ENSG00000188690
BCCIP	10	127512115	127542264	+	ENSG00000107949
DHX32	10	127524906	127585005	-	ENSG00000089876
FANK1	10	127585108	127698161	+	ENSG00000203780
ADAM12	10	127700950	128077024	-	ENSG00000148848
C10orf90	10	128113566	128359079	-	ENSG00000154493
DOCK1	10	128593978	129250781	+	ENSG00000150760
FAM196A	10	128933694	128994422	-	ENSG00000188916
NPS	10	129347613	129350935	+	ENSG00000214285
FOXI2	10	129535499	129539450	+	ENSG00000186766
CLRN3	10	129676105	129691211	-	ENSG00000180745
PTPRE	10	129705325	129884119	+	ENSG00000132334
MKI67	10	129894923	129924649	-	ENSG00000148773
MGMT	10	131265448	131566271	+	ENSG00000170430
AL355531.2	10	131308884	131309525	-	ENSG00000268421
EBF3	10	131633547	131762105	-	ENSG00000108001
GLRX3	10	131934663	131982785	+	ENSG00000108010
TCERG1L	10	132890654	133109984	-	ENSG00000176769
AL450307.1	10	133604734	133622535	-	ENSG00000189275
PPP2R2D	10	133747955	133773331	+	ENSG00000175470
BNIP3	10	133781578	133795435	-	ENSG00000176171
JAKMIP3	10	133918175	133998313	+	ENSG00000188385
DPYSL4	10	134000404	134019280	+	ENSG00000151640
STK32C	10	134020996	134145351	-	ENSG00000165752
LRRC27	10	134145614	134195010	+	ENSG00000148814
PWWP2B	10	134210672	134231367	+	ENSG00000171813
C10orf91	10	134257831	134262912	+	ENSG00000180066
INPP5A	10	134351324	134596979	+	ENSG00000068383
NKX6-2	10	134598297	134599556	-	ENSG00000148826
TTC40	10	134621896	134756327	-	ENSG00000171811
GPR123	10	134884433	134945179	+	ENSG00000197177
KNDC1	10	134973951	135039916	+	ENSG00000171798
UTF1	10	135043778	135045062	+	ENSG00000171794
VENTX	10	135050908	135055433	+	ENSG00000151650
ADAM8	10	135075907	135090372	-	ENSG00000151651
TUBGCP2	10	135093135	135125841	-	ENSG00000130640
ZNF511	10	135121979	135166033	+	ENSG00000198546
CALY	10	135138927	135150475	-	ENSG00000130643
PRAP1	10	135160650	135166187	+	ENSG00000165828
FUOM	10	135168658	135171529	-	ENSG00000148803
ECHS1	10	135175984	135187193	-	ENSG00000127884
PAOX	10	135192695	135205198	+	ENSG00000148832
AL360181.1	10	135192720	135193102	-	ENSG00000268882
RP11-108K14.8	10	135204338	135233999	+	ENSG00000254536
MTG1	10	135207598	135234811	+	ENSG00000148824
SPRN	10	135234170	135382916	-	ENSG00000203772
CYP2E1	10	135333910	135374724	+	ENSG00000130649
AL161645.2	10	135341026	135342661	-	ENSG00000268925
SYCE1	10	135367404	135382876	-	ENSG00000171772
FRG2B	10	135437399	135440299	-	ENSG00000225899
BET1L	11	167784	207428	-	ENSG00000177951
SCGB1C1	11	193080	194573	+	ENSG00000188076
ODF3	11	196738	200261	+	ENSG00000177947
RIC8A	11	207511	215113	+	ENSG00000177963
SIRT3	11	215458	236931	-	ENSG00000142082
PSMD13	11	236546	252983	+	ENSG00000185627
NLRP6	11	278365	285359	+	ENSG00000174885
ATHL1	11	289135	296107	+	ENSG00000142102
IFITM5	11	298200	299526	-	ENSG00000206013
IFITM2	11	307631	315272	+	ENSG00000185201
IFITM1	11	313506	315272	+	ENSG00000185885
IFITM3	11	319669	327537	-	ENSG00000142089
B4GALNT4	11	369796	382116	+	ENSG00000182272
PKP3	11	392614	404908	+	ENSG00000184363
SIGIRR	11	405716	417455	-	ENSG00000185187
ANO9	11	417933	442011	-	ENSG00000185101
PTDSS2	11	448268	491393	+	ENSG00000174915
RNH1	11	494512	507300	-	ENSG00000023191
HRAS	11	532242	537287	-	ENSG00000174775
LRRC56	11	537527	554916	+	ENSG00000161328
C11orf35	11	554855	560779	-	ENSG00000185522
RASSF7	11	560404	564021	+	ENSG00000099849
PHRF1	11	576486	612222	+	ENSG00000070047
IRF7	11	612553	615999	-	ENSG00000185507
CDHR5	11	616565	626078	-	ENSG00000099834
SCT	11	626431	627143	-	ENSG00000070031
DRD4	11	637293	640706	+	ENSG00000069696
DEAF1	11	644233	706715	-	ENSG00000177030
EPS8L2	11	694438	727727	+	ENSG00000177106
TMEM80	11	695428	705028	+	ENSG00000177042
TALDO1	11	747329	765024	+	ENSG00000177156
PDDC1	11	767220	777488	-	ENSG00000177225
AP006621.5	11	777578	784297	+	ENSG00000255284
CEND1	11	787104	790123	-	ENSG00000184524
SLC25A22	11	790475	798316	-	ENSG00000177542
PIDD	11	799179	809753	-	ENSG00000177595
RPLP2	11	809647	812880	+	ENSG00000177600
PNPLA2	11	818902	825573	+	ENSG00000177666
EFCAB4A	11	826144	831991	+	ENSG00000177685
CD151	11	832843	839831	+	ENSG00000177697
POLR2L	11	837356	842545	-	ENSG00000177700
TSPAN4	11	842808	867116	+	ENSG00000214063
CHID1	11	867357	915058	-	ENSG00000177830
AP2A2	11	924894	1012239	+	ENSG00000183020
MUC6	11	1012821	1036706	-	ENSG00000184956
MUC2	11	1074875	1104419	+	ENSG00000198788
MUC5AC	11	1151580	1222364	+	ENSG00000215182
MUC5B	11	1244296	1283406	+	ENSG00000117983
TOLLIP	11	1295601	1330884	-	ENSG00000078902
AC136297.1	11	1295809	1296033	+	ENSG00000267950
BRSK2	11	1411129	1483919	+	ENSG00000174672
MOB2	11	1490687	1522477	-	ENSG00000182208
DUSP8	11	1575274	1593150	-	ENSG00000184545
KRTAP5-1	11	1605572	1606513	-	ENSG00000205869
KRTAP5-2	11	1618409	1619524	-	ENSG00000205867
KRTAP5-3	11	1628795	1629693	-	ENSG00000196224
KRTAP5-4	11	1642188	1643368	-	ENSG00000241598
KRTAP5-5	11	1651033	1652160	+	ENSG00000185940
KRTAP5-6	11	1718425	1718985	+	ENSG00000205864
IFITM10	11	1753640	1771821	-	ENSG00000244242
RP11-295K3.1	11	1768897	1780281	-	ENSG00000250644
CTSD	11	1773982	1785222	-	ENSG00000117984
SYT8	11	1848709	1858751	+	ENSG00000149043
TNNI2	11	1860219	1862910	+	ENSG00000130598
C11orf89	11	1910375	1912084	-	ENSG00000184682
TNNT3	11	1940792	1959936	+	ENSG00000130595
MRPL23	11	1968508	2005752	+	ENSG00000214026
IGF2	11	2150342	2170833	-	ENSG00000167244
INS-IGF2	11	2153768	2182439	-	ENSG00000129965
INS	11	2181009	2182571	-	ENSG00000254647
TH	11	2185159	2193107	-	ENSG00000180176
ASCL2	11	2289725	2292182	-	ENSG00000183734
C11orf21	11	2316875	2324279	-	ENSG00000110665
TSPAN32	11	2323227	2339430	+	ENSG00000064201
CD81	11	2397407	2418649	+	ENSG00000110651
TSSC4	11	2421718	2425106	+	ENSG00000184281
TRPM5	11	2425745	2444275	-	ENSG00000070985
KCNQ1	11	2465914	2870339	+	ENSG00000053918
CDKN1C	11	2904443	2907111	-	ENSG00000129757
SLC22A18AS	11	2909010	2924970	-	ENSG00000254827
SLC22A18	11	2920951	2946476	+	ENSG00000110628
PHLDA2	11	2949503	2950685	-	ENSG00000181649
NAP1L4	11	2965667	3013607	-	ENSG00000205531
AC131971.1	11	3011093	3012563	+	ENSG00000183562
CARS	11	3022152	3078843	-	ENSG00000110619
OSBPL5	11	3108346	3187969	-	ENSG00000021762
MRGPRG	11	3239174	3240043	-	ENSG00000182170
MRGPRE	11	3248928	3253616	-	ENSG00000184350
ZNF195	11	3360491	3400448	-	ENSG00000005801
ART5	11	3659733	3663546	-	ENSG00000167311
ART1	11	3666358	3685646	+	ENSG00000129744
CHRNA10	11	3686817	3692614	-	ENSG00000129749
NUP98	11	3692313	3819022	-	ENSG00000110713
PGAP2	11	3818954	3847601	+	ENSG00000148985
RHOG	11	3848208	3862213	-	ENSG00000177105
STIM1	11	3875757	4114439	+	ENSG00000167323
RRM1	11	4115937	4160106	+	ENSG00000167325
OR52B4	11	4388493	4389616	-	ENSG00000221996
TRIM21	11	4406127	4414926	-	ENSG00000132109
OR52K2	11	4470525	4471591	+	ENSG00000181963
OR52K1	11	4510109	4511138	+	ENSG00000196778
OR52M1	11	4566421	4567374	+	ENSG00000197790
C11orf40	11	4592653	4599050	-	ENSG00000171987
OR52I2	11	4608021	4609135	+	ENSG00000226288
OR52I1	11	4615037	4616243	+	ENSG00000232268
TRIM68	11	4619902	4629489	-	ENSG00000167333
OR51D1	11	4660945	4662068	+	ENSG00000197428
OR51E1	11	4664650	4676718	+	ENSG00000180785
OR51E2	11	4701401	4719084	-	ENSG00000167332
MMP26	11	4726157	5013659	+	ENSG00000167346
OR51F1	11	4790209	4791168	-	ENSG00000188069
OR52R1	11	4824663	4825847	-	ENSG00000176937
OR51F2	11	4842551	4843686	+	ENSG00000176925
OR51S1	11	4869427	4870514	-	ENSG00000176922
OR51H1P	11	4880886	4881794	-	ENSG00000176904
OR51T1	11	4903049	4904113	+	ENSG00000176900
OR51A7	11	4928600	4929538	+	ENSG00000176895
OR51G2	11	4935900	4936922	-	ENSG00000176893
OR51G1	11	4944531	4945637	-	ENSG00000176879
OR51A4	11	4967355	4968356	-	ENSG00000205497
OR51A2	11	4976002	4976943	-	ENSG00000205496
OR51L1	11	5020213	5021160	+	ENSG00000176798
OR52J3	11	5067756	5068691	+	ENSG00000205495
OR52E2	11	5079880	5080857	-	ENSG00000176787
OR52A5	11	5152922	5153872	-	ENSG00000171944
OR52A1	11	5172239	5207612	-	ENSG00000182070
OR51V1	11	5220965	5221930	-	ENSG00000176742
HBB	11	5246694	5250625	-	ENSG00000244734
HBD	11	5253908	5256600	-	ENSG00000223609
HBG1	11	5269313	5271122	-	ENSG00000213934
HBG2	11	5274420	5667019	-	ENSG00000196565
HBE1	11	5289582	5526847	-	ENSG00000213931
OR51B4	11	5322244	5323226	-	ENSG00000183251
OR51B2	11	5344541	5345582	-	ENSG00000184881
OR51B5	11	5363744	5364809	-	ENSG00000242180
OR51B6	11	5372738	5373676	+	ENSG00000176239
OR51M1	11	5410607	5411664	+	ENSG00000184698
OR51J1	11	5423827	5424777	+	ENSG00000184321
OR51Q1	11	5443341	5444436	+	ENSG00000167360
OR51I1	11	5461800	5462744	-	ENSG00000167359
OR51I2	11	5474638	5475707	+	ENSG00000187918
OR52D1	11	5509915	5510979	+	ENSG00000181609
UBQLN3	11	5528530	5531215	-	ENSG00000175520
UBQLNL	11	5535623	5537935	-	ENSG00000175518
OR52H1	11	5565719	5566779	-	ENSG00000181616
OR52B6	11	5602107	5603114	+	ENSG00000187747
TRIM6	11	5617339	5634188	+	ENSG00000121236
TRIM6-TRIM34	11	5617955	5665628	+	ENSG00000258588
TRIM34	11	5640994	5665628	+	ENSG00000258659
TRIM5	11	5684425	5959849	-	ENSG00000132256
TRIM22	11	5710919	5758319	+	ENSG00000132274
OR56B1	11	5757681	5758768	+	ENSG00000181023
OR52N4	11	5775923	5776959	+	ENSG00000181074
OR52N5	11	5798864	5799897	-	ENSG00000181009
OR52N1	11	5809084	5810046	-	ENSG00000181001
OR52N2	11	5841544	5842578	+	ENSG00000180988
OR52E6	11	5862158	5863182	-	ENSG00000205409
OR52E8	11	5877904	5878964	-	ENSG00000183269
OR52E4	11	5905501	5906527	+	ENSG00000180974
OR56A3	11	5968570	5969591	+	ENSG00000184478
OR52L1	11	6007122	6008215	-	ENSG00000183313
OR56A4	11	6023216	6024424	-	ENSG00000183389
OR56A1	11	6047901	6048971	-	ENSG00000180934
OR56B4	11	6128914	6130065	+	ENSG00000180919
OR56B3P	11	6149840	6150706	+	ENSG00000180913
OR52B1P	11	6173006	6173818	-	ENSG00000180909
OR52B2	11	6190560	6191638	-	ENSG00000255307
OR52W1	11	6220376	6221489	+	ENSG00000175485
C11orf42	11	6226796	6232362	+	ENSG00000180878
FAM160A2	11	6232565	6255941	-	ENSG00000051009
CNGA4	11	6255995	6265659	+	ENSG00000132259
CCKBR	11	6280966	6293357	+	ENSG00000110148
PRKCDBP	11	6340176	6341877	-	ENSG00000170955
SMPD1	11	6411655	6416228	+	ENSG00000166311
APBB1	11	6416355	6440644	-	ENSG00000166313
HPX	11	6452279	6463847	-	ENSG00000110169
TRIM3	11	6469843	6495689	-	ENSG00000110171
ARFIP2	11	6496910	6502666	-	ENSG00000132254
DNHD1	11	6518490	6614988	+	ENSG00000179532
RRP8	11	6616305	6624850	-	ENSG00000132275
ILK	11	6624961	6632102	+	ENSG00000166333
TAF10	11	6627526	6633898	-	ENSG00000166337
TPP1	11	6634000	6640692	-	ENSG00000166340
DCHS1	11	6642556	6677085	-	ENSG00000166341
MRPL17	11	6702013	6704632	-	ENSG00000158042
OR2AG2	11	6789218	6790286	-	ENSG00000188124
OR2AG1	11	6806248	6807245	+	ENSG00000170803
OR6A2	11	6815756	6817128	-	ENSG00000184933
OR10A5	11	6866883	6867936	+	ENSG00000166363
OR10A2	11	6890924	6891976	+	ENSG00000170790
OR10A4	11	6897856	6898850	+	ENSG00000170782
OR2D2	11	6912721	6913830	-	ENSG00000166368
OR2D3	11	6942205	6943264	+	ENSG00000178358
ZNF215	11	6947635	7005863	+	ENSG00000149054
ZNF214	11	7020549	7041599	-	ENSG00000149050
NLRP14	11	7041677	7092539	+	ENSG00000158077
RBMXL2	11	7110165	7112379	+	ENSG00000170748
SYT9	11	7260009	7490273	+	ENSG00000170743
OLFML1	11	7506619	7532608	+	ENSG00000183801
PPFIBP2	11	7534529	7678358	+	ENSG00000166387
CYB5R2	11	7686331	7698453	-	ENSG00000166394
OR5P2	11	7817452	7818520	-	ENSG00000183303
OR5P3	11	7846584	7847519	-	ENSG00000182334
OR10A6	11	7949180	7950209	-	ENSG00000175393
OR10A3	11	7960081	7961141	-	ENSG00000170683
NLRP10	11	7980971	7986973	-	ENSG00000182261
EIF3F	11	7991798	8023409	+	ENSG00000175390
TUB	11	8040791	8127659	+	ENSG00000166402
RIC3	11	8127597	8190602	-	ENSG00000166405
LMO1	11	8245851	8290263	-	ENSG00000166407
STK33	11	8413418	8615836	-	ENSG00000130413
TRIM66	11	8633584	8693413	-	ENSG00000166436
RPL27A	11	8703958	8736306	+	ENSG00000166441
ST5	11	8714898	8932498	-	ENSG00000166444
AKIP1	11	8932686	8941631	+	ENSG00000166452
C11orf16	11	8941623	8954553	-	ENSG00000176029
ASCL3	11	8959119	8964580	-	ENSG00000176009
TMEM9B	11	8968841	8986558	-	ENSG00000175348
NRIP3	11	9002123	9025596	-	ENSG00000175352
SCUBE2	11	9041071	9159661	-	ENSG00000175356
DENND5A	11	9160372	9286937	-	ENSG00000184014
TMEM41B	11	9302201	9336327	-	ENSG00000166471
IPO7	11	9406169	9469673	+	ENSG00000205339
AC132192.1	11	9481747	9482010	-	ENSG00000268403
ZNF143	11	9481866	9550071	+	ENSG00000166478
WEE1	11	9595228	9615004	+	ENSG00000166483
SWAP70	11	9685624	9774538	+	ENSG00000133789
SBF2	11	9800214	10315754	-	ENSG00000133812
ADM	11	10326227	10328944	+	ENSG00000148926
AMPD3	11	10329860	10529126	+	ENSG00000133805
MTRNR2L8	11	10529434	10530723	-	ENSG00000255823
RNF141	11	10533225	10562777	-	ENSG00000110315
LYVE1	11	10578513	10633236	-	ENSG00000133800
MRVI1	11	10594638	10715535	-	ENSG00000072952
CTR9	11	10772534	10801290	+	ENSG00000198730
EIF4G2	11	10818597	10830657	-	ENSG00000110321
ZBED5	11	10833621	10880343	-	ENSG00000236287
GALNT18	11	11292423	11643552	-	ENSG00000110328
CSNK2A3	11	11373489	11374904	-	ENSG00000254598
AC131935.1	11	11747060	11747257	-	ENSG00000268242
USP47	11	11862970	11980870	+	ENSG00000170242
DKK3	11	11984653	12031316	-	ENSG00000050165
MICAL2	11	12115543	12285334	+	ENSG00000133816
MICALCL	11	12297627	12380691	+	ENSG00000133808
PARVA	11	12398732	12552348	+	ENSG00000197702
TEAD1	11	12695969	12966298	+	ENSG00000187079
ARNTL	11	13298199	13408813	+	ENSG00000133794
BTBD10	11	13409548	13484844	-	ENSG00000148925
PTH	11	13513602	13517728	-	ENSG00000152266
FAR1	11	13690217	13753893	+	ENSG00000197601
RRAS2	11	14299472	14386052	-	ENSG00000133818
COPB1	11	14464986	14521573	-	ENSG00000129083
PDE3B	11	14665269	14892350	+	ENSG00000152270
CYP2R1	11	14899553	14913798	-	ENSG00000186104
CALCB	11	14926543	15103888	+	ENSG00000175868
CALCA	11	14988214	14993900	-	ENSG00000110680
INSC	11	15133970	15268754	+	ENSG00000188487
SOX6	11	15987995	16761138	-	ENSG00000110693
C11orf58	11	16634679	16778428	+	ENSG00000110696
PLEKHA7	11	16799842	17035990	-	ENSG00000166689
RPS13	11	17095936	17099334	-	ENSG00000110700
PIK3C2A	11	17099277	17229530	-	ENSG00000011405
NUCB2	11	17229700	17371521	+	ENSG00000070081
NCR3LG1	11	17373273	17398888	+	ENSG00000188211
KCNJ11	11	17407406	17410878	-	ENSG00000187486
ABCC8	11	17414432	17498449	-	ENSG00000006071
USH1C	11	17515442	17565963	-	ENSG00000006611
OTOG	11	17568920	17668697	+	ENSG00000188162
MYOD1	11	17741115	17743678	+	ENSG00000129152
KCNC1	11	17756359	17804602	+	ENSG00000129159
SERGEF	11	17809595	18034709	-	ENSG00000129158
TPH1	11	18039111	18063973	-	ENSG00000129167
SAAL1	11	18091482	18127638	-	ENSG00000166788
MRGPRX3	11	18142502	18160027	+	ENSG00000179826
RP11-113D6.6	11	18161733	18211042	-	ENSG00000255470
MRGPRX4	11	18194384	18195827	+	ENSG00000179817
RP11-113D6.10	11	18230685	18236109	+	ENSG00000189332
SAA4	11	18252896	18258440	-	ENSG00000148965
SAA2	11	18260770	18270190	-	ENSG00000134339
SAA1	11	18287721	18291524	+	ENSG00000173432
HPS5	11	18300223	18343745	-	ENSG00000110756
GTF2H1	11	18343842	18388591	+	ENSG00000110768
LDHA	11	18415935	18429972	+	ENSG00000134333
LDHC	11	18433854	18473605	+	ENSG00000166796
LDHAL6A	11	18477371	18501147	+	ENSG00000166800
TSG101	11	18489883	18548779	-	ENSG00000074319
UEVLD	11	18551156	18610294	-	ENSG00000151116
SPTY2D1	11	18627948	18656338	-	ENSG00000179119
TMEM86A	11	18714669	18726332	+	ENSG00000151117
IGSF22	11	18725852	18747777	-	ENSG00000179057
PTPN5	11	18749475	18814268	-	ENSG00000110786
MRGPRX1	11	18955360	18961054	-	ENSG00000170255
MRGPRX2	11	19076002	19082228	-	ENSG00000183695
ZDHHC13	11	19138646	19197969	+	ENSG00000177054
CSRP3	11	19203578	19232120	-	ENSG00000129170
E2F8	11	19245610	19263167	-	ENSG00000129173
NAV2	11	19372271	20143144	+	ENSG00000166833
DBX1	11	20177701	20182159	-	ENSG00000109851
HTATIP2	11	20385231	20405329	+	ENSG00000109854
PRMT3	11	20409076	20530840	+	ENSG00000185238
SLC6A5	11	20620946	20680831	+	ENSG00000165970
NELL1	11	20691117	21597227	+	ENSG00000165973
ANO5	11	22214722	22304903	+	ENSG00000171714
SLC17A6	11	22359643	22401049	+	ENSG00000091664
FANCF	11	22644079	22647387	-	ENSG00000183161
AC103801.2	11	22646860	22647369	+	ENSG00000229387
GAS2	11	22647188	22834601	+	ENSG00000148935
SVIP	11	22835345	22851845	-	ENSG00000198168
CCDC179	11	22868477	22881972	-	ENSG00000255359
LUZP2	11	24518516	25104150	+	ENSG00000187398
ANO3	11	26210829	26684835	+	ENSG00000134343
MUC15	11	26580580	26593780	-	ENSG00000169550
SLC5A12	11	26688566	26744974	-	ENSG00000148942
FIBIN	11	27015628	27018630	+	ENSG00000176971
BBOX1	11	27062272	27149356	+	ENSG00000129151
CCDC34	11	27352374	27385415	-	ENSG00000109881
LGR4	11	27387508	27494322	-	ENSG00000205213
LIN7C	11	27516123	27528320	-	ENSG00000148943
BDNF	11	27676440	27743605	-	ENSG00000176697
KIF18A	11	28042167	28129855	-	ENSG00000121621
METTL15	11	28129795	28355054	+	ENSG00000169519
KCNA4	11	30031288	30038570	-	ENSG00000182255
FSHB	11	30252563	30256808	+	ENSG00000131808
ARL14EP	11	30344598	30359774	+	ENSG00000152219
MPPED2	11	30406040	30608419	-	ENSG00000066382
DCDC1	11	30851916	31391357	-	ENSG00000170959
DNAJC24	11	31391387	31453396	+	ENSG00000170946
IMMP1L	11	31453948	31531192	-	ENSG00000148950
ELP4	11	31531297	31805546	+	ENSG00000109911
PAX6	11	31806340	31839509	-	ENSG00000007372
RCN1	11	31833939	32127301	+	ENSG00000049449
WT1	11	32409321	32457176	-	ENSG00000184937
EIF3M	11	32605344	32627808	+	ENSG00000149100
CCDC73	11	32623792	32816204	-	ENSG00000186714
PRRG4	11	32851489	32879669	+	ENSG00000135378
QSER1	11	32914724	33014862	+	ENSG00000060749
DEPDC7	11	33037410	33055128	+	ENSG00000121690
TCP11L1	11	33060963	33127489	+	ENSG00000176148
CSTF3	11	33098734	33183917	-	ENSG00000176102
HIPK3	11	33278218	33378569	+	ENSG00000110422
KIAA1549L	11	33563618	33695648	+	ENSG00000110427
C11orf91	11	33719807	33722347	-	ENSG00000205177
CD59	11	33719807	33757991	-	ENSG00000085063
FBXO3	11	33762485	33796089	-	ENSG00000110429
LMO2	11	33880122	33913836	-	ENSG00000135363
AC132216.1	11	33902189	33903338	+	ENSG00000184566
CAPRIN1	11	34073230	34122703	+	ENSG00000135387
NAT10	11	34127149	34169217	+	ENSG00000135372
ABTB2	11	34172535	34379555	-	ENSG00000166016
CAT	11	34460472	34493609	+	ENSG00000121691
ELF5	11	34500340	34535352	-	ENSG00000135374
EHF	11	34642640	34682604	+	ENSG00000135373
APIP	11	34874641	34938046	-	ENSG00000149089
PDHX	11	34937376	35042138	+	ENSG00000110435
AL356215.1	11	35150091	35150215	-	ENSG00000269766
CD44	11	35160417	35253949	+	ENSG00000026508
SLC1A2	11	35272753	35441610	-	ENSG00000110436
PAMR1	11	35453370	35551848	-	ENSG00000149090
FJX1	11	35639735	35642419	+	ENSG00000179431
TRIM44	11	35684353	35829775	+	ENSG00000166326
LDLRAD3	11	35965531	36253686	+	ENSG00000179241
COMMD9	11	36295051	36310999	-	ENSG00000110442
PRR5L	11	36317838	36486754	+	ENSG00000135362
TRAF6	11	36508577	36531822	-	ENSG00000175104
RAG1	11	36532259	36614706	+	ENSG00000166349
RAG2	11	36597124	36619829	-	ENSG00000175097
C11orf74	11	36616051	36694823	+	ENSG00000166352
LRRC4C	11	40135753	41481323	-	ENSG00000148948
API5	11	43333513	43366079	+	ENSG00000166181
TTC17	11	43380482	43516483	+	ENSG00000052841
HSD17B12	11	43577986	43878167	+	ENSG00000149084
ALKBH3	11	43902361	43941816	+	ENSG00000166199
C11orf96	11	43946892	43965888	+	ENSG00000187479
ACCSL	11	44069531	44081527	+	ENSG00000205126
ACCS	11	44087475	44105772	+	ENSG00000110455
EXT2	11	44117099	44266979	+	ENSG00000151348
ALX4	11	44281994	44331716	-	ENSG00000052850
CD82	11	44585977	44641913	+	ENSG00000085117
TSPAN18	11	44748015	44953972	+	ENSG00000157570
TP53I11	11	44907454	44972840	-	ENSG00000175274
PRDM11	11	45115564	45247734	+	ENSG00000019485
SYT13	11	45261852	45307870	-	ENSG00000019505
CHST1	11	45670427	45687172	-	ENSG00000175264
CTD-2210P24.4	11	45792983	45793909	+	ENSG00000205106
SLC35C1	11	45825623	45834566	+	ENSG00000181830
CRY2	11	45868669	45904798	+	ENSG00000121671
MAPK8IP1	11	45907202	45928016	+	ENSG00000121653
C11orf94	11	45928085	45928833	-	ENSG00000234776
PEX16	11	45931220	45940363	-	ENSG00000121680
GYLTL1B	11	45943172	45950647	+	ENSG00000165905
PHF21A	11	45950871	46142985	-	ENSG00000135365
CREB3L1	11	46299212	46342972	+	ENSG00000157613
DGKZ	11	46354455	46402104	+	ENSG00000149091
MDK	11	46402306	46405375	+	ENSG00000110492
CHRM4	11	46406640	46408107	-	ENSG00000180720
AMBRA1	11	46417964	46615675	-	ENSG00000110497
HARBI1	11	46624411	46639459	-	ENSG00000180423
ATG13	11	46638826	46696368	+	ENSG00000175224
ARHGAP1	11	46698630	46722165	-	ENSG00000175220
ZNF408	11	46722368	46727462	+	ENSG00000175213
F2	11	46740730	46761056	+	ENSG00000180210
CKAP5	11	46764598	46867847	-	ENSG00000175216
LRP4	11	46878419	46940193	-	ENSG00000134569
C11orf49	11	46958240	47185936	+	ENSG00000149179
ARFGAP2	11	47185848	47198676	-	ENSG00000149182
PACSIN3	11	47199076	47207994	-	ENSG00000165912
DDB2	11	47236493	47260767	+	ENSG00000134574
ACP2	11	47260853	47270457	-	ENSG00000134575
NR1H3	11	47269851	47290396	+	ENSG00000025434
MADD	11	47290712	47351582	+	ENSG00000110514
MYBPC3	11	47352957	47374253	-	ENSG00000134571
SPI1	11	47376411	47400127	-	ENSG00000066336
SLC39A13	11	47428683	47438047	+	ENSG00000165915
PSMC3	11	47440320	47447993	-	ENSG00000165916
RAPSN	11	47459308	47470730	-	ENSG00000165917
CELF1	11	47487496	47587121	-	ENSG00000149187
NDUFS3	11	47586888	47606114	+	ENSG00000213619
PTPMT1	11	47586982	47595013	+	ENSG00000110536
FAM180B	11	47608198	47610746	+	ENSG00000196666
C1QTNF4	11	47611216	47616211	-	ENSG00000172247
MTCH2	11	47638867	47664175	-	ENSG00000109919
AGBL2	11	47681143	47736941	-	ENSG00000165923
FNBP4	11	47738072	47788995	-	ENSG00000109920
NUP160	11	47799639	47870107	-	ENSG00000030066
PTPRJ	11	48002113	48189670	+	ENSG00000149177
OR4B1	11	48238344	48239314	+	ENSG00000175619
OR4X2	11	48266608	48267622	+	ENSG00000172208
OR4X1	11	48285413	48286330	+	ENSG00000176567
OR4S1	11	48327775	48328704	+	ENSG00000176555
OR4C3	11	48346472	48347507	+	ENSG00000176547
OR4C5	11	48387037	48388017	-	ENSG00000176540
OR4A47	11	48510269	48511332	+	ENSG00000237388
TRIM49B	11	49050504	49059579	+	ENSG00000182053
TRIM64C	11	49075266	49080664	-	ENSG00000214891
FOLH1	11	49168187	49230222	-	ENSG00000086205
OR4C13	11	49973943	49974971	+	ENSG00000258817
OR4C12	11	50003009	50004071	-	ENSG00000221954
OR4A5	11	51411378	51412448	-	ENSG00000221840
OR4C46	11	51515282	51516211	+	ENSG00000185926
TRIM48	11	55029658	55038595	+	ENSG00000150244
OR4A16	11	55110627	55111707	+	ENSG00000181961
OR4A15	11	55135360	55136394	+	ENSG00000181958
OR4C15	11	55321783	55322895	+	ENSG00000181939
OR4C16	11	55339604	55340536	+	ENSG00000181935
OR4C11	11	55370830	55371874	-	ENSG00000172188
OR4P4	11	55405834	55406772	+	ENSG00000181927
OR4S2	11	55418380	55419315	+	ENSG00000174982
OR4C6	11	55432614	55433671	+	ENSG00000181903
OR5D13	11	55540914	55541858	+	ENSG00000198877
OR5D14	11	55563032	55563976	+	ENSG00000186113
OR5L1	11	55578854	55579952	+	ENSG00000186117
OR5D18	11	55587086	55588073	+	ENSG00000186119
OR5L2	11	55594695	55595630	+	ENSG00000205030
OR5D16	11	55606228	55607214	+	ENSG00000205029
TRIM51	11	55650773	55659286	+	ENSG00000124900
OR5W2	11	55681126	55682058	-	ENSG00000187612
OR5I1	11	55702932	55703876	-	ENSG00000167825
OR10AG1	11	55734975	55735990	-	ENSG00000174970
OR5F1	11	55761157	55762101	-	ENSG00000149133
OR5AS1	11	55797895	55798869	+	ENSG00000181785
OR8I2	11	55860753	55861762	+	ENSG00000172154
OR8H2	11	55872519	55873457	+	ENSG00000181767
OR8H3	11	55889849	55890787	+	ENSG00000181761
OR8J3	11	55904247	55905194	-	ENSG00000167822
OR8K5	11	55926870	55927793	-	ENSG00000181752
OR5J2	11	55944094	55945032	+	ENSG00000174957
OR5T2	11	55999490	56000737	-	ENSG00000181718
OR5T3	11	56019676	56020698	+	ENSG00000172489
OR5T1	11	56043029	56044146	+	ENSG00000181698
OR8H1	11	56057529	56058566	-	ENSG00000181693
OR8K3	11	56085783	56086721	+	ENSG00000181689
OR8K1	11	56113421	56114507	+	ENSG00000150261
OR8J1	11	56127691	56128764	+	ENSG00000172487
OR8U1	11	56143100	56144029	+	ENSG00000172199
OR5R1	11	56184734	56185708	-	ENSG00000174942
OR5M9	11	56229945	56230877	-	ENSG00000150269
OR5M3	11	56236964	56238014	-	ENSG00000174937
OR5M8	11	56257825	56258871	-	ENSG00000181371
OR5M11	11	56309746	56310757	-	ENSG00000255223
OR5M10	11	56344212	56345263	-	ENSG00000254834
OR5M1	11	56380031	56380978	-	ENSG00000255012
OR5AP2	11	56408942	56409947	-	ENSG00000172464
OR5AR1	11	56431138	56432163	+	ENSG00000172459
OR9G1	11	56467864	56468781	+	ENSG00000174914
OR9G4	11	56510303	56511287	-	ENSG00000172457
OR5AK2	11	56756347	56757342	+	ENSG00000181273
LRRC55	11	56949221	56959191	+	ENSG00000183908
APLNR	11	57001051	57004709	-	ENSG00000134817
TNKS1BP1	11	57067112	57092426	-	ENSG00000149115
SSRP1	11	57093459	57103351	-	ENSG00000149136
P2RX3	11	57105848	57138073	+	ENSG00000109991
PRG3	11	57144242	57148623	-	ENSG00000156575
PRG2	11	57154267	57158130	-	ENSG00000186652
RP11-872D17.8	11	57154838	57191532	-	ENSG00000254979
SLC43A3	11	57174427	57195053	-	ENSG00000134802
RTN4RL2	11	57228022	57245007	+	ENSG00000186907
SLC43A1	11	57252007	57283259	-	ENSG00000149150
TIMM10	11	57295936	57298276	-	ENSG00000134809
SMTNL1	11	57308979	57318108	+	ENSG00000214872
UBE2L6	11	57319129	57335757	-	ENSG00000156587
SERPING1	11	57364860	57382326	+	ENSG00000149131
YPEL4	11	57412560	57417417	-	ENSG00000166793
CLP1	11	57416465	57429340	+	ENSG00000172409
ZDHHC5	11	57435219	57468659	+	ENSG00000156599
MED19	11	57471186	57479693	-	ENSG00000156603
TMX2	11	57480072	57508445	+	ENSG00000213593
TMX2-CTNND1	11	57480077	57559058	+	ENSG00000254462
C11orf31	11	57508825	57510986	+	ENSG00000211450
RP11-691N7.6	11	57509635	57560715	+	ENSG00000254732
BTBD18	11	57510986	57519253	-	ENSG00000233436
CTNND1	11	57520715	57587018	+	ENSG00000198561
OR9Q1	11	57791353	57949088	+	ENSG00000186509
OR6Q1	11	57798402	57799403	+	ENSG00000172381
OR9I1	11	57885972	57886916	-	ENSG00000172377
OR9Q2	11	57957906	57958990	+	ENSG00000186513
OR1S2	11	57970674	57971653	-	ENSG00000197887
OR1S1	11	57982217	57983195	+	ENSG00000172774
OR10Q1	11	57995354	57996390	-	ENSG00000180475
OR10W1	11	58034264	58035732	-	ENSG00000172772
OR5B17	11	58125597	58126542	-	ENSG00000197786
OR5B3	11	58169937	58170882	-	ENSG00000172769
OR5B2	11	58189738	58190786	-	ENSG00000172365
OR5B12	11	58206593	58207646	-	ENSG00000172362
OR5B21	11	58274648	58275578	-	ENSG00000198283
LPXN	11	58294344	58345693	-	ENSG00000110031
ZFP91	11	58346584	58388515	+	ENSG00000186660
ZFP91-CNTF	11	58346645	58392112	+	ENSG00000255073
AP001350.1	11	58378589	58378759	-	ENSG00000269570
CNTF	11	58390146	58393198	+	ENSG00000242689
GLYAT	11	58407899	58499447	-	ENSG00000149124
GLYATL2	11	58601542	58671688	-	ENSG00000156689
GLYATL1	11	58672871	58811000	+	ENSG00000166840
AP001652.1	11	58672897	58676071	+	ENSG00000224130
FAM111B	11	58874658	58894883	+	ENSG00000189057
FAM111A	11	58910221	58922512	+	ENSG00000166801
DTX4	11	58938903	58976060	+	ENSG00000110042
MPEG1	11	58975983	58980424	-	ENSG00000197629
OR5AN1	11	59131885	59132921	+	ENSG00000176495
OR5A2	11	59189416	59190449	-	ENSG00000172324
OR5A1	11	59210617	59211667	+	ENSG00000172320
OR4D6	11	59224411	59225464	+	ENSG00000166884
OR4D10	11	59244846	59245869	+	ENSG00000254466
OR4D11	11	59271049	59271984	+	ENSG00000176200
OR4D9	11	59282386	59283330	+	ENSG00000172742
OSBP	11	59341871	59383617	-	ENSG00000110048
PATL1	11	59404189	59436453	-	ENSG00000166889
OR10V1	11	59480296	59481337	-	ENSG00000172289
STX3	11	59480929	59573354	+	ENSG00000166900
MRPL16	11	59573608	59578345	-	ENSG00000166902
GIF	11	59596741	59612974	-	ENSG00000134812
TCN1	11	59620273	59634048	-	ENSG00000134827
OOSP1	11	59705928	59712807	+	ENSG00000214788
OOSP2	11	59807748	59815517	+	ENSG00000149507
MS4A3	11	59824060	59838601	+	ENSG00000149516
MS4A2	11	59855734	59863444	+	ENSG00000149534
MS4A6A	11	59939081	59952139	-	ENSG00000110077
MS4A4E	11	59968726	60010561	-	ENSG00000214787
MS4A4A	11	60048014	60076445	+	ENSG00000110079
MS4A6E	11	60102304	60164069	+	ENSG00000166926
MS4A7	11	60145955	60163424	+	ENSG00000166927
MS4A14	11	60146003	60185161	+	ENSG00000166928
MS4A5	11	60197062	60222687	+	ENSG00000166930
MS4A1	11	60223225	60238233	+	ENSG00000156738
MS4A12	11	60260251	60274903	+	ENSG00000071203
MS4A13	11	60282886	60310194	+	ENSG00000204979
MS4A8	11	60467047	60483284	+	ENSG00000166959
MS4A18	11	60496789	60511685	+	ENSG00000214782
MS4A15	11	60524426	60544205	+	ENSG00000166961
MS4A10	11	60552821	60568778	+	ENSG00000172689
CCDC86	11	60609544	60618554	+	ENSG00000110104
PTGDR2	11	60618413	60623444	-	ENSG00000183134
ZP1	11	60635035	60643166	+	ENSG00000149506
PRPF19	11	60658202	60674060	-	ENSG00000110107
TMEM109	11	60681346	60690915	+	ENSG00000110108
TMEM132A	11	60691935	60704631	+	ENSG00000006118
SLC15A3	11	60704556	60720002	-	ENSG00000110446
CD6	11	60739115	60787849	+	ENSG00000013725
CD5	11	60869867	60895324	+	ENSG00000110448
VPS37C	11	60897728	60929089	-	ENSG00000167987
PGA3	11	60970779	60980570	+	ENSG00000229859
PGA4	11	60989688	61018929	+	ENSG00000229183
PGA5	11	61008514	61018920	+	ENSG00000256713
VWCE	11	61025762	61062896	-	ENSG00000167992
DDB1	11	61066923	61110068	-	ENSG00000167986
DAK	11	61100682	61120767	+	ENSG00000149476
CYB561A3	11	61116217	61129771	-	ENSG00000162144
TMEM138	11	61129473	61136981	+	ENSG00000149483
TMEM216	11	61159159	61166335	+	ENSG00000187049
CPSF7	11	61170121	61197503	-	ENSG00000149532
RP11-286N22.8	11	61196692	61253294	+	ENSG00000256591
SDHAF2	11	61197514	61215001	+	ENSG00000167985
PPP1R32	11	61248592	61258403	+	ENSG00000162148
LRRC10B	11	61276272	61278482	+	ENSG00000204950
SYT7	11	61282785	61348620	-	ENSG00000011347
DAGLA	11	61447905	61514473	+	ENSG00000134780
MYRF	11	61520114	61555990	+	ENSG00000124920
TMEM258	11	61535973	61560274	-	ENSG00000134825
FEN1	11	61560109	61564716	+	ENSG00000168496
FADS2	11	61560452	61634826	+	ENSG00000134824
FADS1	11	61567099	61596790	-	ENSG00000149485
FADS3	11	61640991	61659523	-	ENSG00000221968
RAB3IL1	11	61664773	61687741	-	ENSG00000167994
BEST1	11	61717293	61732987	+	ENSG00000167995
FTH1	11	61727190	61735132	-	ENSG00000167996
AP003733.1	11	61735453	61736755	+	ENSG00000269089
INCENP	11	61891445	61920635	+	ENSG00000149503
SCGB1D1	11	61957688	61961011	+	ENSG00000168515
SCGB2A1	11	61976140	61981408	+	ENSG00000124939
SCGB1D2	11	62009682	62012280	+	ENSG00000124935
SCGB2A2	11	62037627	62040628	+	ENSG00000110484
SCGB1D4	11	62063754	62066536	-	ENSG00000197745
ASRGL1	11	62104920	62160882	+	ENSG00000162174
SCGB1A1	11	62172575	62190667	+	ENSG00000149021
AHNAK	11	62201016	62323707	-	ENSG00000124942
EEF1G	11	62327073	62342401	-	ENSG00000254772
MIR3654	11	62327075	62359003	-	ENSG00000255508
TUT1	11	62342517	62359649	-	ENSG00000149016
MTA2	11	62360686	62369312	-	ENSG00000149480
EML3	11	62369690	62380237	-	ENSG00000149499
ROM1	11	62379194	62382592	+	ENSG00000149489
B3GAT3	11	62382768	62389647	-	ENSG00000149541
GANAB	11	62392298	62414104	-	ENSG00000089597
INTS5	11	62414320	62420774	-	ENSG00000185085
RP11-831H9.11	11	62417166	62432650	-	ENSG00000255432
C11orf48	11	62430287	62439727	-	ENSG00000162194
METTL12	11	62432781	62435968	+	ENSG00000214756
C11orf83	11	62437745	62441159	+	ENSG00000204922
UBXN1	11	62443970	62446567	-	ENSG00000162191
LRRN4CL	11	62453874	62457371	-	ENSG00000177363
BSCL2	11	62457747	62477317	-	ENSG00000168000
HNRNPUL2-BSCL2	11	62457747	62494856	-	ENSG00000234857
GNG3	11	62475130	62476673	+	ENSG00000162188
HNRNPUL2	11	62480102	62494821	-	ENSG00000214753
TTC9C	11	62495541	62507765	+	ENSG00000162222
ZBTB3	11	62515791	62521660	-	ENSG00000185670
POLR2G	11	62529016	62534182	+	ENSG00000168002
TAF6L	11	62538775	62554814	+	ENSG00000162227
TMEM223	11	62539101	62559493	-	ENSG00000168569
TMEM179B	11	62554887	62557877	+	ENSG00000185475
NXF1	11	62559595	62573774	-	ENSG00000162231
STX5	11	62574369	62599560	-	ENSG00000162236
WDR74	11	62599814	62609281	-	ENSG00000133316
SLC3A2	11	62623518	62656352	+	ENSG00000168003
CHRM1	11	62676151	62689279	-	ENSG00000168539
SLC22A6	11	62703857	62752455	-	ENSG00000197901
SLC22A8	11	62756626	62783311	-	ENSG00000149452
SLC22A24	11	62847412	62911693	-	ENSG00000197658
SLC22A10	11	62905339	63137190	+	ENSG00000184999
SLC22A25	11	62931248	62997124	-	ENSG00000196600
SLC22A9	11	63137261	63177766	+	ENSG00000149742
HRASLS5	11	63228876	63258666	-	ENSG00000168004
LGALS12	11	63273556	63284246	+	ENSG00000133317
RARRES3	11	63304281	63313934	+	ENSG00000133321
HRASLS2	11	63320242	63330855	-	ENSG00000133328
PLA2G16	11	63340667	63384355	-	ENSG00000176485
ATL3	11	63391559	63439393	-	ENSG00000184743
RTN3	11	63448918	63527363	+	ENSG00000133318
C11orf84	11	63580860	63595190	+	ENSG00000168005
MARK2	11	63606400	63678491	+	ENSG00000072518
RCOR2	11	63678693	63684316	-	ENSG00000167771
NAA40	11	63706431	63724800	+	ENSG00000110583
COX8A	11	63742079	63744015	+	ENSG00000176340
AP000721.4	11	63742092	63755818	+	ENSG00000256100
OTUB1	11	63753325	63769283	+	ENSG00000167770
MACROD1	11	63766030	63933578	-	ENSG00000133315
FLRT1	11	63870660	63886645	+	ENSG00000126500
STIP1	11	63952744	63972015	+	ENSG00000168439
FERMT3	11	63974150	63991354	+	ENSG00000149781
TRPT1	11	63991271	63993726	-	ENSG00000149743
NUDT22	11	63993413	63998158	+	ENSG00000149761
DNAJC4	11	63997750	64001758	+	ENSG00000110011
VEGFB	11	64002010	64006259	+	ENSG00000173511
FKBP2	11	64008475	64011604	+	ENSG00000173486
PPP1R14B	11	64011956	64014413	-	ENSG00000173457
PLCB3	11	64018995	64036622	+	ENSG00000149782
BAD	11	64037302	64052176	-	ENSG00000002330
GPR137	11	64037534	64056972	+	ENSG00000173264
KCNK4	11	64058774	64067503	+	ENSG00000182450
TEX40	11	64067863	64072242	+	ENSG00000219435
ESRRA	11	64073044	64084215	+	ENSG00000173153
TRMT112	11	64083932	64085556	-	ENSG00000173113
PRDX5	11	64085560	64089283	+	ENSG00000126432
CCDC88B	11	64107695	64125006	+	ENSG00000168071
RPS6KA4	11	64126620	64139687	+	ENSG00000162302
AP003774.4	11	64216546	64219126	+	ENSG00000181908
SLC22A11	11	64323098	64340347	+	ENSG00000168065
SLC22A12	11	64358113	64369820	+	ENSG00000197891
NRXN2	11	64373646	64490660	-	ENSG00000110076
RASGRP2	11	64494383	64512928	-	ENSG00000068831
PYGM	11	64513861	64527769	-	ENSG00000068976
SF1	11	64532078	64546258	-	ENSG00000168066
MAP4K2	11	64556290	64570713	-	ENSG00000168067
MEN1	11	64570982	64578766	-	ENSG00000133895
CDC42BPG	11	64590859	64612041	-	ENSG00000171219
EHD1	11	64619114	64655768	-	ENSG00000110047
ATG2A	11	64662007	64684722	-	ENSG00000110046
PPP2R5B	11	64685025	64701945	+	ENSG00000068971
GPHA2	11	64701943	64703360	-	ENSG00000149735
C11orf85	11	64704989	64739557	-	ENSG00000168070
BATF2	11	64755415	64764517	-	ENSG00000168062
ARL2	11	64781585	64789656	+	ENSG00000213465
RP11-399J13.3	11	64781654	64808042	+	ENSG00000273003
SNX15	11	64794880	64808044	+	ENSG00000110025
SAC3D1	11	64808373	64812300	+	ENSG00000168061
NAALADL1	11	64812290	64826021	-	ENSG00000168060
CDCA5	11	64833772	64851636	-	ENSG00000146670
ZFPL1	11	64851695	64855870	+	ENSG00000162300
TMEM262	11	64852451	64856847	-	ENSG00000187066
VPS51	11	64856796	64879332	+	ENSG00000149823
TM7SF2	11	64879317	64883856	+	ENSG00000149809
ZNHIT2	11	64883875	64885170	-	ENSG00000174276
FAU	11	64888100	64889945	-	ENSG00000149806
SYVN1	11	64889252	64902004	-	ENSG00000162298
MRPL49	11	64889655	64894843	+	ENSG00000149792
SPDYC	11	64937625	64940715	+	ENSG00000204710
AP003068.23	11	64945077	64949305	-	ENSG00000254614
CAPN1	11	64948037	64979477	+	ENSG00000014216
POLA2	11	65029233	65073060	+	ENSG00000014138
CDC42EP2	11	65082289	65089900	+	ENSG00000149798
DPF2	11	65101225	65120720	+	ENSG00000133884
TIGD3	11	65122238	65125084	+	ENSG00000173825
SLC25A45	11	65142663	65151172	-	ENSG00000162241
FRMD8	11	65154070	65180996	+	ENSG00000126391
AP000769.1	11	65222728	65234028	+	ENSG00000173727
SCYL1	11	65292548	65306175	+	ENSG00000142186
LTBP3	11	65306276	65326401	-	ENSG00000168056
SSSCA1	11	65337901	65341413	+	ENSG00000173465
FAM89B	11	65339820	65341669	+	ENSG00000176973
EHBP1L1	11	65343509	65360121	+	ENSG00000173442
AP001362.1	11	65358665	65359947	-	ENSG00000269018
KCNK7	11	65360326	65363467	-	ENSG00000173338
MAP3K11	11	65365226	65382853	-	ENSG00000173327
PCNXL3	11	65383244	65404910	+	ENSG00000197136
SIPA1	11	65405568	65418401	+	ENSG00000213445
RELA	11	65421067	65430565	-	ENSG00000173039
KAT5	11	65479467	65487075	+	ENSG00000172977
RNASEH2C	11	65482367	65488418	-	ENSG00000172922
AP5B1	11	65543364	65548273	-	ENSG00000254470
OVOL1	11	65554493	65564690	+	ENSG00000172818
CFL1	11	65590493	65629497	-	ENSG00000172757
SNX32	11	65601112	65624367	+	ENSG00000172803
MUS81	11	65624597	65635124	+	ENSG00000172732
EFEMP2	11	65633912	65641063	-	ENSG00000172638
CTSW	11	65647280	65651212	+	ENSG00000172543
FIBP	11	65651212	65656010	-	ENSG00000172500
CCDC85B	11	65657875	65659105	+	ENSG00000175602
FOSL1	11	65659520	65668044	-	ENSG00000175592
C11orf68	11	65684279	65686588	-	ENSG00000175573
DRAP1	11	65686728	65689032	+	ENSG00000175550
SART1	11	65729160	65747299	+	ENSG00000175467
EIF1AD	11	65764016	65769647	-	ENSG00000175376
BANF1	11	65769550	65771620	+	ENSG00000175334
CST6	11	65779312	65780976	+	ENSG00000175315
CATSPER1	11	65784223	65793988	-	ENSG00000175294
GAL3ST3	11	65809423	65816651	-	ENSG00000175229
SF3B2	11	65818200	65836779	+	ENSG00000087365
RP11-1167A19.2	11	65834748	65837090	-	ENSG00000255038
PACS1	11	65837834	66012218	+	ENSG00000175115
KLC2	11	66024765	66035331	+	ENSG00000174996
RAB1B	11	66036004	66044963	+	ENSG00000174903
CNIH2	11	66045661	66052772	+	ENSG00000174871
YIF1A	11	66052051	66056641	-	ENSG00000174851
TMEM151A	11	66059341	66064135	+	ENSG00000179292
CD248	11	66081958	66084515	-	ENSG00000174807
RIN1	11	66097713	66104311	-	ENSG00000174791
BRMS1	11	66104804	66112596	-	ENSG00000174744
B3GNT1	11	66112843	66115163	-	ENSG00000174684
RP11-867G23.8	11	66115421	66132275	+	ENSG00000255468
SLC29A2	11	66129992	66139685	-	ENSG00000174669
NPAS4	11	66188475	66194178	+	ENSG00000174576
MRPL11	11	66202546	66234209	-	ENSG00000174547
PELI3	11	66234216	66244808	+	ENSG00000174516
DPP3	11	66247484	66277130	+	ENSG00000254986
CTD-3074O7.11	11	66276550	66301084	+	ENSG00000256349
BBS1	11	66278077	66301098	+	ENSG00000174483
ZDHHC24	11	66288108	66313709	-	ENSG00000174165
CTSF	11	66330934	66336312	-	ENSG00000174080
CCDC87	11	66357640	66360554	-	ENSG00000182791
CCS	11	66360292	66373490	+	ENSG00000173992
RBM14	11	66384053	66394818	+	ENSG00000239306
RBM14-RBM4	11	66384097	66413940	+	ENSG00000248643
RBM4	11	66384097	66434153	+	ENSG00000173933
RBM4B	11	66432469	66445392	-	ENSG00000173914
SPTBN2	11	66452719	66496697	-	ENSG00000173898
C11orf80	11	66511922	66610987	+	ENSG00000173715
RCE1	11	66610306	66614017	+	ENSG00000173653
PC	11	66615704	66725847	-	ENSG00000173599
LRFN4	11	66624118	66627946	+	ENSG00000173621
C11orf86	11	66742748	66744475	+	ENSG00000173237
SYT12	11	66774249	66818334	+	ENSG00000173227
RHOD	11	66824289	66839484	+	ENSG00000173156
KDM2A	11	66886740	67025558	+	ENSG00000173120
AP001885.1	11	66963391	66964638	-	ENSG00000179038
ADRBK1	11	67033881	67054027	+	ENSG00000173020
ANKRD13D	11	67056018	67069956	+	ENSG00000172932
SSH3	11	67070919	67080078	+	ENSG00000172830
POLD4	11	67118248	67124443	-	ENSG00000175482
CLCF1	11	67131639	67141648	-	ENSG00000175505
RAD9A	11	67159176	67165881	+	ENSG00000172613
PPP1CA	11	67165654	67188654	-	ENSG00000172531
TBC1D10C	11	67171386	67177560	+	ENSG00000175463
CARNS1	11	67182439	67193078	+	ENSG00000172508
RPS6KB2	11	67195931	67202872	+	ENSG00000175634
PTPRCAP	11	67202981	67205538	-	ENSG00000213402
CORO1B	11	67205519	67211292	-	ENSG00000172725
GPR152	11	67218772	67220200	-	ENSG00000175514
CABP4	11	67219877	67226699	+	ENSG00000175544
TMEM134	11	67231824	67236743	-	ENSG00000172663
AIP	11	67250512	67258574	+	ENSG00000110711
PITPNM1	11	67259239	67273734	-	ENSG00000110697
CDK2AP2	11	67273968	67276120	-	ENSG00000167797
CABP2	11	67286383	67290899	-	ENSG00000167791
GSTP1	11	67351066	67354131	+	ENSG00000084207
C11orf72	11	67370351	67374177	-	ENSG00000184224
NDUFV1	11	67374323	67380006	+	ENSG00000167792
NUDT8	11	67395409	67397401	-	ENSG00000167799
TBX10	11	67398774	67407031	-	ENSG00000167800
ACY3	11	67410026	67418130	-	ENSG00000132744
ALDH3B2	11	67429633	67448671	-	ENSG00000132746
UNC93B1	11	67758575	67772452	-	ENSG00000110057
ALDH3B1	11	67776048	67796744	+	ENSG00000006534
NDUFS8	11	67798084	67804111	+	ENSG00000110717
TCIRG1	11	67806483	67818362	+	ENSG00000110719
CHKA	11	67820326	67888911	-	ENSG00000110721
SUV420H1	11	67922330	67981295	-	ENSG00000110066
C11orf24	11	68028803	68039469	-	ENSG00000171067
LRP5	11	68080077	68216743	+	ENSG00000162337
PPP6R3	11	68228186	68382802	+	ENSG00000110075
GAL	11	68451247	68458643	+	ENSG00000069482
MTL5	11	68474908	68519032	-	ENSG00000132749
CPT1A	11	68522088	68611878	-	ENSG00000110090
MRPL21	11	68658744	68671303	-	ENSG00000197345
IGHMBP2	11	68671310	68708070	+	ENSG00000132740
MRGPRD	11	68747490	68748455	-	ENSG00000172938
MRGPRF	11	68771863	68780877	-	ENSG00000172935
TPCN2	11	68816365	68858072	+	ENSG00000162341
MYEOV	11	69061605	69182494	+	ENSG00000172927
CCND1	11	69455855	69469242	+	ENSG00000110092
ORAOV1	11	69467844	69490184	-	ENSG00000149716
FGF19	11	69513000	69519410	-	ENSG00000162344
AP001888.1	11	69587254	69587718	-	ENSG00000268351
FGF4	11	69587797	69590171	-	ENSG00000075388
FGF3	11	69624992	69633792	-	ENSG00000186895
ANO1	11	69924408	70035634	+	ENSG00000131620
FADD	11	70049269	70053496	+	ENSG00000168040
PPFIA1	11	70116806	70230509	+	ENSG00000131626
CTTN	11	70244510	70282690	+	ENSG00000085733
SHANK2	11	70313961	70963623	-	ENSG00000162105
DHCR7	11	71139239	71163914	-	ENSG00000172893
NADSYN1	11	71164155	71235153	+	ENSG00000172890
KRTAP5-7	11	71238313	71239210	+	ENSG00000244411
KRTAP5-8	11	71249071	71250253	+	ENSG00000241233
KRTAP5-9	11	71259466	71260653	+	ENSG00000254997
KRTAP5-10	11	71276609	71279980	+	ENSG00000204572
KRTAP5-11	11	71292901	71314399	-	ENSG00000204571
AP000867.1	11	71292956	71318487	-	ENSG00000187811
FAM86C1	11	71498556	71512282	+	ENSG00000158483
DEFB108B	11	71544246	71548756	+	ENSG00000184276
RP11-849H4.2	11	71576555	71639700	-	ENSG00000254469
RNF121	11	71639747	71708643	+	ENSG00000137522
IL18BP	11	71709587	71716761	+	ENSG00000137496
NUMA1	11	71713910	71791739	-	ENSG00000137497
LRTOMT	11	71791382	71821828	+	ENSG00000184154
LAMTOR1	11	71796941	71814433	-	ENSG00000149357
ANAPC15	11	71817424	71823826	-	ENSG00000110200
FOLR3	11	71825915	71850936	+	ENSG00000110203
FOLR1	11	71900602	71907345	+	ENSG00000110195
FOLR2	11	71927645	71932994	+	ENSG00000165457
INPPL1	11	71934745	71950149	+	ENSG00000165458
PHOX2A	11	71950121	71956708	-	ENSG00000165462
CLPB	11	72003469	72145692	-	ENSG00000162129
PDE2A	11	72287185	72385635	-	ENSG00000186642
ARAP1	11	72396114	72504644	-	ENSG00000186635
STARD10	11	72465774	72504726	-	ENSG00000214530
ATG16L2	11	72525353	72554719	+	ENSG00000168010
FCHSD2	11	72547790	72853306	-	ENSG00000137478
P2RY2	11	72929343	72947397	+	ENSG00000175591
P2RY6	11	72975550	73009662	+	ENSG00000171631
ARHGEF17	11	73019334	73080136	+	ENSG00000110237
RELT	11	73087309	73108519	+	ENSG00000054967
FAM168A	11	73111532	73309234	-	ENSG00000054965
PLEKHB1	11	73357223	73373864	+	ENSG00000021300
RAB6A	11	73386683	73472182	-	ENSG00000175582
MRPL48	11	73498361	73576178	+	ENSG00000175581
COA4	11	73583712	73588033	-	ENSG00000181924
PAAF1	11	73587744	73638790	+	ENSG00000175575
DNAJB13	11	73661364	73681411	+	ENSG00000187726
UCP2	11	73685712	73694352	-	ENSG00000175567
UCP3	11	73711326	73720480	-	ENSG00000175564
C2CD3	11	73723763	73882255	-	ENSG00000168014
PPME1	11	73882144	73965748	+	ENSG00000214517
P4HA3	11	73946846	74022702	-	ENSG00000149380
PGM2L1	11	74041363	74109518	-	ENSG00000165434
KCNE3	11	74165886	74178774	-	ENSG00000175538
LIPT2	11	74202757	74204778	-	ENSG00000175536
POLD3	11	74204896	74380162	+	ENSG00000077514
CHRDL2	11	74407474	74442430	-	ENSG00000054938
RNF169	11	74459913	74553458	+	ENSG00000166439
XRRA1	11	74518784	74660245	-	ENSG00000166435
SPCS2	11	74660292	74690076	+	ENSG00000118363
NEU3	11	74699179	74729938	+	ENSG00000162139
OR2AT4	11	74799758	74800799	-	ENSG00000171561
SLCO2B1	11	74811608	74917594	+	ENSG00000137491
TPBGL	11	74951950	74954742	+	ENSG00000261594
ARRB1	11	74975226	75062873	-	ENSG00000137486
RPS3	11	75110530	75133324	+	ENSG00000149273
KLHL35	11	75133438	75141674	-	ENSG00000149243
GDPD5	11	75145685	75236948	-	ENSG00000158555
SERPINH1	11	75273101	75283828	+	ENSG00000149257
MAP6	11	75297963	75380165	-	ENSG00000171533
MOGAT2	11	75428864	75444003	+	ENSG00000166391
DGAT2	11	75470557	75512579	+	ENSG00000062282
UVRAG	11	75526212	75854239	+	ENSG00000198382
WNT11	11	75897369	75921780	-	ENSG00000085741
PRKRIR	11	76061000	76092015	-	ENSG00000137492
RP11-111M22.2	11	76092357	76125663	+	ENSG00000179240
C11orf30	11	76155967	76264069	+	ENSG00000158636
LRRC32	11	76368568	76381791	-	ENSG00000137507
TSKU	11	76493295	76509198	+	ENSG00000182704
ACER3	11	76571911	76737841	+	ENSG00000078124
B3GNT6	11	76745385	76753096	+	ENSG00000198488
CAPN5	11	76777979	76837201	+	ENSG00000149260
OMP	11	76813886	76814377	+	ENSG00000254550
MYO7A	11	76839310	76926284	+	ENSG00000137474
GDPD4	11	76927603	77012732	-	ENSG00000178795
PAK1	11	77032752	77185680	-	ENSG00000149269
DKFZP434E1119	11	77184416	77188074	+	ENSG00000268635
CLNS1A	11	77225981	77348850	-	ENSG00000074201
AQP11	11	77300436	77321400	+	ENSG00000178301
RSF1	11	77371041	77532063	-	ENSG00000048649
AAMDC	11	77532155	77629478	+	ENSG00000087884
INTS4	11	77589766	77705724	-	ENSG00000149262
KCTD14	11	77726761	77757237	-	ENSG00000151364
NDUFC2-KCTD14	11	77728017	77790911	-	ENSG00000259112
THRSP	11	77774907	77779397	+	ENSG00000151365
NDUFC2	11	77779350	77791265	-	ENSG00000151366
ALG8	11	77811982	77850706	-	ENSG00000159063
KCTD21	11	77882295	77899868	-	ENSG00000188997
USP35	11	77899858	77925757	+	ENSG00000118369
GAB2	11	77926343	78129394	-	ENSG00000033327
NARS2	11	78147007	78285919	-	ENSG00000137513
TENM4	11	78363876	79151992	-	ENSG00000149256
FAM181B	11	82443053	82444906	-	ENSG00000182103
PRCP	11	82534544	82681626	-	ENSG00000137509
C11orf82	11	82611017	82669319	+	ENSG00000165490
RAB30	11	82684175	82782965	-	ENSG00000137502
PCF11	11	82868030	82898493	+	ENSG00000165494
ANKRD42	11	82904781	82971736	+	ENSG00000137494
CCDC90B	11	82970139	82997450	-	ENSG00000137500
DLG2	11	83166055	85338966	-	ENSG00000150672
TMEM126B	11	85339629	85347580	+	ENSG00000171204
TMEM126A	11	85359011	85367591	+	ENSG00000171202
CREBZF	11	85370752	85393951	-	ENSG00000137504
CCDC89	11	85394893	85397320	-	ENSG00000179071
SYTL2	11	85405267	85522184	-	ENSG00000137501
AP000974.1	11	85563600	85565986	-	ENSG00000215504
CCDC83	11	85566144	85631064	+	ENSG00000150676
PICALM	11	85668727	85780924	-	ENSG00000073921
EED	11	85955586	85989855	+	ENSG00000074266
C11orf73	11	86013253	86056969	+	ENSG00000149196
CCDC81	11	86085778	86134151	+	ENSG00000149201
ME3	11	86152150	86383678	-	ENSG00000151376
PRSS23	11	86502101	86663952	+	ENSG00000150687
FZD4	11	86656721	86666433	-	ENSG00000174804
TMEM135	11	86748886	87034800	+	ENSG00000166575
RAB38	11	87846410	87908635	-	ENSG00000123892
CTSC	11	88026760	88070955	-	ENSG00000109861
GRM5	11	88237744	88799113	-	ENSG00000168959
TYR	11	88910620	89028927	+	ENSG00000077498
NOX4	11	89057524	89322779	-	ENSG00000086991
TRIM77	11	89443467	89451040	+	ENSG00000214414
TRIM49	11	89530823	89541743	-	ENSG00000168930
TRIM64B	11	89602450	89609185	-	ENSG00000189253
TRIM49D1	11	89644279	89654935	-	ENSG00000223417
TRIM49C	11	89764274	89806558	+	ENSG00000204449
NAALAD2	11	89864683	89926062	+	ENSG00000077616
CHORDC1	11	89934328	89956532	-	ENSG00000110172
FAT3	11	92085262	92629618	+	ENSG00000165323
MTNR1B	11	92702886	92718232	+	ENSG00000134640
SLC36A4	11	92877341	92931130	-	ENSG00000180773
CCDC67	11	93063137	93171653	+	ENSG00000165325
SMCO4	11	93211638	93276674	-	ENSG00000166002
KIAA1731	11	93394805	93463522	+	ENSG00000166004
TAF1D	11	93463114	93517557	-	ENSG00000166012
C11orf54	11	93474757	93497915	+	ENSG00000182919
MED17	11	93517393	93547861	+	ENSG00000042429
VSTM5	11	93551398	93583697	-	ENSG00000214376
HEPHL1	11	93754527	93846917	+	ENSG00000181333
PANX1	11	93862094	93915138	+	ENSG00000110218
FOLR4	11	94038759	94040887	+	ENSG00000183560
GPR83	11	94110477	94134585	-	ENSG00000123901
MRE11A	11	94152895	94227074	-	ENSG00000020922
ANKRD49	11	94226795	94232749	+	ENSG00000168876
PIWIL4	11	94277006	94354587	+	ENSG00000134627
FUT4	11	94277017	94283063	+	ENSG00000196371
AMOTL1	11	94439597	94609918	+	ENSG00000166025
CWC15	11	94695787	94706776	-	ENSG00000150316
KDM4D	11	94706845	94732682	+	ENSG00000186280
KDM4E	11	94758422	94760760	+	ENSG00000235268
ENDOD1	11	94822974	94865809	+	ENSG00000149218
SESN3	11	94898704	94965705	-	ENSG00000149212
FAM76B	11	95502106	95523573	-	ENSG00000077458
CEP57	11	95523129	95565857	+	ENSG00000166037
MTMR2	11	95566046	95658479	-	ENSG00000087053
MAML2	11	95709762	96076344	-	ENSG00000184384
CCDC82	11	96085933	96123087	-	ENSG00000149231
JRKL	11	96123153	96240738	+	ENSG00000183340
CNTN5	11	98891683	100229616	+	ENSG00000149972
ARHGAP42	11	100558384	100862668	+	ENSG00000165895
TMEM133	11	100862811	100864663	+	ENSG00000170647
PGR	11	100900355	101001255	-	ENSG00000082175
TRPC6	11	101322295	101743293	-	ENSG00000137672
ANGPTL5	11	101761405	101787253	-	ENSG00000187151
KIAA1377	11	101785746	101871789	+	ENSG00000110318
C11orf70	11	101918174	101955291	+	ENSG00000137691
YAP1	11	101981192	102104154	+	ENSG00000137693
BIRC3	11	102188215	102210134	+	ENSG00000023445
BIRC2	11	102217942	102249401	+	ENSG00000110330
TMEM123	11	102267063	102341115	-	ENSG00000152558
RP11-315O6.2	11	102337986	102369532	+	ENSG00000255482
MMP7	11	102391239	102401484	-	ENSG00000137673
MMP20	11	102447566	102496063	-	ENSG00000137674
RP11-817J15.3	11	102552041	102554644	+	ENSG00000255798
MMP27	11	102562218	102576537	-	ENSG00000137675
MMP8	11	102582526	102597781	-	ENSG00000118113
MMP10	11	102641234	102651359	-	ENSG00000166670
MMP1	11	102660651	102668891	-	ENSG00000196611
MMP3	11	102706532	102714534	-	ENSG00000149968
MMP13	11	102813724	102826463	-	ENSG00000137745
DCUN1D5	11	102932805	102962944	-	ENSG00000137692
DYNC2H1	11	102980160	103350591	+	ENSG00000187240
PDGFD	11	103777914	104035107	-	ENSG00000170962
DDI1	11	103907308	103909922	+	ENSG00000170967
CASP12	11	104756445	104769397	-	ENSG00000204403
CASP4	11	104813593	104840163	-	ENSG00000196954
CASP5	11	104864962	104893895	-	ENSG00000137757
CASP1	11	104896170	104972158	-	ENSG00000137752
CARD16	11	104912053	104972158	-	ENSG00000204397
CARD17	11	104963196	104972158	-	ENSG00000255221
CARD18	11	105008448	105010453	-	ENSG00000255501
GRIA4	11	105480721	105852819	+	ENSG00000152578
MSANTD4	11	105866350	105893130	-	ENSG00000170903
KBTBD3	11	105921825	105948492	-	ENSG00000182359
AASDHPPT	11	105946228	105969437	+	ENSG00000149313
GUCY1A2	11	106544738	106889250	-	ENSG00000152402
CWF19L2	11	107197071	107328572	-	ENSG00000152404
ALKBH8	11	107373452	107436472	-	ENSG00000137760
ELMOD1	11	107461817	107537505	+	ENSG00000110675
AP000889.3	11	107462471	107463949	+	ENSG00000268467
SLN	11	107578104	107590419	-	ENSG00000170290
AP002353.1	11	107582998	107595135	+	ENSG00000268602
AP001024.2	11	107643129	107647344	+	ENSG00000214306
AP001024.1	11	107650219	107652316	+	ENSG00000214305
SLC35F2	11	107661717	107799019	-	ENSG00000110660
RAB39A	11	107799229	107834208	+	ENSG00000179331
CUL5	11	107879459	107978503	+	ENSG00000166266
ACAT1	11	107992243	108018503	+	ENSG00000075239
NPAT	11	108027942	108093369	-	ENSG00000149308
ATM	11	108093211	108239829	+	ENSG00000149311
AP001925.1	11	108130255	108136480	-	ENSG00000269042
C11orf65	11	108179246	108338258	-	ENSG00000166323
KDELC2	11	108342832	108369159	-	ENSG00000178202
EXPH5	11	108376158	108464465	-	ENSG00000110723
DDX10	11	108535752	108811657	+	ENSG00000178105
C11orf87	11	109292846	109299840	+	ENSG00000185742
ZC3H12C	11	109964087	110042566	+	ENSG00000149289
RDX	11	110045605	110167447	-	ENSG00000137710
FDX1	11	110300607	110335605	+	ENSG00000137714
ARHGAP20	11	110447766	110583912	-	ENSG00000137727
C11orf53	11	111126707	111157126	+	ENSG00000150750
COLCA1	11	111164114	111175770	-	ENSG00000196167
COLCA2	11	111169565	111179460	+	ENSG00000214290
POU2AF1	11	111222977	111326355	-	ENSG00000110777
RP11-794P6.2	11	111322064	111328876	+	ENSG00000255093
BTG4	11	111338251	111383079	-	ENSG00000137707
C11orf88	11	111385510	111407756	+	ENSG00000183644
LAYN	11	111411005	111432264	+	ENSG00000204381
SIK2	11	111473115	111601577	+	ENSG00000170145
PPP2R1B	11	111597632	111637151	-	ENSG00000137713
FDXACB1	11	111744780	111751967	-	ENSG00000255561
C11orf1	11	111749659	111756699	+	ENSG00000137720
CRYAB	11	111779289	111794446	-	ENSG00000109846
HSPB2	11	111782966	111789574	+	ENSG00000170276
HSPB2-C11orf52	11	111783460	111797595	+	ENSG00000254445
C11orf52	11	111788756	111797596	+	ENSG00000149300
DIXDC1	11	111797868	111893308	+	ENSG00000150764
DLAT	11	111895538	111935114	+	ENSG00000150768
PIH1D2	11	111934734	111944998	-	ENSG00000150773
C11orf57	11	111944810	111955874	+	ENSG00000150776
TIMM8B	11	111955524	111957522	-	ENSG00000150779
IL18	11	112013974	112034840	-	ENSG00000150782
TEX12	11	112038095	112043282	+	ENSG00000150783
AP002884.3	11	112041253	112071394	+	ENSG00000272790
BCO2	11	112046190	112095422	+	ENSG00000197580
PTS	11	112097088	112140678	+	ENSG00000150787
PLET1	11	112118876	112131583	-	ENSG00000188771
AP002884.2	11	112130988	112132117	+	ENSG00000268472
NCAM1	11	112831997	113149158	+	ENSG00000149294
TTC12	11	113185251	113254266	+	ENSG00000149292
ANKK1	11	113258513	113271140	+	ENSG00000170209
DRD2	11	113280318	113346413	-	ENSG00000149295
TMPRSS5	11	113558272	113577095	-	ENSG00000166682
ZW10	11	113603909	113644533	-	ENSG00000086827
CLDN25	11	113650469	113651222	+	ENSG00000228607
USP28	11	113668596	113746292	-	ENSG00000048028
HTR3B	11	113775399	113817287	+	ENSG00000149305
HTR3A	11	113845603	113861035	+	ENSG00000166736
ZBTB16	11	113930315	114121398	+	ENSG00000109906
NNMT	11	114128509	114184007	+	ENSG00000166741
C11orf71	11	114262165	114271139	-	ENSG00000180425
RBM7	11	114270752	114284925	+	ENSG00000076053
RP11-212D19.4	11	114271404	114314654	+	ENSG00000255663
REXO2	11	114310108	114321001	+	ENSG00000076043
NXPE1	11	114392437	114430617	-	ENSG00000095110
NXPE4	11	114441313	114466484	-	ENSG00000137634
NXPE2	11	114549108	114579362	+	ENSG00000204361
CADM1	11	115039938	115375675	-	ENSG00000182985
BUD13	11	116618886	116643704	-	ENSG00000137656
ZNF259	11	116648436	116658766	-	ENSG00000109917
APOA5	11	116660083	116663136	-	ENSG00000110243
APOA4	11	116691419	116694022	-	ENSG00000110244
APOC3	11	116700422	116703788	+	ENSG00000110245
APOA1	11	116706467	116708666	-	ENSG00000118137
SIK3	11	116714118	116969153	-	ENSG00000160584
PAFAH1B2	11	117014983	117047610	+	ENSG00000168092
SIDT2	11	117049449	117068160	+	ENSG00000149577
TAGLN	11	117070037	117075498	+	ENSG00000149591
PCSK7	11	117075053	117103241	-	ENSG00000160613
RNF214	11	117103341	117157161	+	ENSG00000167257
BACE1	11	117156402	117186975	-	ENSG00000186318
CEP164	11	117185273	117283984	+	ENSG00000110274
DSCAML1	11	117298489	117688240	-	ENSG00000177103
FXYD2	11	117671559	117699413	-	ENSG00000137731
FXYD6-FXYD2	11	117690878	117747382	-	ENSG00000255245
FXYD6	11	117707693	117748201	-	ENSG00000137726
TMPRSS13	11	117771358	117800174	-	ENSG00000137747
IL10RA	11	117857063	117872196	+	ENSG00000110324
TMPRSS4	11	117947753	117992605	+	ENSG00000137648
SCN4B	11	118004092	118023603	-	ENSG00000177098
SCN2B	11	118032666	118047388	-	ENSG00000149575
AMICA1	11	118064455	118095809	-	ENSG00000160593
MPZL3	11	118097409	118123065	-	ENSG00000160588
MPZL2	11	118124118	118135251	-	ENSG00000149573
CD3E	11	118175260	118186890	+	ENSG00000198851
CD3D	11	118209669	118213459	-	ENSG00000167286
CD3G	11	118215059	118225876	+	ENSG00000160654
UBE4A	11	118230300	118269926	+	ENSG00000110344
RP11-770J1.5	11	118267810	118272610	-	ENSG00000254873
ATP5L	11	118271869	118302211	+	ENSG00000167283
RP11-770J1.4	11	118303836	118305921	-	ENSG00000255384
KMT2A	11	118307205	118397539	+	ENSG00000118058
TTC36	11	118398187	118401912	+	ENSG00000172425
TMEM25	11	118401756	118417995	+	ENSG00000149582
IFT46	11	118415243	118443685	-	ENSG00000118096
ARCN1	11	118443105	118473748	+	ENSG00000095139
PHLDB1	11	118477155	118528741	+	ENSG00000019144
TREH	11	118528026	118550399	-	ENSG00000118094
DDX6	11	118620034	118661858	-	ENSG00000110367
CXCR5	11	118754475	118768508	+	ENSG00000160683
BCL9L	11	118764584	118796317	-	ENSG00000186174
UPK2	11	118795873	118829269	+	ENSG00000110375
FOXR1	11	118842417	118852001	+	ENSG00000176302
CCDC84	11	118868852	118886501	+	ENSG00000186166
RPS25	11	118886422	118889401	-	ENSG00000118181
TRAPPC4	11	118889142	118896164	+	ENSG00000196655
SLC37A4	11	118894824	118901616	-	ENSG00000137700
HYOU1	11	118914900	118927913	-	ENSG00000149428
VPS11	11	118938403	118952688	+	ENSG00000160695
HMBS	11	118955576	118964259	+	ENSG00000256269
H2AFX	11	118964564	118966177	-	ENSG00000188486
DPAGT1	11	118967213	118979041	-	ENSG00000172269
C2CD2L	11	118972908	118989252	+	ENSG00000172375
HINFP	11	118992297	119006752	+	ENSG00000172273
ABCG4	11	119019722	119033360	+	ENSG00000172350
AP002956.1	11	119027590	119027930	-	ENSG00000268192
NLRX1	11	119037277	119054725	+	ENSG00000160703
PDZD3	11	119056166	119060932	+	ENSG00000172367
CCDC153	11	119060347	119067479	-	ENSG00000248712
CBL	11	119076752	119178859	+	ENSG00000110395
MCAM	11	119179241	119192231	-	ENSG00000076706
RNF26	11	119205237	119208023	+	ENSG00000173456
C1QTNF5	11	119209652	119217383	-	ENSG00000223953
USP2	11	119225925	119252436	-	ENSG00000036672
THY1	11	119288090	119295695	-	ENSG00000154096
PVRL1	11	119494120	119599794	-	ENSG00000110400
TRIM29	11	119981983	120056237	-	ENSG00000137699
AP000679.2	11	120039685	120042387	+	ENSG00000176984
OAF	11	120081475	120101041	+	ENSG00000184232
POU2F3	11	120107349	120190653	+	ENSG00000137709
TMEM136	11	120195838	120204391	+	ENSG00000181264
ARHGEF12	11	120207787	120360645	+	ENSG00000196914
AP000758.1	11	120329880	120330047	-	ENSG00000269601
GRIK4	11	120382468	120859613	+	ENSG00000149403
AP002348.1	11	120382511	120385732	+	ENSG00000204306
TBCEL	11	120894781	120961484	+	ENSG00000154114
TECTA	11	120971882	121062202	+	ENSG00000109927
SC5D	11	121163162	121179403	+	ENSG00000109929
SORL1	11	121322912	121504402	+	ENSG00000137642
BLID	11	121986062	121986923	-	ENSG00000259571
UBASH3B	11	122526383	122685181	+	ENSG00000154127
CRTAM	11	122709208	122743347	+	ENSG00000109943
C11orf63	11	122753391	122830506	+	ENSG00000109944
BSX	11	122848278	122852428	-	ENSG00000188909
HSPA8	11	122928197	122933938	-	ENSG00000109971
CLMP	11	122943035	123065989	-	ENSG00000166250
AP000783.1	11	123301058	123306427	+	ENSG00000254667
GRAMD1B	11	123396344	123498482	+	ENSG00000023171
SCN3B	11	123499895	123525952	-	ENSG00000166257
ZNF202	11	123594885	123612383	-	ENSG00000166261
OR6X1	11	123624196	123625253	-	ENSG00000221931
OR6M1	11	123676043	123677095	-	ENSG00000196099
TMEM225	11	123753633	123756349	-	ENSG00000204300
OR8D4	11	123777109	123778183	+	ENSG00000181518
OR4D5	11	123810250	123811344	+	ENSG00000171014
OR6T1	11	123813492	123814580	-	ENSG00000181499
OR10S1	11	123847368	123848488	-	ENSG00000196248
OR10G6	11	123864870	123865868	-	ENSG00000198674
OR10G4	11	123886282	123887217	+	ENSG00000254737
OR10G9	11	123893720	123894655	+	ENSG00000236981
OR10G8	11	123900297	123901341	+	ENSG00000234560
OR10G7	11	123908773	123909717	-	ENSG00000182634
VWA5A	11	123986069	124018428	+	ENSG00000110002
OR10D3	11	124055923	124056952	+	ENSG00000197309
OR8G5	11	124134723	124135763	+	ENSG00000255298
OR8D1	11	124179708	124180733	-	ENSG00000196341
OR8D2	11	124189134	124190184	-	ENSG00000197263
OR8B2	11	124252291	124253258	-	ENSG00000204293
OR8B3	11	124266278	124267264	-	ENSG00000196661
OR8B4	11	124293807	124294789	-	ENSG00000198657
OR8B8	11	124310022	124311054	-	ENSG00000197125
OR8B12	11	124412578	124413575	-	ENSG00000170953
OR8A1	11	124439893	124441037	+	ENSG00000196119
PANX3	11	124481386	124490252	+	ENSG00000154143
TBRG1	11	124492732	124505287	+	ENSG00000154144
SIAE	11	124503009	124565603	-	ENSG00000110013
SPA17	11	124543694	124567414	+	ENSG00000064199
NRGN	11	124609742	124617106	+	ENSG00000154146
VSIG2	11	124617368	124622134	-	ENSG00000019102
ESAM	11	124622026	124632186	-	ENSG00000149564
MSANTD2	11	124636394	124670569	-	ENSG00000120458
ROBO3	11	124735282	124751366	+	ENSG00000154134
ROBO4	11	124753587	124768396	-	ENSG00000154133
RP11-664I21.6	11	124761200	124762022	+	ENSG00000254943
HEPACAM	11	124789089	124806308	-	ENSG00000165478
HEPN1	11	124789146	124790573	+	ENSG00000221932
CCDC15	11	124824017	124911385	+	ENSG00000149548
SLC37A2	11	124932963	124959131	+	ENSG00000134955
TMEM218	11	124966398	124981659	-	ENSG00000150433
PKNOX2	11	125034583	125303285	+	ENSG00000165495
FEZ1	11	125315646	125366213	-	ENSG00000149557
AP000708.1	11	125365110	125369424	+	ENSG00000255537
EI24	11	125439112	125454575	+	ENSG00000149547
STT3A	11	125461607	125495110	+	ENSG00000134910
CHEK1	11	125495036	125546150	+	ENSG00000149554
ACRV1	11	125541417	125551018	-	ENSG00000134940
PATE1	11	125616188	125619762	+	ENSG00000171053
PATE2	11	125646008	125648714	-	ENSG00000196844
PATE3	11	125658006	125661495	+	ENSG00000236027
PATE4	11	125703211	125709964	+	ENSG00000237353
HYLS1	11	125753509	125770543	+	ENSG00000198331
PUS3	11	125763381	125773116	-	ENSG00000110060
DDX25	11	125773271	125793158	+	ENSG00000109832
CDON	11	125825691	125933230	-	ENSG00000064309
RPUSD4	11	126071993	126081587	-	ENSG00000165526
FAM118B	11	126081309	126132881	+	ENSG00000197798
SRPR	11	126132814	126139039	-	ENSG00000182934
FOXRED1	11	126138950	126148026	+	ENSG00000110074
TIRAP	11	126152960	126168740	+	ENSG00000150455
RP11-712L6.5	11	126164193	126174213	-	ENSG00000255062
DCPS	11	126173647	126215644	+	ENSG00000110063
ST3GAL4	11	126225535	126310239	+	ENSG00000110080
KIRREL3	11	126293254	126873355	-	ENSG00000149571
ETS1	11	128328656	128457453	-	ENSG00000134954
FLI1	11	128556430	128683162	+	ENSG00000151702
KCNJ1	11	128706210	128737268	-	ENSG00000151704
KCNJ5	11	128761251	128790930	+	ENSG00000120457
C11orf45	11	128769460	128775930	-	ENSG00000174370
TP53AIP1	11	128804626	128813040	-	ENSG00000120471
ARHGAP32	11	128834955	129149219	-	ENSG00000134909
BARX2	11	129245835	129322171	+	ENSG00000043039
TMEM45B	11	129685714	129729898	+	ENSG00000151715
NFRKB	11	129733531	129765485	-	ENSG00000170322
PRDM10	11	129769601	129872730	-	ENSG00000170325
AP003041.2	11	129936836	129944012	+	ENSG00000267981
APLP2	11	129939732	130014699	+	ENSG00000084234
ST14	11	130029457	130080271	+	ENSG00000149418
ZBTB44	11	130096572	130184581	-	ENSG00000196323
ADAMTS8	11	130274820	130298888	-	ENSG00000134917
ADAMTS15	11	130318869	130346532	+	ENSG00000166106
C11orf44	11	130542851	130587247	+	ENSG00000175728
SNX19	11	130745331	130786404	-	ENSG00000120451
NTM	11	131240373	132206716	+	ENSG00000182667
OPCML	11	132284871	133402414	-	ENSG00000183715
SPATA19	11	133710526	133715433	-	ENSG00000166118
IGSF9B	11	133778459	133826880	-	ENSG00000080854
JAM3	11	133938820	134021896	+	ENSG00000166086
NCAPD3	11	134020014	134095348	-	ENSG00000151503
VPS26B	11	134094539	134117686	+	ENSG00000151502
THYN1	11	134118173	134123264	-	ENSG00000151500
ACAD8	11	134123389	134135749	+	ENSG00000151498
GLB1L3	11	134144139	134189458	+	ENSG00000166105
GLB1L2	11	134201768	134248235	+	ENSG00000149328
B3GAT1	11	134248398	134281812	-	ENSG00000109956
AP003062.1	11	134855246	134856693	+	ENSG00000268936
AC026369.1	12	147052	147377	+	ENSG00000268640
IQSEC3	12	175931	287626	+	ENSG00000120645
SLC6A12	12	299243	323736	-	ENSG00000111181
SLC6A13	12	329789	372039	-	ENSG00000010379
KDM5A	12	389295	498620	-	ENSG00000073614
CCDC77	12	498439	551811	+	ENSG00000120647
B4GALNT3	12	569530	672675	+	ENSG00000139044
NINJ2	12	673462	772945	-	ENSG00000171840
WNK1	12	861759	1020618	+	ENSG00000060237
RAD52	12	1021243	1099219	-	ENSG00000002016
ERC1	12	1099675	1605099	+	ENSG00000082805
WNT5B	12	1639057	1756409	+	ENSG00000111186
FBXL14	12	1675159	1703331	-	ENSG00000171823
ADIPOR2	12	1797740	1897844	+	ENSG00000006831
CACNA2D4	12	1901123	2028002	-	ENSG00000151062
LRTM2	12	1929433	1945918	+	ENSG00000166159
DCP1B	12	2055220	2113701	-	ENSG00000151065
CACNA1C	12	2079952	2802108	+	ENSG00000151067
FKBP4	12	2904119	2914576	+	ENSG00000004478
ITFG2	12	2921788	2968957	+	ENSG00000111203
NRIP2	12	2934514	2944710	-	ENSG00000053702
AC005841.1	12	2958397	2966213	-	ENSG00000206044
FOXM1	12	2966847	2986206	-	ENSG00000111206
RHNO1	12	2985424	2998626	+	ENSG00000171792
TULP3	12	2986389	3050306	+	ENSG00000078246
TEAD4	12	3068496	3149839	+	ENSG00000197905
TSPAN9	12	3186521	3395730	+	ENSG00000011105
PRMT8	12	3490515	3703139	+	ENSG00000111218
EFCAB4B	12	3715799	3873985	-	ENSG00000130038
PARP11	12	3900213	3982608	-	ENSG00000111224
CCND2	12	4382938	4414516	+	ENSG00000118971
C12orf5	12	4430371	4462338	+	ENSG00000078237
FGF23	12	4477393	4488894	-	ENSG00000118972
FGF6	12	4537321	4554780	-	ENSG00000111241
C12orf4	12	4596894	4647674	-	ENSG00000047621
RAD51AP1	12	4647950	4669214	+	ENSG00000111247
DYRK4	12	4671370	4723325	+	ENSG00000010219
RP11-500M8.7	12	4714110	4771809	+	ENSG00000272921
AKAP3	12	4724674	4758213	-	ENSG00000111254
NDUFA9	12	4758261	4798454	+	ENSG00000139180
RP11-234B24.6	12	4766800	4853747	+	ENSG00000255639
GALNT8	12	4829507	4960277	+	ENSG00000130035
KCNA6	12	4918342	4960277	+	ENSG00000151079
KCNA1	12	5019071	5040527	+	ENSG00000111262
KCNA5	12	5153085	5155949	+	ENSG00000130037
NTF3	12	5541278	5630702	+	ENSG00000185652
ANO2	12	5641035	6055398	-	ENSG00000047617
VWF	12	6058040	6233936	-	ENSG00000110799
CD9	12	6308881	6347425	+	ENSG00000010278
PLEKHG6	12	6419602	6437672	+	ENSG00000008323
TNFRSF1A	12	6437923	6451280	-	ENSG00000067182
SCNN1A	12	6456009	6486896	-	ENSG00000111319
LTBR	12	6484211	6500733	+	ENSG00000111321
CD27	12	6554033	6560884	+	ENSG00000139193
TAPBPL	12	6560856	6575683	+	ENSG00000139192
VAMP1	12	6571403	6580153	-	ENSG00000139190
MRPL51	12	6601150	6603007	-	ENSG00000111639
NCAPD2	12	6602522	6641121	+	ENSG00000010292
GAPDH	12	6643093	6647537	+	ENSG00000111640
IFFO1	12	6647541	6665239	-	ENSG00000010295
NOP2	12	6666029	6677857	-	ENSG00000111641
CHD4	12	6679249	6716642	-	ENSG00000111642
LPAR5	12	6728001	6745613	-	ENSG00000184574
ACRBP	12	6747241	6756626	-	ENSG00000111644
ING4	12	6759446	6772314	-	ENSG00000111653
ZNF384	12	6775643	6798738	-	ENSG00000126746
PIANP	12	6802958	6809966	-	ENSG00000139200
COPS7A	12	6832907	6841041	+	ENSG00000111652
MLF2	12	6857170	6876641	-	ENSG00000089693
PTMS	12	6874682	6880116	+	ENSG00000159335
LAG3	12	6881678	6887621	+	ENSG00000089692
CD4	12	6896024	6929974	+	ENSG00000010610
GPR162	12	6930711	6939136	+	ENSG00000250510
GNB3	12	6949118	6956557	+	ENSG00000111664
CDCA3	12	6953957	6961230	-	ENSG00000111665
USP5	12	6961292	6975796	+	ENSG00000111667
TPI1	12	6976283	6980112	+	ENSG00000111669
SPSB2	12	6980099	6998522	-	ENSG00000111671
LRRC23	12	6982733	7023407	+	ENSG00000010626
ENO2	12	7022909	7032861	+	ENSG00000111674
ATN1	12	7033626	7051484	+	ENSG00000111676
C12orf57	12	7052141	7055166	+	ENSG00000111678
PTPN6	12	7055631	7070479	+	ENSG00000111679
EMG1	12	7072408	7105520	+	ENSG00000126749
PHB2	12	7074490	7079988	-	ENSG00000215021
LPCAT3	12	7085348	7125814	-	ENSG00000111684
C1S	12	7096351	7178336	+	ENSG00000182326
C1R	12	7187513	7245203	-	ENSG00000159403
C1RL	12	7242183	7261869	-	ENSG00000139178
RBP5	12	7276280	7281538	-	ENSG00000139194
CLSTN3	12	7282294	7311541	+	ENSG00000139182
PEX5	12	7341281	7371170	+	ENSG00000139197
ACSM4	12	7456880	7481320	+	ENSG00000215009
CD163L1	12	7499281	7632493	-	ENSG00000177675
CD163	12	7623409	7656489	-	ENSG00000177575
APOBEC1	12	7801996	7818499	-	ENSG00000111701
GDF3	12	7842378	7848372	-	ENSG00000184344
DPPA3	12	7864050	7870155	+	ENSG00000187569
CLEC4C	12	7882011	7904201	-	ENSG00000198178
NANOGNB	12	7917812	7926717	+	ENSG00000205857
NANOG	12	7940390	7948655	+	ENSG00000111704
SLC2A14	12	7965108	8043744	-	ENSG00000173262
SLC2A3	12	8071826	8088871	-	ENSG00000059804
FOXJ2	12	8185299	8208099	+	ENSG00000065970
C3AR1	12	8210898	8219067	-	ENSG00000171860
NECAP1	12	8234807	8250367	+	ENSG00000089818
CLEC4A	12	8276228	8291203	+	ENSG00000111729
ZNF705A	12	8290733	8341133	+	ENSG00000196946
FAM90A1	12	8373856	8380214	-	ENSG00000171847
CLEC6A	12	8608522	8630926	+	ENSG00000205846
CLEC4D	12	8662071	8674962	+	ENSG00000166527
CLEC4E	12	8685901	8693559	-	ENSG00000166523
AICDA	12	8754762	8765467	-	ENSG00000111732
MFAP5	12	8789942	8815484	-	ENSG00000197614
RIMKLB	12	8834196	8935691	+	ENSG00000166532
A2ML1	12	8975068	9039597	+	ENSG00000166535
PHC1	12	9066492	9094063	+	ENSG00000111752
M6PR	12	9092959	9102551	-	ENSG00000003056
KLRG1	12	9102640	9163356	+	ENSG00000139187
A2M	12	9220260	9268825	-	ENSG00000175899
PZP	12	9301436	9360966	-	ENSG00000126838
KLRB1	12	9747147	9760482	-	ENSG00000111796
CLEC2D	12	9817565	9848413	+	ENSG00000069493
CLECL1	12	9868456	9885895	-	ENSG00000184293
CD69	12	9905082	9913497	-	ENSG00000110848
KLRF1	12	9980077	9997606	+	ENSG00000150045
CLEC2B	12	10005583	10022735	-	ENSG00000110852
KLRF2	12	10034088	10048432	+	ENSG00000256797
CLEC2A	12	10051272	10084980	-	ENSG00000188393
CLEC12A	12	10103915	10148293	+	ENSG00000172322
CLEC1B	12	10138241	10166023	-	ENSG00000165682
CLEC12B	12	10163226	10171218	+	ENSG00000256660
CLEC9A	12	10183276	10218565	+	ENSG00000197992
CLEC1A	12	10222153	10264226	-	ENSG00000150048
CLEC7A	12	10269376	10282857	-	ENSG00000172243
OLR1	12	10310902	10324737	-	ENSG00000173391
TMEM52B	12	10323141	10344400	+	ENSG00000165685
GABARAPL1	12	10365057	10375727	+	ENSG00000139112
KLRD1	12	10378657	10469850	+	ENSG00000134539
KLRC4-KLRK1	12	10524952	10562745	-	ENSG00000255819
KLRK1	12	10524952	10544473	-	ENSG00000213809
KLRC4	12	10559983	10562356	-	ENSG00000183542
KLRC3	12	10564911	10573194	-	ENSG00000205810
NKG2-E	12	10564911	10588600	-	ENSG00000255641
KLRC2	12	10579453	10594899	-	ENSG00000205809
KLRC1	12	10594863	10607284	-	ENSG00000134545
EIF2S3L	12	10658201	10675734	+	ENSG00000180574
MAGOHB	12	10758612	10766222	-	ENSG00000111196
STYK1	12	10771538	10826917	-	ENSG00000060140
YBX3	12	10851683	10875911	-	ENSG00000060138
TAS2R7	12	10954131	10955226	-	ENSG00000121377
TAS2R8	12	10958650	10959892	-	ENSG00000121314
TAS2R9	12	10961693	10962767	-	ENSG00000121381
PRR4	12	10977559	11324212	-	ENSG00000111215
TAS2R10	12	10977916	10978957	-	ENSG00000121318
PRH1	12	11033610	11036854	-	ENSG00000231887
TAS2R13	12	11060525	11062161	-	ENSG00000212128
PRH2	12	11081835	11084940	+	ENSG00000134551
TAS2R14	12	11090005	11324172	-	ENSG00000212127
TAS2R50	12	11138512	11139511	-	ENSG00000212126
TAS2R20	12	11149094	11150474	-	ENSG00000255837
TAS2R19	12	11174218	11175219	-	ENSG00000212124
TAS2R31	12	11182986	11184006	-	ENSG00000256436
AC018630.1	12	11187087	11187275	+	ENSG00000268301
TAS2R46	12	11213964	11214893	-	ENSG00000226761
TAS2R43	12	11243886	11244912	-	ENSG00000255374
TAS2R30	12	11285557	11287243	-	ENSG00000256188
TAS2R42	12	11338599	11339543	-	ENSG00000186136
PRB3	12	11418857	11422739	-	ENSG00000197870
PRB4	12	11460017	11463369	-	ENSG00000230657
PRB1	12	11504757	11548500	-	ENSG00000251655
PRB2	12	11544476	11653975	-	ENSG00000121335
ETV6	12	11802788	12048336	+	ENSG00000139083
BCL2L14	12	12202778	12364018	+	ENSG00000121380
LRP6	12	12268959	12419946	-	ENSG00000070018
MANSC1	12	12482198	12503475	-	ENSG00000111261
LOH12CR2	12	12508342	12510001	-	ENSG00000205791
LOH12CR1	12	12510013	12619840	+	ENSG00000165714
DUSP16	12	12628829	12715317	-	ENSG00000111266
CREBL2	12	12764761	12798042	+	ENSG00000111269
GPR19	12	12813825	12849141	-	ENSG00000183150
CDKN1B	12	12867992	12875305	+	ENSG00000111276
APOLD1	12	12878851	12982909	+	ENSG00000178878
DDX47	12	12966250	12982915	+	ENSG00000213782
GPRC5A	12	13043716	13070871	+	ENSG00000013588
GPRC5D	12	13093709	13105081	-	ENSG00000111291
HEBP1	12	13127798	13153207	-	ENSG00000013583
KIAA1467	12	13197218	13295455	+	ENSG00000084444
GSG1	12	13236494	13256619	-	ENSG00000111305
EMP1	12	13349650	13369708	+	ENSG00000134531
C12orf36	12	13524023	13540101	-	ENSG00000180861
GRIN2B	12	13693165	14133053	-	ENSG00000273079
ATF7IP	12	14518610	14651697	+	ENSG00000171681
PLBD1	12	14656595	14721283	-	ENSG00000121316
GUCY2C	12	14765576	14849519	-	ENSG00000070019
HIST4H4	12	14920933	14924065	-	ENSG00000197837
H2AFJ	12	14927270	14930936	+	ENSG00000246705
WBP11	12	14939410	14956474	-	ENSG00000084463
C12orf60	12	14956506	15059520	+	ENSG00000182993
SMCO3	12	14957584	14967116	-	ENSG00000179256
ART4	12	14978503	14996429	-	ENSG00000111339
MGP	12	15034115	15038860	-	ENSG00000111341
ERP27	12	15066969	15092016	-	ENSG00000139055
ARHGDIB	12	15094951	15114662	-	ENSG00000111348
PDE6H	12	15125956	15134799	+	ENSG00000139053
RERG	12	15260717	15501609	-	ENSG00000134533
PTPRO	12	15475331	15750333	+	ENSG00000151490
EPS8	12	15773092	16035263	-	ENSG00000151491
STRAP	12	16035325	16056412	+	ENSG00000023734
DERA	12	16064106	16190220	+	ENSG00000023697
SLC15A5	12	16341419	16430619	-	ENSG00000188991
MGST1	12	16500076	16762193	+	ENSG00000008394
LMO3	12	16701307	16763528	-	ENSG00000048540
RERGL	12	18233803	18473041	-	ENSG00000111404
PIK3C2G	12	18400548	18801348	+	ENSG00000139144
PLCZ1	12	18836103	18890991	-	ENSG00000139151
CAPZA3	12	18891045	18892121	+	ENSG00000177938
PLEKHA5	12	19282648	19529334	+	ENSG00000052126
AEBP2	12	19556979	19873735	+	ENSG00000139154
PDE3A	12	20522179	20837315	+	ENSG00000172572
SLCO1C1	12	20848289	20906320	+	ENSG00000139155
SLCO1B3	12	20963636	21243040	+	ENSG00000111700
LST3	12	20968608	21243179	+	ENSG00000257046
SLCO1B7	12	20968673	21245679	+	ENSG00000205754
RP11-125O5.2	12	21200113	21329829	+	ENSG00000257062
SLCO1B1	12	21284136	21392180	+	ENSG00000134538
SLCO1A2	12	21417534	21572528	-	ENSG00000084453
IAPP	12	21507893	21532912	+	ENSG00000121351
PYROXD1	12	21590549	21623300	+	ENSG00000121350
RECQL	12	21621845	21654603	-	ENSG00000004700
GOLT1B	12	21654715	21671342	+	ENSG00000111711
C12orf39	12	21679241	21690311	+	ENSG00000134548
GYS2	12	21689123	21757781	-	ENSG00000111713
LDHB	12	21788276	21910791	-	ENSG00000111716
KCNJ8	12	21917889	21928515	-	ENSG00000121361
ABCC9	12	21950335	22094336	-	ENSG00000069431
CMAS	12	22199108	22218608	+	ENSG00000111726
ST8SIA1	12	22216707	22589975	-	ENSG00000111728
C2CD5	12	22601517	22697480	-	ENSG00000111731
ETNK1	12	22778009	22843599	+	ENSG00000139163
SOX5	12	23682440	24103966	-	ENSG00000134532
BCAT1	12	24964295	25102393	-	ENSG00000060982
AC026310.1	12	25055243	25057615	+	ENSG00000268865
C12orf77	12	25146358	25150453	-	ENSG00000226397
LRMP	12	25173936	25261268	+	ENSG00000118308
CASC1	12	25261354	25348096	-	ENSG00000118307
LYRM5	12	25348150	25362579	+	ENSG00000205707
KRAS	12	25357723	25403870	-	ENSG00000133703
AC087239.1	12	25381515	25390840	+	ENSG00000268076
IFLTD1	12	25562241	25801513	-	ENSG00000152936
RASSF8	12	26111962	26232825	+	ENSG00000123094
BHLHE41	12	26272959	26278060	-	ENSG00000123095
SSPN	12	26274924	26452223	+	ENSG00000123096
ITPR2	12	26490342	26986131	-	ENSG00000123104
ASUN	12	27058114	27091259	-	ENSG00000064102
FGFR1OP2	12	27091316	27119583	+	ENSG00000111790
TM7SF3	12	27126128	27167367	-	ENSG00000064115
MED21	12	27175479	27219276	+	ENSG00000152944
C12orf71	12	27233991	27235447	-	ENSG00000214700
STK38L	12	27396901	27478892	+	ENSG00000211455
ARNTL2	12	27485787	27576241	+	ENSG00000029153
SMCO2	12	27619743	27655118	+	ENSG00000165935
PPFIBP1	12	27676364	27848497	+	ENSG00000110841
REP15	12	27849428	27850566	+	ENSG00000174236
MRPS35	12	27863706	27909228	+	ENSG00000061794
MANSC4	12	27915671	27924209	-	ENSG00000205693
KLHL42	12	27932953	27955973	+	ENSG00000087448
PTHLH	12	28111017	28125638	-	ENSG00000087494
CCDC91	12	28286182	28732883	+	ENSG00000123106
FAR2	12	29302036	29493913	+	ENSG00000064763
ERGIC2	12	29490285	29534122	-	ENSG00000087502
OVCH1-AS1	12	29542227	29640421	+	ENSG00000257599
OVCH1	12	29565407	29650619	-	ENSG00000187950
TMTC1	12	29653773	29937692	-	ENSG00000133687
IPO8	12	30781922	30848920	-	ENSG00000133704
CAPRIN2	12	30862486	30907885	-	ENSG00000110888
TSPAN11	12	31079362	31149534	+	ENSG00000110900
DDX11	12	31226779	31257725	+	ENSG00000013573
FAM60A	12	31433518	31479992	-	ENSG00000139146
AC024940.1	12	31477250	31478879	+	ENSG00000177340
DENND5B	12	31535157	31744031	-	ENSG00000170456
METTL20	12	31800094	31826048	+	ENSG00000139160
AMN1	12	31824071	31882108	-	ENSG00000151743
H3F3C	12	31944123	31945175	-	ENSG00000188375
KIAA1551	12	32112304	32146039	+	ENSG00000174718
BICD1	12	32259769	32536567	+	ENSG00000151746
FGD4	12	32552463	32798984	+	ENSG00000139132
DNM1L	12	32832134	32898486	+	ENSG00000087470
YARS2	12	32880424	32908836	-	ENSG00000139131
PKP2	12	32943679	33049774	-	ENSG00000057294
SYT10	12	33527173	33592754	-	ENSG00000110975
ALG10	12	34175216	34182629	+	ENSG00000139133
ALG10B	12	38710380	38717784	+	ENSG00000175548
CPNE8	12	39040624	39301232	-	ENSG00000139117
KIF21A	12	39687030	39837192	-	ENSG00000139116
ABCD2	12	39943835	40013553	-	ENSG00000173208
C12orf40	12	40019969	40302102	+	ENSG00000180116
SLC2A13	12	40148823	40499891	-	ENSG00000151229
LRRK2	12	40590546	40763087	+	ENSG00000188906
MUC19	12	40787197	40964632	+	ENSG00000205592
CNTN1	12	41086244	41466220	+	ENSG00000018236
PDZRN4	12	41582250	41968392	+	ENSG00000165966
GXYLT1	12	42475647	42538681	-	ENSG00000151233
YAF2	12	42550906	42632151	-	ENSG00000015153
AC020629.1	12	42624050	42628075	+	ENSG00000269367
PPHLN1	12	42632249	42853517	+	ENSG00000134283
ZCRB1	12	42705880	42719920	-	ENSG00000139168
PRICKLE1	12	42852140	42984157	-	ENSG00000139174
ADAMTS20	12	43747669	43945724	-	ENSG00000173157
PUS7L	12	44122410	44152620	-	ENSG00000129317
IRAK4	12	44152747	44183346	+	ENSG00000198001
TWF1	12	44187526	44200178	-	ENSG00000151239
TMEM117	12	44229770	44783545	+	ENSG00000139173
NELL2	12	44902058	45315631	-	ENSG00000184613
DBX2	12	45408455	45444882	-	ENSG00000185610
ANO6	12	45609770	45834187	+	ENSG00000177119
ARID2	12	46123448	46301823	+	ENSG00000189079
SCAF11	12	46312914	46385903	-	ENSG00000139218
SLC38A1	12	46576846	46663800	-	ENSG00000111371
SLC38A2	12	46751972	46766650	-	ENSG00000134294
SLC38A4	12	47158546	47226191	-	ENSG00000139209
AMIGO2	12	47469490	47473734	-	ENSG00000139211
PCED1B	12	47473386	47630443	+	ENSG00000179715
RPAP3	12	48057070	48099844	-	ENSG00000005175
ENDOU	12	48103517	48119350	-	ENSG00000111405
RAPGEF3	12	48128455	48164823	-	ENSG00000079337
SLC48A1	12	48147699	48176536	+	ENSG00000211584
HDAC7	12	48176505	48226915	-	ENSG00000061273
AC004466.1	12	48178706	48179787	+	ENSG00000268069
VDR	12	48235320	48336831	-	ENSG00000111424
TMEM106C	12	48357352	48362661	+	ENSG00000134291
COL2A1	12	48366748	48398269	-	ENSG00000139219
RP1-228P16.5	12	48413554	48419165	-	ENSG00000257955
SENP1	12	48436681	48500091	-	ENSG00000079387
PFKM	12	48498922	48540187	+	ENSG00000152556
ASB8	12	48541571	48574996	-	ENSG00000177981
C12orf68	12	48577366	48579709	+	ENSG00000177875
DKFZP779L1853	12	48592170	48595814	+	ENSG00000269514
OR10AD1	12	48596081	48597170	-	ENSG00000172640
H1FNT	12	48722763	48724062	+	ENSG00000187166
ZNF641	12	48733791	48745197	-	ENSG00000167528
AC024257.1	12	48759919	48761738	+	ENSG00000269282
ANP32D	12	48866448	48866843	+	ENSG00000139223
C12orf54	12	48876286	48890295	+	ENSG00000177627
OR8S1	12	48901137	48923680	+	ENSG00000197376
LALBA	12	48961467	48963849	-	ENSG00000167531
KANSL2	12	49047184	49076021	-	ENSG00000139620
CCNT1	12	49082247	49110681	-	ENSG00000129315
LINC00935	12	49121218	49159569	+	ENSG00000257987
ADCY6	12	49159975	49182820	-	ENSG00000174233
CACNB3	12	49207577	49222724	+	ENSG00000167535
DDX23	12	49223547	49246625	-	ENSG00000174243
RND1	12	49250928	49259681	-	ENSG00000172602
RP11-302B13.5	12	49297286	49351148	-	ENSG00000272822
CCDC65	12	49297893	49325623	+	ENSG00000139537
FKBP11	12	49315301	49320257	-	ENSG00000134285
AC073610.5	12	49315767	49333446	-	ENSG00000255863
ARF3	12	49329506	49351334	-	ENSG00000134287
WNT10B	12	49359123	49365546	-	ENSG00000169884
WNT1	12	49372398	49375459	+	ENSG00000125084
DDN	12	49388932	49393092	-	ENSG00000181418
PRKAG1	12	49396057	49412980	-	ENSG00000181929
KMT2D	12	49412758	49453557	-	ENSG00000167548
RHEBL1	12	49458468	49463808	-	ENSG00000167550
DHH	12	49483204	49488602	-	ENSG00000139549
LMBR1L	12	49490919	49504683	-	ENSG00000139636
TUBA1B	12	49521565	49525180	-	ENSG00000123416
TUBA1A	12	49578579	49583107	-	ENSG00000167552
TUBA1C	12	49582519	49667114	+	ENSG00000167553
PRPH	12	49687035	49692465	+	ENSG00000135406
TROAP	12	49717019	49725514	+	ENSG00000135451
C1QL4	12	49726200	49730971	-	ENSG00000186897
DNAJC22	12	49740700	49751309	+	ENSG00000178401
SPATS2	12	49760367	49921205	+	ENSG00000123352
KCNH3	12	49932940	49952091	+	ENSG00000135519
MCRS1	12	49950327	49961936	-	ENSG00000187778
PRPF40B	12	49962001	50038449	+	ENSG00000110844
FAM186B	12	49976668	49999422	-	ENSG00000135436
FMNL3	12	50031724	50101948	-	ENSG00000161791
TMBIM6	12	50101508	50158717	+	ENSG00000139644
NCKAP5L	12	50184929	50222533	-	ENSG00000167566
BCDIN3D	12	50231573	50236912	-	ENSG00000186666
FAIM2	12	50260679	50298000	-	ENSG00000135472
AQP2	12	50344524	50352664	+	ENSG00000167580
AQP5	12	50355653	50359464	+	ENSG00000161798
AQP6	12	50360977	50370922	+	ENSG00000086159
RACGAP1	12	50370706	50426919	-	ENSG00000161800
ASIC1	12	50451331	50477394	+	ENSG00000110881
SMARCD1	12	50478755	50494495	+	ENSG00000066117
GPD1	12	50497602	50505102	+	ENSG00000167588
COX14	12	50505762	50514240	+	ENSG00000178449
CERS5	12	50523575	50561288	-	ENSG00000139624
LIMA1	12	50569571	50677329	-	ENSG00000050405
AC140061.12	12	50690489	50691718	+	ENSG00000269529
FAM186A	12	50720013	50790405	-	ENSG00000185958
LARP4	12	50786166	50873787	+	ENSG00000161813
DIP2B	12	50898768	51142450	+	ENSG00000066084
ATF1	12	51157493	51214905	+	ENSG00000123268
TMPRSS12	12	51236703	51281667	+	ENSG00000186452
METTL7A	12	51317255	51326300	+	ENSG00000185432
HIGD1C	12	51347705	51364289	+	ENSG00000214511
SLC11A2	12	51373184	51422349	-	ENSG00000110911
LETMD1	12	51441745	51454207	+	ENSG00000050426
CSRNP2	12	51454990	51477447	-	ENSG00000110925
TFCP2	12	51487446	51566926	-	ENSG00000135457
POU6F1	12	51580719	51611477	-	ENSG00000184271
AC139768.1	12	51619860	51620085	+	ENSG00000269339
DAZAP2	12	51632076	51665146	+	ENSG00000183283
SMAGP	12	51638342	51664674	-	ENSG00000170545
BIN2	12	51674822	51718452	-	ENSG00000110934
CELA1	12	51722227	51740463	-	ENSG00000139610
GALNT6	12	51745031	51786651	-	ENSG00000139629
SLC4A8	12	51785101	51902980	+	ENSG00000050438
SCN8A	12	51984050	52206648	+	ENSG00000196876
AC068987.1	12	52203789	52206636	+	ENSG00000260415
ANKRD33	12	52281744	52285448	+	ENSG00000167612
ACVRL1	12	52300692	52317145	+	ENSG00000139567
ACVR1B	12	52345451	52390862	+	ENSG00000135503
GRASP	12	52400724	52409673	+	ENSG00000161835
NR4A1	12	52416616	52453291	+	ENSG00000123358
C12orf44	12	52463030	52471278	+	ENSG00000123395
KRT80	12	52562780	52585784	-	ENSG00000167767
KRT7	12	52626304	52645970	+	ENSG00000135480
KRT86	12	52643084	52702947	+	ENSG00000170442
KRT81	12	52679697	52685318	-	ENSG00000205426
KRT83	12	52708085	52715182	-	ENSG00000170523
AC121757.1	12	52709128	52709790	+	ENSG00000267873
KRT85	12	52753790	52761265	-	ENSG00000135443
KRT84	12	52771596	52779436	-	ENSG00000161849
KRT82	12	52787715	52800139	-	ENSG00000161850
KRT75	12	52817854	52828309	-	ENSG00000170454
KRT6B	12	52840435	52845910	-	ENSG00000185479
KRT6C	12	52862300	52867569	-	ENSG00000170465
KRT6A	12	52880958	52887041	-	ENSG00000205420
KRT5	12	52908359	52914471	-	ENSG00000186081
AC055736.1	12	52922915	52922980	+	ENSG00000268716
KRT71	12	52937693	52946931	-	ENSG00000139648
KRT74	12	52959566	52967609	-	ENSG00000170484
KRT72	12	52979373	52995322	-	ENSG00000170486
KRT73	12	53001354	53012343	-	ENSG00000186049
KRT2	12	53038342	53045948	-	ENSG00000172867
KRT1	12	53068520	53074191	-	ENSG00000167768
KRT77	12	53083410	53097247	-	ENSG00000189182
KRT76	12	53161939	53171129	-	ENSG00000185069
KRT3	12	53183469	53189901	-	ENSG00000186442
KRT4	12	53200333	53208335	-	ENSG00000170477
KRT79	12	53215194	53228079	-	ENSG00000185640
KRT78	12	53231588	53242876	-	ENSG00000170423
KRT8	12	53290977	53343738	-	ENSG00000170421
KRT18	12	53342655	53346685	+	ENSG00000111057
EIF4B	12	53399942	53435993	+	ENSG00000063046
TENC1	12	53440753	53458156	+	ENSG00000111077
SPRYD3	12	53458388	53473204	-	ENSG00000167778
IGFBP6	12	53491220	53496129	+	ENSG00000167779
SOAT2	12	53497302	53518322	+	ENSG00000167780
CSAD	12	53551447	53575135	-	ENSG00000139631
ZNF740	12	53574484	53584596	+	ENSG00000139651
ITGB7	12	53585102	53601091	-	ENSG00000139626
RARG	12	53604354	53626764	-	ENSG00000172819
MFSD5	12	53645035	53648189	+	ENSG00000182544
ESPL1	12	53662083	53687427	+	ENSG00000135476
PFDN5	12	53689075	53693234	+	ENSG00000123349
C12orf10	12	53693470	53700961	+	ENSG00000139637
AAAS	12	53701240	53718648	-	ENSG00000094914
SP7	12	53720362	53739099	-	ENSG00000170374
SP1	12	53773960	53810230	+	ENSG00000185591
AMHR2	12	53817639	53825318	+	ENSG00000135409
PRR13	12	53835389	53840429	+	ENSG00000205352
PCBP2	12	53835525	53874946	+	ENSG00000197111
MAP3K12	12	53874274	53893847	-	ENSG00000139625
TARBP2	12	53894705	53900215	+	ENSG00000139546
RP11-793H13.10	12	53900472	54019763	-	ENSG00000267281
NPFF	12	53900474	53901422	-	ENSG00000139574
ATF7	12	53901640	54020199	-	ENSG00000170653
ATP5G2	12	54026510	54071192	-	ENSG00000135390
CALCOCO1	12	54104903	54121529	-	ENSG00000012822
HOXC13	12	54332535	54340328	+	ENSG00000123364
HOXC12	12	54348618	54352740	+	ENSG00000123407
HOXC11	12	54366910	54371427	+	ENSG00000123388
HOXC10	12	54378849	54384063	+	ENSG00000180818
RP11-834C11.12	12	54379629	54428672	+	ENSG00000273049
HOXC6	12	54384408	54424607	+	ENSG00000197757
HOXC9	12	54388679	54397121	+	ENSG00000180806
HOXC8	12	54402832	54407570	+	ENSG00000037965
HOXC5	12	54426637	54429142	+	ENSG00000172789
SMUG1	12	54558529	54582778	-	ENSG00000123415
CBX5	12	54624724	54673886	-	ENSG00000094916
HNRNPA1	12	54673977	54680872	+	ENSG00000135486
NFE2	12	54685895	54694905	-	ENSG00000123405
COPZ1	12	54694986	54745633	+	ENSG00000111481
GPR84	12	54756229	54758271	-	ENSG00000139572
ZNF385A	12	54762917	54785082	-	ENSG00000161642
ITGA5	12	54789045	54813244	-	ENSG00000161638
GTSF1	12	54849734	54867386	-	ENSG00000170627
NCKAP1L	12	54891495	54937726	+	ENSG00000123338
PDE1B	12	54943134	54973023	+	ENSG00000123360
PPP1R1A	12	54969171	54982443	-	ENSG00000135447
LACRT	12	55024595	55028679	-	ENSG00000135413
DCD	12	55038375	55042277	-	ENSG00000161634
MUCL1	12	55224303	55252177	+	ENSG00000172551
TESPA1	12	55341802	55378530	-	ENSG00000135426
NEUROD4	12	55413729	55423798	+	ENSG00000123307
OR9K2	12	55523465	55524586	+	ENSG00000170605
OR10A7	12	55614809	55615759	+	ENSG00000179919
OR6C74	12	55640982	55642086	+	ENSG00000197706
OR6C6	12	55688072	55689016	-	ENSG00000188324
OR6C1	12	55714346	55715408	+	ENSG00000205330
OR6C3	12	55725485	55726420	+	ENSG00000205329
OR6C75	12	55758895	55759833	+	ENSG00000187857
OR6C65	12	55794214	55795289	+	ENSG00000205328
OR6C76	12	55820038	55820976	+	ENSG00000185821
OR6C2	12	55845998	55846936	+	ENSG00000179695
OR6C70	12	55862984	55863922	-	ENSG00000184954
OR6C68	12	55886147	55887100	+	ENSG00000205327
OR6C4	12	55944983	55946028	+	ENSG00000179626
OR2AP1	12	55968199	55969128	+	ENSG00000179615
OR10P1	12	56030644	56031638	+	ENSG00000175398
METTL7B	12	56075330	56078395	+	ENSG00000170439
ITGA7	12	56078352	56109827	-	ENSG00000135424
BLOC1S1	12	56109820	56113871	+	ENSG00000135441
RP11-644F5.10	12	56109820	56118487	+	ENSG00000258311
RDH5	12	56114151	56118489	+	ENSG00000135437
CD63	12	56119107	56123491	-	ENSG00000135404
GDF11	12	56137064	56150911	+	ENSG00000135414
SARNP	12	56146247	56211540	-	ENSG00000205323
RP11-762I7.5	12	56151059	56221330	-	ENSG00000257390
ORMDL2	12	56211703	56215663	+	ENSG00000123353
DNAJC14	12	56214744	56224608	-	ENSG00000135392
MMP19	12	56229217	56236750	-	ENSG00000123342
WIBG	12	56295197	56326402	-	ENSG00000170473
DGKA	12	56321103	56347811	+	ENSG00000065357
PMEL	12	56347889	56367101	-	ENSG00000185664
CDK2	12	56360553	56366568	+	ENSG00000123374
RAB5B	12	56367697	56388490	+	ENSG00000111540
SUOX	12	56390964	56400425	+	ENSG00000139531
IKZF4	12	56401443	56432219	+	ENSG00000123411
RPS26	12	56435637	56438116	+	ENSG00000197728
ERBB3	12	56473641	56497289	+	ENSG00000065361
RP11-603J24.9	12	56495115	56503073	+	ENSG00000257411
PA2G4	12	56498103	56507691	+	ENSG00000170515
RPL41	12	56510370	56511727	+	ENSG00000229117
ZC3H10	12	56511943	56516278	+	ENSG00000135482
ESYT1	12	56512034	56538455	+	ENSG00000139641
MYL6B	12	56546040	56553431	+	ENSG00000196465
MYL6	12	56551945	56557280	+	ENSG00000092841
SMARCC2	12	56556767	56583351	-	ENSG00000139613
RNF41	12	56598285	56615717	-	ENSG00000181852
NABP2	12	56615799	56623638	+	ENSG00000139579
SLC39A5	12	56623833	56631630	+	ENSG00000139540
ANKRD52	12	56631591	56652175	-	ENSG00000139645
COQ10A	12	56660642	56664750	+	ENSG00000135469
CS	12	56665483	56694176	-	ENSG00000062485
RP11-977G19.10	12	56679700	56709843	-	ENSG00000144785
CNPY2	12	56703626	56710120	-	ENSG00000257727
PAN2	12	56710007	56727837	-	ENSG00000135473
IL23A	12	56732663	56734193	+	ENSG00000110944
STAT2	12	56735381	56753939	-	ENSG00000170581
APOF	12	56754353	56756607	-	ENSG00000175336
TIMELESS	12	56810903	56843187	-	ENSG00000111602
MIP	12	56843286	56862950	-	ENSG00000135517
SPRYD4	12	56862301	56864763	+	ENSG00000176422
GLS2	12	56864736	56882198	-	ENSG00000135423
RBMS2	12	56915713	56984745	+	ENSG00000076067
BAZ2A	12	56989380	57030600	-	ENSG00000076108
ATP5B	12	57031959	57039798	-	ENSG00000110955
PTGES3	12	57057127	57082159	-	ENSG00000110958
NACA	12	57106212	57125412	-	ENSG00000196531
PRIM1	12	57125380	57146157	-	ENSG00000198056
HSD17B6	12	57145945	57181574	+	ENSG00000025423
SDR9C7	12	57316938	57328189	-	ENSG00000170426
RDH16	12	57345219	57353158	-	ENSG00000139547
GPR182	12	57388230	57390468	+	ENSG00000166856
HBCBP	12	57390745	57391335	+	ENSG00000268162
ZBTB39	12	57392618	57400230	-	ENSG00000166860
TAC3	12	57403784	57422667	-	ENSG00000166863
MYO1A	12	57422301	57444982	-	ENSG00000166866
TMEM194A	12	57449426	57481846	-	ENSG00000166881
NAB2	12	57482677	57489259	+	ENSG00000166886
STAT6	12	57489191	57525922	-	ENSG00000166888
LRP1	12	57522276	57607134	+	ENSG00000123384
NXPH4	12	57610578	57620232	+	ENSG00000182379
SHMT2	12	57623110	57628718	+	ENSG00000182199
NDUFA4L2	12	57628686	57634498	-	ENSG00000185633
STAC3	12	57637236	57644976	-	ENSG00000185482
R3HDM2	12	57643392	57824788	-	ENSG00000179912
RP11-123K3.4	12	57643392	57690267	-	ENSG00000258830
AC126614.1	12	57810198	57810536	+	ENSG00000268367
INHBC	12	57828543	57844611	+	ENSG00000175189
INHBE	12	57846106	57853063	+	ENSG00000139269
GLI1	12	57853918	57866045	+	ENSG00000111087
ARHGAP9	12	57866038	57882597	-	ENSG00000123329
MARS	12	57869228	57911352	+	ENSG00000166986
DDIT3	12	57910371	57914300	-	ENSG00000175197
MBD6	12	57914493	57923931	+	ENSG00000166987
DCTN2	12	57923885	57941114	-	ENSG00000175203
KIF5A	12	57943781	57980415	+	ENSG00000155980
PIP4K2C	12	57984957	57997198	+	ENSG00000166908
DTX3	12	57998405	58003587	+	ENSG00000178498
ARHGEF25	12	58003963	58013162	+	ENSG00000240771
SLC26A10	12	58013310	58019934	+	ENSG00000135502
B4GALNT1	12	58017193	58027138	-	ENSG00000135454
OS9	12	58087738	58115340	+	ENSG00000135506
AGAP2	12	58118980	58135940	-	ENSG00000135439
AGAP2-AS1	12	58120054	58122139	+	ENSG00000255737
TSPAN31	12	58131796	58143994	+	ENSG00000135452
CDK4	12	58141510	58149796	-	ENSG00000135446
MARCH9	12	58148881	58154190	+	ENSG00000139266
CYP27B1	12	58156117	58162769	-	ENSG00000111012
METTL1	12	58162254	58166576	-	ENSG00000037897
METTL21B	12	58165275	58176324	+	ENSG00000123427
RP11-571M6.15	12	58166811	58180829	+	ENSG00000257921
TSFM	12	58176372	58201854	+	ENSG00000123297
AVIL	12	58191159	58212487	-	ENSG00000135407
CTDSP2	12	58213710	58240522	-	ENSG00000175215
XRCC6BP1	12	58335324	58351052	+	ENSG00000166896
RP11-362K2.2	12	58937907	59206842	+	ENSG00000258231
LRIG3	12	59265931	59314303	-	ENSG00000139263
RP11-272B17.2	12	59917059	59917965	-	ENSG00000257230
SLC16A7	12	59989848	60176395	+	ENSG00000118596
FAM19A2	12	62102040	62672931	-	ENSG00000198673
USP15	12	62654119	62811211	+	ENSG00000135655
MON2	12	62860597	62991363	+	ENSG00000061987
C12orf61	12	62995531	62997214	-	ENSG00000221949
PPM1H	12	63037762	63328817	-	ENSG00000111110
AVPR1A	12	63539014	63544722	-	ENSG00000166148
DPY19L2	12	63952693	64062719	-	ENSG00000177990
TMEM5	12	64173583	64203338	+	ENSG00000118600
SRGAP1	12	64238073	64541613	+	ENSG00000196935
C12orf66	12	64580096	64616076	-	ENSG00000174206
C12orf56	12	64660217	64784972	-	ENSG00000185306
XPOT	12	64798130	64844907	+	ENSG00000184575
TBK1	12	64845660	64895888	+	ENSG00000183735
RASSF3	12	65004293	65091347	+	ENSG00000153179
AC025262.1	12	65090189	65090329	-	ENSG00000268028
GNS	12	65107225	65153227	-	ENSG00000135677
TBC1D30	12	65174589	65274812	+	ENSG00000111490
WIF1	12	65444406	65515346	-	ENSG00000156076
LEMD3	12	65563351	65642107	+	ENSG00000174106
MSRB3	12	65672423	65882024	+	ENSG00000174099
HMGA2	12	66217911	66360075	+	ENSG00000149948
RP11-366L20.2	12	66245120	66275947	-	ENSG00000197301
AC090673.2	12	66291518	66317967	-	ENSG00000267942
LLPH	12	66516842	66524548	-	ENSG00000139233
IRAK3	12	66582659	66648402	+	ENSG00000090376
HELB	12	66696325	66737423	+	ENSG00000127311
GRIP1	12	66741211	67197966	-	ENSG00000155974
CAND1	12	67663061	67713731	+	ENSG00000111530
DYRK2	12	68042118	68059186	+	ENSG00000127334
IFNG	12	68548548	68553527	-	ENSG00000111537
IL26	12	68595131	68619601	-	ENSG00000111536
IL22	12	68642022	68647387	-	ENSG00000127318
MDM1	12	68666223	68726161	-	ENSG00000111554
RAP1B	12	69004619	69054372	+	ENSG00000127314
NUP107	12	69080514	69136785	+	ENSG00000111581
SLC35E3	12	69139886	69187508	+	ENSG00000175782
AC124890.1	12	69186125	69187743	+	ENSG00000251695
MDM2	12	69201956	69239214	+	ENSG00000135679
CPM	12	69235977	69365350	-	ENSG00000135678
CPSF6	12	69633317	69668138	+	ENSG00000111605
LYZ	12	69742121	69748014	+	ENSG00000090382
YEATS4	12	69753483	69784576	+	ENSG00000127337
FRS2	12	69864129	69973562	+	ENSG00000166225
CCT2	12	69979114	69995350	+	ENSG00000166226
LRRC10	12	70002351	70004942	-	ENSG00000198812
BEST3	12	70037140	70093256	-	ENSG00000127325
RAB3IP	12	70132461	70216984	+	ENSG00000127328
AC025263.3	12	70195449	70249143	+	ENSG00000258052
MYRFL	12	70219084	70352877	+	ENSG00000166268
CNOT2	12	70636774	70748773	+	ENSG00000111596
KCNMB4	12	70760056	70828072	+	ENSG00000135643
PTPRB	12	70910630	71031220	-	ENSG00000127329
PTPRR	12	71031853	71314623	-	ENSG00000153233
CTD-2021H9.3	12	71441182	71512027	-	ENSG00000258053
TSPAN8	12	71518865	71835678	-	ENSG00000127324
LGR5	12	71833550	71980090	+	ENSG00000139292
ZFC3H1	12	72003252	72061505	-	ENSG00000133858
THAP2	12	72056789	72074419	+	ENSG00000173451
RP11-293I14.2	12	72067984	72092748	+	ENSG00000258064
TMEM19	12	72079867	72097836	+	ENSG00000139291
RAB21	12	72148654	72184699	+	ENSG00000080371
TBC1D15	12	72233487	72320629	+	ENSG00000121749
TPH2	12	72332626	72580398	+	ENSG00000139287
TRHDE	12	72481046	73059422	+	ENSG00000072657
ATXN7L3B	12	74931551	74935223	+	ENSG00000253719
KCNC2	12	75433857	75603648	-	ENSG00000166006
CAPS2	12	75669759	75784708	-	ENSG00000180881
GLIPR1L1	12	75728419	75764340	+	ENSG00000173401
GLIPR1L2	12	75784850	75826468	+	ENSG00000180481
GLIPR1	12	75874460	75897633	+	ENSG00000139278
KRR1	12	75890684	75905416	-	ENSG00000111615
PHLDA1	12	76419227	76427712	-	ENSG00000139289
NAP1L1	12	76438670	76478813	-	ENSG00000187109
BBS10	12	76738254	76742222	-	ENSG00000179941
OSBPL8	12	76745577	76953589	-	ENSG00000091039
ZDHHC17	12	77157368	77247476	+	ENSG00000186908
CSRP2	12	77252495	77272840	-	ENSG00000175183
E2F7	12	77415027	77459360	-	ENSG00000165891
AC073528.1	12	77949297	77950568	-	ENSG00000268519
NAV3	12	78224685	78606790	+	ENSG00000067798
SYT1	12	79257773	79845788	+	ENSG00000067715
PAWR	12	79968759	80084877	-	ENSG00000177425
PPP1R12A	12	80167343	80329240	-	ENSG00000058272
AC073569.1	12	80198742	80202321	+	ENSG00000269531
OTOGL	12	80603233	80772870	+	ENSG00000165899
PTPRQ	12	80799774	81072802	+	ENSG00000139304
MYF6	12	81101277	81103253	+	ENSG00000111046
MYF5	12	81110691	81113452	+	ENSG00000111049
LIN7A	12	81186299	81331704	-	ENSG00000111052
ACSS3	12	81331594	81650533	+	ENSG00000111058
PPFIA2	12	81652045	82153332	-	ENSG00000139220
CCDC59	12	82617460	82752584	-	ENSG00000133773
METTL25	12	82752276	82873015	+	ENSG00000127720
TMTC2	12	83080659	83528649	+	ENSG00000179104
SLC6A15	12	85253492	85307394	-	ENSG00000072041
TSPAN19	12	85408094	85430055	-	ENSG00000231738
LRRIQ1	12	85430092	85657002	+	ENSG00000133640
ALX1	12	85673885	85695562	+	ENSG00000180318
RASSF9	12	86198331	86230348	-	ENSG00000198774
NTS	12	86268073	86276770	+	ENSG00000133636
MGAT4C	12	86372516	87232681	-	ENSG00000182050
C12orf50	12	88373816	88427814	-	ENSG00000165805
C12orf29	12	88427623	88443937	+	ENSG00000133641
CEP290	12	88442793	88535993	-	ENSG00000198707
TMTC3	12	88536073	88593664	+	ENSG00000139324
KITLG	12	88886570	88974628	-	ENSG00000049130
DUSP6	12	89741009	89747048	-	ENSG00000139318
POC1B	12	89813495	89919801	-	ENSG00000139323
GALNT4	12	89913185	89920039	-	ENSG00000257594
POC1B-GALNT4	12	89913185	89920039	-	ENSG00000259075
ATP2B1	12	89981828	90103077	-	ENSG00000070961
CCER1	12	91299399	91348953	-	ENSG00000197651
EPYC	12	91357456	91398803	-	ENSG00000083782
KERA	12	91444268	91451760	-	ENSG00000139330
LUM	12	91496406	91505608	-	ENSG00000139329
DCN	12	91539025	91576900	-	ENSG00000011465
C12orf79	12	92378756	92536690	-	ENSG00000257242
BTG1	12	92536286	92539673	-	ENSG00000133639
CLLU1OS	12	92813870	92821924	-	ENSG00000205057
CLLU1	12	92815307	92824778	+	ENSG00000257127
C12orf74	12	93096619	93102325	+	ENSG00000214215
PLEKHG7	12	93115281	93166231	+	ENSG00000187510
EEA1	12	93164413	93323107	-	ENSG00000102189
NUDT4	12	93771659	93797024	+	ENSG00000173598
UBE2N	12	93799449	93836038	-	ENSG00000177889
MRPL42	12	93861264	93897545	+	ENSG00000198015
SOCS2	12	93963590	93977263	+	ENSG00000120833
CRADD	12	94071151	94288616	+	ENSG00000169372
PLXNC1	12	94542499	94701451	+	ENSG00000136040
RP11-1105G2.3	12	94671534	94676620	-	ENSG00000258365
CCDC41	12	94700225	94853764	-	ENSG00000173588
TMCC3	12	94960900	95044338	-	ENSG00000057704
NDUFA12	12	95290831	95397546	-	ENSG00000184752
NR2C1	12	95414005	95467479	-	ENSG00000120798
FGD6	12	95470525	95611258	-	ENSG00000180263
VEZT	12	95611522	95696566	+	ENSG00000028203
RP11-167N24.6	12	95770984	95774672	-	ENSG00000258247
METAP2	12	95867296	95909615	+	ENSG00000111142
USP44	12	95910336	95945266	-	ENSG00000136014
NTN4	12	96051583	96184930	-	ENSG00000074527
RP11-536G4.1	12	96196875	96217085	+	ENSG00000258292
SNRPF	12	96252706	96297606	+	ENSG00000139343
CCDC38	12	96260826	96336752	-	ENSG00000165972
AMDHD1	12	96337071	96362370	+	ENSG00000139344
HAL	12	96366440	96390143	-	ENSG00000084110
LTA4H	12	96394606	96437298	-	ENSG00000111144
ELK3	12	96588160	96663613	+	ENSG00000111145
CDK17	12	96672039	96794338	-	ENSG00000059758
C12orf55	12	96883349	97269333	+	ENSG00000188596
NEDD1	12	97301001	97347129	+	ENSG00000139350
RP11-181C3.1	12	98879322	98897633	-	ENSG00000245017
TMPO	12	98909290	98944157	+	ENSG00000120802
SLC25A3	12	98987369	98995946	+	ENSG00000075415
IKBIP	12	99007183	99038891	-	ENSG00000166130
APAF1	12	99038919	99129204	+	ENSG00000120868
ANKS1B	12	99120235	100378432	-	ENSG00000185046
FAM71C	12	100041531	100043824	+	ENSG00000180219
UHRF1BP1L	12	100422233	100536626	-	ENSG00000111647
ACTR6	12	100592900	100635643	+	ENSG00000075089
DEPDC4	12	100597447	100660857	-	ENSG00000166153
SCYL2	12	100660918	100735502	+	ENSG00000136021
SLC17A8	12	100750857	100815837	+	ENSG00000179520
NR1H4	12	100867486	100958191	+	ENSG00000012504
GAS2L3	12	100967461	101022064	+	ENSG00000139354
ANO4	12	101111304	101522419	+	ENSG00000151572
SLC5A8	12	101549271	101604185	-	ENSG00000256870
UTP20	12	101673887	101780394	+	ENSG00000120800
ARL1	12	101786898	101801598	-	ENSG00000120805
SPIC	12	101869199	101880775	+	ENSG00000166211
MYBPC1	12	101962131	102079796	+	ENSG00000196091
CHPT1	12	102090725	102137918	+	ENSG00000111666
SYCP3	12	102122426	102133250	-	ENSG00000139351
GNPTAB	12	102139275	102224716	-	ENSG00000111670
DRAM1	12	102271129	102405908	+	ENSG00000136048
CCDC53	12	102406705	102455927	-	ENSG00000120860
NUP37	12	102467967	102513902	-	ENSG00000075188
PARPBP	12	102513956	102591298	+	ENSG00000185480
PMCH	12	102590237	102591623	-	ENSG00000183395
IGF1	12	102789645	102874423	-	ENSG00000017427
PAH	12	103230663	103352188	-	ENSG00000171759
ASCL1	12	103351464	103354294	+	ENSG00000139352
RP11-552I14.1	12	103545620	103562087	+	ENSG00000257860
C12orf42	12	103631369	103889749	-	ENSG00000179088
STAB2	12	103981051	104160505	+	ENSG00000136011
NT5DC3	12	104164231	104234975	-	ENSG00000111696
RP11-650K20.3	12	104235229	104238442	+	ENSG00000257327
HSP90B1	12	104323885	104347423	+	ENSG00000166598
C12orf73	12	104343980	104359486	-	ENSG00000204954
TDG	12	104359582	104382652	+	ENSG00000139372
GLT8D2	12	104382762	104457961	-	ENSG00000120820
HCFC2	12	104458235	104498639	+	ENSG00000111727
NFYB	12	104510855	104532067	-	ENSG00000120837
TXNRD1	12	104609557	104744061	+	ENSG00000198431
EID3	12	104697517	104698980	+	ENSG00000255150
CHST11	12	104849073	105155792	+	ENSG00000171310
SLC41A2	12	105196331	105352522	-	ENSG00000136052
C12orf45	12	105380088	105443515	+	ENSG00000151131
ALDH1L2	12	105413568	105478355	-	ENSG00000136010
KIAA1033	12	105501102	105562912	+	ENSG00000136051
APPL2	12	105567074	105630016	-	ENSG00000136044
C12orf75	12	105629068	105789875	+	ENSG00000235162
NUAK1	12	106457118	106533811	-	ENSG00000074590
CKAP4	12	106631655	106698057	-	ENSG00000136026
TCP11L2	12	106695707	106740793	+	ENSG00000166046
POLR3B	12	106751436	106903976	+	ENSG00000013503
RP11-144F15.1	12	106889736	107168696	-	ENSG00000257545
RFX4	12	106976685	107156581	+	ENSG00000111783
RIC8B	12	107168373	107283090	+	ENSG00000111785
C12orf23	12	107349497	107372556	+	ENSG00000151135
MTERFD3	12	107371069	107380944	-	ENSG00000120832
CRY1	12	107385142	107487607	-	ENSG00000008405
BTBD11	12	107712190	108053419	+	ENSG00000151136
PWP1	12	108079509	108106944	+	ENSG00000136045
PRDM4	12	108126643	108155049	-	ENSG00000110851
ASCL4	12	108168162	108170421	+	ENSG00000187855
WSCD2	12	108523248	108644314	+	ENSG00000075035
CMKLR1	12	108681821	108733118	-	ENSG00000174600
FICD	12	108908962	108919614	+	ENSG00000198855
SART3	12	108916357	108955176	-	ENSG00000075856
ISCU	12	108956358	108963160	+	ENSG00000136003
TMEM119	12	108983622	108992096	-	ENSG00000183160
SELPLG	12	109015686	109027735	-	ENSG00000110876
CORO1C	12	109038885	109125372	-	ENSG00000110880
SSH1	12	109176466	109251366	-	ENSG00000084112
DAO	12	109252708	109294819	+	ENSG00000110887
SVOP	12	109304658	109459045	-	ENSG00000166111
USP30	12	109460894	109525831	+	ENSG00000135093
ALKBH2	12	109525996	109531436	-	ENSG00000189046
UNG	12	109535379	109548797	+	ENSG00000076248
ACACB	12	109554400	109706031	+	ENSG00000076555
FOXN4	12	109715784	109747025	-	ENSG00000139445
MYO1H	12	109785708	109893328	+	ENSG00000174527
KCTD10	12	109886461	109915349	-	ENSG00000110906
UBE3B	12	109915207	109974507	+	ENSG00000151148
MMAB	12	109991542	110011679	-	ENSG00000139428
MVK	12	110011060	110035067	+	ENSG00000110921
FAM222A	12	110152033	110208312	+	ENSG00000139438
TRPV4	12	110220890	110271212	-	ENSG00000111199
GLTP	12	110288748	110318293	-	ENSG00000139433
TCHP	12	110338069	110421646	+	ENSG00000139437
GIT2	12	110367607	110434194	-	ENSG00000139436
ANKRD13A	12	110436991	110477568	+	ENSG00000076513
C12orf76	12	110465872	110511491	-	ENSG00000174456
IFT81	12	110562140	110656602	+	ENSG00000122970
ATP2A2	12	110718561	110788898	+	ENSG00000174437
ANAPC7	12	110810705	110841535	-	ENSG00000196510
ARPC3	12	110872630	110888227	-	ENSG00000111229
GPN3	12	110890289	110907073	-	ENSG00000111231
FAM216A	12	110906169	110928190	+	ENSG00000204856
VPS29	12	110928902	110939922	-	ENSG00000111237
RAD9B	12	110939460	110969891	+	ENSG00000151164
PPTC7	12	110969120	111021125	-	ENSG00000196850
TCTN1	12	111051832	111087235	+	ENSG00000204852
HVCN1	12	111065646	111142755	-	ENSG00000122986
PPP1CC	12	111157485	111180744	-	ENSG00000186298
CCDC63	12	111284573	111345339	+	ENSG00000173093
MYL2	12	111348623	111358526	-	ENSG00000111245
CUX2	12	111471828	111788358	+	ENSG00000111249
FAM109A	12	111798455	111806925	-	ENSG00000198324
SH2B3	12	111843752	111889427	+	ENSG00000111252
ATXN2	12	111890018	112037480	-	ENSG00000204842
BRAP	12	112079950	112123790	-	ENSG00000089234
ACAD10	12	112123857	112194903	+	ENSG00000111271
RP11-162P23.2	12	112191694	112229222	+	ENSG00000257767
ALDH2	12	112204691	112247782	+	ENSG00000111275
MAPKAPK5	12	112279782	112334343	+	ENSG00000089022
TMEM116	12	112369086	112450970	-	ENSG00000198270
ERP29	12	112451120	112461255	+	ENSG00000089248
NAA25	12	112464500	112546826	-	ENSG00000111300
TRAFD1	12	112563305	112591407	+	ENSG00000135148
HECTD4	12	112597992	112819896	-	ENSG00000173064
RPL6	12	112842994	112856642	-	ENSG00000089009
PTPN11	12	112856155	112947717	+	ENSG00000179295
RPH3A	12	113008184	113336686	+	ENSG00000089169
OAS1	12	113344582	113369990	+	ENSG00000089127
OAS3	12	113376157	113411054	+	ENSG00000111331
OAS2	12	113416200	113449528	+	ENSG00000111335
DTX1	12	113494514	113535833	+	ENSG00000135144
RASAL1	12	113536624	113574044	-	ENSG00000111344
CCDC42B	12	113587663	113597081	+	ENSG00000186710
DDX54	12	113594979	113623284	-	ENSG00000123064
RITA1	12	113623331	113630173	+	ENSG00000139405
IQCD	12	113633246	113658899	-	ENSG00000166578
TPCN1	12	113658855	113736390	+	ENSG00000186815
SLC8B1	12	113736564	113797298	-	ENSG00000089060
PLBD2	12	113796371	113827203	+	ENSG00000151176
SDS	12	113830250	113864106	-	ENSG00000135094
SDSL	12	113860042	113876081	+	ENSG00000139410
LHX5	12	113899839	113910085	-	ENSG00000089116
RBM19	12	114254543	114404176	-	ENSG00000122965
TBX5	12	114791736	114846247	-	ENSG00000089225
TBX3	12	115108059	115121969	-	ENSG00000135111
RP11-116D17.1	12	115800817	115802550	+	ENSG00000257726
MED13L	12	116395711	116715143	-	ENSG00000123066
MAP1LC3B2	12	116997186	117014425	+	ENSG00000171471
C12orf49	12	117153593	117175875	-	ENSG00000111412
RNFT2	12	117176096	117291436	+	ENSG00000135119
HRK	12	117293949	117319246	-	ENSG00000135116
FBXW8	12	117348761	117468953	+	ENSG00000174989
TESC	12	117476728	117537284	-	ENSG00000088992
FBXO21	12	117581146	117628336	-	ENSG00000135108
NOS1	12	117645947	117889975	-	ENSG00000089250
KSR2	12	117890817	118406788	-	ENSG00000171435
RFC5	12	118451393	118470935	+	ENSG00000111445
WSB2	12	118470712	118500235	-	ENSG00000176871
VSIG10	12	118501398	118573831	-	ENSG00000176834
PEBP1	12	118573663	118583389	+	ENSG00000089220
TAOK3	12	118587606	118810750	-	ENSG00000135090
SUDS3	12	118814185	118855840	+	ENSG00000111707
SRRM4	12	119419300	119600856	+	ENSG00000139767
HSPB8	12	119616447	119658936	+	ENSG00000152137
CCDC60	12	119772517	119978852	+	ENSG00000183273
TMEM233	12	120031264	120079363	+	ENSG00000224982
PRKAB1	12	120105558	120119435	+	ENSG00000111725
CIT	12	120123595	120315095	-	ENSG00000122966
RP1-127H14.3	12	120137573	120138816	+	ENSG00000255692
CCDC64	12	120427673	120532298	+	ENSG00000135127
RAB35	12	120532899	120555306	-	ENSG00000111737
GCN1L1	12	120565007	120632513	-	ENSG00000089154
RPLP0	12	120634489	120639038	-	ENSG00000089157
PXN	12	120648250	120703574	-	ENSG00000089159
SIRT4	12	120740119	120751052	+	ENSG00000089163
PLA2G1B	12	120759914	120765592	-	ENSG00000170890
MSI1	12	120779133	120806983	-	ENSG00000135097
COX6A1	12	120875893	120878545	+	ENSG00000111775
AL021546.6	12	120876001	120897809	+	ENSG00000111780
TRIAP1	12	120881764	120884215	-	ENSG00000170855
GATC	12	120884241	120899389	+	ENSG00000257218
SRSF9	12	120899471	120907596	-	ENSG00000111786
DYNLL1	12	120907653	120936296	+	ENSG00000088986
COQ5	12	120941077	120972237	-	ENSG00000110871
RNF10	12	120971283	121015397	+	ENSG00000022840
POP5	12	121016567	121019201	-	ENSG00000167272
CABP1	12	121078355	121105127	+	ENSG00000157782
MLEC	12	121124672	121139667	+	ENSG00000110917
UNC119B	12	121148238	121161443	+	ENSG00000175970
ACADS	12	121163538	121177811	+	ENSG00000122971
SPPL3	12	121200313	121342174	-	ENSG00000157837
AC079602.1	12	121407641	121410095	-	ENSG00000272214
HNF1A	12	121416346	121440315	+	ENSG00000135100
C12orf43	12	121440225	121454305	-	ENSG00000157895
OASL	12	121458095	121477045	-	ENSG00000135114
P2RX7	12	121570622	121623876	+	ENSG00000089041
P2RX4	12	121647660	121671909	+	ENSG00000135124
CAMKK2	12	121675497	121736111	-	ENSG00000110931
ANAPC5	12	121746048	121837699	-	ENSG00000089053
RNF34	12	121837844	121868389	+	ENSG00000170633
KDM2B	12	121866900	122018920	-	ENSG00000089094
ORAI1	12	122064455	122080583	+	ENSG00000182500
MORN3	12	122089024	122110537	-	ENSG00000139714
TMEM120B	12	122150658	122220907	+	ENSG00000188735
RHOF	12	122215664	122241309	-	ENSG00000139725
SETD1B	12	122242086	122270562	+	ENSG00000139718
HPD	12	122277433	122301502	-	ENSG00000158104
PSMD9	12	122326637	122356203	+	ENSG00000110801
RP11-87C12.2	12	122326715	122359376	+	ENSG00000256950
WDR66	12	122355768	122441833	+	ENSG00000158023
BCL7A	12	122457328	122499948	+	ENSG00000110987
MLXIP	12	122516628	122631894	+	ENSG00000175727
LRRC43	12	122652285	122688018	+	ENSG00000158113
IL31	12	122656577	122658746	-	ENSG00000204671
B3GNT4	12	122688090	122693499	+	ENSG00000176383
DIABLO	12	122692210	122712081	-	ENSG00000184047
RP11-512M8.5	12	122692326	122750970	-	ENSG00000256861
VPS33A	12	122714111	122751068	-	ENSG00000139719
CLIP1	12	122755979	122907179	-	ENSG00000130779
ZCCHC8	12	122957417	122985518	-	ENSG00000033030
RSRC2	12	122989190	123011547	-	ENSG00000111011
KNTC1	12	123011793	123110943	+	ENSG00000184445
HCAR1	12	123104824	123215390	-	ENSG00000196917
HCAR2	12	123185840	123187890	-	ENSG00000182782
HCAR3	12	123199303	123201439	-	ENSG00000255398
DENR	12	123237321	123255611	+	ENSG00000139726
CCDC62	12	123258874	123312075	+	ENSG00000130783
HIP1R	12	123319000	123347507	+	ENSG00000130787
VPS37B	12	123349882	123380991	-	ENSG00000139722
ABCB9	12	123405498	123466196	-	ENSG00000150967
OGFOD2	12	123459127	123464590	+	ENSG00000111325
ARL6IP4	12	123464607	123467456	+	ENSG00000182196
PITPNM2	12	123468027	123634562	-	ENSG00000090975
MPHOSPH9	12	123636867	123728561	-	ENSG00000051825
C12orf65	12	123717463	123742506	+	ENSG00000130921
CDK2AP1	12	123745528	123756881	-	ENSG00000111328
SBNO1	12	123773656	123849390	-	ENSG00000139697
SETD8	12	123868320	123893905	+	ENSG00000183955
RILPL2	12	123899936	123921264	-	ENSG00000150977
SNRNP35	12	123942188	123957701	+	ENSG00000184209
RILPL1	12	123955925	124018265	-	ENSG00000188026
TMED2	12	124069078	124083116	+	ENSG00000086598
DDX55	12	124086624	124105488	+	ENSG00000111364
EIF2B1	12	124104953	124118313	-	ENSG00000111361
GTF2H3	12	124118375	124147153	+	ENSG00000111358
TCTN2	12	124155660	124192948	+	ENSG00000168778
ATP6V0A2	12	124196865	124246302	+	ENSG00000185344
DNAH10	12	124247042	124420753	+	ENSG00000197653
CCDC92	12	124403207	124457378	-	ENSG00000119242
DNAH10OS	12	124410971	124419531	-	ENSG00000250091
ZNF664	12	124456392	124499986	+	ENSG00000179195
FAM101A	12	124457788	124800570	+	ENSG00000178882
NCOR2	12	124808961	125052135	-	ENSG00000196498
SCARB1	12	125261402	125367214	-	ENSG00000073060
UBC	12	125396150	125401914	-	ENSG00000150991
DHX37	12	125431371	125473668	-	ENSG00000150990
BRI3BP	12	125478246	125515777	+	ENSG00000184992
AACS	12	125549925	125627873	+	ENSG00000081760
TMEM132B	12	125671382	126146917	+	ENSG00000139364
TMEM132C	12	128751948	129192460	+	ENSG00000181234
SLC15A4	12	129277739	129308528	-	ENSG00000139370
GLT1D1	12	129337972	129469509	+	ENSG00000151948
TMEM132D	12	129556270	130388211	-	ENSG00000151952
FZD10	12	130647004	130650285	+	ENSG00000111432
PIWIL1	12	130822432	130857182	+	ENSG00000125207
RIMBP2	12	130880682	131200826	-	ENSG00000060709
STX2	12	131274145	131323811	-	ENSG00000111450
RAN	12	131356424	131362223	+	ENSG00000132341
GPR133	12	131438452	131626014	+	ENSG00000111452
AC078925.1	12	131514221	131514769	-	ENSG00000268091
AC092850.1	12	131780067	131782763	+	ENSG00000267819
SFSWAP	12	132195626	132284282	+	ENSG00000061936
MMP17	12	132312938	132336328	+	ENSG00000198598
ULK1	12	132379196	132407712	+	ENSG00000177169
PUS1	12	132413745	132428406	+	ENSG00000177192
EP400	12	132434508	132565005	+	ENSG00000183495
EP400NL	12	132568828	132613029	+	ENSG00000185684
DDX51	12	132621139	132628880	-	ENSG00000185163
NOC4L	12	132628993	132637013	+	ENSG00000184967
GALNT9	12	132680924	132905935	-	ENSG00000182870
MUC8	12	133049334	133050726	-	ENSG00000269676
FBRSL1	12	133066137	133161774	+	ENSG00000112787
P2RX2	12	133195366	133198972	+	ENSG00000187848
POLE	12	133200348	133263951	-	ENSG00000177084
PXMP2	12	133264192	133297276	+	ENSG00000176894
RP13-672B3.2	12	133264635	133291498	+	ENSG00000256632
PGAM5	12	133287405	133299228	+	ENSG00000247077
ANKLE2	12	133302254	133338474	-	ENSG00000176915
GOLGA3	12	133345495	133405444	-	ENSG00000090615
CHFR	12	133398773	133532890	-	ENSG00000072609
ZNF605	12	133498019	133532892	-	ENSG00000196458
ZNF140	12	133656424	133684130	+	ENSG00000196387
ZNF891	12	133694740	133707059	-	ENSG00000214029
ZNF10	12	133707161	133736051	+	ENSG00000256223
CTD-2140B24.4	12	133707570	133778955	+	ENSG00000256825
ZNF268	12	133707570	133783698	+	ENSG00000090612
AC226150.4	12	133787246	133787772	-	ENSG00000255748
ANHX	12	133794898	133812681	-	ENSG00000227059
TUBA3C	13	19747910	19755992	-	ENSG00000198033
RP11-408E5.4	13	19756173	19761496	+	ENSG00000121388
TPTE2	13	19997017	20110903	-	ENSG00000132958
MPHOSPH8	13	20207788	20247599	+	ENSG00000196199
PSPC1	13	20248896	20357142	-	ENSG00000121390
AL354808.2	13	20268547	20269240	+	ENSG00000269591
ZMYM5	13	20397622	20437776	-	ENSG00000132950
ZMYM2	13	20532810	20665968	+	ENSG00000121741
GJA3	13	20712394	20735188	-	ENSG00000121743
GJB2	13	20761609	20767037	-	ENSG00000165474
GJB6	13	20796110	20806534	-	ENSG00000121742
CRYL1	13	20977806	21099996	-	ENSG00000165475
IFT88	13	21140585	21265503	+	ENSG00000032742
IL17D	13	21276266	21297237	+	ENSG00000172458
N6AMT2	13	21302870	21348097	-	ENSG00000150456
XPO4	13	21351469	21477187	-	ENSG00000132953
LATS2	13	21547171	21635686	-	ENSG00000150457
SAP18	13	21714653	21723221	+	ENSG00000150459
SKA3	13	21727734	21750741	-	ENSG00000165480
MRP63	13	21750784	21753223	+	ENSG00000173141
ZDHHC20	13	21950263	22033509	-	ENSG00000180776
MICU2	13	22066836	22178353	-	ENSG00000165487
FGF9	13	22245522	22278637	+	ENSG00000102678
SGCG	13	23755091	23899304	+	ENSG00000102683
SACS	13	23902965	24007841	-	ENSG00000151835
TNFRSF19	13	24144509	24250232	+	ENSG00000127863
MIPEP	13	24304328	24463558	-	ENSG00000027001
AL139080.1	13	24322243	24323901	+	ENSG00000268735
C1QTNF9B	13	24465238	24476794	-	ENSG00000205863
RP11-307N16.6	13	24553839	24895169	+	ENSG00000273167
SPATA13	13	24553944	24881212	+	ENSG00000182957
C1QTNF9	13	24881304	24896673	+	ENSG00000240654
AL359736.1	13	24895264	24895566	-	ENSG00000205850
PARP4	13	24995064	25086948	-	ENSG00000102699
ATP12A	13	25254549	25285921	+	ENSG00000075673
RNF17	13	25338290	25454059	+	ENSG00000132972
CENPJ	13	25457171	25497018	-	ENSG00000151849
PABPC3	13	25670300	25673389	+	ENSG00000151846
AMER2	13	25735822	25746426	-	ENSG00000165566
MTMR6	13	25802307	25862147	-	ENSG00000139505
NUPL1	13	25875662	25923938	+	ENSG00000139496
ATP8A2	13	25946209	26599989	+	ENSG00000132932
AL138815.1	13	26442061	26455095	+	ENSG00000215549
AL138815.2	13	26452422	26452679	-	ENSG00000268344
SHISA2	13	26618735	26625169	-	ENSG00000180730
RNF6	13	26706253	26796791	-	ENSG00000127870
CDK8	13	26828276	26979375	+	ENSG00000132964
WASF3	13	27131840	27263085	+	ENSG00000132970
GPR12	13	27329341	27334922	-	ENSG00000132975
USP12	13	27640293	27746033	-	ENSG00000152484
RPL21	13	27825446	27830828	+	ENSG00000122026
RASL11A	13	27844464	27847827	+	ENSG00000122035
GTF3A	13	27998681	28009958	+	ENSG00000122034
MTIF3	13	28009776	28024739	-	ENSG00000122033
LNX2	13	28120050	28194541	-	ENSG00000139517
POLR1D	13	28194903	28241548	+	ENSG00000186184
GSX1	13	28366780	28368905	+	ENSG00000169840
PDX1	13	28494157	28500368	+	ENSG00000139515
ATP5EP2	13	28519343	28519727	+	ENSG00000180389
CDX2	13	28536274	28545276	-	ENSG00000165556
URAD	13	28551851	28562791	-	ENSG00000183463
FLT3	13	28577411	28674729	-	ENSG00000122025
PAN3	13	28712643	28869475	+	ENSG00000152520
FLT1	13	28874489	29069265	-	ENSG00000102755
POMP	13	29233241	29253062	+	ENSG00000132963
SLC46A3	13	29274201	29293107	-	ENSG00000139508
MTUS2	13	29598748	30077892	+	ENSG00000132938
SLC7A1	13	30083547	30169825	-	ENSG00000139514
UBL3	13	30338508	30424821	-	ENSG00000122042
KATNAL1	13	30776767	30881621	-	ENSG00000102781
HMGB1	13	31032884	31191734	-	ENSG00000189403
USPL1	13	31191830	31233686	+	ENSG00000132952
ALOX5AP	13	31309645	31338556	+	ENSG00000132965
MEDAG	13	31480328	31499709	+	ENSG00000102802
TEX26	13	31506840	31549639	+	ENSG00000175664
HSPH1	13	31710762	31736525	-	ENSG00000120694
B3GALTL	13	31774073	31906413	+	ENSG00000187676
RXFP2	13	32313674	32377009	+	ENSG00000133105
FRY	13	32605437	32870794	+	ENSG00000073910
ZAR1L	13	32877837	32889481	-	ENSG00000189167
BRCA2	13	32889611	32973805	+	ENSG00000139618
N4BP2L1	13	32974861	33002315	-	ENSG00000139597
N4BP2L2	13	33006554	33112970	-	ENSG00000244754
PDS5B	13	33160564	33352157	+	ENSG00000083642
KL	13	33590207	33640282	+	ENSG00000133116
STARD13	13	33677272	33924767	-	ENSG00000133121
RFC3	13	34392186	34540695	+	ENSG00000133119
NBEA	13	35516424	36247159	+	ENSG00000172915
MAB21L1	13	36047926	36050832	-	ENSG00000180660
DCLK1	13	36345478	36705443	-	ENSG00000133083
SOHLH2	13	36742345	36871979	-	ENSG00000120669
CCDC169-SOHLH2	13	36742931	36871979	-	ENSG00000250709
CCDC169	13	36801182	36871977	-	ENSG00000242715
SPG20	13	36875775	36944317	-	ENSG00000133104
SPG20OS	13	36920568	36943738	+	ENSG00000120664
CCNA1	13	37005967	37017019	+	ENSG00000133101
SERTM1	13	37248049	37271976	+	ENSG00000180440
RFXAP	13	37393361	37403241	+	ENSG00000133111
SMAD9	13	37418968	37494902	-	ENSG00000120693
ALG5	13	37523912	37574398	-	ENSG00000120697
EXOSC8	13	37572953	37583750	+	ENSG00000120699
SUPT20H	13	37583449	37633850	-	ENSG00000102710
CSNK1A1L	13	37677398	37679803	-	ENSG00000180138
POSTN	13	38136720	38172981	-	ENSG00000133110
TRPC4	13	38210773	38444562	-	ENSG00000133107
UFM1	13	38923986	38937140	+	ENSG00000120686
FREM2	13	39261266	39460074	+	ENSG00000150893
STOML3	13	39540062	39565203	-	ENSG00000133115
PROSER1	13	39584003	39612252	-	ENSG00000120685
NHLRC3	13	39612443	39624246	+	ENSG00000188811
LHFP	13	39917029	40177665	-	ENSG00000183722
COG6	13	40229764	40365802	+	ENSG00000133103
AL133318.1	13	41111138	41111323	-	ENSG00000269120
FOXO1	13	41129804	41240734	-	ENSG00000150907
MRPS31	13	41303432	41345309	-	ENSG00000102738
SLC25A15	13	41363548	41384247	+	ENSG00000102743
ELF1	13	41506056	41635576	-	ENSG00000120690
WBP4	13	41635410	41658137	+	ENSG00000120688
KBTBD6	13	41701705	41706882	-	ENSG00000165572
KBTBD7	13	41763969	41768702	-	ENSG00000120696
MTRF1	13	41790505	41837742	-	ENSG00000120662
NAA16	13	41885341	41951166	+	ENSG00000172766
RGCC	13	42031695	42045018	+	ENSG00000102760
VWA8	13	42140973	42535256	-	ENSG00000102763
DGKH	13	42614176	42830714	+	ENSG00000102780
AKAP11	13	42846289	42897396	+	ENSG00000023516
TNFSF11	13	43136872	43182149	+	ENSG00000120659
FAM216B	13	43355686	43365683	+	ENSG00000179813
EPSTI1	13	43460524	43566407	-	ENSG00000133106
DNAJC15	13	43597339	43683045	+	ENSG00000120675
ENOX1	13	43787654	44361044	-	ENSG00000120658
CCDC122	13	44398045	44453827	-	ENSG00000151773
LACC1	13	44453420	44468068	+	ENSG00000179630
SMIM2	13	44717679	44735393	-	ENSG00000139656
SERP2	13	44947801	44971850	+	ENSG00000151778
TSC22D1	13	45007655	45151283	-	ENSG00000102804
NUFIP1	13	45513384	45563618	-	ENSG00000083635
GPALPP1	13	45563687	45607746	+	ENSG00000133114
GTF2F2	13	45694650	45858237	+	ENSG00000188342
KCTD4	13	45766988	45775175	-	ENSG00000180332
TPT1	13	45911008	45915505	-	ENSG00000133112
SLC25A30	13	45967451	45992590	-	ENSG00000174032
COG3	13	46039060	46110765	+	ENSG00000136152
FAM194B	13	46108657	46189874	-	ENSG00000165837
SPERT	13	46276446	46288694	+	ENSG00000174015
SIAH3	13	46354405	46425871	-	ENSG00000215475
ZC3H13	13	46528600	46626894	-	ENSG00000123200
CPB2	13	46627321	46679211	-	ENSG00000080618
LCP1	13	46700055	46786006	-	ENSG00000136167
LRRC63	13	46786083	46851501	+	ENSG00000173988
KIAA0226L	13	46916139	47012325	-	ENSG00000102445
LRCH1	13	47127303	47327175	+	ENSG00000136141
ESD	13	47345391	47371367	-	ENSG00000139684
HTR2A	13	47405685	47471169	-	ENSG00000102468
SUCLA2	13	48510622	48612125	-	ENSG00000136143
NUDT15	13	48611703	48621358	+	ENSG00000136159
MED4	13	48627459	48669267	-	ENSG00000136146
ITM2B	13	48807294	48837063	+	ENSG00000136156
RB1	13	48877887	49056122	+	ENSG00000139687
LPAR6	13	48963707	49018840	-	ENSG00000139679
RCBTB2	13	49063095	49107369	-	ENSG00000136161
CYSLTR2	13	49280951	49283498	+	ENSG00000152207
FNDC3A	13	49550048	49783915	+	ENSG00000102531
MLNR	13	49794474	49796513	+	ENSG00000102539
CDADC1	13	49822047	49867618	+	ENSG00000102543
CAB39L	13	49882786	50018262	-	ENSG00000102547
AL136218.1	13	50007495	50020554	-	ENSG00000215462
SETDB2	13	50018429	50069138	+	ENSG00000136169
PHF11	13	50069746	50103123	+	ENSG00000136147
RCBTB1	13	50106082	50159719	-	ENSG00000136144
ARL11	13	50202435	50208008	+	ENSG00000152213
EBPL	13	50234859	50265611	-	ENSG00000123179
KPNA3	13	50273447	50367057	-	ENSG00000102753
SPRYD7	13	50486842	50510626	-	ENSG00000123178
TRIM13	13	50570024	50594617	+	ENSG00000204977
KCNRG	13	50589390	50595058	+	ENSG00000198553
DLEU1	13	50656307	51297372	+	ENSG00000176124
DLEU7	13	51285144	51418075	-	ENSG00000186047
RNASEH2B	13	51483814	51544592	+	ENSG00000136104
FAM124A	13	51796503	51858377	+	ENSG00000150510
SERPINE3	13	51909909	51938871	+	ENSG00000253309
INTS6	13	51928213	52028400	-	ENSG00000102786
WDFY2	13	52158644	52336171	+	ENSG00000139668
DHRS12	13	52342129	52378293	-	ENSG00000102796
CCDC70	13	52436117	52440366	+	ENSG00000123171
ATP7B	13	52506809	52585630	-	ENSG00000123191
ALG11	13	52586534	52603800	+	ENSG00000253710
UTP14C	13	52598827	52607736	+	ENSG00000253797
NEK5	13	52611093	52703214	-	ENSG00000197168
NEK3	13	52706775	52733996	-	ENSG00000136098
THSD1	13	52951305	52980629	-	ENSG00000136114
VPS36	13	52986737	53024763	-	ENSG00000136100
CKAP2	13	53029564	53050763	+	ENSG00000136108
HNRNPA1L2	13	53191605	53217919	+	ENSG00000139675
SUGT1	13	53226844	53275044	+	ENSG00000165416
LECT1	13	53277399	53313947	-	ENSG00000136110
PCDH8	13	53418109	53422775	-	ENSG00000136099
OLFM4	13	53602894	53626192	+	ENSG00000102837
PRR20A	13	57715052	57718073	+	ENSG00000204919
PRR20B	13	57721622	57724643	+	ENSG00000204918
PRR20C	13	57728195	57731216	+	ENSG00000229665
PRR20D	13	57734766	57737787	+	ENSG00000227151
PRR20E	13	57741331	57744352	+	ENSG00000234278
PCDH17	13	58205944	58303445	+	ENSG00000118946
DIAPH3	13	60239717	60738121	-	ENSG00000139734
TDRD3	13	60970591	61148012	+	ENSG00000083544
PCDH20	13	61983818	62002220	-	ENSG00000197991
AL445989.1	13	64320934	64321323	+	ENSG00000226974
PCDH9	13	66876967	67804468	-	ENSG00000184226
KLHL1	13	70274726	70682591	-	ENSG00000150361
DACH1	13	72012098	72441330	-	ENSG00000165659
MZT1	13	73282495	73301825	-	ENSG00000204899
BORA	13	73302061	73330336	+	ENSG00000136122
DIS3	13	73329540	73356234	-	ENSG00000083520
PIBF1	13	73356197	73590591	+	ENSG00000083535
KLF5	13	73629114	73651676	+	ENSG00000102554
KLF12	13	74260226	74708394	-	ENSG00000118922
AL355390.1	13	74987094	74993252	-	ENSG00000177596
TBC1D4	13	75858808	76056250	-	ENSG00000136111
COMMD6	13	76099350	76123575	-	ENSG00000188243
UCHL3	13	76123619	76180085	+	ENSG00000118939
LMO7	13	76194570	76434004	+	ENSG00000136153
C13orf45	13	76445187	76457947	+	ENSG00000178734
KCTD12	13	77454312	77460540	-	ENSG00000178695
IRG1	13	77522632	77532777	+	ENSG00000102794
CLN5	13	77564795	77576652	+	ENSG00000102805
FBXL3	13	77566740	77601330	-	ENSG00000005812
MYCBP2	13	77618792	77901185	-	ENSG00000005810
SCEL	13	78109809	78219398	+	ENSG00000136155
SLAIN1	13	78272023	78338377	+	ENSG00000139737
EDNRB	13	78469616	78493903	-	ENSG00000136160
POU4F1	13	79172497	79177673	-	ENSG00000152192
RNF219	13	79188426	79233314	-	ENSG00000152193
RBM26	13	79885962	79980612	-	ENSG00000139746
NDFIP2	13	80055287	80130210	+	ENSG00000102471
SPRY2	13	80910111	80915086	-	ENSG00000136158
SLITRK1	13	84451344	84456528	-	ENSG00000178235
SLITRK6	13	86366925	86373623	-	ENSG00000184564
SLITRK5	13	88324870	88331871	+	ENSG00000165300
GPC5	13	92050929	93519490	+	ENSG00000179399
GPC6	13	93879095	95059655	+	ENSG00000183098
DCT	13	95089558	95131936	-	ENSG00000080166
TGDS	13	95226308	95248511	-	ENSG00000088451
GPR180	13	95254157	95286899	+	ENSG00000152749
SOX21	13	95361886	95364389	-	ENSG00000125285
ABCC4	13	95672083	95953687	-	ENSG00000125257
CLDN10	13	96085858	96232013	+	ENSG00000134873
DZIP1	13	96230457	96296957	-	ENSG00000134874
DNAJC3	13	96329393	96447243	+	ENSG00000102580
UGGT2	13	96453834	96705736	-	ENSG00000102595
HS6ST3	13	96743093	97485671	+	ENSG00000185352
OXGR1	13	97637973	97646984	-	ENSG00000165621
MBNL2	13	97873688	98046374	+	ENSG00000139793
RAP2A	13	98086476	98121382	+	ENSG00000125249
IPO5	13	98605912	98676551	+	ENSG00000065150
FARP1	13	98794816	99102027	+	ENSG00000152767
RNF113B	13	98828039	98829519	-	ENSG00000139797
STK24	13	99102455	99230194	-	ENSG00000102572
SLC15A1	13	99336055	99404908	-	ENSG00000088386
DOCK9	13	99445741	99738879	-	ENSG00000088387
UBAC2	13	99853028	100038688	+	ENSG00000134882
GPR18	13	99906968	99913998	-	ENSG00000125245
GPR183	13	99946784	99959659	-	ENSG00000169508
TM9SF2	13	100153671	100216260	+	ENSG00000125304
CLYBL	13	100258919	100549387	+	ENSG00000125246
ZIC5	13	100615218	100624163	-	ENSG00000139800
ZIC2	13	100634026	100639018	+	ENSG00000043355
PCCA	13	100741269	101182686	+	ENSG00000175198
GGACT	13	101183810	101241782	-	ENSG00000134864
TMTC4	13	101256181	101327347	-	ENSG00000125247
NALCN	13	101706130	102068843	-	ENSG00000102452
ITGBL1	13	102104966	102375456	+	ENSG00000198542
FGF14	13	102372134	103054124	-	ENSG00000102466
TPP2	13	103249353	103331521	+	ENSG00000134900
METTL21C	13	103338094	103346854	-	ENSG00000139780
CCDC168	13	103381801	103389159	-	ENSG00000175820
TEX30	13	103418340	103426161	-	ENSG00000151287
KDELC1	13	103436631	103451357	-	ENSG00000134901
BIVM	13	103451399	103493885	+	ENSG00000134897
BIVM-ERCC5	13	103459704	103524748	+	ENSG00000270181
ERCC5	13	103497194	103528345	+	ENSG00000134899
SLC10A2	13	103696350	103719196	-	ENSG00000125255
DAOA	13	106118216	106143383	+	ENSG00000182346
EFNB2	13	107142079	107187462	-	ENSG00000125266
ARGLU1	13	107194021	107220512	-	ENSG00000134884
FAM155A	13	107820883	108519083	-	ENSG00000204442
LIG4	13	108859787	108870716	-	ENSG00000174405
ABHD13	13	108870727	108886603	+	ENSG00000139826
TNFSF13B	13	108903588	108960832	+	ENSG00000102524
MYO16	13	109248500	109860355	+	ENSG00000041515
IRS2	13	110406184	110438915	-	ENSG00000185950
COL4A1	13	110801318	110959496	-	ENSG00000187498
COL4A2	13	110958159	111165374	+	ENSG00000134871
RAB20	13	111175417	111214080	-	ENSG00000139832
CARKD	13	111267881	111292340	+	ENSG00000213995
CARS2	13	111293759	111365950	-	ENSG00000134905
ING1	13	111365083	111373421	+	ENSG00000153487
LINC00346	13	111521578	111522162	-	ENSG00000255874
ANKRD10	13	111530887	111567416	-	ENSG00000088448
ARHGEF7	13	111766906	111958084	+	ENSG00000102606
TEX29	13	111968531	111996596	+	ENSG00000153495
RP11-65D24.2	13	112240548	112324955	+	ENSG00000204398
SOX1	13	112721913	112726020	+	ENSG00000182968
SPACA7	13	113030633	113089003	+	ENSG00000153498
TUBGCP3	13	113139325	113242481	-	ENSG00000126216
C13orf35	13	113301358	113338811	+	ENSG00000197595
ATP11A	13	113344643	113541482	+	ENSG00000068650
MCF2L	13	113548692	113754053	+	ENSG00000126217
AL137002.1	13	113755563	113756608	-	ENSG00000268130
F7	13	113760105	113774995	+	ENSG00000057593
F10	13	113777128	113803843	+	ENSG00000126218
PROZ	13	113812968	113826694	+	ENSG00000126231
PCID2	13	113831891	113863029	-	ENSG00000126226
CUL4A	13	113862552	113919399	+	ENSG00000139842
LAMP1	13	113951556	113977987	+	ENSG00000185896
GRTP1	13	113978505	114018446	-	ENSG00000139835
ADPRHL1	13	114076260	114107839	-	ENSG00000153531
DCUN1D2	13	114110134	114145267	-	ENSG00000150401
TMCO3	13	114145310	114204542	+	ENSG00000150403
TFDP1	13	114239013	114295785	+	ENSG00000198176
ATP4B	13	114303119	114312501	-	ENSG00000186009
GRK1	13	114321470	114440708	+	ENSG00000185974
TMEM255B	13	114462216	114514926	+	ENSG00000184497
GAS6	13	114523522	114567046	-	ENSG00000183087
RASA3	13	114747194	114898086	-	ENSG00000185989
CDC16	13	115000362	115038198	+	ENSG00000130177
UPF3A	13	115047059	115071283	+	ENSG00000169062
CHAMP1	13	115079988	115092796	+	ENSG00000198824
OR11H12	14	19377522	19378606	+	ENSG00000257115
POTEG	14	19553365	19590078	+	ENSG00000222036
POTEM	14	19983559	20020272	-	ENSG00000187537
OR4N2	14	20187174	20296531	+	ENSG00000176294
OR4Q3	14	20215587	20216528	+	ENSG00000182652
OR4M1	14	20248401	20249516	+	ENSG00000176299
OR4K2	14	20344391	20345468	+	ENSG00000165762
OR4K5	14	20388741	20389818	+	ENSG00000176281
OR4K1	14	20403767	20404842	+	ENSG00000155249
OR4K15	14	20443603	20444818	+	ENSG00000169488
OR4K14	14	20482419	20483352	-	ENSG00000169484
OR4K13	14	20502003	20502919	-	ENSG00000176253
OR4L1	14	20528204	20529142	+	ENSG00000176246
OR4K17	14	20585566	20586597	+	ENSG00000176230
OR4N5	14	20611895	20612821	+	ENSG00000184394
OR11G2	14	20665495	20666605	+	ENSG00000196832
OR11H6	14	20691791	20692964	+	ENSG00000176219
OR11H4	14	20710898	20711979	+	ENSG00000176198
TTC5	14	20724717	20774153	-	ENSG00000136319
CCNB1IP1	14	20779527	20801471	-	ENSG00000100814
PARP2	14	20811741	20826064	+	ENSG00000129484
TEP1	14	20833826	20881588	-	ENSG00000129566
KLHL33	14	20896970	20903801	-	ENSG00000185271
OSGEP	14	20914570	20923264	-	ENSG00000092094
APEX1	14	20923350	20925927	+	ENSG00000100823
TMEM55B	14	20925878	20929771	-	ENSG00000165782
PNP	14	20937113	20945253	+	ENSG00000198805
RNASE10	14	20973696	20979328	+	ENSG00000182545
RNASE9	14	21024252	21029090	-	ENSG00000188655
RNASE12	14	21058352	21058982	-	ENSG00000258436
OR6S1	14	21108855	21109850	-	ENSG00000181803
RNASE4	14	21152259	21168761	+	ENSG00000258818
ANG	14	21152336	21167130	+	ENSG00000214274
AL163636.6	14	21152746	21168735	+	ENSG00000259171
EDDM3A	14	21214051	21216539	+	ENSG00000181562
EDDM3B	14	21236586	21239107	+	ENSG00000181552
RNASE6	14	21249210	21250626	+	ENSG00000169413
RNASE1	14	21269387	21271437	-	ENSG00000129538
RNASE3	14	21359558	21360507	+	ENSG00000169397
RNASE2	14	21423611	21424595	+	ENSG00000169385
METTL17	14	21457929	21465189	+	ENSG00000165792
SLC39A2	14	21467414	21470030	+	ENSG00000165794
NDRG2	14	21484922	21539031	-	ENSG00000165795
TPPP2	14	21492268	21504435	+	ENSG00000179636
RP11-998D10.1	14	21500977	21502054	+	ENSG00000255472
RNASE13	14	21500979	21502944	-	ENSG00000206150
RNASE7	14	21510385	21512393	+	ENSG00000165799
RNASE8	14	21525981	21526614	+	ENSG00000173431
ARHGEF40	14	21538429	21558399	+	ENSG00000165801
ZNF219	14	21558205	21572881	-	ENSG00000165804
TMEM253	14	21567096	21571883	+	ENSG00000232070
OR5AU1	14	21623026	21624222	-	ENSG00000169327
HNRNPC	14	21677295	21737653	-	ENSG00000092199
RPGRIP1	14	21756098	21819460	+	ENSG00000092200
SUPT16H	14	21819631	21852425	-	ENSG00000092201
CHD8	14	21853353	21924285	-	ENSG00000100888
RAB2B	14	21927179	21945132	-	ENSG00000129472
TOX4	14	21944756	21967319	+	ENSG00000092203
METTL3	14	21966277	21979517	-	ENSG00000165819
SALL2	14	21989232	22005350	-	ENSG00000165821
OR10G3	14	22037934	22038875	-	ENSG00000169208
OR10G2	14	22101992	22103096	-	ENSG00000255582
OR4E2	14	22133297	22134238	+	ENSG00000221977
AE000662.92	14	23025534	23027939	+	ENSG00000259003
DAD1	14	23033805	23058175	-	ENSG00000129562
ABHD4	14	23067146	23081265	+	ENSG00000100439
OR6J1	14	23102673	23103716	-	ENSG00000255804
OXA1L	14	23235731	23241007	+	ENSG00000155463
SLC7A7	14	23242431	23299029	-	ENSG00000155465
AL135998.1	14	23286463	23291750	-	ENSG00000215306
MRPL52	14	23299088	23304246	+	ENSG00000172590
MMP14	14	23305766	23318236	+	ENSG00000157227
LRP10	14	23340822	23350789	+	ENSG00000197324
REM2	14	23352374	23356895	+	ENSG00000139890
RBM23	14	23369854	23388393	-	ENSG00000100461
PRMT5	14	23389720	23398794	-	ENSG00000100462
HAUS4	14	23415437	23426370	-	ENSG00000092036
RP11-298I3.5	14	23415479	23451467	-	ENSG00000259132
AJUBA	14	23440383	23451851	-	ENSG00000129474
C14orf93	14	23456110	23479375	-	ENSG00000100802
PSMB5	14	23485752	23504439	-	ENSG00000100804
PSMB11	14	23511376	23513269	+	ENSG00000222028
CDH24	14	23516271	23526747	-	ENSG00000139880
ACIN1	14	23527773	23564823	-	ENSG00000100813
C14orf119	14	23563974	23569665	+	ENSG00000179933
CEBPE	14	23586513	23588825	-	ENSG00000092067
SLC7A8	14	23594504	23652883	-	ENSG00000092068
C14orf164	14	23654525	23742686	+	ENSG00000215277
HOMEZ	14	23741666	23768656	-	ENSG00000215271
PPP1R3E	14	23764852	23772057	-	ENSG00000235194
BCL2L2	14	23767999	23780968	+	ENSG00000129473
BCL2L2-PABPN1	14	23776044	23794578	+	ENSG00000258643
PABPN1	14	23790498	23795394	+	ENSG00000100836
AL049829.1	14	23790839	23791484	-	ENSG00000268702
SLC22A17	14	23815515	23822121	-	ENSG00000092096
EFS	14	23825611	23834961	-	ENSG00000100842
IL25	14	23842018	23845612	+	ENSG00000166090
CMTM5	14	23846017	23848981	+	ENSG00000166091
MYH6	14	23851199	23877486	-	ENSG00000197616
MYH7	14	23881947	23904927	-	ENSG00000092054
NGDN	14	23938897	23979071	+	ENSG00000129460
ZFHX2	14	23990066	24025401	-	ENSG00000136367
THTPA	14	24025216	24029480	+	ENSG00000259431
AP1G2	14	24028774	24037279	-	ENSG00000213983
JPH4	14	24037244	24048009	-	ENSG00000092051
DHRS2	14	24099324	24114848	+	ENSG00000100867
DHRS4-AS1	14	24407940	24409196	+	ENSG00000197775
DHRS4	14	24422795	24438488	+	ENSG00000157326
DHRS4L2	14	24439148	24475617	+	ENSG00000187630
LRRC16B	14	24521206	24538937	+	ENSG00000186648
CPNE6	14	24540046	24547309	+	ENSG00000100884
NRL	14	24549316	24584223	-	ENSG00000129535
PCK2	14	24563262	24579807	+	ENSG00000100889
DCAF11	14	24583404	24594451	+	ENSG00000100897
RP11-468E2.6	14	24590560	24601038	+	ENSG00000259371
FITM1	14	24600484	24602058	+	ENSG00000139914
PSME1	14	24605367	24608176	+	ENSG00000092010
EMC9	14	24608174	24610797	-	ENSG00000100908
PSME2	14	24612574	24616779	-	ENSG00000100911
RNF31	14	24615892	24629870	+	ENSG00000092098
RP11-468E2.4	14	24620427	24636611	+	ENSG00000259529
IRF9	14	24630262	24635774	+	ENSG00000213928
REC8	14	24641062	24649463	+	ENSG00000100918
IPO4	14	24649425	24658170	-	ENSG00000196497
RP11-468E2.2	14	24649601	24659622	-	ENSG00000259522
TSSK4	14	24674903	24677568	+	ENSG00000139908
CHMP4A	14	24678789	24683075	-	ENSG00000254505
MDP1	14	24683143	24685276	-	ENSG00000213920
NEDD8-MDP1	14	24683161	24701558	-	ENSG00000255526
NEDD8	14	24686058	24701660	-	ENSG00000129559
GMPR2	14	24701628	24708448	+	ENSG00000100938
TINF2	14	24708849	24711880	-	ENSG00000092330
TGM1	14	24718320	24733638	-	ENSG00000092295
RABGGTA	14	24734744	24740945	-	ENSG00000100949
DHRS1	14	24759804	24769039	-	ENSG00000157379
NOP9	14	24769068	24778330	+	ENSG00000196943
CIDEB	14	24774302	24780636	-	ENSG00000136305
LTB4R	14	24780656	24787242	+	ENSG00000213903
ADCY4	14	24787555	24804299	-	ENSG00000129467
RP11-934B9.3	14	24801516	24806588	-	ENSG00000258973
RIPK3	14	24805227	24809251	-	ENSG00000129465
NFATC4	14	24834879	24848810	+	ENSG00000100968
NYNRIN	14	24867992	24888494	+	ENSG00000205978
CBLN3	14	24895738	24900160	-	ENSG00000139899
KHNYN	14	24898492	24910540	+	ENSG00000100441
SDR39U1	14	24908972	24912111	-	ENSG00000100445
RP11-80A15.1	14	24970800	24977894	+	ENSG00000258744
CMA1	14	24974559	24977471	-	ENSG00000092009
CTSG	14	25042728	25045466	-	ENSG00000100448
GZMH	14	25075686	25078905	-	ENSG00000100450
GZMB	14	25100160	25103473	-	ENSG00000100453
STXBP6	14	25278862	25519503	-	ENSG00000168952
NOVA1	14	26912299	27066960	-	ENSG00000139910
FOXG1	14	29235050	29238870	+	ENSG00000176165
C14orf23	14	29241910	29282493	+	ENSG00000186960
PRKD1	14	30045687	30661104	-	ENSG00000184304
G2E3	14	31028329	31089269	+	ENSG00000092140
SCFD1	14	31091318	31205018	+	ENSG00000092108
COCH	14	31343720	31364271	+	ENSG00000100473
STRN3	14	31363005	31495607	-	ENSG00000196792
AP4S1	14	31494312	31562818	+	ENSG00000100478
HECTD1	14	31569318	31677010	-	ENSG00000092148
HEATR5A	14	31760994	31889788	-	ENSG00000129493
RP11-176H8.1	14	31803518	31926647	-	ENSG00000203546
DTD2	14	31915242	31926716	-	ENSG00000129480
NUBPL	14	31959162	32330430	+	ENSG00000151413
RP11-187E13.1	14	32414059	32419588	+	ENSG00000258474
RP11-187E13.2	14	32476108	32487891	+	ENSG00000258386
ARHGAP5	14	32545320	32628934	+	ENSG00000100852
AKAP6	14	32798479	33300567	+	ENSG00000151320
NPAS3	14	33404139	34273382	+	ENSG00000151322
EGLN3	14	34393437	34931980	-	ENSG00000129521
SPTSSA	14	34901995	34931562	-	ENSG00000165389
EAPP	14	34985135	35008916	-	ENSG00000129518
SNX6	14	35030300	35099389	-	ENSG00000129515
CFL2	14	35179593	35184029	-	ENSG00000165410
BAZ1A	14	35221937	35344853	-	ENSG00000198604
SRP54	14	35451163	35498773	+	ENSG00000100883
FAM177A1	14	35514113	35582336	+	ENSG00000151327
PPP2R3C	14	35554673	35591723	-	ENSG00000092020
PSMA6	14	35747839	35786699	+	ENSG00000100902
NFKBIA	14	35870717	35873955	-	ENSG00000100906
INSM2	14	36003248	36006260	+	ENSG00000168348
RALGAPA1	14	36007558	36278510	-	ENSG00000174373
BRMS1L	14	36295524	36401531	+	ENSG00000100916
MBIP	14	36767770	36789882	-	ENSG00000151332
SFTA3	14	36942493	36983034	-	ENSG00000229415
NKX2-1	14	36985602	36990354	-	ENSG00000136352
NKX2-8	14	37049784	37051812	-	ENSG00000136327
PAX9	14	37126773	37148920	+	ENSG00000198807
SLC25A21	14	37147636	37642071	-	ENSG00000183032
SLC25A21-AS1	14	37641093	37643016	+	ENSG00000258708
MIPOL1	14	37667118	38021566	+	ENSG00000151338
FOXA1	14	38059189	38069245	-	ENSG00000129514
TTC6	14	38065052	38510647	+	ENSG00000139865
SSTR1	14	38677204	38682272	+	ENSG00000139874
CLEC14A	14	38723308	38725574	-	ENSG00000176435
SEC23A	14	39501123	39578850	-	ENSG00000100934
GEMIN2	14	39583427	39606177	+	ENSG00000092208
TRAPPC6B	14	39617015	39639736	-	ENSG00000182400
PNN	14	39644387	39652422	+	ENSG00000100941
MIA2	14	39699435	39722859	+	ENSG00000150526
RP11-407N17.3	14	39703106	39820397	+	ENSG00000258941
CTAGE5	14	39734488	39856156	+	ENSG00000150527
FBXO33	14	39866873	39901704	-	ENSG00000165355
LRFN5	14	42076773	42373752	+	ENSG00000165379
FSCB	14	44973545	44976482	-	ENSG00000189139
C14orf28	14	45366498	45376460	+	ENSG00000179476
KLHL28	14	45393522	45511525	-	ENSG00000179454
FAM179B	14	45431411	45543634	+	ENSG00000198718
PRPF39	14	45553302	45585485	+	ENSG00000185246
FKBP3	14	45584803	45604522	-	ENSG00000100442
FANCM	14	45605143	45670093	+	ENSG00000187790
MIS18BP1	14	45672393	45722743	-	ENSG00000129534
RPL10L	14	47120222	47121028	-	ENSG00000165496
RPS29	14	50043390	50065408	-	ENSG00000213741
AL139099.1	14	50064193	50065882	-	ENSG00000253459
LRR1	14	50065415	50081390	+	ENSG00000165501
RPL36AL	14	50085237	50087403	-	ENSG00000165502
MGAT2	14	50087489	50090198	+	ENSG00000168282
DNAAF2	14	50091892	50101948	-	ENSG00000165506
POLE2	14	50110273	50155140	-	ENSG00000100479
KLHDC1	14	50159823	50219870	+	ENSG00000197776
KLHDC2	14	50234326	50249909	+	ENSG00000165516
NEMF	14	50249997	50319921	-	ENSG00000165525
AL627171.2	14	50291993	50293258	+	ENSG00000269832
AL627171.1	14	50300810	50311552	-	ENSG00000197502
ARF6	14	50359810	50361490	+	ENSG00000165527
C14orf182	14	50448430	50474238	-	ENSG00000214900
C14orf183	14	50550369	50559361	-	ENSG00000168260
VCPKMT	14	50575350	50583318	-	ENSG00000100483
SOS2	14	50583847	50698276	-	ENSG00000100485
L2HGDH	14	50704281	50779266	-	ENSG00000087299
ATP5S	14	50779044	50802276	+	ENSG00000125375
CDKL1	14	50796310	50883179	-	ENSG00000100490
MAP4K5	14	50885219	51027844	-	ENSG00000012983
ATL1	14	50999227	51099786	+	ENSG00000198513
SAV1	14	51098776	51135049	-	ENSG00000151748
NIN	14	51186481	51297839	-	ENSG00000100503
PYGL	14	51324609	51411454	-	ENSG00000100504
ABHD12B	14	51338878	51371688	+	ENSG00000131969
TRIM9	14	51441980	51562779	-	ENSG00000100505
TMX1	14	51706880	51722759	+	ENSG00000139921
FRMD6	14	51955818	52197445	+	ENSG00000139926
GNG2	14	52292913	52446060	+	ENSG00000186469
RP11-463J10.2	14	52382863	52385289	-	ENSG00000258928
AL358333.1	14	52436014	52436247	-	ENSG00000267802
C14orf166	14	52456193	52471420	+	ENSG00000087302
NID2	14	52471521	52535712	-	ENSG00000087303
PTGDR	14	52734431	52743442	+	ENSG00000168229
PTGER2	14	52781023	52795324	+	ENSG00000125384
TXNDC16	14	52897308	53019240	-	ENSG00000087301
GPR137C	14	53019866	53104431	+	ENSG00000180998
ERO1L	14	53106634	53162618	-	ENSG00000197930
PSMC6	14	53173890	53195305	+	ENSG00000100519
STYX	14	53196898	53241716	+	ENSG00000198252
GNPNAT1	14	53241912	53258386	-	ENSG00000100522
FERMT2	14	53323986	53419153	-	ENSG00000073712
DDHD1	14	53510686	53620000	-	ENSG00000100523
BMP4	14	54416454	54425479	-	ENSG00000125378
CDKN3	14	54863567	54886936	+	ENSG00000100526
CNIH1	14	54893654	54908149	-	ENSG00000100528
GMFB	14	54941202	54955914	-	ENSG00000197045
CGRRF1	14	54976530	55005567	+	ENSG00000100532
SAMD4A	14	55033815	55260033	+	ENSG00000020577
GCH1	14	55308726	55369570	-	ENSG00000131979
WDHD1	14	55405668	55493823	-	ENSG00000198554
SOCS4	14	55493948	55516206	+	ENSG00000180008
MAPK1IP1L	14	55518349	55536910	+	ENSG00000168175
LGALS3	14	55590828	55612126	+	ENSG00000131981
DLGAP5	14	55614830	55658396	-	ENSG00000126787
FBXO34	14	55738021	55828636	+	ENSG00000178974
ATG14	14	55833110	55878576	-	ENSG00000126775
TBPL2	14	55880259	55923444	-	ENSG00000182521
KTN1	14	56025790	56168244	+	ENSG00000126777
PELI2	14	56584532	56768244	+	ENSG00000139946
TMEM260	14	56955072	57117324	+	ENSG00000070269
RP11-1085N6.3	14	57115683	57197253	-	ENSG00000259133
OTX2	14	57267425	57277197	-	ENSG00000165588
EXOC5	14	57670518	57735726	-	ENSG00000070367
AL391152.1	14	57671888	57673291	+	ENSG00000212928
AP5M1	14	57735627	57756797	+	ENSG00000053770
NAA30	14	57857262	57882635	+	ENSG00000139977
C14orf105	14	57936019	57960585	-	ENSG00000100557
SLC35F4	14	58030640	58448912	-	ENSG00000151812
C14orf37	14	58466453	58764857	-	ENSG00000139971
ACTR10	14	58666798	58701750	+	ENSG00000131966
PSMA3	14	58711549	58738730	+	ENSG00000100567
AL132989.1	14	58754751	58755865	+	ENSG00000268466
ARID4A	14	58765103	58840605	+	ENSG00000032219
TOMM20L	14	58862634	58875419	+	ENSG00000196860
TIMM9	14	58875212	58894332	-	ENSG00000100575
KIAA0586	14	58894103	59015216	+	ENSG00000100578
DACT1	14	59100685	59115039	+	ENSG00000165617
DAAM1	14	59655364	59838123	+	ENSG00000100592
GPR135	14	59895740	59932060	-	ENSG00000181619
L3HYPDH	14	59927081	59951148	-	ENSG00000126790
JKAMP	14	59951161	59972128	+	ENSG00000050130
CCDC175	14	59971257	60043549	-	ENSG00000151838
RTN1	14	60062694	60337684	-	ENSG00000139970
LRRC9	14	60386431	60530277	+	ENSG00000131951
PCNXL4	14	60558629	60635851	+	ENSG00000126773
DHRS7	14	60610838	60636574	-	ENSG00000100612
PPM1A	14	60712470	60765805	+	ENSG00000100614
C14orf39	14	60863187	60982261	-	ENSG00000179008
SIX6	14	60975669	60979568	+	ENSG00000184302
SIX1	14	61110133	61124977	-	ENSG00000126778
SIX4	14	61176246	61191066	-	ENSG00000100625
MNAT1	14	61201460	61436671	+	ENSG00000020426
TRMT5	14	61438169	61448076	-	ENSG00000126814
SLC38A6	14	61447832	61550451	+	ENSG00000139974
PRKCH	14	61654277	62017694	+	ENSG00000027075
TMEM30B	14	61744088	61748558	-	ENSG00000182107
RP11-47I22.4	14	61995846	62124682	+	ENSG00000258989
RP11-47I22.3	14	62037258	62125414	+	ENSG00000232774
HIF1A	14	62162231	62214976	+	ENSG00000100644
SNAPC1	14	62229075	62263146	+	ENSG00000023608
SYT16	14	62453803	62568431	+	ENSG00000139973
KCNH5	14	63173287	63568755	-	ENSG00000140015
RHOJ	14	63670832	63759937	+	ENSG00000126785
PPP2R5E	14	63838075	64010092	-	ENSG00000154001
WDR89	14	64063757	64108579	-	ENSG00000140006
SGPP1	14	64150932	64194757	-	ENSG00000126821
SYNE2	14	64319683	64693165	+	ENSG00000054654
ESR2	14	64550950	64804830	-	ENSG00000140009
MTHFD1	14	64854749	64926722	+	ENSG00000100714
ZBTB25	14	64915824	64971931	-	ENSG00000089775
AKAP5	14	64932217	64941221	+	ENSG00000179841
ZBTB1	14	64970430	65000408	+	ENSG00000126804
HSPA2	14	65002623	65009955	+	ENSG00000126803
PPP1R36	14	65016620	65056098	+	ENSG00000165807
PLEKHG3	14	65170820	65213610	+	ENSG00000126822
SPTB	14	65213002	65346601	-	ENSG00000070182
CHURC1	14	65381079	65411309	+	ENSG00000258289
CHURC1-FNTB	14	65381203	65528521	+	ENSG00000125954
FNTB	14	65381203	65529368	+	ENSG00000257365
GPX2	14	65405870	65409531	-	ENSG00000176153
RAB15	14	65412532	65439494	-	ENSG00000139998
MAX	14	65472892	65569413	-	ENSG00000125952
FUT8	14	65877310	66210839	+	ENSG00000033170
CTD-2014B16.3	14	66424015	66471241	-	ENSG00000258847
GPHN	14	66974125	67648520	+	ENSG00000171723
FAM71D	14	67656110	67695267	+	ENSG00000172717
MPP5	14	67707826	67802536	+	ENSG00000072415
ATP6V1D	14	67761088	67826982	-	ENSG00000100554
EIF2S1	14	67826714	67853233	+	ENSG00000134001
PLEK2	14	67853700	67878917	-	ENSG00000100558
TMEM229B	14	67913801	68000456	-	ENSG00000198133
PLEKHH1	14	68000018	68056329	+	ENSG00000054690
PIGH	14	68048672	68067004	-	ENSG00000100564
ARG2	14	68086515	68118437	+	ENSG00000081181
VTI1B	14	68113792	68141548	-	ENSG00000100568
RP11-1012A1.4	14	68126537	68157084	-	ENSG00000258466
RDH11	14	68143518	68162531	-	ENSG00000072042
RDH12	14	68168603	68201169	+	ENSG00000139988
ZFYVE26	14	68194091	68283307	-	ENSG00000072121
RAD51B	14	68286496	69196935	+	ENSG00000182185
ZFP36L1	14	69254377	69263190	-	ENSG00000185650
ACTN1	14	69340860	69446157	-	ENSG00000072110
DCAF5	14	69517598	69619867	-	ENSG00000139990
EXD2	14	69658228	69709075	+	ENSG00000081177
GALNT16	14	69725994	69821183	+	ENSG00000100626
ERH	14	69846848	69865344	-	ENSG00000100632
SLC39A9	14	69864732	69929105	+	ENSG00000029364
PLEKHD1	14	69951409	69995215	+	ENSG00000175985
KIAA0247	14	70078313	70181859	+	ENSG00000100647
SRSF5	14	70193617	70238722	+	ENSG00000100650
SLC10A1	14	70242134	70264006	-	ENSG00000100652
SMOC1	14	70320848	70499083	+	ENSG00000198732
SLC8A3	14	70510934	70655787	-	ENSG00000100678
COX16	14	70791798	70826448	-	ENSG00000133983
SYNJ2BP	14	70838148	70883778	-	ENSG00000213463
ADAM21	14	70918874	70926622	+	ENSG00000139985
ADAM20	14	70989075	71001732	-	ENSG00000134007
MED6	14	71047974	71067384	-	ENSG00000133997
TTC9	14	71108504	71142077	+	ENSG00000133985
MAP3K9	14	71189243	71276251	-	ENSG00000006432
PCNX	14	71374122	71582099	+	ENSG00000100731
AC004817.1	14	71683031	71683462	-	ENSG00000267901
SIPA1L1	14	71787166	72207946	+	ENSG00000197555
RGS6	14	72399156	73030654	+	ENSG00000182732
AC005477.1	14	72456191	72458326	-	ENSG00000257040
DPF3	14	73086004	73360809	-	ENSG00000205683
DCAF4	14	73393040	73426411	+	ENSG00000119599
ZFYVE1	14	73436159	73493920	-	ENSG00000165861
RBM25	14	73525144	73588122	+	ENSG00000119707
PSEN1	14	73603126	73690399	+	ENSG00000080815
PAPLN	14	73704205	73741348	+	ENSG00000100767
NUMB	14	73741815	73930348	-	ENSG00000133961
HEATR4	14	73945189	74025651	-	ENSG00000187105
ACOT1	14	74003818	74010498	+	ENSG00000184227
ACOT2	14	74034324	74042357	+	ENSG00000119673
ACOT4	14	74058410	74063200	+	ENSG00000177465
ACOT6	14	74077649	74086592	+	ENSG00000205669
DNAL1	14	74111578	74170435	+	ENSG00000119661
PNMA1	14	74178494	74181128	-	ENSG00000176903
ELMSAN1	14	74181825	74256988	-	ENSG00000156030
PTGR2	14	74318547	74353530	+	ENSG00000140043
RP5-1021I20.4	14	74318674	74398981	+	ENSG00000258653
ZNF410	14	74353320	74399214	+	ENSG00000119725
FAM161B	14	74398204	74417117	-	ENSG00000156050
COQ6	14	74416629	74430373	+	ENSG00000119723
ENTPD5	14	74424713	74486102	-	ENSG00000187097
CCDC176	14	74486056	74549566	+	ENSG00000119636
ALDH6A1	14	74523553	74551196	-	ENSG00000119711
LIN52	14	74551499	74667936	+	ENSG00000205659
VSX2	14	74706175	74729441	+	ENSG00000119614
ABCD4	14	74752126	74769759	-	ENSG00000119688
VRTN	14	74769772	74826711	+	ENSG00000133980
SYNDIG1L	14	74872596	74892805	-	ENSG00000183379
NPC2	14	74942895	74960880	-	ENSG00000119655
ISCA2	14	74960423	74963809	+	ENSG00000165898
LTBP2	14	74964873	75079306	-	ENSG00000119681
AREL1	14	75120140	75179818	-	ENSG00000119682
AC007956.1	14	75158879	75179800	-	ENSG00000214670
FCF1	14	75179847	75203394	+	ENSG00000119616
YLPM1	14	75230069	75322244	+	ENSG00000119596
PROX2	14	75319736	75330537	-	ENSG00000119608
DLST	14	75348594	75370448	+	ENSG00000119689
RPS6KL1	14	75370657	75390099	-	ENSG00000198208
PGF	14	75408537	75422487	-	ENSG00000119630
EIF2B2	14	75469614	75476292	+	ENSG00000119718
MLH3	14	75480467	75518235	-	ENSG00000119684
ACYP1	14	75519924	75536186	-	ENSG00000119640
ZC2HC1C	14	75530873	75545126	+	ENSG00000119703
NEK9	14	75548822	75594047	-	ENSG00000119638
TMED10	14	75598173	75643334	-	ENSG00000170348
RP11-293M10.1	14	75705319	75735986	-	ENSG00000258740
FOS	14	75745477	75748933	+	ENSG00000170345
JDP2	14	75894419	75940814	+	ENSG00000140044
BATF	14	75988768	76013358	+	ENSG00000156127
FLVCR2	14	76044960	76129557	+	ENSG00000119686
TTLL5	14	76099968	76421421	+	ENSG00000119685
C14orf1	14	76116134	76127532	-	ENSG00000133935
IFT43	14	76368479	76550928	+	ENSG00000119650
TGFB3	14	76424442	76449334	-	ENSG00000119699
GPATCH2L	14	76618259	76720685	+	ENSG00000089916
ESRRB	14	76776957	76968178	+	ENSG00000119715
VASH1	14	77228532	77249354	+	ENSG00000071246
ANGEL1	14	77253588	77292589	-	ENSG00000013523
C14orf166B	14	77292715	77336645	+	ENSG00000100565
IRF2BPL	14	77490888	77495034	-	ENSG00000119669
CIPC	14	77564440	77583630	+	ENSG00000198894
RP11-463C8.4	14	77564654	77691805	+	ENSG00000259164
TMEM63C	14	77582911	77725838	+	ENSG00000165548
ZDHHC22	14	77597613	77609077	-	ENSG00000177108
AC007375.1	14	77607026	77609339	+	ENSG00000269883
NGB	14	77731826	77737655	-	ENSG00000165553
POMT2	14	77741299	77787227	-	ENSG00000009830
GSTZ1	14	77787227	77797940	+	ENSG00000100577
TMED8	14	77801364	77843452	-	ENSG00000100580
SAMD15	14	77843032	77857840	+	ENSG00000100583
NOXRED1	14	77860364	77889860	-	ENSG00000165555
FKSG61	14	77882741	77883115	+	ENSG00000268156
VIPAS39	14	77893018	77924295	-	ENSG00000151445
AHSA1	14	77924213	77935817	+	ENSG00000100591
ISM2	14	77940740	77965210	-	ENSG00000100593
SPTLC2	14	77972340	78083116	-	ENSG00000100596
ALKBH1	14	78138747	78174363	-	ENSG00000100601
SLIRP	14	78174414	78227447	+	ENSG00000119705
SNW1	14	78183942	78227550	-	ENSG00000100603
C14orf178	14	78227173	78236085	+	ENSG00000197734
AC008372.1	14	78227711	78228033	-	ENSG00000268208
ADCK1	14	78266426	78401355	+	ENSG00000063761
NRXN3	14	78708734	80330762	+	ENSG00000021645
DIO2	14	80663873	80854100	-	ENSG00000211448
CEP128	14	80943330	81425861	-	ENSG00000100629
TSHR	14	81421333	81612646	+	ENSG00000165409
GTF2A1	14	81641796	81687721	-	ENSG00000165417
STON2	14	81727000	81902809	-	ENSG00000140022
SEL1L	14	81937893	82000205	-	ENSG00000071537
RP11-497E19.2	14	85994943	85995730	+	ENSG00000258945
FLRT2	14	85996488	86095034	+	ENSG00000185070
RP11-322L20.1	14	87372122	87389099	+	ENSG00000258804
GALC	14	88304164	88460009	-	ENSG00000054983
GPR65	14	88471468	88478419	+	ENSG00000140030
KCNK10	14	88649113	88793251	-	ENSG00000100433
SPATA7	14	88851268	88936694	+	ENSG00000042317
PTPN21	14	88932122	89021077	-	ENSG00000070778
ZC3H14	14	89029253	89079853	+	ENSG00000100722
EML5	14	89078775	89259096	-	ENSG00000165521
TTC8	14	89290497	89344335	+	ENSG00000165533
FOXN3	14	89591215	90085493	-	ENSG00000053254
RP11-944C7.1	14	90095265	90109015	-	ENSG00000258792
EFCAB11	14	90261013	90421121	-	ENSG00000140025
TDP1	14	90421283	90511106	+	ENSG00000042088
KCNK13	14	90528109	90652201	+	ENSG00000152315
PSMC1	14	90722839	90738968	+	ENSG00000100764
NRDE2	14	90742580	90798481	-	ENSG00000119720
CALM1	14	90862846	90874605	+	ENSG00000198668
TTC7B	14	91006932	91282823	-	ENSG00000165914
RPS6KA5	14	91336799	91526980	-	ENSG00000100784
C14orf159	14	91526677	91691976	+	ENSG00000133943
GPR68	14	91698876	91720269	-	ENSG00000119714
CTD-2547L24.3	14	91709103	91717426	+	ENSG00000258875
CCDC88C	14	91737667	91884188	-	ENSG00000015133
SMEK1	14	91923955	91976898	-	ENSG00000100796
AL133373.1	14	92038788	92041383	-	ENSG00000268657
CATSPERB	14	92047040	92247051	-	ENSG00000133962
TC2N	14	92246095	92333880	-	ENSG00000165929
FBLN5	14	92335756	92414331	-	ENSG00000140092
TRIP11	14	92432335	92507240	-	ENSG00000100815
ATXN3	14	92524896	92572965	-	ENSG00000066427
NDUFB1	14	92582466	92588261	-	ENSG00000183648
CPSF2	14	92588281	92630755	+	ENSG00000165934
SLC24A4	14	92788925	92962596	+	ENSG00000140090
RIN3	14	92980118	93155339	+	ENSG00000100599
LGMN	14	93170152	93215047	-	ENSG00000100600
GOLGA5	14	93260576	93306308	+	ENSG00000066455
CHGA	14	93389425	93401638	+	ENSG00000100604
ITPK1	14	93403259	93582665	-	ENSG00000100605
MOAP1	14	93648541	93651273	-	ENSG00000165943
TMEM251	14	93651296	93653434	+	ENSG00000153485
RP11-371E8.4	14	93651318	93684932	+	ENSG00000259066
C14orf142	14	93669239	93673439	-	ENSG00000170270
UBR7	14	93673401	93695561	+	ENSG00000012963
BTBD7	14	93703896	93799438	-	ENSG00000011114
UNC79	14	93799565	94174222	+	ENSG00000133958
COX8C	14	93813537	93814702	+	ENSG00000187581
PRIMA1	14	94184644	94254827	-	ENSG00000175785
FAM181A	14	94385240	94395954	+	ENSG00000140067
ASB2	14	94400499	94443137	-	ENSG00000100628
RP11-131H24.4	14	94405901	94410475	+	ENSG00000258987
OTUB2	14	94492675	94515276	+	ENSG00000089723
DDX24	14	94517266	94547591	-	ENSG00000089737
IFI27L1	14	94547628	94570192	+	ENSG00000165948
IFI27	14	94571182	94583033	+	ENSG00000165949
IFI27L2	14	94594116	94596590	-	ENSG00000119632
PPP4R4	14	94612465	94746072	+	ENSG00000119698
SERPINA10	14	94749650	94759608	-	ENSG00000140093
SERPINA6	14	94770585	94789731	-	ENSG00000170099
SERPINA1	14	94843084	94857030	-	ENSG00000197249
SERPINA11	14	94908801	94919127	-	ENSG00000186910
SERPINA9	14	94929054	94946026	-	ENSG00000170054
SERPINA12	14	94953611	94984181	-	ENSG00000165953
SERPINA4	14	95027428	95036250	+	ENSG00000100665
SERPINA5	14	95027779	95059457	+	ENSG00000188488
RP11-986E7.7	14	95058395	95090983	+	ENSG00000273259
SERPINA3	14	95078714	95090392	+	ENSG00000196136
GSC	14	95234553	95236562	-	ENSG00000133937
DICER1	14	95552565	95624347	-	ENSG00000100697
CLMN	14	95648277	95786243	-	ENSG00000165959
SYNE3	14	95883831	95942173	-	ENSG00000176438
RP11-1070N10.3	14	95982473	95984248	+	ENSG00000258572
GLRX5	14	95999840	96011061	+	ENSG00000182512
TCL1B	14	96152754	96158980	+	ENSG00000213231
TCL1A	14	96176304	96180533	-	ENSG00000100721
C14orf132	14	96505661	96560417	+	ENSG00000227051
BDKRB2	14	96671016	96710666	+	ENSG00000168398
RP11-404P21.8	14	96671181	96730266	+	ENSG00000258691
BDKRB1	14	96722161	96735304	+	ENSG00000100739
DKFZP434O1614	14	96741383	96743060	-	ENSG00000258729
ATG2B	14	96747595	96830207	-	ENSG00000066739
GSKIP	14	96829814	96853625	+	ENSG00000100744
AK7	14	96858448	96955764	+	ENSG00000140057
PAPOLA	14	96967770	97033448	+	ENSG00000090060
VRK1	14	97263641	97398059	+	ENSG00000100749
RP11-204N11.1	14	98215601	98230326	-	ENSG00000258869
C14orf64	14	98391947	98444461	-	ENSG00000246223
C14orf177	14	99177950	99184098	+	ENSG00000176605
BCL11B	14	99635624	99737861	-	ENSG00000127152
SETD3	14	99864083	99947216	-	ENSG00000183576
CCNK	14	99947506	100001381	+	ENSG00000090061
CCDC85C	14	99977603	100070363	-	ENSG00000205476
HHIPL1	14	100111447	100146906	+	ENSG00000182218
CYP46A1	14	100150641	100193638	+	ENSG00000036530
EML1	14	100204030	100408397	+	ENSG00000066629
EVL	14	100437786	100610573	+	ENSG00000196405
DEGS2	14	100612756	100626500	-	ENSG00000168350
YY1	14	100704635	100749129	+	ENSG00000100811
SLC25A29	14	100757448	100772884	-	ENSG00000197119
SLC25A47	14	100789674	100796715	+	ENSG00000140107
WARS	14	100800125	100843142	-	ENSG00000140105
WDR25	14	100842755	100996640	+	ENSG00000176473
BEGAIN	14	101003486	101053750	-	ENSG00000183092
DLK1	14	101192042	101201539	+	ENSG00000185559
AL117190.2	14	101295066	101295537	-	ENSG00000267918
RTL1	14	101346992	101351184	-	ENSG00000254656
AL117190.3	14	101359265	101360646	+	ENSG00000269375
DIO3	14	102027688	102029789	+	ENSG00000197406
RP11-796G6.2	14	102196774	102198859	+	ENSG00000258512
PPP2R5C	14	102228135	102394326	+	ENSG00000078304
DYNC1H1	14	102430865	102517129	+	ENSG00000197102
HSP90AA1	14	102547075	102606036	-	ENSG00000080824
WDR20	14	102605840	102691184	+	ENSG00000140153
MOK	14	102690837	102771537	-	ENSG00000080823
ZNF839	14	102783714	102809044	+	ENSG00000022976
CINP	14	102808956	102829253	-	ENSG00000100865
TECPR2	14	102829300	102968818	+	ENSG00000196663
ANKRD9	14	102973179	102976136	-	ENSG00000156381
RCOR1	14	103058998	103196913	+	ENSG00000089902
TRAF3	14	103243813	103377837	+	ENSG00000131323
AMN	14	103388993	103399933	+	ENSG00000166126
CDC42BPB	14	103398716	103523799	-	ENSG00000198752
EXOC3L4	14	103566481	103576896	+	ENSG00000205436
TNFAIP2	14	103589779	103603776	+	ENSG00000185215
EIF5	14	103799881	103811362	+	ENSG00000100664
MARK3	14	103851729	103970168	+	ENSG00000075413
CKB	14	103985996	103989448	-	ENSG00000166165
TRMT61A	14	103995521	104003410	+	ENSG00000166166
BAG5	14	104022881	104029168	-	ENSG00000166170
KLC1	14	104028233	104167888	+	ENSG00000126214
APOPT1	14	104029299	104073860	+	ENSG00000256053
RP11-73M18.2	14	104029299	104152261	+	ENSG00000256500
XRCC3	14	104163946	104181841	-	ENSG00000126215
AL049840.1	14	104177607	104179149	+	ENSG00000224997
ZFYVE21	14	104182067	104200005	+	ENSG00000100711
PPP1R13B	14	104200089	104313927	-	ENSG00000088808
C14orf2	14	104378625	104394606	-	ENSG00000156411
TDRD9	14	104394799	104519004	+	ENSG00000156414
RD3L	14	104406763	104408645	-	ENSG00000227729
ASPG	14	104552016	104579098	+	ENSG00000166183
KIF26A	14	104605060	104647231	+	ENSG00000066735
C14orf144	14	104710541	104712473	+	ENSG00000228032
TMEM179	14	104941015	105071984	-	ENSG00000258986
C14orf180	14	105046021	105056852	+	ENSG00000184601
INF2	14	105155943	105185942	+	ENSG00000203485
ADSSL1	14	105190523	105213662	+	ENSG00000185100
SIVA1	14	105219437	105234831	+	ENSG00000184990
AKT1	14	105235686	105262088	-	ENSG00000142208
ZBTB42	14	105266933	105271049	+	ENSG00000179627
CEP170B	14	105331617	105363107	+	ENSG00000099814
PLD4	14	105391153	105399574	+	ENSG00000166428
AHNAK2	14	105403581	105444694	-	ENSG00000185567
C14orf79	14	105452112	105476819	+	ENSG00000140104
CDCA4	14	105475910	105487485	-	ENSG00000170779
GPR132	14	105515728	105531782	-	ENSG00000183484
JAG2	14	105607318	105635161	-	ENSG00000184916
NUDT14	14	105639275	105647660	-	ENSG00000183828
BRF1	14	105675623	105781926	-	ENSG00000185024
BTBD6	14	105714827	105717430	+	ENSG00000184887
PACS2	14	105766900	105864484	+	ENSG00000179364
TEX22	14	105864916	105916443	+	ENSG00000226174
MTA1	14	105886159	105937066	+	ENSG00000182979
CRIP2	14	105939299	105946499	+	ENSG00000182809
C14orf80	14	105956192	105965912	+	ENSG00000185347
TMEM121	14	105992940	105996539	+	ENSG00000184986
KIAA0125	14	106383838	106391825	+	ENSG00000226777
GOLGA6L6	15	20737094	20747114	-	ENSG00000215405
AC012414.1	15	21004687	21005367	+	ENSG00000268343
POTEB2	15	21040701	21071643	-	ENSG00000230031
DKFZP547L112	15	22011370	22012050	+	ENSG00000268531
POTEB	15	22051853	22083227	-	ENSG00000233917
OR4M2	15	22368478	22369561	+	ENSG00000182974
OR4N4	15	22382382	22383507	+	ENSG00000183706
AC010760.1	15	22456895	22460351	+	ENSG00000269182
GOLGA6L1	15	22736246	22746002	+	ENSG00000197414
TUBGCP5	15	22833395	22873892	+	ENSG00000153575
CYFIP1	15	22892005	23006016	+	ENSG00000068793
NIPA2	15	23004684	23034427	-	ENSG00000140157
NIPA1	15	23043277	23100005	-	ENSG00000170113
GOLGA8I	15	23255242	23268823	+	ENSG00000153666
RP11-467N20.5	15	23405069	23414193	-	ENSG00000259455
GOLGA8S	15	23599895	23612378	+	ENSG00000261739
GOLGA6L2	15	23684645	23692381	-	ENSG00000174450
MKRN3	15	23810454	23873064	+	ENSG00000179455
MAGEL2	15	23888691	23891175	-	ENSG00000254585
NDN	15	23930565	23932450	-	ENSG00000182636
NPAP1	15	24920541	24928593	+	ENSG00000185823
SNRPN	15	25068794	25223870	+	ENSG00000128739
UBE3A	15	25582381	25684128	-	ENSG00000114062
ATP10A	15	25922420	26110317	-	ENSG00000206190
GABRB3	15	26788693	27184686	-	ENSG00000166206
GABRA5	15	27111510	27194354	+	ENSG00000186297
GABRG3	15	27216429	27778373	+	ENSG00000182256
OCA2	15	28000021	28344504	-	ENSG00000104044
HERC2	15	28356186	28567298	-	ENSG00000128731
GOLGA8F	15	28623767	28637170	+	ENSG00000153684
GOLGA8G	15	28764757	28778160	-	ENSG00000183629
GOLGA8M	15	28947100	28983530	-	ENSG00000188626
APBA2	15	29129629	29410518	+	ENSG00000034053
FAM189A1	15	29412457	29862927	-	ENSG00000104059
NDNL2	15	29560353	29562033	-	ENSG00000185115
TJP1	15	29991571	30261068	-	ENSG00000104067
GOLGA8J	15	30375158	30385702	+	ENSG00000179938
GOLGA8T	15	30427352	30437770	+	ENSG00000261247
CHRFAM7A	15	30653443	30686052	-	ENSG00000166664
GOLGA8R	15	30695943	30706463	-	ENSG00000186399
GOLGA8Q	15	30844183	30854704	+	ENSG00000178115
GOLGA8H	15	30896329	30906764	+	ENSG00000261794
ARHGAP11B	15	30916697	31065196	+	ENSG00000187951
FAN1	15	31196055	31235311	+	ENSG00000198690
MTMR10	15	31231144	31283810	-	ENSG00000166912
TRPM1	15	31293264	31453476	-	ENSG00000134160
KLF13	15	31619058	31727868	+	ENSG00000169926
OTUD7A	15	31775329	32162992	-	ENSG00000169918
CHRNA7	15	32322691	32464722	+	ENSG00000175344
GOLGA8K	15	32684983	32695396	-	ENSG00000249931
AC139426.2	15	32694108	32695493	-	ENSG00000233812
GOLGA8O	15	32737307	32747835	-	ENSG00000206127
AC135983.2	15	32774822	32780287	+	ENSG00000268759
GOLGA8N	15	32885657	32896179	+	ENSG00000232653
ARHGAP11A	15	32907345	32932150	+	ENSG00000198826
SCG5	15	32933877	32989299	+	ENSG00000166922
GREM1	15	33010175	33026870	+	ENSG00000166923
FMN1	15	33057747	33486897	-	ENSG00000248905
RYR3	15	33603163	34158303	+	ENSG00000198838
AVEN	15	34158428	34331377	-	ENSG00000169857
CHRM5	15	34260921	34357291	+	ENSG00000184984
EMC7	15	34376218	34394149	-	ENSG00000134153
PGBD4	15	34394274	34396591	+	ENSG00000182405
KATNBL1	15	34432875	34502297	-	ENSG00000134152
EMC4	15	34517200	34522357	+	ENSG00000128463
SLC12A6	15	34525460	34630261	-	ENSG00000140199
NOP10	15	34633917	34635378	-	ENSG00000182117
NUTM1	15	34635516	34649938	+	ENSG00000184507
LPCAT4	15	34651106	34659479	-	ENSG00000176454
GOLGA8A	15	34671269	34880704	-	ENSG00000175265
GOLGA8B	15	34817408	34880704	-	ENSG00000215252
GJD2	15	35043233	35047166	-	ENSG00000159248
ACTC1	15	35080297	35088340	-	ENSG00000159251
AQR	15	35147732	35262040	-	ENSG00000021776
ZNF770	15	35270542	35280488	-	ENSG00000198146
AC114546.1	15	35270552	35272268	+	ENSG00000212768
DPH6	15	35509546	35838394	-	ENSG00000134146
C15orf41	15	36871812	37102449	+	ENSG00000186073
MEIS2	15	37181406	37393504	-	ENSG00000134138
TMCO5A	15	38214140	38259925	+	ENSG00000166069
SPRED1	15	38544527	38649450	+	ENSG00000166068
FAM98B	15	38746328	38779911	+	ENSG00000171262
RASGRP1	15	38780304	38857776	-	ENSG00000172575
C15orf53	15	38988799	38992239	+	ENSG00000175779
C15orf54	15	39542885	39547046	+	ENSG00000175746
THBS1	15	39873280	39891667	+	ENSG00000137801
FSIP1	15	39892232	40075031	-	ENSG00000150667
GPR176	15	40091233	40213093	-	ENSG00000166073
EIF2AK4	15	40226347	40327797	+	ENSG00000128829
SRP14	15	40327940	40331389	-	ENSG00000140319
BMF	15	40380091	40401093	-	ENSG00000104081
BUB1B	15	40453224	40513337	+	ENSG00000156970
PAK6	15	40509629	40569688	+	ENSG00000137843
RP11-133K1.2	15	40509629	40568597	+	ENSG00000259288
C15orf56	15	40542865	40545170	-	ENSG00000176753
PLCB2	15	40570377	40600136	-	ENSG00000137841
ANKRD63	15	40573645	40574787	-	ENSG00000230778
C15orf52	15	40623653	40633168	-	ENSG00000188549
PHGR1	15	40643234	40648635	+	ENSG00000233041
DISP2	15	40650436	40663257	+	ENSG00000140323
KNSTRN	15	40674922	40686447	+	ENSG00000128944
IVD	15	40697686	40728146	+	ENSG00000128928
BAHD1	15	40731920	40760441	+	ENSG00000140320
CHST14	15	40763160	40765353	+	ENSG00000169105
C15orf57	15	40820882	40857256	-	ENSG00000128891
RPUSD2	15	40861499	40866659	+	ENSG00000166133
CASC5	15	40886218	40956540	+	ENSG00000137812
RAD51	15	40986972	41024354	+	ENSG00000051180
RMDN3	15	41028082	41048049	-	ENSG00000137824
GCHFR	15	41056218	41059906	+	ENSG00000137880
DNAJC17	15	41060067	41099675	-	ENSG00000104129
C15orf62	15	41062159	41064643	+	ENSG00000188277
ZFYVE19	15	41099284	41106767	+	ENSG00000166140
PPP1R14D	15	41107650	41120907	-	ENSG00000166143
SPINT1	15	41136216	41150405	+	ENSG00000166145
RHOV	15	41164412	41166487	-	ENSG00000104140
VPS18	15	41186628	41196173	+	ENSG00000104142
DLL4	15	41221538	41231237	+	ENSG00000128917
CHAC1	15	41245160	41248710	+	ENSG00000128965
INO80	15	41271078	41408552	-	ENSG00000128908
EXD1	15	41474923	41522941	-	ENSG00000178997
CHP1	15	41523037	41574043	+	ENSG00000187446
OIP5	15	41601466	41624819	-	ENSG00000104147
NUSAP1	15	41624892	41673248	+	ENSG00000137804
NDUFAF1	15	41679551	41694717	-	ENSG00000137806
RTF1	15	41700606	41775761	+	ENSG00000137815
ITPKA	15	41785591	41795747	+	ENSG00000137825
LTK	15	41795836	41806085	-	ENSG00000062524
RPAP1	15	41809374	41836467	-	ENSG00000103932
TYRO3	15	41849873	41871536	+	ENSG00000092445
MGA	15	41913422	42062141	+	ENSG00000174197
MAPKBP1	15	42066632	42120053	+	ENSG00000137802
AC073657.1	15	42073346	42076229	-	ENSG00000268632
JMJD7	15	42120283	42129779	+	ENSG00000243789
PLA2G4B	15	42120283	42140345	+	ENSG00000243708
JMJD7-PLA2G4B	15	42120293	42140353	+	ENSG00000168970
SPTBN5	15	42140345	42186275	-	ENSG00000137877
EHD4	15	42190950	42264776	-	ENSG00000103966
PLA2G4E	15	42273780	42343388	-	ENSG00000188089
PLA2G4D	15	42359207	42386752	-	ENSG00000159337
PLA2G4F	15	42433332	42448839	-	ENSG00000168907
VPS39	15	42450899	42500514	-	ENSG00000166887
TMEM87A	15	42502730	42565861	-	ENSG00000103978
GANC	15	42565431	42645864	+	ENSG00000214013
CAPN3	15	42640301	42704516	+	ENSG00000092529
ZNF106	15	42705021	42783321	-	ENSG00000103994
SNAP23	15	42783431	42837547	+	ENSG00000092531
LRRC57	15	42834720	42841000	-	ENSG00000180979
HAUS2	15	42841008	42862192	+	ENSG00000137814
STARD9	15	42867857	43013179	+	ENSG00000159433
CDAN1	15	43015757	43029324	-	ENSG00000140326
TTBK2	15	43030932	43213007	-	ENSG00000128881
UBR1	15	43235095	43398311	-	ENSG00000159459
EPB42	15	43398423	43513481	-	ENSG00000166947
TMEM62	15	43415477	43477344	+	ENSG00000137842
CCNDBP1	15	43477316	43487396	+	ENSG00000166946
TGM5	15	43524793	43559055	-	ENSG00000104055
TGM7	15	43568478	43594453	-	ENSG00000159495
LCMT2	15	43619974	43622803	-	ENSG00000168806
ADAL	15	43622872	43646096	+	ENSG00000168803
ZSCAN29	15	43650370	43663223	-	ENSG00000140265
TUBGCP4	15	43661419	43699293	+	ENSG00000137822
TP53BP1	15	43699407	43802926	-	ENSG00000067369
MAP1A	15	43803156	43823818	+	ENSG00000166963
PPIP5K1	15	43825660	43882430	-	ENSG00000168781
CKMT1B	15	43885252	43897099	+	ENSG00000237289
STRC	15	43891596	44010458	-	ENSG00000242866
CATSPER2	15	43920701	43960316	-	ENSG00000166762
CKMT1A	15	43985084	43991420	+	ENSG00000223572
PDIA3	15	44038590	44065477	+	ENSG00000167004
ELL3	15	44064798	44069741	-	ENSG00000128886
RP11-296A16.1	15	44064815	44091331	-	ENSG00000262560
SERF2	15	44069285	44094787	+	ENSG00000140264
AC018512.1	15	44075041	44075231	-	ENSG00000268488
SERINC4	15	44086360	44092419	-	ENSG00000184716
HYPK	15	44088340	44095241	+	ENSG00000242028
MFAP1	15	44096690	44117000	-	ENSG00000140259
WDR76	15	44119161	44160617	+	ENSG00000092470
FRMD5	15	44162962	44487450	-	ENSG00000171877
CASC4	15	44580927	44707956	+	ENSG00000166734
CTDSPL2	15	44719432	44821236	+	ENSG00000137770
EIF3J	15	44829255	44855227	+	ENSG00000104131
SPG11	15	44854894	44955876	-	ENSG00000104133
PATL2	15	44957930	45003514	-	ENSG00000229474
B2M	15	45003675	45011075	+	ENSG00000166710
TRIM69	15	45021186	45060027	+	ENSG00000185880
C15orf43	15	45248900	45271427	+	ENSG00000167014
SORD	15	45315302	45369383	+	ENSG00000140263
DUOX2	15	45384848	45406542	-	ENSG00000140279
DUOXA2	15	45406519	45410619	+	ENSG00000140274
DUOXA1	15	45409569	45422136	-	ENSG00000140254
DUOX1	15	45422131	45457774	+	ENSG00000137857
SHF	15	45459412	45493373	-	ENSG00000138606
SLC28A2	15	45544428	45568149	+	ENSG00000137860
GATM	15	45653322	45694525	-	ENSG00000171766
SPATA5L1	15	45694529	45713617	+	ENSG00000171763
C15orf48	15	45722727	45740959	+	ENSG00000166920
SLC30A4	15	45771809	45815005	-	ENSG00000104154
BLOC1S6	15	45879321	45908197	+	ENSG00000104164
RP11-96O20.4	15	45879549	45968512	+	ENSG00000260170
SQRDL	15	45923346	45983492	+	ENSG00000137767
FKSG62	15	47425693	47426320	-	ENSG00000259752
SEMA6D	15	47476298	48066420	+	ENSG00000137872
SLC24A5	15	48413169	48434869	+	ENSG00000188467
MYEF2	15	48431625	48470714	-	ENSG00000104177
CTXN2	15	48483736	48495953	+	ENSG00000233932
SLC12A1	15	48483861	48596275	+	ENSG00000074803
DUT	15	48623208	48635570	+	ENSG00000128951
FBN1	15	48700503	48938046	-	ENSG00000166147
CEP152	15	49005125	49103343	-	ENSG00000103995
SHC4	15	49115932	49255641	-	ENSG00000185634
EID1	15	49170083	49172380	+	ENSG00000255302
SECISBP2L	15	49280673	49338760	-	ENSG00000138593
COPS2	15	49398268	49447858	-	ENSG00000166200
GALK2	15	49447853	49660066	+	ENSG00000156958
FAM227B	15	49619159	49913128	-	ENSG00000166262
FGF7	15	49715293	49780972	+	ENSG00000140285
DTWD1	15	49913177	49937333	+	ENSG00000104047
ATP8B4	15	50150435	50475014	-	ENSG00000104043
SLC27A2	15	50474393	50528592	+	ENSG00000140284
HDC	15	50534144	50558223	-	ENSG00000140287
GABPB1	15	50569389	50647605	-	ENSG00000104064
USP8	15	50716577	50793280	+	ENSG00000138592
USP50	15	50792759	50838905	-	ENSG00000170236
TRPM7	15	50844670	50979012	-	ENSG00000092439
SPPL2A	15	50999506	51058005	-	ENSG00000138600
AP4E1	15	51200869	51298097	+	ENSG00000081014
TNFAIP8L3	15	51348795	51397473	-	ENSG00000183578
CYP19A1	15	51500254	51630807	-	ENSG00000137869
GLDN	15	51633826	51700210	+	ENSG00000186417
DMXL2	15	51739908	51915030	-	ENSG00000104093
SCG3	15	51973550	52013223	+	ENSG00000104112
LYSMD2	15	52015208	52043782	-	ENSG00000140280
TMOD2	15	52043758	52108565	+	ENSG00000128872
TMOD3	15	52121825	52239492	+	ENSG00000138594
LEO1	15	52230222	52264003	-	ENSG00000166477
MAPK6	15	52244303	52358462	+	ENSG00000069956
BCL2L10	15	52401460	52404972	-	ENSG00000137875
GNB5	15	52413117	52483566	-	ENSG00000069966
MYO5C	15	52484519	52587995	-	ENSG00000128833
MYO5A	15	52599480	52821247	-	ENSG00000197535
ARPP19	15	52839242	52862080	-	ENSG00000128989
FAM214A	15	52873514	53002014	-	ENSG00000047346
ONECUT1	15	53049637	53083273	-	ENSG00000169856
WDR72	15	53805938	54055075	-	ENSG00000166415
UNC13C	15	54305101	54920806	+	ENSG00000137766
RSL24D1	15	55473004	55489265	-	ENSG00000137876
RAB27A	15	55495164	55611311	-	ENSG00000069974
PIGB	15	55611158	55647846	+	ENSG00000069943
CCPG1	15	55632230	55700708	-	ENSG00000260916
C15orf65	15	55700746	55710962	+	ENSG00000261652
DYX1C1	15	55702723	55800432	-	ENSG00000256061
PYGO1	15	55831088	55881145	-	ENSG00000171016
PRTG	15	55903744	56035288	-	ENSG00000166450
NEDD4	15	56119120	56285944	-	ENSG00000069869
RFX7	15	56379478	56535483	-	ENSG00000181827
TEX9	15	56536207	56738195	+	ENSG00000151575
MNS1	15	56713742	56757335	-	ENSG00000138587
ZNF280D	15	56922379	57210769	-	ENSG00000137871
TCF12	15	57210821	57591479	+	ENSG00000140262
CGNL1	15	57668165	57842925	+	ENSG00000128849
GCOM1	15	57884106	58006943	+	ENSG00000137878
MYZAP	15	57884139	57977562	+	ENSG00000263155
POLR2M	15	57884231	58074960	+	ENSG00000255529
ALDH1A2	15	58245622	58790065	-	ENSG00000128918
AQP9	15	58430368	58478110	+	ENSG00000103569
LIPC	15	58702768	58861151	+	ENSG00000166035
ADAM10	15	58887403	59042177	-	ENSG00000137845
FAM63B	15	59063391	59154099	+	ENSG00000128923
RNF111	15	59157374	59389618	+	ENSG00000157450
SLTM	15	59171244	59225852	-	ENSG00000137776
CCNB2	15	59397277	59417244	+	ENSG00000157456
MYO1E	15	59427113	59665099	-	ENSG00000157483
C15ORF31	15	59439899	59440054	+	ENSG00000268327
LDHAL6B	15	59499042	59500705	+	ENSG00000171989
FAM81A	15	59664892	59815748	+	ENSG00000157470
GCNT3	15	59887074	59932438	+	ENSG00000140297
GTF2A2	15	59930261	59949740	-	ENSG00000140307
BNIP2	15	59951345	59981733	-	ENSG00000140299
FOXB1	15	60296421	60353929	+	ENSG00000171956
ANXA2	15	60639333	60695082	-	ENSG00000182718
NARG2	15	60711808	60771359	-	ENSG00000128915
RORA	15	60780483	61521518	-	ENSG00000069667
VPS13C	15	62144588	62352672	-	ENSG00000129003
C2CD4A	15	62359176	62363116	+	ENSG00000198535
C2CD4B	15	62455734	62457482	-	ENSG00000205502
TLN2	15	62682725	63136830	+	ENSG00000171914
RP11-625H11.1	15	62929371	62937490	-	ENSG00000259458
TPM1	15	63334831	63364114	+	ENSG00000140416
LACTB	15	63413999	63434260	+	ENSG00000103642
RPS27L	15	63418071	63450220	-	ENSG00000185088
RAB8B	15	63481668	63559981	+	ENSG00000166128
APH1B	15	63568217	63601325	+	ENSG00000138613
CA12	15	63613577	63674360	-	ENSG00000074410
USP3	15	63796793	63886839	+	ENSG00000140455
FBXL22	15	63889552	63894627	+	ENSG00000197361
HERC1	15	63900817	64126141	-	ENSG00000103657
DAPK2	15	64199235	64364232	-	ENSG00000035664
FAM96A	15	64364758	64386217	-	ENSG00000166797
SNX1	15	64386322	64438289	+	ENSG00000028528
SNX22	15	64443914	64449680	+	ENSG00000157734
PPIB	15	64448011	64455404	-	ENSG00000166794
CSNK1G1	15	64457716	64648442	-	ENSG00000169118
CTD-2116N17.1	15	64472547	64665980	-	ENSG00000259316
KIAA0101	15	64657193	64679886	-	ENSG00000166803
TRIP4	15	64679947	64747502	+	ENSG00000103671
ZNF609	15	64752941	64978264	+	ENSG00000180357
OAZ2	15	64979772	64995480	-	ENSG00000180304
RBPMS2	15	65032091	65067786	-	ENSG00000166831
PIF1	15	65107831	65117867	-	ENSG00000140451
AC069368.3	15	65134082	65223118	+	ENSG00000249240
PLEKHO2	15	65134088	65160206	+	ENSG00000241839
ANKDD1A	15	65204101	65251042	+	ENSG00000166839
SPG21	15	65255362	65282648	-	ENSG00000090487
MTFMT	15	65294845	65321977	-	ENSG00000103707
SLC51B	15	65337708	65345734	+	ENSG00000186198
RASL12	15	65345679	65369028	-	ENSG00000103710
KBTBD13	15	65369154	65372276	+	ENSG00000234438
UBAP1L	15	65385338	65407535	-	ENSG00000246922
PDCD7	15	65409717	65426174	-	ENSG00000090470
CLPX	15	65440557	65477680	-	ENSG00000166855
CILP	15	65488337	65503826	-	ENSG00000138615
PARP16	15	65526798	65592956	-	ENSG00000138617
IGDCC3	15	65619465	65670378	-	ENSG00000174498
IGDCC4	15	65673802	65715410	-	ENSG00000103742
DPP8	15	65734801	65810042	-	ENSG00000074603
PTPLAD1	15	65822756	65870687	+	ENSG00000074696
VWA9	15	65871091	65903627	-	ENSG00000138614
SLC24A1	15	65903704	65953333	+	ENSG00000074621
DENND4A	15	65950384	66084631	-	ENSG00000174485
RAB11A	15	66018392	66184329	+	ENSG00000103769
MEGF11	15	66187417	66546085	-	ENSG00000157890
DIS3L	15	66585555	66626236	+	ENSG00000166938
TIPIN	15	66628544	66679084	-	ENSG00000075131
MAP2K1	15	66679155	66784650	+	ENSG00000169032
SNAPC5	15	66782473	66790151	-	ENSG00000174446
RPL4	15	66790355	66816870	-	ENSG00000174444
ZWILCH	15	66797297	66842115	+	ENSG00000174442
LCTL	15	66839517	66858317	-	ENSG00000188501
RP11-321F6.1	15	66874528	66978132	+	ENSG00000259471
SMAD6	15	66994566	67074338	+	ENSG00000137834
SMAD3	15	67356101	67487533	+	ENSG00000166949
RP11-342M21.2	15	67435072	67439277	-	ENSG00000259202
AAGAB	15	67493371	67547533	-	ENSG00000103591
IQCH	15	67547138	67794598	+	ENSG00000103599
C15orf61	15	67813406	67819628	+	ENSG00000189227
MAP2K5	15	67835047	68099461	+	ENSG00000137764
SKOR1	15	68112042	68126899	+	ENSG00000188779
PIAS1	15	68346517	68483096	+	ENSG00000033800
CALML4	15	68483043	68498417	-	ENSG00000129007
RP11-315D16.2	15	68486139	68522056	-	ENSG00000260007
CLN6	15	68499330	68549549	-	ENSG00000128973
FEM1B	15	68570141	68588203	+	ENSG00000169018
ITGA11	15	68594050	68724501	-	ENSG00000137809
CORO2B	15	68871308	69020145	+	ENSG00000103647
ANP32A	15	69070874	69113236	-	ENSG00000140350
SPESP1	15	69110560	69239150	+	ENSG00000258484
NOX5	15	69222864	69355083	+	ENSG00000255346
GLCE	15	69452923	69564556	+	ENSG00000138604
PAQR5	15	69591286	69700119	+	ENSG00000137819
KIF23	15	69706585	69740764	+	ENSG00000137807
RPLP1	15	69745123	69748255	+	ENSG00000137818
TLE3	15	70340129	70390515	-	ENSG00000140332
UACA	15	70946893	71055932	-	ENSG00000137831
LARP6	15	71123863	71146498	-	ENSG00000166173
LRRC49	15	71145578	71342414	+	ENSG00000137821
THAP10	15	71173681	71185124	-	ENSG00000129028
THSD4	15	71389291	72075722	+	ENSG00000187720
CT62	15	71402583	71407833	-	ENSG00000225362
MYO9A	15	72114632	72410918	-	ENSG00000066933
SENP8	15	72406599	72433311	+	ENSG00000166192
GRAMD2	15	72452148	72490126	-	ENSG00000175318
PKM	15	72491370	72524164	-	ENSG00000067225
PARP6	15	72533522	72565340	-	ENSG00000137817
HEXA	15	72635775	72668817	-	ENSG00000213614
TMEM202	15	72690614	72700370	+	ENSG00000187806
ARIH1	15	72766667	72879692	+	ENSG00000166233
GOLGA6B	15	72947079	72958735	+	ENSG00000215186
HIGD2B	15	72968124	72978490	-	ENSG00000175202
BBS4	15	72978527	73030817	+	ENSG00000140463
ADPGK	15	73043710	73078187	-	ENSG00000159322
NEO1	15	73344051	73597547	+	ENSG00000067141
HCN4	15	73612200	73661605	-	ENSG00000138622
C15orf60	15	73735499	73852355	+	ENSG00000183324
NPTN	15	73852355	73926475	-	ENSG00000156642
CD276	15	73976307	74006859	+	ENSG00000103855
C15orf59	15	74032141	74045088	-	ENSG00000205363
TBC1D21	15	74165949	74181555	+	ENSG00000167139
LOXL1	15	74218330	74244478	+	ENSG00000129038
STOML1	15	74275547	74286963	-	ENSG00000067221
PML	15	74287014	74340153	+	ENSG00000140464
GOLGA6A	15	74362198	74374891	-	ENSG00000159289
ISLR2	15	74392652	74430881	+	ENSG00000167178
RP11-247C2.2	15	74418256	74421619	-	ENSG00000248540
ISLR	15	74466012	74469213	+	ENSG00000129009
STRA6	15	74471807	74504608	-	ENSG00000137868
CCDC33	15	74509613	74628813	+	ENSG00000140481
CYP11A1	15	74630100	74660081	-	ENSG00000140459
SEMA7A	15	74701630	74726808	-	ENSG00000138623
UBL7	15	74738318	74753523	-	ENSG00000138629
ARID3B	15	74833518	74890472	+	ENSG00000179361
CLK3	15	74890841	74932057	+	ENSG00000179335
EDC3	15	74922899	74988633	-	ENSG00000179151
CYP1A1	15	75011883	75017951	-	ENSG00000140465
CYP1A2	15	75041185	75048543	+	ENSG00000140505
CSK	15	75074398	75095539	+	ENSG00000103653
LMAN1L	15	75105057	75118099	+	ENSG00000140506
CPLX3	15	75118888	75124141	+	ENSG00000213578
ULK3	15	75128457	75135687	-	ENSG00000140474
SCAMP2	15	75136071	75165706	-	ENSG00000140497
MPI	15	75182346	75191798	+	ENSG00000178802
FAM219B	15	75192328	75199462	-	ENSG00000178761
COX5A	15	75212132	75230509	-	ENSG00000178741
RPP25	15	75246757	75249805	-	ENSG00000178718
SCAMP5	15	75249560	75313837	+	ENSG00000198794
PPCDC	15	75315896	75409803	+	ENSG00000138621
C15orf39	15	75487984	75504510	+	ENSG00000167173
GOLGA6C	15	75550940	75562540	+	ENSG00000167195
GOLGA6D	15	75575176	75586816	+	ENSG00000140478
COMMD4	15	75628232	75634268	+	ENSG00000140365
NEIL1	15	75639296	75647592	+	ENSG00000140398
MAN2C1	15	75648133	75660971	-	ENSG00000140400
SIN3A	15	75661720	75748183	-	ENSG00000169375
PTPN9	15	75759462	75871630	-	ENSG00000169410
SNUPN	15	75890424	75918810	-	ENSG00000169371
IMP3	15	75931426	75941047	-	ENSG00000177971
SNX33	15	75940247	75954642	+	ENSG00000173548
CSPG4	15	75966663	76005189	-	ENSG00000173546
AC105020.1	15	75970672	75973093	+	ENSG00000203392
ODF3L1	15	76016318	76020029	+	ENSG00000182950
AC019294.1	15	76030311	76031568	+	ENSG00000256530
UBE2Q2	15	76135622	76193419	+	ENSG00000140367
FBXO22	15	76196200	76227609	+	ENSG00000167196
NRG4	15	76228310	76352136	-	ENSG00000169752
C15orf27	15	76352178	76521462	+	ENSG00000169758
ETFA	15	76507696	76603813	-	ENSG00000140374
ISL2	15	76629065	76634817	+	ENSG00000159556
SCAPER	15	76640526	77197785	-	ENSG00000140386
RCN2	15	77223960	77242601	+	ENSG00000117906
PSTPIP1	15	77285700	77329673	+	ENSG00000140368
TSPAN3	15	77336359	77376326	-	ENSG00000140391
PEAK1	15	77400471	77712486	-	ENSG00000173517
HMG20A	15	77712754	77777949	+	ENSG00000140382
LINGO1	15	77905369	78113242	-	ENSG00000169783
TBC1D2B	15	78276378	78370066	-	ENSG00000167202
SH2D7	15	78370150	78397251	+	ENSG00000183476
CIB2	15	78396948	78423886	-	ENSG00000136425
IDH3A	15	78423840	78464291	+	ENSG00000166411
ACSBG1	15	78459810	78538030	-	ENSG00000103740
DNAJA4	15	78556428	78574538	+	ENSG00000140403
WDR61	15	78570177	78592136	-	ENSG00000140395
CRABP1	15	78632666	78640572	+	ENSG00000166426
IREB2	15	78729773	78793798	+	ENSG00000136381
HYKK	15	78799906	78829714	+	ENSG00000188266
AC027228.1	15	78830023	78831288	+	ENSG00000268838
PSMA4	15	78832747	78841604	+	ENSG00000041357
CHRNA5	15	78857862	78887611	+	ENSG00000169684
CHRNA3	15	78885394	78913637	-	ENSG00000080644
CHRNB4	15	78916461	79020096	-	ENSG00000117971
ADAMTS7	15	79051545	79103773	-	ENSG00000136378
MORF4L1	15	79102829	79190475	+	ENSG00000185787
CTSH	15	79213400	79241916	-	ENSG00000103811
RASGRF1	15	79252289	79383115	-	ENSG00000058335
ANKRD34C	15	79575146	79590580	+	ENSG00000235711
TMED3	15	79603404	79704334	+	ENSG00000166557
KIAA1024	15	79724858	79764632	+	ENSG00000169330
MTHFS	15	80125927	80189721	-	ENSG00000136371
ST20-MTHFS	15	80137537	80216096	-	ENSG00000259332
ST20	15	80191182	80216044	-	ENSG00000180953
C15orf37	15	80215113	80217194	+	ENSG00000259642
C15ORF37	15	80215507	80217194	+	ENSG00000257028
BCL2A1	15	80253231	80263788	-	ENSG00000140379
ZFAND6	15	80351910	80430735	+	ENSG00000086666
FAH	15	80444832	80479288	+	ENSG00000103876
RP11-210M15.2	15	80637195	80695917	-	ENSG00000259495
ARNT2	15	80696692	80890278	+	ENSG00000172379
ABHD17C	15	80972025	81047962	+	ENSG00000136379
KIAA1199	15	81071684	81244117	+	ENSG00000103888
RP11-351M8.1	15	81188532	81202118	-	ENSG00000259649
MESDC2	15	81239667	81282219	-	ENSG00000117899
MESDC1	15	81293295	81296342	+	ENSG00000140406
C15orf26	15	81299374	81441516	+	ENSG00000156206
IL16	15	81451916	81605104	+	ENSG00000172349
STARD5	15	81601394	81616524	-	ENSG00000172345
TMC3	15	81623558	81666554	-	ENSG00000188869
MEX3B	15	82334119	82338482	-	ENSG00000183496
RP11-597K23.2	15	82380935	82390035	+	ENSG00000259518
EFTUD1	15	82422571	82555104	-	ENSG00000140598
FAM154B	15	82555151	82577271	+	ENSG00000188659
GOLGA6L10	15	82635130	82641706	-	ENSG00000205281
GOLGA6L9	15	82722223	82731338	+	ENSG00000197978
RPS17	15	82821158	82824972	-	ENSG00000184779
GOLGA6L18	15	82930438	82939159	-	ENSG00000215749
GOLGA6L19	15	83011379	83018198	-	ENSG00000259243
GOLGA6L20	15	83098710	83108085	+	ENSG00000196648
RPS17L	15	83205504	83209315	-	ENSG00000182774
RP11-152F13.10	15	83208783	83224682	-	ENSG00000260836
RP11-379H8.1	15	83209620	83231124	+	ENSG00000261086
CPEB1	15	83211951	83317612	-	ENSG00000214575
AP3B2	15	83328033	83378666	-	ENSG00000103723
FSD2	15	83424114	83474822	-	ENSG00000186628
WHAMM	15	83478380	83503611	+	ENSG00000156232
HOMER2	15	83509838	83654661	-	ENSG00000103942
FAM103A1	15	83654959	83659809	+	ENSG00000169612
C15orf40	15	83657193	83680393	-	ENSG00000169609
BTBD1	15	83685174	83736106	-	ENSG00000064726
TM6SF1	15	83776159	83813606	+	ENSG00000136404
HDGFRP3	15	83784320	83876770	-	ENSG00000166503
BNC1	15	83924655	83953466	-	ENSG00000169594
SH3GL3	15	84115980	84287495	+	ENSG00000140600
ADAMTSL3	15	84322838	84708594	+	ENSG00000156218
UBE2Q2L	15	84841242	84850986	+	ENSG00000259511
GOLGA6L4	15	84904525	84914120	+	ENSG00000184206
ZSCAN2	15	85144217	85171027	+	ENSG00000176371
WDR73	15	85185999	85197574	-	ENSG00000177082
NMB	15	85198360	85201794	-	ENSG00000197696
SEC11A	15	85212775	85259947	-	ENSG00000140612
ZNF592	15	85291866	85349659	+	ENSG00000166716
ALPK3	15	85359911	85416713	+	ENSG00000136383
SLC28A1	15	85427885	85518876	+	ENSG00000156222
PDE8A	15	85523671	85682376	+	ENSG00000073417
AKAP13	15	85923802	86292586	+	ENSG00000170776
KLHL25	15	86302554	86338261	-	ENSG00000183655
AGBL1	15	86685227	87572283	+	ENSG00000166748
NTRK3	15	88418230	88799999	-	ENSG00000140538
MRPL46	15	89002707	89010650	-	ENSG00000259494
MRPS11	15	89010684	89022222	+	ENSG00000181991
DET1	15	89054790	89089906	-	ENSG00000140543
AEN	15	89164527	89175513	+	ENSG00000181026
ISG20	15	89179384	89199714	+	ENSG00000172183
ACAN	15	89346674	89418585	+	ENSG00000157766
HAPLN3	15	89420519	89438857	-	ENSG00000140511
MFGE8	15	89441916	89456642	-	ENSG00000140545
ABHD2	15	89630690	89745591	+	ENSG00000140526
RLBP1	15	89753100	89764982	-	ENSG00000140522
FANCI	15	89787180	89860492	+	ENSG00000140525
POLG	15	89859534	89878092	-	ENSG00000140521
RHCG	15	89998680	90039844	-	ENSG00000140519
TICRR	15	90118713	90174287	+	ENSG00000140534
KIF7	15	90152020	90198682	-	ENSG00000166813
PLIN1	15	90207596	90222658	-	ENSG00000166819
PEX11A	15	90220995	90234014	-	ENSG00000166821
WDR93	15	90234028	90286869	+	ENSG00000140527
MESP1	15	90291892	90294541	-	ENSG00000166823
MESP2	15	90303822	90321982	+	ENSG00000188095
ANPEP	15	90328120	90358633	-	ENSG00000166825
AP3S2	15	90373831	90437574	-	ENSG00000157823
C15orf38-AP3S2	15	90377540	90456114	-	ENSG00000250021
C15orf38	15	90443159	90456188	-	ENSG00000242498
ZNF710	15	90544624	90625438	+	ENSG00000140548
IDH2	15	90626277	90645736	-	ENSG00000182054
SEMA4B	15	90703836	90772911	+	ENSG00000185033
CIB1	15	90773207	90777279	-	ENSG00000185043
GDPGP1	15	90777040	90785315	+	ENSG00000183208
TTLL13	15	90792762	90808199	+	ENSG00000213471
RP11-697E2.6	15	90792788	90815440	+	ENSG00000261147
NGRN	15	90808891	90816463	+	ENSG00000182768
GABARAPL3	15	90890819	90892669	-	ENSG00000238244
ZNF774	15	90895477	90909324	+	ENSG00000196391
IQGAP1	15	90931450	91045475	+	ENSG00000140575
CRTC3	15	91073157	91188577	+	ENSG00000140577
BLM	15	91260558	91358859	+	ENSG00000197299
FURIN	15	91411822	91426688	+	ENSG00000140564
FES	15	91426925	91439006	+	ENSG00000182511
MAN2A2	15	91445448	91465814	+	ENSG00000196547
UNC45A	15	91473410	91497323	+	ENSG00000140553
HDDC3	15	91474148	91475799	-	ENSG00000184508
RCCD1	15	91498100	91506349	+	ENSG00000166965
PRC1	15	91509270	91538859	-	ENSG00000198901
VPS33B	15	91541646	91565833	-	ENSG00000184056
SV2B	15	91643180	91844539	+	ENSG00000185518
SLCO3A1	15	92396925	92715665	+	ENSG00000176463
ST8SIA2	15	92937058	93011958	+	ENSG00000140557
C15orf32	15	93014884	93044347	+	ENSG00000183643
FAM174B	15	93160673	93353114	-	ENSG00000185442
CHD2	15	93426526	93571237	+	ENSG00000173575
RGMA	15	93586636	93632433	-	ENSG00000182175
AC112693.2	15	93749295	93751277	+	ENSG00000269360
MCTP2	15	94774767	95023632	+	ENSG00000140563
AC016251.1	15	96831280	96831660	-	ENSG00000205148
NR2F2	15	96869167	96883492	+	ENSG00000185551
AC087477.1	15	96904487	96904900	+	ENSG00000268484
SPATA8	15	97326619	97328845	+	ENSG00000185594
LINC00923	15	98285448	98417780	-	ENSG00000251209
ARRDC4	15	98462784	98517068	+	ENSG00000140450
FAM169B	15	98980391	99057611	-	ENSG00000185087
IGF1R	15	99192200	99507759	+	ENSG00000140443
PGPEP1L	15	99511459	99551024	-	ENSG00000183571
SYNM	15	99638420	99675798	+	ENSG00000182253
TTC23	15	99676528	99791428	-	ENSG00000103852
LRRC28	15	99791567	99930934	+	ENSG00000168904
AC022819.2	15	99859300	99859828	-	ENSG00000268730
MEF2A	15	100017370	100256671	+	ENSG00000068305
AC015660.1	15	100038447	100038578	-	ENSG00000269810
LYSMD4	15	100255902	100273766	-	ENSG00000183060
DKFZP779J2370	15	100255908	100258029	-	ENSG00000214397
CTD-2054N24.2	15	100347228	100417353	+	ENSG00000259363
ADAMTS17	15	100511794	100882210	-	ENSG00000140470
CERS3	15	100940600	101085200	-	ENSG00000154227
LINS	15	101099574	101143435	-	ENSG00000140471
ASB7	15	101142739	101191910	+	ENSG00000183475
ALDH1A3	15	101417919	101456831	+	ENSG00000184254
LRRK1	15	101459420	101610317	+	ENSG00000154237
CHSY1	15	101715928	101792137	-	ENSG00000131873
VIMP	15	101811022	101817705	-	ENSG00000131871
SNRPA1	15	101821715	101835487	-	ENSG00000131876
PCSK6	15	101840818	102065405	-	ENSG00000140479
TM2D3	15	102161847	102192594	-	ENSG00000184277
TARSL2	15	102193801	102264807	-	ENSG00000185418
RP11-89K11.1	15	102277302	102285913	-	ENSG00000259658
OR4F6	15	102345902	102346876	+	ENSG00000184140
OR4F15	15	102358366	102359350	+	ENSG00000182854
OR4F4	15	102462245	102463298	-	ENSG00000177693
WASH4P	16	64043	69452	-	ENSG00000234769
POLR3K	16	96407	103628	-	ENSG00000161980
SNRNP25	16	103010	107669	+	ENSG00000161981
RHBDF1	16	108058	126354	-	ENSG00000007384
MPG	16	127006	135852	+	ENSG00000103152
NPRL3	16	134273	188859	-	ENSG00000103148
HBZ	16	202686	204502	+	ENSG00000130656
HBM	16	203891	216767	+	ENSG00000206177
HBA2	16	222846	223709	+	ENSG00000188536
HBA1	16	226679	227521	+	ENSG00000206172
HBQ1	16	230452	231180	+	ENSG00000086506
LUC7L	16	238968	279462	-	ENSG00000007392
RGS11	16	318300	325980	-	ENSG00000076344
ARHGDIG	16	318726	333003	+	ENSG00000242173
PDIA2	16	333152	337215	+	ENSG00000185615
AXIN1	16	337440	402673	-	ENSG00000103126
MRPL28	16	417384	420527	-	ENSG00000086504
TMEM8A	16	420773	437113	-	ENSG00000129925
NME4	16	446725	460367	+	ENSG00000103202
DECR2	16	451826	462487	+	ENSG00000242612
RAB11FIP3	16	475619	573011	+	ENSG00000090565
CAPN15	16	577717	604636	+	ENSG00000103326
C16orf11	16	610422	615528	+	ENSG00000161992
PIGQ	16	616995	634136	+	ENSG00000007541
NHLRC4	16	616996	619495	+	ENSG00000257108
RAB40C	16	639357	679272	+	ENSG00000197562
WFIKKN1	16	679239	684116	+	ENSG00000127578
C16orf13	16	684429	686358	-	ENSG00000130731
FAM195A	16	691813	698474	+	ENSG00000172366
WDR90	16	699311	717833	+	ENSG00000161996
RHOT2	16	718086	724174	+	ENSG00000140983
RHBDL1	16	725666	728268	+	ENSG00000103269
STUB1	16	730224	732870	+	ENSG00000103266
JMJD8	16	731671	734529	-	ENSG00000161999
WDR24	16	734622	740444	-	ENSG00000127580
FBXL16	16	742500	755829	-	ENSG00000127585
METRN	16	765115	769655	+	ENSG00000103260
FAM173A	16	770581	772601	+	ENSG00000103254
CCDC78	16	772582	776954	-	ENSG00000162004
HAGHL	16	776936	785525	+	ENSG00000103253
NARFL	16	779753	791329	-	ENSG00000103245
MSLN	16	810762	818865	+	ENSG00000102854
MSLNL	16	819428	833370	-	ENSG00000162006
RPUSD1	16	834974	838397	-	ENSG00000007376
CHTF18	16	838046	850737	+	ENSG00000127586
GNG13	16	848041	850733	-	ENSG00000127588
PRR25	16	855443	863861	+	ENSG00000167945
LMF1	16	903634	1031318	-	ENSG00000103227
AC009041.2	16	1031252	1031663	+	ENSG00000269047
SOX8	16	1031808	1036979	+	ENSG00000005513
SSTR5	16	1122756	1131454	+	ENSG00000162009
C1QTNF8	16	1140005	1146244	-	ENSG00000184471
CACNA1H	16	1203241	1271771	+	ENSG00000196557
TPSG1	16	1271651	1275257	-	ENSG00000116176
TPSAB1	16	1290697	1292555	+	ENSG00000172236
TPSD1	16	1306060	1308532	+	ENSG00000095917
UBE2I	16	1355548	1377019	+	ENSG00000103275
BAIAP3	16	1383602	1399439	+	ENSG00000007516
TSR3	16	1399241	1401912	-	ENSG00000007520
GNPTG	16	1401924	1413352	+	ENSG00000090581
UNKL	16	1413206	1464752	-	ENSG00000059145
C16orf91	16	1469745	1479345	-	ENSG00000174109
CCDC154	16	1484384	1494557	-	ENSG00000197599
CLCN7	16	1494935	1525581	-	ENSG00000103249
PTX4	16	1535887	1538982	-	ENSG00000251692
TELO2	16	1543345	1560458	+	ENSG00000100726
IFT140	16	1560428	1662111	-	ENSG00000187535
TMEM204	16	1578689	1605581	+	ENSG00000131634
CRAMP1L	16	1662326	1727909	+	ENSG00000007545
LA16c-431H6.6	16	1682260	1736716	+	ENSG00000261732
HN1L	16	1728257	1752281	+	ENSG00000206053
MAPK8IP3	16	1756184	1820318	+	ENSG00000138834
NME3	16	1820287	1821731	-	ENSG00000103024
MRPS34	16	1821891	1823156	-	ENSG00000074071
EME2	16	1823208	1831709	+	ENSG00000197774
SPSB3	16	1826713	1843701	-	ENSG00000162032
NUBP2	16	1832902	1839192	+	ENSG00000095906
IGFALS	16	1840414	1844972	-	ENSG00000099769
HAGH	16	1845621	1877195	-	ENSG00000063854
FAHD1	16	1876968	1890208	+	ENSG00000180185
MEIOB	16	1883984	1934295	-	ENSG00000162039
HS3ST6	16	1961464	1968441	-	ENSG00000162040
MSRB1	16	1988211	1993327	-	ENSG00000198736
RPL3L	16	1993975	2007607	-	ENSG00000140986
NDUFB10	16	2009509	2011976	+	ENSG00000140990
RPS2	16	2012053	2014861	-	ENSG00000140988
RNF151	16	2016824	2018976	+	ENSG00000179580
TBL3	16	2022038	2032934	+	ENSG00000183751
NOXO1	16	2028918	2034193	-	ENSG00000196408
AC005606.1	16	2031633	2032918	+	ENSG00000269205
GFER	16	2034208	2037750	+	ENSG00000127554
SYNGR3	16	2039661	2044276	+	ENSG00000127561
ZNF598	16	2047655	2059824	-	ENSG00000167962
NPW	16	2059927	2070756	+	ENSG00000183971
SLC9A3R2	16	2075357	2089027	+	ENSG00000065054
NTHL1	16	2089816	2097867	-	ENSG00000065057
TSC2	16	2097466	2138716	+	ENSG00000103197
PKD1	16	2138711	2185899	-	ENSG00000008710
RAB26	16	2190804	2204166	+	ENSG00000167964
TRAF7	16	2205699	2228130	+	ENSG00000131653
CASKIN1	16	2227184	2246526	-	ENSG00000167971
MLST8	16	2254249	2259417	+	ENSG00000167965
BRICD5	16	2259254	2261951	-	ENSG00000182685
PGP	16	2261998	2264808	-	ENSG00000184207
E4F1	16	2273567	2285743	+	ENSG00000167967
DNASE1L2	16	2285817	2288712	+	ENSG00000167968
ECI1	16	2289396	2302301	-	ENSG00000167969
RNPS1	16	2303117	2318413	-	ENSG00000205937
AC009065.1	16	2303738	2312343	+	ENSG00000167970
ABCA3	16	2325882	2390747	-	ENSG00000167972
CCNF	16	2479395	2508855	+	ENSG00000162063
C16orf59	16	2510081	2514964	+	ENSG00000162062
NTN3	16	2521500	2524146	+	ENSG00000162068
TBC1D24	16	2525147	2555735	+	ENSG00000162065
RP11-20I23.1	16	2546033	2570219	+	ENSG00000260272
ATP6V0C	16	2563871	2570219	+	ENSG00000185883
ATP6C	16	2563966	2577956	+	ENSG00000259784
AMDHD2	16	2570358	2581423	+	ENSG00000162066
CEMP1	16	2577081	2581420	-	ENSG00000205923
PDPK1	16	2587965	2653189	+	ENSG00000140992
KCTD5	16	2732476	2759031	+	ENSG00000167977
PRSS27	16	2762419	2770552	-	ENSG00000172382
SRRM2	16	2802330	2822539	+	ENSG00000167978
TCEB2	16	2821415	2827298	-	ENSG00000103363
PRSS33	16	2833954	2837949	-	ENSG00000103355
PRSS21	16	2867164	2876305	+	ENSG00000007038
ZG16B	16	2880170	2888967	+	ENSG00000162078
PRSS22	16	2902728	2908171	-	ENSG00000005001
FLYWCH2	16	2933187	2949383	+	ENSG00000162076
FLYWCH1	16	2961938	3001209	+	ENSG00000059122
KREMEN2	16	3013945	3018384	+	ENSG00000131650
PKMYT1	16	3018025	3030540	-	ENSG00000127564
PAQR4	16	3019246	3023490	+	ENSG00000162073
CLDN9	16	3062457	3064506	+	ENSG00000213937
CLDN6	16	3064713	3070072	-	ENSG00000184697
TNFRSF12A	16	3068446	3072384	+	ENSG00000006327
HCFC1R1	16	3072621	3074287	-	ENSG00000103145
THOC6	16	3074028	3077756	+	ENSG00000131652
CCDC64B	16	3077683	3086927	-	ENSG00000162069
MMP25	16	3096682	3110727	+	ENSG00000008516
IL32	16	3115298	3131908	+	ENSG00000008517
ZSCAN10	16	3138891	3149318	-	ENSG00000130182
ZNF205	16	3162561	3170518	+	ENSG00000122386
ZNF213	16	3179778	3192806	+	ENSG00000085644
CASP16	16	3194220	3199964	+	ENSG00000228146
OR1F1	16	3254247	3255188	+	ENSG00000168124
ZNF200	16	3272325	3286221	-	ENSG00000010539
MEFV	16	3292028	3306627	-	ENSG00000103313
ZNF263	16	3313743	3351401	+	ENSG00000006194
TIGD7	16	3348832	3355729	-	ENSG00000140993
ZNF75A	16	3355406	3368852	+	ENSG00000162086
OR2C1	16	3405889	3406924	+	ENSG00000168158
MTRNR2L4	16	3421053	3422283	-	ENSG00000232196
ZSCAN32	16	3432085	3451065	-	ENSG00000140987
ZNF174	16	3451235	3459370	+	ENSG00000103343
ZNF597	16	3486104	3493542	-	ENSG00000167981
C16orf90	16	3543484	3545480	-	ENSG00000215131
CLUAP1	16	3550924	3589048	+	ENSG00000103351
SLX4	16	3631182	3661599	-	ENSG00000188827
DNASE1	16	3661729	3730144	+	ENSG00000213918
TRAP1	16	3701640	3767598	-	ENSG00000126602
CREBBP	16	3775055	3930727	-	ENSG00000005339
ADCY9	16	4003388	4166186	-	ENSG00000162104
SRL	16	4239375	4292081	-	ENSG00000185739
TFAP4	16	4307187	4323076	-	ENSG00000090447
GLIS2	16	4364762	4389598	+	ENSG00000126603
PAM16	16	4381550	4405608	-	ENSG00000217930
CORO7-PAM16	16	4390252	4470495	-	ENSG00000103426
CORO7	16	4404543	4475706	-	ENSG00000262246
VASN	16	4421849	4433529	+	ENSG00000168140
DNAJA3	16	4475806	4506776	+	ENSG00000103423
NMRAL1	16	4511681	4545764	-	ENSG00000153406
HMOX2	16	4524691	4560348	+	ENSG00000103415
CDIP1	16	4560676	4588829	-	ENSG00000089486
C16orf96	16	4606491	4650715	+	ENSG00000205832
UBALD1	16	4658884	4665028	-	ENSG00000153443
MGRN1	16	4666494	4740975	+	ENSG00000102858
NUDT16L1	16	4743695	4745860	+	ENSG00000168101
ANKS3	16	4746513	4784379	-	ENSG00000168096
C16orf71	16	4784273	4799397	+	ENSG00000166246
ZNF500	16	4798240	4817625	-	ENSG00000103199
SEPT12	16	4827670	4838522	-	ENSG00000140623
SMIM22	16	4838398	4846492	+	ENSG00000267795
ROGDI	16	4846969	4852951	-	ENSG00000067836
GLYR1	16	4853204	4897343	-	ENSG00000140632
UBN1	16	4896666	4932361	+	ENSG00000118900
PPL	16	4932508	5010742	-	ENSG00000118898
SEC14L5	16	5008318	5069159	+	ENSG00000103184
NAGPA	16	5074845	5084142	-	ENSG00000103174
ALG1	16	5083703	5137380	+	ENSG00000033011
C16orf89	16	5094123	5116111	-	ENSG00000153446
FAM86A	16	5134305	5147809	-	ENSG00000118894
RBFOX1	16	6069095	7763340	+	ENSG00000078328
TMEM114	16	8619502	8622304	-	ENSG00000232258
METTL22	16	8715540	8740081	+	ENSG00000067365
ABAT	16	8768422	8878432	+	ENSG00000183044
TMEM186	16	8874241	8891505	-	ENSG00000184857
PMM2	16	8882680	8943188	+	ENSG00000140650
CARHSP1	16	8946799	8962866	-	ENSG00000153048
USP7	16	8985951	9058371	-	ENSG00000187555
C16orf72	16	9185505	9215497	+	ENSG00000182831
RP11-297M9.1	16	9760742	9770700	-	ENSG00000260362
GRIN2A	16	9852376	10276611	-	ENSG00000183454
ATF7IP2	16	10420291	10577495	+	ENSG00000166669
EMP2	16	10622279	10674555	-	ENSG00000213853
TEKT5	16	10721358	10788802	-	ENSG00000153060
NUBP1	16	10837643	10863208	+	ENSG00000103274
TVP23A	16	10854776	10912651	-	ENSG00000166676
CIITA	16	10971055	11026079	+	ENSG00000179583
DEXI	16	11022748	11036317	-	ENSG00000182108
CLEC16A	16	11038345	11276046	+	ENSG00000038532
RMI2	16	11343476	11445619	+	ENSG00000175643
SOCS1	16	11348262	11350036	-	ENSG00000185338
TNP2	16	11361605	11363390	-	ENSG00000178279
PRM3	16	11367144	11367452	-	ENSG00000178257
PRM2	16	11369496	11370337	-	ENSG00000122304
PRM1	16	11374693	11375207	-	ENSG00000175646
CTD-3088G3.8	16	11453702	11617444	-	ENSG00000188897
LITAF	16	11641853	11730237	-	ENSG00000189067
SNN	16	11762270	11773015	+	ENSG00000184602
TXNDC11	16	11772936	11836734	-	ENSG00000153066
ZC3H7A	16	11844442	11891123	-	ENSG00000122299
RSL1D1	16	11929056	11945442	-	ENSG00000171490
GSPT1	16	11961985	12009939	-	ENSG00000103342
RP11-166B2.1	16	12021230	12070500	-	ENSG00000234719
TNFRSF17	16	12058964	12061925	+	ENSG00000048462
AC007216.2	16	12062000	12062333	-	ENSG00000269121
SNX29	16	12070594	12668146	+	ENSG00000048471
RP11-276H1.3	16	12180603	12184159	-	ENSG00000175604
CPPED1	16	12756919	12897874	-	ENSG00000103381
SHISA9	16	12995477	13334272	+	ENSG00000237515
ERCC4	16	14014014	14046202	+	ENSG00000175595
MKL2	16	14165178	14360630	+	ENSG00000186260
PARN	16	14529558	14726585	-	ENSG00000140694
AC092291.2	16	14564842	14565054	+	ENSG00000269049
BFAR	16	14726672	14763093	+	ENSG00000103429
PLA2G10	16	14766405	14788526	-	ENSG00000069764
NPIPA3	16	14802801	14820195	+	ENSG00000224712
NPIPA2	16	14841923	14859270	+	ENSG00000254852
NOMO1	16	14927538	14990017	+	ENSG00000103512
NPIPA1	16	15016659	15045915	+	ENSG00000183426
PDXDC1	16	15068448	15233196	+	ENSG00000179889
NTAN1	16	15131710	15149921	-	ENSG00000157045
RRN3	16	15153879	15188174	-	ENSG00000085721
NPIPA5	16	15457516	15474904	-	ENSG00000183793
MPV17L	16	15489611	15507125	+	ENSG00000156968
RP11-1021N1.1	16	15489611	15609205	+	ENSG00000261130
C16orf45	16	15528152	15718885	+	ENSG00000166780
KIAA0430	16	15688243	15737023	-	ENSG00000166783
NDE1	16	15737124	15820210	+	ENSG00000072864
MYH11	16	15797029	15950890	-	ENSG00000133392
FOPNL	16	15959577	15982482	-	ENSG00000133393
ABCC1	16	16043434	16236931	+	ENSG00000103222
ABCC6	16	16242785	16317379	-	ENSG00000091262
NOMO3	16	16326352	16388668	+	ENSG00000103226
XYLT1	16	17195626	17564738	-	ENSG00000103489
NPIPA8	16	18411799	18441131	-	ENSG00000214940
NOMO2	16	18511182	18573533	-	ENSG00000185164
RPS15A	16	18792617	18801705	-	ENSG00000134419
RP11-1035H13.3	16	18799385	18812841	-	ENSG00000260342
ARL6IP1	16	18802991	18813000	-	ENSG00000170540
SMG1	16	18816175	18937776	-	ENSG00000157106
TMC7	16	18995256	19075264	+	ENSG00000170537
COQ7	16	19078921	19091417	+	ENSG00000167186
ITPRIPL2	16	19125254	19132946	+	ENSG00000205730
CTD-2349B8.1	16	19125324	19184900	+	ENSG00000261427
SYT17	16	19179293	19279652	+	ENSG00000103528
CLEC19A	16	19297061	19333467	+	ENSG00000261210
TMC5	16	19421818	19510435	+	ENSG00000103534
GDE1	16	19513015	19533467	-	ENSG00000006007
CCP110	16	19535133	19564730	+	ENSG00000103540
C16orf62	16	19566562	19718115	+	ENSG00000103544
KNOP1	16	19714902	19729557	-	ENSG00000103550
IQCK	16	19727778	19868907	+	ENSG00000174628
GPRC5B	16	19868616	19897489	-	ENSG00000167191
GPR139	16	20042807	20085239	-	ENSG00000180269
GP2	16	20320894	20339130	-	ENSG00000169347
UMOD	16	20344374	20367623	-	ENSG00000169344
PDILT	16	20370492	20416059	-	ENSG00000169340
ACSM5	16	20420856	20452658	+	ENSG00000183549
ACSM2A	16	20462783	20498991	+	ENSG00000183747
AC137056.1	16	20499024	20500981	+	ENSG00000267824
ACSM2B	16	20547548	20587749	-	ENSG00000066813
ACSM3	16	20621565	20808903	+	ENSG00000005187
ACSM1	16	20634559	20710212	-	ENSG00000166743
THUMPD1	16	20744986	20753406	-	ENSG00000066654
ERI2	16	20791515	20911671	-	ENSG00000196678
AC004381.6	16	20817751	20860987	+	ENSG00000005189
DCUN1D3	16	20866247	20911706	-	ENSG00000188215
LYRM1	16	20911190	20936328	+	ENSG00000102897
DNAH3	16	20944433	21170762	-	ENSG00000158486
TMEM159	16	21169698	21191937	+	ENSG00000011638
ZP2	16	21208773	21225831	-	ENSG00000103310
ANKS4B	16	21244986	21263750	+	ENSG00000175311
CRYM	16	21250195	21314404	-	ENSG00000103316
NPIPB3	16	21413558	21459888	-	ENSG00000169246
METTL9	16	21608539	21668794	+	ENSG00000197006
IGSF6	16	21652609	21663981	-	ENSG00000140749
OTOA	16	21689835	21772050	+	ENSG00000155719
NPIPB4	16	21845890	21892148	-	ENSG00000185864
UQCRC2	16	21963981	21994981	+	ENSG00000140740
PDZD9	16	21995186	22012433	-	ENSG00000155714
C16orf52	16	22018959	22098855	+	ENSG00000185716
VWA3A	16	22103859	22168287	+	ENSG00000175267
SDR42E2	16	22177618	22203075	+	ENSG00000183921
EEF2K	16	22217603	22298554	+	ENSG00000103319
POLR3E	16	22308730	22346424	+	ENSG00000058600
CDR2	16	22357257	22448486	-	ENSG00000140743
NPIPB5	16	22490442	22547842	+	ENSG00000243716
HS3ST2	16	22825498	22927659	+	ENSG00000122254
USP31	16	23072727	23160591	-	ENSG00000103404
SCNN1G	16	23194036	23228204	+	ENSG00000166828
SCNN1B	16	23289552	23392620	+	ENSG00000168447
COG7	16	23399814	23464501	-	ENSG00000168434
GGA2	16	23474863	23533316	-	ENSG00000103365
EARS2	16	23533335	23569052	-	ENSG00000103356
UBFD1	16	23568392	23585710	+	ENSG00000103353
NDUFAB1	16	23592323	23607677	-	ENSG00000004779
PALB2	16	23614488	23652631	-	ENSG00000083093
DCTN5	16	23652713	23681195	+	ENSG00000166847
PLK1	16	23688977	23701688	+	ENSG00000166851
ERN2	16	23701647	23724821	-	ENSG00000134398
CHP2	16	23765948	23770272	+	ENSG00000166869
PRKCB	16	23847322	24231932	+	ENSG00000166501
CACNG3	16	24266874	24374122	+	ENSG00000006116
RBBP6	16	24549014	24584184	+	ENSG00000122257
TNRC6A	16	24741016	24838953	+	ENSG00000090905
SLC5A11	16	24857162	24922949	+	ENSG00000158865
ARHGAP17	16	24930706	25026987	-	ENSG00000140750
LCMT1	16	25123050	25189552	+	ENSG00000205629
AQP8	16	25227052	25240261	+	ENSG00000103375
ZKSCAN2	16	25247322	25269252	-	ENSG00000155592
HS3ST4	16	25703347	26149009	+	ENSG00000182601
KDM8	16	27214807	27233089	+	ENSG00000155666
NSMCE1	16	27236312	27280115	-	ENSG00000169189
CTD-3203P2.2	16	27279526	27301813	+	ENSG00000245888
IL4R	16	27324989	27376099	+	ENSG00000077238
IL21R	16	27413483	27462115	+	ENSG00000103522
GTF3C1	16	27470876	27561234	-	ENSG00000077235
KIAA0556	16	27561454	27791690	+	ENSG00000047578
GSG1L	16	27798850	28074830	-	ENSG00000169181
XPO6	16	28109300	28223241	-	ENSG00000169180
SBK1	16	28303840	28335170	+	ENSG00000188322
NPIPB6	16	28353876	28374829	-	ENSG00000198156
EIF3CL	16	28390900	28415200	-	ENSG00000205609
NPIPB7	16	28467693	28481868	-	ENSG00000233232
APOBR	16	28505970	28510291	+	ENSG00000184730
IL27	16	28510683	28523372	-	ENSG00000197272
NUPR1	16	28548606	28550495	-	ENSG00000176046
CCDC101	16	28565236	28603111	+	ENSG00000176476
SULT1A2	16	28603264	28608430	-	ENSG00000197165
SULT1A1	16	28616903	28634946	-	ENSG00000196502
NPIPB8	16	28648975	28670003	+	ENSG00000255524
EIF3C	16	28699879	28747051	+	ENSG00000184110
NPIPB9	16	28763108	28784128	+	ENSG00000196993
ATXN2L	16	28834356	28848558	+	ENSG00000168488
TUFM	16	28853732	28857729	-	ENSG00000178952
SH2B1	16	28857921	28885526	+	ENSG00000178188
ATP2A1	16	28889726	28915830	+	ENSG00000196296
RABEP2	16	28915742	28947847	-	ENSG00000177548
CD19	16	28943260	28950667	+	ENSG00000177455
NFATC2IP	16	28962128	28978418	+	ENSG00000176953
SPNS1	16	28985542	28995869	+	ENSG00000169682
LAT	16	28996147	29002104	+	ENSG00000213658
CTB-134H23.2	16	29049923	29064047	+	ENSG00000196796
NPIPB11	16	29392675	29415350	-	ENSG00000254206
RP11-345J4.5	16	29454551	29465972	-	ENSG00000261740
BOLA2	16	29464914	29466285	-	ENSG00000183336
SLX1B	16	29465822	29469540	+	ENSG00000181625
SULT1A4	16	29467127	29476300	+	ENSG00000213648
RP11-345J4.3	16	29476288	29479154	-	ENSG00000258150
RP11-231C14.4	16	29495010	29517320	-	ENSG00000169203
SPN	16	29674300	29682187	+	ENSG00000197471
QPRT	16	29674600	29710020	+	ENSG00000103485
C16orf54	16	29753784	29757327	-	ENSG00000185905
ZG16	16	29789561	29793096	+	ENSG00000174992
KIF22	16	29802040	29816706	+	ENSG00000079616
MAZ	16	29817427	29823649	+	ENSG00000103495
PRRT2	16	29823177	29827201	+	ENSG00000167371
MVP	16	29831715	29859355	+	ENSG00000013364
CDIPT	16	29869678	29875057	-	ENSG00000103502
SEZ6L2	16	29882480	29910868	-	ENSG00000174938
ASPHD1	16	29911696	29931185	+	ENSG00000174939
KCTD13	16	29916333	29938356	-	ENSG00000174943
TMEM219	16	29952206	29984373	+	ENSG00000149932
TAOK2	16	29984962	30003582	+	ENSG00000149930
HIRIP3	16	30003645	30007757	-	ENSG00000149929
INO80E	16	30006615	30017114	+	ENSG00000169592
DOC2A	16	30016830	30034591	-	ENSG00000149927
C16orf92	16	30034655	30039057	+	ENSG00000167194
FAM57B	16	30035748	30064299	-	ENSG00000149926
ALDOA	16	30064411	30081778	+	ENSG00000149925
PPP4C	16	30087299	30096698	+	ENSG00000149923
TBX6	16	30097114	30103208	-	ENSG00000149922
YPEL3	16	30103635	30108236	-	ENSG00000090238
GDPD3	16	30116131	30125177	-	ENSG00000102886
MAPK3	16	30125426	30134827	-	ENSG00000102882
CORO1A	16	30194148	30200397	+	ENSG00000102879
BOLA2B	16	30204255	30205627	-	ENSG00000169627
SLX1A	16	30205208	30208882	+	ENSG00000132207
SULT1A3	16	30205754	30215631	+	ENSG00000261052
RP11-347C12.3	16	30215637	30220392	-	ENSG00000258130
RP11-347C12.1	16	30234258	30265831	-	ENSG00000198064
CD2BP2	16	30362087	30366682	-	ENSG00000169217
TBC1D10B	16	30368423	30381585	-	ENSG00000169221
MYLPF	16	30382255	30389312	+	ENSG00000180209
ZNF48	16	30389427	30411429	+	ENSG00000180035
ZNF771	16	30418618	30440920	+	ENSG00000179965
DCTPP1	16	30434940	30441396	-	ENSG00000179958
SEPHS2	16	30454952	30457502	-	ENSG00000179918
ITGAL	16	30483979	30534506	+	ENSG00000005844
ZNF768	16	30535325	30538142	-	ENSG00000169957
AC002310.13	16	30545548	30569600	-	ENSG00000260869
ZNF764	16	30565085	30569819	-	ENSG00000169951
ZNF688	16	30580667	30584055	-	ENSG00000229809
ZNF785	16	30585061	30597092	-	ENSG00000197162
ZNF689	16	30613879	30635333	-	ENSG00000156853
PRR14	16	30662038	30667761	+	ENSG00000156858
FBRS	16	30669752	30682135	+	ENSG00000156860
SRCAP	16	30709530	30755602	+	ENSG00000080603
PHKG2	16	30759591	30772490	+	ENSG00000156873
C16orf93	16	30768744	30774031	-	ENSG00000196118
RNF40	16	30773066	30787628	+	ENSG00000103549
ZNF629	16	30789778	30798523	-	ENSG00000102870
BCL7C	16	30844947	30906281	-	ENSG00000099385
CTF1	16	30907928	30914881	+	ENSG00000150281
FBXL19	16	30934376	30960104	+	ENSG00000099364
ORAI3	16	30960387	30967782	+	ENSG00000175938
SETD1A	16	30968615	30996437	+	ENSG00000099381
HSD3B7	16	30996519	31000473	+	ENSG00000099377
AC135048.1	16	30996808	30997533	-	ENSG00000268863
STX1B	16	31000577	31021949	-	ENSG00000099365
STX4	16	31044210	31054296	+	ENSG00000103496
ZNF646	16	31085743	31095517	+	ENSG00000167395
PRSS53	16	31094746	31100949	-	ENSG00000151006
RP11-196G11.1	16	31094760	31106277	-	ENSG00000255439
VKORC1	16	31102163	31107301	-	ENSG00000167397
BCKDK	16	31117428	31124110	+	ENSG00000103507
KAT8	16	31127075	31142714	+	ENSG00000103510
PRSS8	16	31142756	31147083	-	ENSG00000052344
PRSS36	16	31150246	31161415	-	ENSG00000178226
FUS	16	31191431	31203127	+	ENSG00000089280
PYCARD	16	31212806	31214771	-	ENSG00000103490
C16orf98	16	31213206	31214773	+	ENSG00000261359
TRIM72	16	31225342	31236510	+	ENSG00000177238
PYDC1	16	31227283	31228680	-	ENSG00000169900
ITGAM	16	31271311	31344213	+	ENSG00000169896
ITGAX	16	31366455	31394318	+	ENSG00000140678
ITGAD	16	31404633	31437826	+	ENSG00000156886
COX6A2	16	31439052	31439967	-	ENSG00000156885
ZNF843	16	31445569	31454346	-	ENSG00000176723
ARMC5	16	31469401	31478487	+	ENSG00000140691
TGFB1I1	16	31482906	31489281	+	ENSG00000140682
SLC5A2	16	31494323	31502181	+	ENSG00000140675
C16orf58	16	31500792	31520630	-	ENSG00000140688
AHSP	16	31539185	31540124	+	ENSG00000169877
ZNF720	16	31724550	31806190	+	ENSG00000197302
ZNF267	16	31885079	31928668	+	ENSG00000185947
AC142381.1	16	32063311	32063601	+	ENSG00000223931
TP53TG3D	16	32264040	32267240	+	ENSG00000205456
TP53TG3	16	32684852	32688053	-	ENSG00000183632
TP53TG3C	16	33204156	33264727	+	ENSG00000205457
TP53TG3B	16	33261515	33264716	+	ENSG00000261509
RP11-812E19.9	16	33647044	33647696	-	ENSG00000259680
CTD-2144E22.5	16	34256507	34257278	+	ENSG00000179755
SHCBP1	16	46614466	46655538	-	ENSG00000171241
VPS35	16	46690054	46723430	-	ENSG00000069329
ORC6	16	46723555	46732306	+	ENSG00000091651
MYLK3	16	46740891	46824319	-	ENSG00000140795
C16orf87	16	46830519	46865323	-	ENSG00000155330
GPT2	16	46918290	46965209	+	ENSG00000166123
DNAJA2	16	46989299	47007699	-	ENSG00000069345
NETO2	16	47111614	47177908	-	ENSG00000171208
ITFG1	16	47188298	47498060	-	ENSG00000129636
PHKB	16	47495034	47735434	+	ENSG00000102893
ABCC12	16	48116884	48189929	-	ENSG00000140798
ABCC11	16	48200821	48281479	-	ENSG00000121270
LONP2	16	48278207	48397033	+	ENSG00000102910
SIAH1	16	48390275	48482313	-	ENSG00000196470
N4BP1	16	48572637	48654059	-	ENSG00000102921
CBLN1	16	49311828	49315742	-	ENSG00000102924
C16orf78	16	49407734	49433342	+	ENSG00000166152
ZNF423	16	49521435	49891830	-	ENSG00000102935
CNEP1R1	16	50058321	50070999	+	ENSG00000205423
HEATR3	16	50099852	50140298	+	ENSG00000155393
PAPD5	16	50186829	50269221	+	ENSG00000121274
ADCY7	16	50280048	50352046	+	ENSG00000121281
BRD7	16	50347398	50402845	-	ENSG00000166164
NKD1	16	50582241	50670647	+	ENSG00000140807
SNX20	16	50700211	50715264	-	ENSG00000167208
NOD2	16	50727514	50766988	+	ENSG00000167207
CYLD	16	50775961	50835846	+	ENSG00000083799
SALL1	16	51169886	51185278	-	ENSG00000103449
C16orf97	16	52039399	52112386	-	ENSG00000261190
TOX3	16	52471917	52581714	-	ENSG00000103460
CHD9	16	53088945	53363062	+	ENSG00000177200
RBL2	16	53467889	53525561	+	ENSG00000103479
AKTIP	16	53524952	53538323	-	ENSG00000166971
RPGRIP1L	16	53631595	53737850	-	ENSG00000103494
FTO	16	53737875	54155853	+	ENSG00000140718
RP11-324D17.1	16	54279456	54304658	-	ENSG00000259517
IRX3	16	54317216	54320675	-	ENSG00000177508
IRX5	16	54964774	54968397	+	ENSG00000176842
IRX6	16	55357672	55364672	+	ENSG00000159387
MMP2	16	55423612	55540603	+	ENSG00000087245
LPCAT2	16	55542910	55620582	+	ENSG00000087253
CAPNS2	16	55600584	55601599	+	ENSG00000256812
SLC6A2	16	55689516	55740104	+	ENSG00000103546
CES1	16	55836763	55867249	-	ENSG00000198848
CES5A	16	55880066	55989943	-	ENSG00000159398
GNAO1	16	56225302	56391356	+	ENSG00000087258
AMFR	16	56395364	56459450	-	ENSG00000159461
NUDT21	16	56463045	56486111	-	ENSG00000167005
OGFOD1	16	56485402	56513012	+	ENSG00000087263
BBS2	16	56500748	56554195	-	ENSG00000125124
MT4	16	56598961	56602869	+	ENSG00000102891
MT3	16	56622986	56625000	+	ENSG00000087250
MT2A	16	56642111	56643409	+	ENSG00000125148
MT1E	16	56659387	56661024	+	ENSG00000169715
AC026461.1	16	56662971	56666150	-	ENSG00000268317
MT1M	16	56666145	56667898	+	ENSG00000205364
MT1A	16	56672578	56673999	+	ENSG00000205362
MT1B	16	56685811	56687116	+	ENSG00000169688
MT1F	16	56691606	56694610	+	ENSG00000198417
MT1G	16	56700643	56701977	-	ENSG00000125144
MT1H	16	56703726	56705041	+	ENSG00000205358
MT1X	16	56716336	56718108	+	ENSG00000187193
NUP93	16	56764017	56878797	+	ENSG00000102900
SLC12A3	16	56899119	56949762	+	ENSG00000070915
HERPUD1	16	56965960	56977798	+	ENSG00000051108
CETP	16	56995762	57017757	+	ENSG00000087237
NLRC5	16	57023397	57117443	+	ENSG00000140853
CPNE2	16	57126449	57181878	+	ENSG00000140848
FAM192A	16	57186378	57220028	-	ENSG00000172775
RSPRY1	16	57220049	57274387	+	ENSG00000159579
ARL2BP	16	57279010	57287516	+	ENSG00000102931
PLLP	16	57290004	57318599	-	ENSG00000102934
CCL22	16	57392684	57400102	+	ENSG00000102962
CX3CL1	16	57406370	57418960	+	ENSG00000006210
CCL17	16	57438679	57449974	+	ENSG00000102970
CIAPIN1	16	57462081	57481440	-	ENSG00000005194
COQ9	16	57481337	57495187	+	ENSG00000088682
POLR2C	16	57496299	57505922	+	ENSG00000102978
DOK4	16	57505863	57521239	-	ENSG00000125170
CCDC102A	16	57546090	57570511	-	ENSG00000135736
GPR114	16	57576333	57625593	+	ENSG00000159618
GPR56	16	57644564	57698944	+	ENSG00000205336
GPR97	16	57702099	57723975	+	ENSG00000182885
CCDC135	16	57728705	57765717	+	ENSG00000159625
KATNB1	16	57769642	57791162	+	ENSG00000140854
KIFC3	16	57792129	57896957	-	ENSG00000140859
CTD-2600O9.1	16	57832098	57850850	+	ENSG00000187185
CNGB1	16	57917503	58005020	-	ENSG00000070729
TEPP	16	58010339	58022020	+	ENSG00000159648
ZNF319	16	58028572	58034357	-	ENSG00000166188
USB1	16	58033450	58055522	+	ENSG00000103005
MMP15	16	58059470	58080805	+	ENSG00000102996
C16orf80	16	58147496	58163354	-	ENSG00000070761
CSNK2A2	16	58191811	58231824	-	ENSG00000070770
CCDC113	16	58265061	58317740	+	ENSG00000103021
PRSS54	16	58313901	58328951	-	ENSG00000103023
GINS3	16	58328984	58440048	+	ENSG00000181938
NDRG4	16	58496750	58547532	+	ENSG00000103034
SETD6	16	58549383	58554431	+	ENSG00000103037
CNOT1	16	58553855	58663790	-	ENSG00000125107
SLC38A7	16	58699013	58719008	-	ENSG00000103042
GOT2	16	58741035	58768261	-	ENSG00000125166
RP11-105C20.2	16	59743897	59788752	-	ENSG00000260240
CDH8	16	61681146	62070939	-	ENSG00000150394
CDH11	16	64977656	65160015	-	ENSG00000140937
CDH5	16	66400533	66438686	+	ENSG00000179776
BEAN1	16	66461200	66527432	+	ENSG00000166546
RP11-403P17.5	16	66503715	66551215	-	ENSG00000260851
AC132186.1	16	66516775	66519747	-	ENSG00000247270
TK2	16	66541906	66586447	-	ENSG00000166548
CKLF	16	66586466	66600154	+	ENSG00000217555
CKLF-CMTM1	16	66586490	66613038	+	ENSG00000254788
CMTM1	16	66600294	66613040	+	ENSG00000089505
CMTM2	16	66613351	66622178	+	ENSG00000140932
CMTM3	16	66637777	66647795	+	ENSG00000140931
CMTM4	16	66648653	66730610	-	ENSG00000183723
DYNC1LI2	16	66754796	66785701	-	ENSG00000135720
CCDC79	16	66788879	66835523	-	ENSG00000249961
NAE1	16	66836778	66907159	-	ENSG00000159593
CA7	16	66878282	66888056	+	ENSG00000168748
PDP2	16	66912492	66929657	+	ENSG00000172840
CDH16	16	66942025	66952887	-	ENSG00000166589
RRAD	16	66955582	66959547	-	ENSG00000166592
FAM96B	16	66965959	66968326	-	ENSG00000166595
CES2	16	66968347	66978999	+	ENSG00000172831
CES3	16	66995140	67009051	+	ENSG00000172828
CES4A	16	67022492	67043661	+	ENSG00000172824
CBFB	16	67063019	67134961	+	ENSG00000067955
C16orf70	16	67143861	67182442	+	ENSG00000125149
B3GNT9	16	67182008	67185117	-	ENSG00000237172
TRADD	16	67188083	67194201	-	ENSG00000102871
FBXL8	16	67193834	67198473	+	ENSG00000135722
HSF4	16	67197288	67203848	+	ENSG00000102878
RP11-5A19.5	16	67197288	67199718	+	ENSG00000265690
NOL3	16	67204057	67209643	+	ENSG00000140939
KIAA0895L	16	67209505	67217943	-	ENSG00000196123
EXOC3L1	16	67218269	67224107	-	ENSG00000179044
E2F4	16	67226072	67232821	+	ENSG00000205250
ELMO3	16	67233014	67237932	+	ENSG00000102890
LRRC29	16	67241042	67260951	-	ENSG00000125122
AC040160.1	16	67244251	67260930	-	ENSG00000237102
TMEM208	16	67261006	67263181	+	ENSG00000168701
FHOD1	16	67263290	67281561	-	ENSG00000135723
SLC9A5	16	67271586	67306093	+	ENSG00000135740
PLEKHG4	16	67311413	67323402	+	ENSG00000196155
KCTD19	16	67323331	67360666	-	ENSG00000168676
LRRC36	16	67360701	67419106	+	ENSG00000159708
TPPP3	16	67423712	67427438	-	ENSG00000159713
ZDHHC1	16	67428322	67450736	-	ENSG00000159714
HSD11B2	16	67464555	67471456	+	ENSG00000176387
ATP6V0D1	16	67471917	67515140	-	ENSG00000159720
AGRP	16	67516474	67517716	-	ENSG00000159723
FAM65A	16	67552321	67580691	+	ENSG00000039523
CTCF	16	67596310	67673086	+	ENSG00000102974
RLTPR	16	67678822	67691472	+	ENSG00000159753
ACD	16	67691415	67694713	-	ENSG00000102977
PARD6A	16	67694849	67696681	+	ENSG00000102981
ENKD1	16	67696848	67701168	-	ENSG00000124074
C16orf86	16	67700719	67702661	+	ENSG00000159761
GFOD2	16	67708434	67753324	-	ENSG00000141098
RANBP10	16	67757005	67840555	-	ENSG00000141084
TSNAXIP1	16	67840668	67866051	+	ENSG00000102904
CENPT	16	67862060	67881714	-	ENSG00000102901
THAP11	16	67876213	67878097	+	ENSG00000168286
NUTF2	16	67880635	67906470	+	ENSG00000102898
EDC4	16	67906926	67918406	+	ENSG00000038358
NRN1L	16	67918708	67922758	+	ENSG00000188038
PSKH1	16	67927175	67963581	+	ENSG00000159792
CTRL	16	67961543	67966317	-	ENSG00000141086
CTC-479C5.12	16	67963517	67969920	-	ENSG00000261884
PSMB10	16	67968405	67970990	-	ENSG00000205220
LCAT	16	67973653	67978034	-	ENSG00000213398
SLC12A4	16	67977377	68003504	-	ENSG00000124067
DPEP3	16	68009566	68014732	-	ENSG00000141096
DPEP2	16	68021297	68034489	-	ENSG00000167261
DUS2	16	68021649	68113223	+	ENSG00000167264
DDX28	16	68055179	68057770	-	ENSG00000182810
NFATC3	16	68118654	68263162	+	ENSG00000072736
ESRP2	16	68263014	68272005	-	ENSG00000103067
PLA2G15	16	68279207	68294961	+	ENSG00000103066
SLC7A6	16	68298433	68335722	+	ENSG00000103064
SLC7A6OS	16	68318406	68344849	-	ENSG00000103061
PRMT7	16	68344877	68392466	+	ENSG00000132600
SMPD3	16	68392231	68482591	-	ENSG00000103056
ZFP90	16	68563993	68609975	+	ENSG00000184939
CDH3	16	68670092	68756519	+	ENSG00000062038
CDH1	16	68771128	68869451	+	ENSG00000039068
TANGO6	16	68877507	69119083	+	ENSG00000103047
HAS3	16	69139467	69152622	+	ENSG00000103044
CIRH1A	16	69165194	69265033	+	ENSG00000141076
SNTB2	16	69221032	69342955	+	ENSG00000168807
RP11-343C2.11	16	69333585	69354614	+	ENSG00000260914
VPS4A	16	69345259	69358949	+	ENSG00000132612
COG8	16	69354043	69373570	-	ENSG00000213380
PDF	16	69362524	69364498	-	ENSG00000258429
RP11-343C2.12	16	69362547	69368774	-	ENSG00000272617
RP11-343C2.9	16	69368994	69390209	-	ENSG00000260371
RP11-343C2.7	16	69369179	69385633	-	ENSG00000259900
NIP7	16	69373333	69377014	+	ENSG00000132603
TMED6	16	69377151	69385712	-	ENSG00000157315
TERF2	16	69389464	69442474	-	ENSG00000132604
CYB5B	16	69458428	69500169	+	ENSG00000103018
NFAT5	16	69598997	69738569	+	ENSG00000102908
NQO1	16	69740899	69760854	-	ENSG00000181019
NOB1	16	69775770	69788843	-	ENSG00000141101
WWP2	16	69796209	69975644	+	ENSG00000198373
CLEC18A	16	69984810	69998141	+	ENSG00000157322
PDPR	16	70147529	70195203	+	ENSG00000090857
CLEC18C	16	70207225	70221264	+	ENSG00000157335
AC009060.1	16	70239303	70239683	-	ENSG00000269746
FKSG63	16	70258261	70258641	+	ENSG00000269866
EXOSC6	16	70284134	70285833	-	ENSG00000223496
AARS	16	70286198	70323446	-	ENSG00000090861
DDX19B	16	70323566	70369186	+	ENSG00000157349
RP11-529K1.3	16	70333097	70400163	+	ENSG00000260537
DDX19A	16	70380732	70407286	+	ENSG00000168872
ST3GAL2	16	70413338	70473140	-	ENSG00000157350
FUK	16	70488324	70514177	+	ENSG00000157353
COG4	16	70514471	70557468	-	ENSG00000103051
SF3B3	16	70557691	70608820	+	ENSG00000189091
IL34	16	70613798	70694585	+	ENSG00000157368
MTSS1L	16	70695107	70719969	-	ENSG00000132613
FLJ00418	16	70695570	70699739	+	ENSG00000268927
VAC14	16	70721342	70835064	-	ENSG00000103043
HYDIN	16	70841281	71264625	-	ENSG00000157423
CMTR2	16	71315292	71323618	-	ENSG00000180917
CALB2	16	71392616	71424341	+	ENSG00000172137
ZNF23	16	71481500	71496998	-	ENSG00000167377
AC010547.9	16	71481503	71523214	-	ENSG00000261611
ZNF19	16	71498453	71598992	-	ENSG00000157429
CHST4	16	71559136	71572649	+	ENSG00000140835
TAT	16	71599563	71611033	-	ENSG00000198650
MARVELD3	16	71660064	71676017	+	ENSG00000140832
PHLPP2	16	71671738	71758604	-	ENSG00000040199
AP1G1	16	71762913	71843104	-	ENSG00000166747
ATXN1L	16	71879894	71919171	+	ENSG00000224470
IST1	16	71879899	71962913	+	ENSG00000182149
ZNF821	16	71893583	71929239	-	ENSG00000102984
DHODH	16	72042487	72058954	+	ENSG00000102967
TXNL4B	16	72078188	72128330	-	ENSG00000140830
HP	16	72088491	72094954	+	ENSG00000257017
HPR	16	72088522	72111145	+	ENSG00000261701
DHX38	16	72127461	72146811	+	ENSG00000140829
PMFBP1	16	72146056	72210777	-	ENSG00000118557
ZFHX3	16	72816784	73093597	-	ENSG00000140836
C16orf47	16	73160536	73178346	-	ENSG00000197445
PSMD7	16	74330673	74340186	+	ENSG00000103035
NPIPB15	16	74411776	74425978	+	ENSG00000196436
CLEC18B	16	74442529	74455368	-	ENSG00000140839
GLG1	16	74485856	74641012	-	ENSG00000090863
RFWD3	16	74655292	74700779	-	ENSG00000168411
MLKL	16	74705753	74734858	-	ENSG00000168404
FA2H	16	74746853	74808729	-	ENSG00000103089
WDR59	16	74907468	75034071	-	ENSG00000103091
ZNRF1	16	75032928	75144892	+	ENSG00000186187
LDHD	16	75145758	75150669	-	ENSG00000166816
ZFP1	16	75182390	75206134	+	ENSG00000184517
CTRB2	16	75237994	75241083	-	ENSG00000168928
CTRB1	16	75252898	75258822	+	ENSG00000168925
BCAR1	16	75262928	75301951	-	ENSG00000050820
CFDP1	16	75327596	75467383	-	ENSG00000153774
RP11-77K12.1	16	75446582	75498604	-	ENSG00000261717
TMEM170A	16	75476952	75499395	-	ENSG00000166822
CHST6	16	75510949	75529282	-	ENSG00000183196
RP11-77K12.7	16	75562430	75579326	-	ENSG00000260092
CHST5	16	75562433	75569145	-	ENSG00000135702
TMEM231	16	75572015	75590184	-	ENSG00000205084
GABARAPL2	16	75600249	75611779	+	ENSG00000034713
ADAT1	16	75630879	75657198	-	ENSG00000065457
KARS	16	75661622	75682541	-	ENSG00000065427
TERF2IP	16	75681684	75795770	+	ENSG00000166848
AC025287.1	16	75728367	75734089	-	ENSG00000214325
CNTNAP4	16	76311176	76593135	+	ENSG00000152910
RP11-58C22.1	16	76587314	76669520	+	ENSG00000261833
MON1B	16	77224732	77236302	+	ENSG00000103111
SYCE1L	16	77233294	77247112	+	ENSG00000205078
ADAMTS18	16	77281710	77469011	-	ENSG00000140873
NUDT7	16	77756411	77776157	+	ENSG00000140876
VAT1L	16	77822427	78014004	+	ENSG00000171724
CLEC3A	16	78056412	78100658	+	ENSG00000166509
WWOX	16	78133310	79246564	+	ENSG00000186153
PIH1	16	79015647	79015739	-	ENSG00000268977
MAF	16	79619740	79634611	-	ENSG00000178573
DYNLRB2	16	80574631	80584657	+	ENSG00000168589
CDYL2	16	80631803	80838226	-	ENSG00000166446
CMC2	16	81009698	81053875	-	ENSG00000103121
CENPN	16	81040103	81066719	+	ENSG00000166451
ATMIN	16	81069452	81080963	+	ENSG00000166454
C16orf46	16	81087102	81110872	-	ENSG00000166455
GCSH	16	81115566	81130008	-	ENSG00000140905
BCMO1	16	81272053	81324747	+	ENSG00000135697
GAN	16	81348557	81424489	+	ENSG00000261609
CMIP	16	81478775	81745367	+	ENSG00000153815
PLCG2	16	81772702	81991899	+	ENSG00000197943
SDR42E1	16	82031221	82045093	-	ENSG00000184860
HSD17B2	16	82068609	82132139	+	ENSG00000086696
MPHOSPH6	16	82181403	82203831	-	ENSG00000135698
CDH13	16	82660408	83830204	+	ENSG00000140945
HSBP1	16	83841448	83853342	+	ENSG00000230989
MLYCD	16	83932731	83949787	+	ENSG00000103150
RP11-505K9.4	16	83941738	83985058	+	ENSG00000260300
OSGIN1	16	83981887	83999937	+	ENSG00000140961
NECAB2	16	84002237	84036381	+	ENSG00000103154
SLC38A8	16	84043272	84076241	-	ENSG00000166558
MBTPS1	16	84087368	84150511	-	ENSG00000140943
HSDL1	16	84155886	84178797	-	ENSG00000103160
DNAAF1	16	84178865	84212373	+	ENSG00000154099
TAF1C	16	84211458	84220669	-	ENSG00000103168
ADAD2	16	84224744	84230774	+	ENSG00000140955
KCNG4	16	84255823	84273356	-	ENSG00000168418
WFDC1	16	84328252	84363450	+	ENSG00000103175
ATP2C2	16	84402133	84497793	+	ENSG00000064270
TLDC1	16	84511681	84587639	-	ENSG00000140950
COTL1	16	84599200	84651683	-	ENSG00000103187
KLHL36	16	84682131	84701292	+	ENSG00000135686
USP10	16	84733584	84813528	+	ENSG00000103194
CRISPLD2	16	84853590	84954374	+	ENSG00000103196
ZDHHC7	16	85007787	85045141	-	ENSG00000153786
KIAA0513	16	85061375	85127836	+	ENSG00000135709
FAM92B	16	85131965	85146114	-	ENSG00000153789
CTC-786C10.1	16	85204882	85218969	+	ENSG00000262601
RP11-680G10.1	16	85391069	85393055	+	ENSG00000261567
GSE1	16	85645015	85709810	+	ENSG00000131149
GINS2	16	85709804	85723679	-	ENSG00000131153
C16orf74	16	85723690	85784735	-	ENSG00000154102
EMC8	16	85805364	85833214	-	ENSG00000131148
COX4I1	16	85832239	85840650	+	ENSG00000131143
IRF8	16	85932409	85956215	+	ENSG00000140968
FOXF1	16	86544133	86548076	+	ENSG00000103241
MTHFSD	16	86563782	86588841	-	ENSG00000103248
FOXC2	16	86600857	86602539	+	ENSG00000176692
FOXL1	16	86609974	86615303	+	ENSG00000176678
C16orf95	16	87117168	87351022	-	ENSG00000260456
RP11-178L8.4	16	87336482	87367879	-	ENSG00000131152
FBXO31	16	87360593	87425748	-	ENSG00000103264
MAP1LC3B	16	87417601	87438385	+	ENSG00000140941
ZCCHC14	16	87439852	87525651	-	ENSG00000140948
JPH3	16	87635441	87731762	+	ENSG00000154118
AC010536.1	16	87727144	87729753	-	ENSG00000226180
KLHDC4	16	87730091	87799598	-	ENSG00000104731
FLJ00104	16	87731749	87739290	-	ENSG00000205047
SLC7A5	16	87863629	87903094	-	ENSG00000103257
CA5A	16	87921625	87970135	-	ENSG00000174990
BANP	16	87982850	88110924	+	ENSG00000172530
ZNF469	16	88493879	88507165	+	ENSG00000225614
ZFPM1	16	88519725	88603424	+	ENSG00000179588
ZC3H18	16	88636789	88698374	+	ENSG00000158545
IL17C	16	88704999	88706881	+	ENSG00000124391
CYBA	16	88709691	88717560	-	ENSG00000051523
MVD	16	88718343	88729569	-	ENSG00000167508
SNAI3	16	88744090	88752901	-	ENSG00000185669
RNF166	16	88762903	88772829	-	ENSG00000158717
CTU2	16	88772871	88781794	+	ENSG00000174177
PIEZO1	16	88781751	88851619	-	ENSG00000103335
CDT1	16	88869621	88875666	+	ENSG00000167513
APRT	16	88875747	88878352	-	ENSG00000198931
GALNS	16	88880142	88923378	-	ENSG00000141012
AC092384.1	16	88894366	88894545	+	ENSG00000269422
TRAPPC2L	16	88922628	88929094	+	ENSG00000167515
PABPN1L	16	88928034	88933068	-	ENSG00000205022
CBFA2T3	16	88941266	89043612	-	ENSG00000129993
RP11-830F9.6	16	89006197	89017932	+	ENSG00000205018
ACSF3	16	89154783	89222254	+	ENSG00000176715
CDH15	16	89238175	89261900	+	ENSG00000129910
SLC22A31	16	89262406	89268072	-	ENSG00000259803
ZNF778	16	89284118	89295363	+	ENSG00000170100
ANKRD11	16	89334038	89556969	-	ENSG00000167522
AC137932.1	16	89334512	89339452	+	ENSG00000268218
SPG7	16	89557325	89624176	+	ENSG00000197912
RPL13	16	89627065	89630950	+	ENSG00000167526
CPNE7	16	89642176	89663654	+	ENSG00000178773
DPEP1	16	89679716	89704839	+	ENSG00000015413
CHMP1A	16	89710839	89724253	-	ENSG00000131165
SPATA33	16	89724210	89737680	+	ENSG00000167523
CDK10	16	89747145	89762772	+	ENSG00000185324
RP11-368I7.4	16	89749028	89752977	-	ENSG00000260259
SPATA2L	16	89762751	89768113	-	ENSG00000158792
VPS9D1	16	89773542	89787394	-	ENSG00000075399
ZNF276	16	89786808	89807311	+	ENSG00000158805
FANCA	16	89803957	89883065	-	ENSG00000187741
SPIRE2	16	89884587	89937727	+	ENSG00000204991
TCF25	16	89940000	89977792	+	ENSG00000141002
MC1R	16	89978527	89987385	+	ENSG00000258839
DEF8	16	90014333	90034468	+	ENSG00000140995
CENPBD1	16	90036206	90038942	-	ENSG00000177946
DBNDD1	16	90071273	90086536	-	ENSG00000003249
GAS8	16	90086037	90111383	+	ENSG00000141013
C16orf3	16	90095316	90096309	-	ENSG00000221819
PRDM7	16	90122974	90158480	-	ENSG00000126856
DOC2B	17	5810	31427	-	ENSG00000272636
RPH3AL	17	62293	236045	-	ENSG00000181031
C17orf97	17	260118	273510	+	ENSG00000187624
FAM101B	17	289769	295730	-	ENSG00000183688
VPS53	17	411908	624957	-	ENSG00000141252
FAM57A	17	635652	646206	+	ENSG00000167695
GEMIN4	17	647654	657239	-	ENSG00000179409
GLOD4	17	660337	685581	-	ENSG00000167699
RNMTL1	17	685513	695749	+	ENSG00000171861
NXN	17	702553	883010	-	ENSG00000167693
RP11-676J12.7	17	812872	814452	+	ENSG00000262003
TIMM22	17	900357	906911	+	ENSG00000177370
ABR	17	906758	1132315	-	ENSG00000159842
BHLHA9	17	1173853	1174754	+	ENSG00000205899
TUSC5	17	1182957	1204281	+	ENSG00000184811
YWHAE	17	1247566	1303672	-	ENSG00000108953
CRK	17	1323983	1366456	-	ENSG00000167193
MYO1C	17	1367392	1396106	-	ENSG00000197879
INPP5K	17	1397865	1420182	-	ENSG00000132376
PITPNA	17	1421012	1466110	-	ENSG00000174238
SLC43A2	17	1472561	1532180	-	ENSG00000167703
SCARF1	17	1537152	1549041	-	ENSG00000074660
RILP	17	1549444	1553371	-	ENSG00000167705
PRPF8	17	1553923	1588176	-	ENSG00000174231
TLCD2	17	1611064	1613732	-	ENSG00000185561
WDR81	17	1619817	1641893	+	ENSG00000167716
SERPINF2	17	1646130	1658562	+	ENSG00000167711
SERPINF1	17	1665253	1680868	+	ENSG00000132386
SMYD4	17	1682779	1733928	-	ENSG00000186532
RPA1	17	1732996	1803376	+	ENSG00000132383
RTN4RL1	17	1837971	1928639	-	ENSG00000185924
DPH1	17	1933404	1946724	+	ENSG00000108963
OVCA2	17	1945327	1946724	+	ENSG00000262664
HIC1	17	1957448	1962981	+	ENSG00000177374
SMG6	17	1963133	2207065	-	ENSG00000070366
SRR	17	2206677	2228554	+	ENSG00000167720
TSR1	17	2225797	2240801	-	ENSG00000167721
SGSM2	17	2240792	2284352	+	ENSG00000141258
MNT	17	2287354	2304412	-	ENSG00000070444
METTL16	17	2308856	2415185	-	ENSG00000127804
AC006435.1	17	2310279	2318731	-	ENSG00000205821
PAFAH1B1	17	2496504	2588909	+	ENSG00000007168
CLUH	17	2592680	2615957	-	ENSG00000132361
RAP1GAP2	17	2680350	2941033	+	ENSG00000132359
OR1D5	17	2965963	2966901	-	ENSG00000262628
OR1D2	17	2995352	2996290	-	ENSG00000184166
OR1G1	17	3029878	3030875	-	ENSG00000183024
OR1A2	17	3100813	3101742	+	ENSG00000172150
OR1A1	17	3118915	3119844	+	ENSG00000172146
OR3A2	17	3181193	3182268	-	ENSG00000221882
OR3A1	17	3194929	3195876	-	ENSG00000180090
OR1E1	17	3300398	3301704	-	ENSG00000180016
OR3A3	17	3323862	3324827	+	ENSG00000159961
OR1E2	17	3336164	3337135	-	ENSG00000127780
SPATA22	17	3343313	3417146	-	ENSG00000141255
ASPA	17	3375668	3406713	+	ENSG00000108381
TRPV3	17	3413796	3461289	-	ENSG00000167723
TRPV1	17	3468738	3500392	-	ENSG00000196689
CTNS	17	3539762	3564836	+	ENSG00000040531
TAX1BP3	17	3566196	3571976	-	ENSG00000213977
P2RX5-TAX1BP3	17	3566357	3599488	-	ENSG00000257950
EMC6	17	3572109	3572962	+	ENSG00000127774
P2RX5	17	3575493	3599698	-	ENSG00000083454
ITGAE	17	3617922	3704537	-	ENSG00000083457
GSG2	17	3627211	3630067	+	ENSG00000177602
C17orf85	17	3714460	3749545	-	ENSG00000074356
CAMKK1	17	3763609	3798185	-	ENSG00000004660
P2RX1	17	3799886	3819794	-	ENSG00000108405
ATP2A3	17	3827169	3867736	-	ENSG00000074370
ZZEF1	17	3907739	4046314	-	ENSG00000074755
CYB5D2	17	4046462	4090605	+	ENSG00000167740
ANKFY1	17	4067201	4167274	-	ENSG00000185722
UBE2G1	17	4172554	4269923	-	ENSG00000132388
SPNS3	17	4336983	4391503	+	ENSG00000182557
SPNS2	17	4402133	4442330	+	ENSG00000183018
MYBBP1A	17	4442192	4458926	-	ENSG00000132382
GGT6	17	4460222	4464113	-	ENSG00000167741
SMTNL2	17	4487294	4511614	+	ENSG00000188176
ALOX15	17	4534197	4545589	-	ENSG00000161905
PELP1	17	4574679	4607632	-	ENSG00000141456
ARRB2	17	4613784	4624794	+	ENSG00000141480
MED11	17	4634723	4636905	+	ENSG00000161920
CXCL16	17	4636821	4643217	-	ENSG00000161921
ZMYND15	17	4643319	4649411	+	ENSG00000141497
TM4SF5	17	4675179	4686506	+	ENSG00000142484
VMO1	17	4688580	4689728	-	ENSG00000182853
GLTPD2	17	4692254	4693685	+	ENSG00000182327
PSMB6	17	4699439	4701790	+	ENSG00000142507
PLD2	17	4710391	4726729	+	ENSG00000129219
MINK1	17	4736683	4801356	+	ENSG00000141503
CHRNE	17	4801069	4806369	-	ENSG00000108556
C17orf107	17	4802713	4806227	+	ENSG00000205710
GP1BA	17	4835592	4838325	+	ENSG00000185245
SLC25A11	17	4840425	4843546	-	ENSG00000108528
RNF167	17	4843303	4848517	+	ENSG00000108523
PFN1	17	4848947	4852356	-	ENSG00000108518
ENO3	17	4851387	4860426	+	ENSG00000108515
SPAG7	17	4862521	4871167	-	ENSG00000091640
CAMTA2	17	4871287	4890960	-	ENSG00000108509
INCA1	17	4891425	4900905	-	ENSG00000196388
KIF1C	17	4901243	4931696	+	ENSG00000129250
SLC52A1	17	4935895	4955304	-	ENSG00000132517
ZFP3	17	4981543	4999669	+	ENSG00000180787
ZNF232	17	5008836	5026411	-	ENSG00000167840
USP6	17	5019733	5078329	+	ENSG00000129204
ZNF594	17	5082831	5095178	-	ENSG00000180626
SCIMP	17	5112256	5138155	-	ENSG00000161929
RABEP1	17	5185558	5289129	+	ENSG00000029725
NUP88	17	5264258	5323480	-	ENSG00000108559
RPAIN	17	5322961	5336196	+	ENSG00000129197
C1QBP	17	5336097	5352150	-	ENSG00000108561
DHX33	17	5344232	5372380	-	ENSG00000005100
DERL2	17	5374571	5390131	-	ENSG00000072849
MIS12	17	5389605	5394134	+	ENSG00000167842
NLRP1	17	5402747	5522744	-	ENSG00000091592
WSCD1	17	5675554	6027747	+	ENSG00000179314
AIPL1	17	6297013	6338519	-	ENSG00000129221
FAM64A	17	6347735	6354789	+	ENSG00000129195
PITPNM3	17	6354584	6459814	-	ENSG00000091622
KIAA0753	17	6481468	6544247	-	ENSG00000198920
TXNDC17	17	6544078	6547861	+	ENSG00000129235
MED31	17	6546635	6554954	-	ENSG00000108590
C17orf100	17	6554971	6556791	+	ENSG00000212734
SLC13A5	17	6588032	6616886	-	ENSG00000141485
XAF1	17	6658766	6678966	+	ENSG00000132530
FBXO39	17	6679542	6700420	+	ENSG00000177294
TEKT1	17	6692452	6735080	-	ENSG00000167858
AC027763.2	17	6779954	6915668	-	ENSG00000215067
ALOX12	17	6899384	6914055	+	ENSG00000108839
RNASEK	17	6915736	6917851	+	ENSG00000219200
AC040977.1	17	6915928	6917755	-	ENSG00000269871
RNASEK-C17orf49	17	6915954	6920839	+	ENSG00000161939
C17orf49	17	6917814	6920844	+	ENSG00000258315
BCL6B	17	6926339	6933609	+	ENSG00000161940
SLC16A13	17	6939394	6943440	+	ENSG00000174327
SLC16A11	17	6944949	6947242	-	ENSG00000174326
CLEC10A	17	6977856	6983626	-	ENSG00000132514
ASGR2	17	7004641	7019019	-	ENSG00000161944
ASGR1	17	7076750	7082883	-	ENSG00000141505
DLG4	17	7093209	7123021	-	ENSG00000132535
ACADVL	17	7120444	7128592	+	ENSG00000072778
DVL2	17	7128660	7137864	-	ENSG00000004975
PHF23	17	7138347	7143041	-	ENSG00000040633
GABARAP	17	7143333	7146089	-	ENSG00000170296
CTD-2545G14.7	17	7143746	7147954	-	ENSG00000262526
CTDNEP1	17	7146910	7155810	-	ENSG00000175826
RP1-4G17.5	17	7150148	7165408	-	ENSG00000262302
ELP5	17	7154735	7163259	+	ENSG00000170291
CLDN7	17	7163222	7167302	-	ENSG00000181885
SLC2A4	17	7184986	7191576	+	ENSG00000181856
YBX2	17	7191571	7197934	-	ENSG00000006047
EIF5A	17	7210318	7215774	+	ENSG00000132507
GPS2	17	7214643	7218883	-	ENSG00000132522
RP11-542C16.2	17	7215980	7222493	-	ENSG00000261915
NEURL4	17	7218947	7232712	-	ENSG00000215041
ACAP1	17	7239848	7254797	+	ENSG00000072818
KCTD11	17	7255208	7258258	+	ENSG00000213859
TMEM95	17	7258442	7260538	+	ENSG00000182896
TNK1	17	7283853	7293093	+	ENSG00000174292
TMEM256-PLSCR3	17	7293046	7307416	-	ENSG00000187838
C17orf61-PLSCR3	17	7293053	7307416	-	ENSG00000262481
TMEM256	17	7306294	7307456	-	ENSG00000205544
NLGN2	17	7308193	7323179	+	ENSG00000169992
SPEM1	17	7323679	7324951	+	ENSG00000181323
C17orf74	17	7328934	7330887	+	ENSG00000184560
TMEM102	17	7338762	7340998	+	ENSG00000181284
FGF11	17	7341592	7348256	+	ENSG00000161958
CHRNB1	17	7348380	7361026	+	ENSG00000170175
ZBTB4	17	7362685	7387582	-	ENSG00000174282
SLC35G6	17	7384721	7386383	+	ENSG00000259224
POLR2A	17	7387685	7417933	+	ENSG00000181222
TNFSF12	17	7452208	7464925	+	ENSG00000239697
TNFSF12-TNFSF13	17	7452416	7464918	+	ENSG00000248871
TNFSF13	17	7461609	7464925	+	ENSG00000161955
SENP3	17	7465192	7475287	+	ENSG00000161956
EIF4A1	17	7476024	7482323	+	ENSG00000161960
CD68	17	7482785	7485429	+	ENSG00000129226
MPDU1	17	7486847	7496107	+	ENSG00000129255
SOX15	17	7491496	7493488	-	ENSG00000129194
FXR2	17	7494548	7518189	-	ENSG00000129245
AC007421.1	17	7517264	7517427	+	ENSG00000268503
SHBG	17	7517382	7536700	+	ENSG00000129214
SAT2	17	7529552	7531194	-	ENSG00000141504
ATP1B2	17	7549945	7561086	+	ENSG00000129244
TP53	17	7565097	7590856	-	ENSG00000141510
WRAP53	17	7589389	7606820	+	ENSG00000141499
EFNB3	17	7608520	7614696	+	ENSG00000108947
DNAH2	17	7620672	7737062	+	ENSG00000183914
KDM6B	17	7743222	7758114	+	ENSG00000132510
TMEM88	17	7758383	7759417	+	ENSG00000167874
LSMD1	17	7760003	7788556	-	ENSG00000183011
CYB5D1	17	7761064	7765600	+	ENSG00000182224
CHD3	17	7788124	7816078	+	ENSG00000170004
KCNAB3	17	7825177	7833121	-	ENSG00000170049
RP11-1099M24.7	17	7829249	7833940	-	ENSG00000262730
TRAPPC1	17	7833663	7835441	-	ENSG00000170043
CNTROB	17	7835419	7853236	+	ENSG00000170037
GUCY2D	17	7905912	7923657	+	ENSG00000132518
ALOX15B	17	7942335	7952452	+	ENSG00000179593
ALOX12B	17	7975954	7991021	-	ENSG00000179477
AC129492.6	17	7982800	7984883	+	ENSG00000214999
ALOXE3	17	7999218	8022365	-	ENSG00000179148
HES7	17	8023908	8027410	-	ENSG00000179111
PER1	17	8043790	8059824	-	ENSG00000179094
RP11-599B13.6	17	8054134	8066293	-	ENSG00000263620
VAMP2	17	8062467	8066864	-	ENSG00000220205
TMEM107	17	8076555	8079717	-	ENSG00000179029
C17orf59	17	8091652	8093564	-	ENSG00000196544
AURKB	17	8108056	8113918	-	ENSG00000178999
CTC1	17	8130191	8151362	-	ENSG00000178971
PFAS	17	8150936	8173809	+	ENSG00000178921
SLC25A35	17	8191081	8198661	-	ENSG00000125434
RANGRF	17	8191815	8193410	+	ENSG00000108961
ARHGEF15	17	8213559	8225829	+	ENSG00000198844
ODF4	17	8243182	8249364	+	ENSG00000184650
AC135178.1	17	8261731	8263538	-	ENSG00000198150
KRBA2	17	8271955	8280029	-	ENSG00000184619
RP11-849F2.7	17	8271956	8286505	-	ENSG00000263809
RPL26	17	8280838	8286531	-	ENSG00000161970
RNF222	17	8294022	8301144	-	ENSG00000189051
NDEL1	17	8316449	8393729	+	ENSG00000166579
MYH10	17	8377523	8534079	-	ENSG00000133026
CCDC42	17	8633252	8648537	-	ENSG00000161973
SPDYE4	17	8656424	8661877	-	ENSG00000183318
MFSD6L	17	8700436	8702667	-	ENSG00000185156
PIK3R6	17	8706041	8770994	-	ENSG00000174083
PIK3R5	17	8782233	8869029	-	ENSG00000141506
NTN1	17	8924859	9147317	+	ENSG00000065320
STX8	17	9153788	9479908	-	ENSG00000170310
WDR16	17	9479944	9546776	+	ENSG00000166596
USP43	17	9548015	9633008	+	ENSG00000154914
DHRS7C	17	9674751	9694614	-	ENSG00000184544
RP11-477N12.3	17	9694544	9725388	-	ENSG00000214978
GLP2R	17	9725523	9795419	+	ENSG00000065325
RCVRN	17	9799637	9808938	-	ENSG00000109047
GAS7	17	9813926	10101868	-	ENSG00000007237
AC000003.2	17	10048831	10050277	+	ENSG00000264194
MYH13	17	10201401	10276447	-	ENSG00000006788
MYH8	17	10293639	10325267	-	ENSG00000133020
MYH4	17	10346607	10372876	-	ENSG00000264424
MYH1	17	10395624	10421860	-	ENSG00000109061
MYH2	17	10424465	10453274	-	ENSG00000125414
MYH3	17	10531843	10560626	-	ENSG00000109063
SCO1	17	10583654	10601692	-	ENSG00000133028
ADPRM	17	10600911	10614550	+	ENSG00000170222
TMEM220	17	10602332	10633633	-	ENSG00000187824
PIRT	17	10725792	10741762	-	ENSG00000233670
SHISA6	17	11144580	11467380	+	ENSG00000188803
DNAH9	17	11501748	11873065	+	ENSG00000007174
ZNF18	17	11880756	11900827	-	ENSG00000154957
MAP2K4	17	11924141	12047147	+	ENSG00000065559
MYOCD	17	12569207	12672266	+	ENSG00000141052
AC005358.1	17	12626199	12661542	+	ENSG00000273452
ARHGAP44	17	12692856	12894960	+	ENSG00000006740
ELAC2	17	12895708	12921504	-	ENSG00000006744
HS3ST3A1	17	13399006	13505244	-	ENSG00000153976
COX10	17	13972813	14111994	+	ENSG00000006695
CDRT15	17	14138990	14140179	-	ENSG00000223510
HS3ST3B1	17	14204400	14252721	+	ENSG00000125430
PMP22	17	15133095	15168643	-	ENSG00000109099
TEKT3	17	15207128	15244958	-	ENSG00000125409
CDRT4	17	15339332	15406922	-	ENSG00000239704
TVP23C-CDRT4	17	15339338	15466875	-	ENSG00000259024
TVP23C	17	15341205	15466909	-	ENSG00000175106
RP11-385D13.1	17	15474805	15554967	-	ENSG00000251537
TRIM16	17	15531274	15587625	-	ENSG00000221926
TBC1D26	17	15635561	15649476	+	ENSG00000214946
ADORA2B	17	15848231	15879060	+	ENSG00000170425
ZSWIM7	17	15879874	15903031	-	ENSG00000214941
TTC19	17	15902694	15948329	+	ENSG00000011295
NCOR1	17	15932471	16121499	-	ENSG00000141027
AC002553.1	17	15943505	15943994	+	ENSG00000227782
PIGL	17	16120505	16252115	+	ENSG00000108474
CENPV	17	16245848	16256970	-	ENSG00000166582
UBB	17	16284112	16286059	+	ENSG00000170315
TRPV2	17	16318856	16340317	+	ENSG00000187688
FAM211A	17	16344891	16395467	-	ENSG00000181350
ZNF287	17	16454701	16472520	-	ENSG00000141040
ZNF624	17	16524051	16557170	-	ENSG00000197566
CCDC144A	17	16592851	16707767	+	ENSG00000170160
RP11-219A15.1	17	16593575	16707767	+	ENSG00000266302
TNFRSF13B	17	16832849	16875432	-	ENSG00000240505
MPRIP	17	16945859	17120993	+	ENSG00000133030
PLD6	17	17104309	17109629	-	ENSG00000179598
RP11-45M22.4	17	17105963	17140499	-	ENSG00000264187
FLCN	17	17115526	17140502	-	ENSG00000154803
COPS3	17	17150141	17184607	-	ENSG00000141030
NT5M	17	17206649	17250977	+	ENSG00000205309
MED9	17	17380300	17396540	+	ENSG00000141026
RASD1	17	17397751	17399709	-	ENSG00000108551
PEMT	17	17408877	17495022	-	ENSG00000133027
RAI1	17	17584787	17714767	+	ENSG00000108557
SREBF1	17	17713713	17740325	-	ENSG00000072310
TOM1L2	17	17746828	17875736	-	ENSG00000175662
LRRC48	17	17876127	17920203	+	ENSG00000171962
ATPAF2	17	17880723	17942523	-	ENSG00000171953
GID4	17	17942606	17971718	+	ENSG00000141034
DRG2	17	17991200	18011285	+	ENSG00000108591
MYO15A	17	18012020	18083116	+	ENSG00000091536
ALKBH5	17	18086392	18113268	+	ENSG00000091542
LLGL1	17	18128901	18148189	+	ENSG00000131899
FLII	17	18148150	18162230	-	ENSG00000177731
MIEF2	17	18163848	18169866	+	ENSG00000177427
TOP3A	17	18174742	18218321	-	ENSG00000177302
SMCR8	17	18218624	18226517	+	ENSG00000176994
SHMT1	17	18231187	18266856	-	ENSG00000176974
EVPLL	17	18280976	18292961	+	ENSG00000214860
LGALS9C	17	18380051	18398259	+	ENSG00000171916
FAM106A	17	18427880	18430160	-	ENSG00000213077
TBC1D28	17	18538319	18565263	-	ENSG00000189375
ZNF286B	17	18561742	18585575	-	ENSG00000249459
TRIM16L	17	18601311	18639431	+	ENSG00000108448
FBXW10	17	18647326	18682662	+	ENSG00000171931
TVP23B	17	18684308	18710027	+	ENSG00000171928
PRPSAP2	17	18743398	18834581	+	ENSG00000141127
SLC5A10	17	18853658	18925908	+	ENSG00000154025
FAM83G	17	18872102	18908117	-	ENSG00000188522
GRAP	17	18923986	18950950	-	ENSG00000154016
AC007952.5	17	18996287	19000150	+	ENSG00000228157
GRAPL	17	19030782	19062489	+	ENSG00000189152
AC007952.1	17	19041448	19041895	-	ENSG00000214844
AC007952.6	17	19059040	19062424	-	ENSG00000197665
EPN2	17	19118928	19240028	+	ENSG00000072134
AC106017.1	17	19122674	19125839	+	ENSG00000230493
B9D1	17	19240867	19281495	-	ENSG00000108641
MAPK7	17	19281034	19286857	+	ENSG00000166484
MFAP4	17	19286755	19290553	-	ENSG00000166482
RNF112	17	19314438	19320589	+	ENSG00000128482
SLC47A1	17	19398698	19482347	+	ENSG00000142494
ALDH3A2	17	19551449	19580911	+	ENSG00000072210
SLC47A2	17	19581601	19622292	-	ENSG00000180638
ALDH3A1	17	19641297	19652256	-	ENSG00000108602
ULK2	17	19674142	19771249	-	ENSG00000083290
AKAP10	17	19807615	19881656	-	ENSG00000108599
SPECC1	17	19912657	20222339	+	ENSG00000128487
LGALS9B	17	20352708	20370852	-	ENSG00000170298
CDRT15L2	17	20483037	20484224	+	ENSG00000214819
CCDC144NL	17	20739760	20799453	-	ENSG00000205212
USP22	17	20902910	20947073	-	ENSG00000124422
DHRS7B	17	21026677	21096578	+	ENSG00000109016
TMEM11	17	21100593	21117937	-	ENSG00000178307
C17orf103	17	21142183	21156722	-	ENSG00000154035
MAP2K3	17	21187984	21218552	+	ENSG00000034152
KCNJ12	17	21279509	21323179	+	ENSG00000184185
C17orf51	17	21428051	21477722	-	ENSG00000212719
UBBP4	17	21729601	21731762	+	ENSG00000263563
MTRNR2L1	17	22022437	22023991	+	ENSG00000256618
WSB1	17	25621102	25640657	+	ENSG00000109046
KSR1	17	25783670	25953461	+	ENSG00000141068
AC015688.3	17	25950390	25967803	+	ENSG00000266728
LGALS9	17	25956824	25976586	+	ENSG00000168961
NOS2	17	26083792	26127525	-	ENSG00000007171
RP1-66C13.4	17	26125832	26220391	-	ENSG00000266202
LYRM9	17	26205340	26221778	-	ENSG00000232859
NLK	17	26368763	26523407	+	ENSG00000087095
AC061975.10	17	26638667	26642323	+	ENSG00000268206
TMEM97	17	26646121	26655707	+	ENSG00000109084
IFT20	17	26655352	26662515	-	ENSG00000109083
TNFAIP1	17	26662628	26674035	+	ENSG00000109079
POLDIP2	17	26673659	26684545	-	ENSG00000004142
TMEM199	17	26684604	26708716	+	ENSG00000244045
VTN	17	26691290	26700110	-	ENSG00000109072
CTB-96E2.2	17	26691310	26695033	-	ENSG00000273171
SARM1	17	26691378	26728065	+	ENSG00000004139
SLC46A1	17	26721661	26734215	-	ENSG00000076351
RP11-192H23.4	17	26782770	26941215	-	ENSG00000258472
SLC13A2	17	26800311	26824799	+	ENSG00000007216
FOXN1	17	26833261	26865914	+	ENSG00000109101
UNC119	17	26873725	26879686	-	ENSG00000109103
PIGS	17	26880401	26898890	-	ENSG00000087111
ALDOC	17	26900133	26904282	-	ENSG00000109107
SPAG5	17	26904588	26926297	-	ENSG00000076382
SGK494	17	26934982	26941218	-	ENSG00000167524
KIAA0100	17	26941458	26972472	-	ENSG00000007202
SDF2	17	26975374	26989207	-	ENSG00000132581
SUPT6H	17	26989109	27029697	+	ENSG00000109111
PROCA1	17	27030215	27038872	-	ENSG00000167525
RAB34	17	27041299	27045447	-	ENSG00000109113
RPL23A	17	27046411	27051377	+	ENSG00000198242
TLCD1	17	27051366	27054953	-	ENSG00000160606
NEK8	17	27052915	27070473	+	ENSG00000160602
TRAF4	17	27071002	27077974	+	ENSG00000076604
FAM222B	17	27082996	27182250	-	ENSG00000173065
ERAL1	17	27181956	27188085	+	ENSG00000132591
FLOT2	17	27206353	27224697	-	ENSG00000132589
DHRS13	17	27224799	27230089	-	ENSG00000167536
PHF12	17	27232268	27278789	-	ENSG00000109118
PIPOX	17	27277531	27384234	+	ENSG00000179761
SEZ6	17	27281919	27333458	-	ENSG00000063015
MYO18A	17	27400528	27507430	-	ENSG00000196535
TIAF1	17	27400537	27418537	-	ENSG00000221995
CRYBA1	17	27573881	27581512	+	ENSG00000108255
NUFIP2	17	27582854	27621136	-	ENSG00000108256
TAOK1	17	27717482	27878922	+	ENSG00000160551
ABHD15	17	27887565	27894155	-	ENSG00000168792
TP53I13	17	27893070	27900175	+	ENSG00000167543
GIT1	17	27900487	27921072	-	ENSG00000108262
ANKRD13B	17	27916787	27941779	+	ENSG00000198720
CORO6	17	27941774	27949925	-	ENSG00000167549
SSH2	17	27952956	28257294	-	ENSG00000141298
EFCAB5	17	28256218	28435470	+	ENSG00000176927
NSRP1	17	28442539	28513493	+	ENSG00000126653
SLC6A4	17	28521337	28563020	-	ENSG00000108576
BLMH	17	28575218	28619074	-	ENSG00000108578
TMIGD1	17	28643351	28661077	-	ENSG00000182271
CPD	17	28705923	28797007	+	ENSG00000108582
GOSR1	17	28804380	28854610	+	ENSG00000108587
TBC1D29	17	28884130	28890511	+	ENSG00000266733
CRLF3	17	29096406	29151794	-	ENSG00000176390
ATAD5	17	29158988	29222887	+	ENSG00000176208
TEFM	17	29224354	29233838	-	ENSG00000172171
ADAP2	17	29233362	29286340	+	ENSG00000184060
RNF135	17	29295803	29326929	+	ENSG00000181481
NF1	17	29421945	29709134	+	ENSG00000196712
OMG	17	29599031	29624557	-	ENSG00000126861
EVI2B	17	29630784	29641130	-	ENSG00000185862
CTD-2370N5.3	17	29632231	29645849	-	ENSG00000265118
EVI2A	17	29644578	29648902	-	ENSG00000126860
RAB11FIP4	17	29718642	29865236	+	ENSG00000131242
AC003101.1	17	29898161	29902678	+	ENSG00000228768
COPRS	17	30178883	30186356	-	ENSG00000172301
UTP6	17	30187923	30228784	-	ENSG00000108651
SUZ12	17	30264037	30328064	+	ENSG00000178691
LRRC37B	17	30334891	30380523	+	ENSG00000185158
AC090616.2	17	30468245	30470154	-	ENSG00000214708
RHOT1	17	30469473	30580393	+	ENSG00000126858
AC116407.2	17	30506379	30506885	-	ENSG00000269402
RHBDL3	17	30593195	30651680	+	ENSG00000141314
C17orf75	17	30651584	30677042	-	ENSG00000108666
ZNF207	17	30677136	30708905	+	ENSG00000010244
PSMD11	17	30771279	30810336	+	ENSG00000108671
CDK5R1	17	30813637	30818274	+	ENSG00000176749
MYO1D	17	30819540	31204195	-	ENSG00000176658
TMEM98	17	31254928	31272124	+	ENSG00000006042
SPACA3	17	31297394	31324895	+	ENSG00000141316
ASIC2	17	31340105	32501983	-	ENSG00000108684
AC005549.3	17	32581900	32582306	-	ENSG00000268024
CCL2	17	32582304	32584222	+	ENSG00000108691
CCL7	17	32597240	32599261	+	ENSG00000108688
CCL11	17	32612687	32615353	+	ENSG00000172156
CCL8	17	32646055	32648421	+	ENSG00000108700
CCL13	17	32683471	32685629	+	ENSG00000181374
CCL1	17	32687347	32690250	-	ENSG00000108702
C17orf102	17	32901142	32906388	-	ENSG00000197322
TMEM132E	17	32907768	32966337	+	ENSG00000181291
CCT6B	17	33254878	33308097	-	ENSG00000132141
ZNF830	17	33288549	33290205	+	ENSG00000198783
LIG3	17	33307513	33332083	+	ENSG00000005156
RFFL	17	33333009	33416338	-	ENSG00000092871
RAD51L3-RFFL	17	33338368	33448512	-	ENSG00000267618
RAD51D	17	33426811	33448541	-	ENSG00000185379
FNDC8	17	33448598	33457751	+	ENSG00000073598
NLE1	17	33455772	33469334	-	ENSG00000073536
UNC45B	17	33474836	33516364	+	ENSG00000141161
SLC35G3	17	33519539	33521412	-	ENSG00000164729
SLFN5	17	33570055	33600674	+	ENSG00000166750
SLFN11	17	33677324	33700720	-	ENSG00000172716
SLFN12	17	33738079	33760302	-	ENSG00000172123
SLFN13	17	33762115	33775856	-	ENSG00000154760
SLFN12L	17	33791268	33864880	-	ENSG00000205045
SLFN14	17	33875144	33885117	-	ENSG00000236320
PEX12	17	33901814	33905882	-	ENSG00000108733
AP2B1	17	33905065	34053436	+	ENSG00000006125
RASL10B	17	34058668	34070540	+	ENSG00000141150
GAS2L2	17	34071530	34079897	-	ENSG00000132139
MMP28	17	34083268	34122711	-	ENSG00000129270
C17orf50	17	34087916	34092098	+	ENSG00000154768
TAF15	17	34136459	34191619	+	ENSG00000172660
C17orf66	17	34181955	34195895	-	ENSG00000172653
CCL5	17	34198495	34207797	-	ENSG00000161570
RDM1	17	34245070	34257777	-	ENSG00000187456
LYZL6	17	34261522	34270703	-	ENSG00000161572
CCL16	17	34303529	34308532	-	ENSG00000161573
CCL14	17	34310327	34329100	-	ENSG00000213494
CCL15-CCL14	17	34310692	34328660	-	ENSG00000161574
CTB-186H2.3	17	34310692	34317306	+	ENSG00000266956
CCL15	17	34323476	34329084	-	ENSG00000267596
CCL23	17	34340096	34345005	-	ENSG00000167236
CCL18	17	34391640	34399392	+	ENSG00000006074
CCL3	17	34415602	34417515	-	ENSG00000006075
CCL4	17	34430983	34433014	+	ENSG00000129277
TBC1D3B	17	34493061	34503996	-	ENSG00000224226
CCL3L3	17	34522268	34524157	-	ENSG00000256515
CCL4L1	17	34538310	34540280	+	ENSG00000205020
TBC1D3C	17	34580902	34757050	-	ENSG00000234972
TBC1D3H	17	34581086	34808061	-	ENSG00000242384
CCL3L1	17	34623842	34625731	-	ENSG00000205021
CCL4L2	17	34639793	34641846	+	ENSG00000197262
TBC1D3G	17	34745936	34808104	-	ENSG00000161583
ZNHIT3	17	34842473	34855154	+	ENSG00000108278
MYO19	17	34851477	34899284	-	ENSG00000141140
PIGW	17	34890847	34895159	+	ENSG00000184886
GGNBP2	17	34900737	34946278	+	ENSG00000005955
DHRS11	17	34948228	34957235	+	ENSG00000108272
MRM1	17	34958001	34965407	+	ENSG00000129282
LHX1	17	35294084	35301917	+	ENSG00000132130
AATF	17	35306175	35414171	+	ENSG00000108270
ACACA	17	35441923	35766909	-	ENSG00000132142
C17orf78	17	35732928	35749662	+	ENSG00000167230
TADA2A	17	35766965	35839835	+	ENSG00000108264
DUSP14	17	35849937	35873603	+	ENSG00000161326
SYNRG	17	35874900	35969544	-	ENSG00000006114
DDX52	17	35969787	36003493	-	ENSG00000141141
HNF1B	17	36046435	36105237	-	ENSG00000108753
TBC1D3F	17	36283971	36294915	+	ENSG00000185128
TBC1D3	17	36337711	36358166	-	ENSG00000197681
RP11-1407O15.2	17	36337717	36421858	-	ENSG00000174093
MRPL45	17	36452989	36479101	+	ENSG00000174100
GPR179	17	36481413	36499730	-	ENSG00000188888
SOCS7	17	36508111	36556019	+	ENSG00000174111
ARHGAP23	17	36584662	36668628	+	ENSG00000225485
SRCIN1	17	36686251	36762183	-	ENSG00000017373
C17orf96	17	36827961	36831187	-	ENSG00000179294
MLLT6	17	36861795	36886056	+	ENSG00000108292
AC006449.1	17	36884086	36884451	-	ENSG00000269094
CISD3	17	36886488	36891297	+	ENSG00000230055
PCGF2	17	36890150	36906070	-	ENSG00000056661
CTB-58E17.5	17	36905613	36906969	+	ENSG00000227450
PSMB3	17	36908989	36920484	+	ENSG00000108294
PIP4K2B	17	36921942	36956379	-	ENSG00000141720
CWC25	17	36956687	36981734	-	ENSG00000108296
C17orf98	17	36991341	36997708	-	ENSG00000214556
RPL23	17	37004118	37010096	-	ENSG00000125691
LASP1	17	37026112	37078023	+	ENSG00000002834
FBXO47	17	37092685	37123655	-	ENSG00000204952
PLXDC1	17	37219556	37310647	-	ENSG00000161381
ARL5C	17	37313147	37323737	-	ENSG00000141748
CACNB1	17	37329709	37353956	-	ENSG00000067191
RPL19	17	37356536	37360980	+	ENSG00000108298
STAC2	17	37366789	37382125	-	ENSG00000141750
FBXL20	17	37415384	37558776	-	ENSG00000108306
MED1	17	37560538	37607539	-	ENSG00000125686
CDK12	17	37617764	37721160	+	ENSG00000167258
NEUROD2	17	37759789	37766030	-	ENSG00000171532
PPP1R1B	17	37782993	37792879	+	ENSG00000131771
STARD3	17	37793318	37819737	+	ENSG00000131748
TCAP	17	37820440	37822808	+	ENSG00000173991
PNMT	17	37824234	37826728	+	ENSG00000141744
PGAP3	17	37827375	37853050	-	ENSG00000161395
ERBB2	17	37844167	37886679	+	ENSG00000141736
MIEN1	17	37884749	37887040	-	ENSG00000141741
GRB7	17	37894180	37903544	+	ENSG00000141738
IKZF3	17	37921198	38020441	-	ENSG00000161405
ZPBP2	17	38024417	38034149	+	ENSG00000186075
GSDMB	17	38060848	38076107	-	ENSG00000073605
ORMDL3	17	38077294	38083854	-	ENSG00000172057
LRRC3C	17	38097727	38101000	+	ENSG00000204913
GSDMA	17	38119226	38134019	+	ENSG00000167914
PSMD3	17	38137050	38154213	+	ENSG00000108344
CSF3	17	38171614	38174066	+	ENSG00000108342
MED24	17	38175350	38217468	-	ENSG00000008838
THRA	17	38214543	38250120	+	ENSG00000126351
NR1D1	17	38249040	38256978	-	ENSG00000126368
MSL1	17	38278551	38293042	+	ENSG00000188895
CASC3	17	38296571	38328436	+	ENSG00000108349
RAPGEFL1	17	38333263	38351908	+	ENSG00000108352
WIPF2	17	38375556	38440388	+	ENSG00000171475
CDC6	17	38443885	38459171	+	ENSG00000094804
RARA	17	38465444	38513094	+	ENSG00000131759
CTD-2267D19.3	17	38516907	38520945	+	ENSG00000266208
GJD3	17	38517235	38520067	-	ENSG00000183153
TOP2A	17	38544768	38574202	-	ENSG00000131747
IGFBP4	17	38599702	38613983	+	ENSG00000141753
TNS4	17	38632080	38657849	-	ENSG00000131746
CCR7	17	38710021	38721724	-	ENSG00000126353
SMARCE1	17	38781214	38804760	-	ENSG00000073584
KRT24	17	38854243	38860002	-	ENSG00000167916
KRT25	17	38904273	38911584	-	ENSG00000204897
KRT26	17	38922490	38928414	-	ENSG00000186393
KRT27	17	38933060	38938786	-	ENSG00000171446
KRT28	17	38948455	38956211	-	ENSG00000173908
KRT10	17	38974369	38978847	-	ENSG00000186395
TMEM99	17	38975358	38992522	+	ENSG00000167920
KRT12	17	39017555	39023462	-	ENSG00000187242
KRT20	17	39032193	39041479	-	ENSG00000171431
KRT23	17	39078948	39093886	-	ENSG00000108244
KRT39	17	39114669	39123144	-	ENSG00000196859
KRT40	17	39133968	39143387	-	ENSG00000204889
KRTAP3-3	17	39149686	39150385	-	ENSG00000212899
KRTAP3-2	17	39155447	39156138	-	ENSG00000212900
KRTAP3-1	17	39164773	39175576	-	ENSG00000212901
KRTAP1-5	17	39182278	39183454	-	ENSG00000221852
KRTAP1-4	17	39185949	39186356	-	ENSG00000204887
KRTAP1-3	17	39190142	39191107	-	ENSG00000221880
KRTAP1-1	17	39196811	39197713	-	ENSG00000188581
KRTAP2-1	17	39202793	39203568	-	ENSG00000212725
KRTAP2-2	17	39210750	39211482	-	ENSG00000214518
KRTAP2-3	17	39215495	39216344	-	ENSG00000212724
KRTAP2-4	17	39221369	39222131	-	ENSG00000213417
KRTAP4-7	17	39240459	39241396	+	ENSG00000240871
KRTAP4-8	17	39253233	39254393	-	ENSG00000204880
KRTAP4-16P	17	39257754	39258461	-	ENSG00000241241
KRTAP4-9	17	39261584	39262740	+	ENSG00000212722
KRTAP4-11	17	39273433	39274606	-	ENSG00000212721
KRTAP4-12	17	39279343	39280419	-	ENSG00000213416
KRTAP4-6	17	39295685	39296739	-	ENSG00000198090
KRTAP4-5	17	39305178	39306054	-	ENSG00000198271
KRTAP4-4	17	39315910	39316983	-	ENSG00000171396
KRTAP4-3	17	39323484	39324424	-	ENSG00000196156
KRTAP4-2	17	39333698	39334460	-	ENSG00000244537
KRTAP4-1	17	39340354	39341594	-	ENSG00000198443
KRTAP9-1	17	39344697	39346891	+	ENSG00000240542
KRTAP9-2	17	39382900	39383904	+	ENSG00000239886
KRTAP9-3	17	39388715	39389705	+	ENSG00000204873
KRTAP9-8	17	39394297	39395256	+	ENSG00000187272
KRTAP9-4	17	39405939	39406904	+	ENSG00000241595
KRTAP9-9	17	39411636	39412616	+	ENSG00000198083
KRTAP9-6	17	39421591	39422893	+	ENSG00000212659
KRTAP9-7	17	39431911	39432949	+	ENSG00000180386
KRTAP29-1	17	39458078	39459103	-	ENSG00000212658
KRTAP16-1	17	39463952	39465505	-	ENSG00000212657
KRTAP17-1	17	39471173	39471947	-	ENSG00000186860
KRT33A	17	39502344	39507064	-	ENSG00000006059
KRT33B	17	39519746	39526052	-	ENSG00000131738
KRT34	17	39533902	39538655	-	ENSG00000131737
KRT31	17	39549976	39553844	-	ENSG00000094796
KRT37	17	39577005	39580775	-	ENSG00000108417
KRT38	17	39592698	39597173	-	ENSG00000171360
KRT32	17	39616063	39623681	-	ENSG00000108759
KRT35	17	39632941	39637392	-	ENSG00000197079
KRT36	17	39642388	39648798	-	ENSG00000126337
KRT13	17	39657233	39661957	-	ENSG00000171401
KRT15	17	39669995	39678781	-	ENSG00000171346
KRT19	17	39679869	39684560	-	ENSG00000171345
KRT9	17	39722096	39728310	-	ENSG00000171403
KRT14	17	39738531	39743173	-	ENSG00000186847
KRT16	17	39766030	39772151	-	ENSG00000186832
KRT17	17	39775689	39781094	-	ENSG00000128422
JUP	17	39775692	39943183	-	ENSG00000173801
EIF1	17	39845137	39848920	+	ENSG00000173812
GAST	17	39868578	39872221	+	ENSG00000184502
HAP1	17	39873994	39890896	-	ENSG00000173805
LEPREL4	17	39958199	39968856	-	ENSG00000141696
FKBP10	17	39968932	39979465	+	ENSG00000141756
NT5C3B	17	39981335	39992523	-	ENSG00000141698
KLHL10	17	39991937	40004636	+	ENSG00000161594
KLHL11	17	40009797	40021684	-	ENSG00000178502
ACLY	17	40023161	40086795	-	ENSG00000131473
CNP	17	40118759	40129749	+	ENSG00000173786
DNAJC7	17	40128451	40173394	-	ENSG00000168259
NKIRAS2	17	40163400	40177659	+	ENSG00000168256
ZNF385C	17	40177594	40217383	-	ENSG00000187595
DHX58	17	40253422	40264751	-	ENSG00000108771
KAT2A	17	40265126	40273376	-	ENSG00000108773
CTD-2132N18.3	17	40271692	40306934	-	ENSG00000267261
HSPB9	17	40274756	40275371	+	ENSG00000197723
RAB5C	17	40276994	40307035	-	ENSG00000108774
KCNH4	17	40308909	40333296	-	ENSG00000089558
HCRT	17	40336078	40337470	-	ENSG00000161610
GHDC	17	40340817	40346531	-	ENSG00000167925
STAT5B	17	40351186	40428725	-	ENSG00000173757
STAT5A	17	40439565	40463961	+	ENSG00000126561
STAT3	17	40465342	40540586	-	ENSG00000168610
PTRF	17	40554470	40575535	-	ENSG00000177469
ATP6V0A1	17	40610862	40674629	+	ENSG00000033627
NAGLU	17	40688190	40696467	+	ENSG00000108784
HSD17B1	17	40701232	40707231	+	ENSG00000108786
COASY	17	40713485	40718295	+	ENSG00000068120
MLX	17	40719086	40725257	+	ENSG00000108788
PSMC3IP	17	40724333	40729849	-	ENSG00000131470
FAM134C	17	40731531	40762641	-	ENSG00000141699
TUBG1	17	40761694	40767252	+	ENSG00000131462
TUBG2	17	40811323	40819024	+	ENSG00000037042
PLEKHH3	17	40819932	40829048	-	ENSG00000068137
CCR10	17	40830907	40835935	-	ENSG00000184451
CNTNAP1	17	40834631	40851832	+	ENSG00000108797
EZH1	17	40852293	40897071	-	ENSG00000108799
RAMP2	17	40910465	40915059	+	ENSG00000131477
VPS25	17	40925454	40931617	+	ENSG00000131475
WNK4	17	40932696	40948954	+	ENSG00000126562
COA3	17	40947165	40950722	-	ENSG00000183978
CNTD1	17	40950810	40963605	+	ENSG00000176563
BECN1	17	40962152	40985367	-	ENSG00000126581
PSME3	17	40976402	40995774	+	ENSG00000131467
AOC2	17	40996617	41002724	+	ENSG00000131480
AOC3	17	41003201	41010147	+	ENSG00000131471
G6PC	17	41052814	41065386	+	ENSG00000131482
AARSD1	17	41102543	41116515	-	ENSG00000266967
PTGES3L-AARSD1	17	41102543	41132545	-	ENSG00000108825
PTGES3L	17	41120105	41132545	-	ENSG00000267060
RUNDC1	17	41132582	41145707	+	ENSG00000198863
RPL27	17	41150290	41154976	+	ENSG00000131469
IFI35	17	41158742	41166473	+	ENSG00000068079
VAT1	17	41166622	41177140	-	ENSG00000108828
RND2	17	41177258	41184057	+	ENSG00000108830
BRCA1	17	41196312	41277500	-	ENSG00000012048
NBR1	17	41322498	41363708	+	ENSG00000188554
TMEM106A	17	41363854	41372061	+	ENSG00000184988
ARL4D	17	41476327	41478505	+	ENSG00000175906
DHX8	17	41561233	41621831	+	ENSG00000067596
ETV4	17	41605212	41656988	-	ENSG00000175832
MEOX1	17	41717756	41739322	-	ENSG00000005102
SOST	17	41831099	41836156	-	ENSG00000167941
DUSP3	17	41843489	41856356	-	ENSG00000108861
C17orf105	17	41857803	41864980	+	ENSG00000231256
MPP3	17	41878167	41910538	-	ENSG00000161647
CD300LG	17	41924516	41940997	+	ENSG00000161649
MPP2	17	41952725	41987068	-	ENSG00000108852
FAM215A	17	41994576	41995326	+	ENSG00000267496
RP11-527L4.2	17	42015731	42016327	+	ENSG00000261514
PPY	17	42018172	42019836	-	ENSG00000108849
PYY	17	42030106	42081837	-	ENSG00000131096
NAGS	17	42081914	42086431	+	ENSG00000161653
TMEM101	17	42088556	42101314	-	ENSG00000091947
LSM12	17	42112003	42144987	-	ENSG00000161654
G6PC3	17	42148103	42153709	+	ENSG00000141349
HDAC5	17	42154114	42201070	-	ENSG00000108840
C17orf53	17	42219274	42239844	+	ENSG00000125319
ASB16	17	42247815	42256451	+	ENSG00000161664
TMUB2	17	42264338	42269099	+	ENSG00000168591
ATXN7L3	17	42269173	42277481	-	ENSG00000087152
UBTF	17	42282401	42298994	-	ENSG00000108312
SLC4A1	17	42325753	42345509	-	ENSG00000004939
AC003102.1	17	42325758	42327236	-	ENSG00000214921
AC003043.1	17	42335297	42355825	+	ENSG00000268413
RUNDC3A	17	42385781	42396039	+	ENSG00000108309
SLC25A39	17	42396993	42402238	-	ENSG00000013306
GRN	17	42422614	42430470	+	ENSG00000030582
FAM171A2	17	42430583	42441243	-	ENSG00000161682
ITGA2B	17	42449548	42466873	-	ENSG00000005961
GPATCH8	17	42472652	42580798	-	ENSG00000186566
FZD2	17	42634925	42636907	+	ENSG00000180340
C17orf104	17	42733762	42767676	+	ENSG00000180336
CCDC43	17	42750437	42767147	-	ENSG00000180329
DBF4B	17	42785976	42829632	+	ENSG00000161692
ADAM11	17	42836399	42859214	+	ENSG00000073670
GJC1	17	42875816	42908184	-	ENSG00000182963
HIGD1B	17	42923721	42927848	+	ENSG00000131097
EFTUD2	17	42927311	42977030	-	ENSG00000108883
CCDC103	17	42976510	42982758	+	ENSG00000167131
FAM187A	17	42977135	42982758	+	ENSG00000214447
GFAP	17	42982376	42994305	-	ENSG00000131095
KIF18B	17	43002077	43025082	-	ENSG00000186185
C1QL1	17	43037061	43045439	-	ENSG00000131094
DCAKD	17	43100708	43138473	-	ENSG00000172992
NMT1	17	43128978	43186384	+	ENSG00000136448
PLCD3	17	43186335	43210721	-	ENSG00000161714
ACBD4	17	43209967	43221548	+	ENSG00000181513
HEXIM1	17	43224684	43229468	+	ENSG00000186834
HEXIM2	17	43238067	43247407	+	ENSG00000168517
FMNL1	17	43298811	43324687	+	ENSG00000184922
SPATA32	17	43331760	43339479	-	ENSG00000184361
ARHGAP27	17	43471275	43511787	-	ENSG00000159314
PLEKHM1	17	43513266	43568115	-	ENSG00000225190
CRHR1	17	43699267	43913194	+	ENSG00000120088
SPPL2C	17	43922256	43924438	+	ENSG00000185294
MAPT	17	43971748	44105700	+	ENSG00000186868
STH	17	44076616	44077060	+	ENSG00000256762
KANSL1	17	44107282	44302733	-	ENSG00000120071
ARL17B	17	44352150	44439130	-	ENSG00000228696
LRRC37A	17	44370099	44415160	+	ENSG00000176681
LRRC37A2	17	44588877	44633016	+	ENSG00000238083
ARL17A	17	44594068	44657088	-	ENSG00000185829
NSF	17	44668035	44834830	+	ENSG00000073969
WNT3	17	44839872	44910520	-	ENSG00000108379
WNT9B	17	44910567	44964096	+	ENSG00000158955
GOSR2	17	45000483	45105003	+	ENSG00000108433
RP11-156P1.2	17	45000499	45124520	+	ENSG00000262633
RPRML	17	45055523	45056614	-	ENSG00000179673
CDC27	17	45195069	45266788	-	ENSG00000004897
MYL4	17	45277812	45301045	+	ENSG00000198336
EFCAB13	17	45400656	45518678	+	ENSG00000178852
NPEPPS	17	45600308	45700642	+	ENSG00000141279
KPNB1	17	45726842	45762871	+	ENSG00000108424
TBKBP1	17	45771447	45789416	+	ENSG00000198933
TBX21	17	45810610	45823485	+	ENSG00000073861
OSBPL7	17	45884738	45899200	-	ENSG00000006025
MRPL10	17	45900638	45908900	-	ENSG00000159111
LRRC46	17	45908993	45915079	+	ENSG00000141294
SCRN2	17	45915058	45918699	-	ENSG00000141295
SP6	17	45922279	45933240	-	ENSG00000189120
SP2	17	45973516	46006323	+	ENSG00000167182
PNPO	17	46018872	46025654	+	ENSG00000108439
PRR15L	17	46029333	46035244	-	ENSG00000167183
CDK5RAP3	17	46045176	46059140	+	ENSG00000108465
COPZ2	17	46103533	46115392	-	ENSG00000005243
NFE2L1	17	46125691	46138849	+	ENSG00000082641
CBX1	17	46147414	46178883	-	ENSG00000108468
SNX11	17	46180719	46200436	+	ENSG00000002919
SKAP1	17	46210802	46507637	-	ENSG00000141293
HOXB1	17	46605888	46608359	-	ENSG00000120094
HOXB2	17	46618256	46623441	-	ENSG00000173917
HOXB3	17	46626232	46682274	-	ENSG00000120093
HOXB4	17	46652875	46657473	-	ENSG00000182742
HOXB5	17	46668619	46671323	-	ENSG00000120075
HOXB6	17	46671639	46682354	-	ENSG00000108511
HOXB7	17	46684594	46710934	-	ENSG00000260027
HOXB8	17	46688739	46692478	-	ENSG00000120068
HOXB9	17	46698518	46703839	-	ENSG00000170689
PRAC1	17	46799084	46799884	-	ENSG00000159182
HOXB13	17	46802125	46806540	-	ENSG00000159184
TTLL6	17	46839597	46894576	-	ENSG00000170703
CALCOCO2	17	46908350	46943884	+	ENSG00000136436
ATP5G1	17	46970127	46973233	+	ENSG00000159199
UBE2Z	17	46985731	47006418	+	ENSG00000159202
SNF8	17	47006678	47022479	-	ENSG00000159210
GIP	17	47035916	47045958	-	ENSG00000159224
IGF2BP1	17	47074774	47133012	+	ENSG00000159217
B4GALNT2	17	47209822	47247351	+	ENSG00000167080
GNGT2	17	47280153	47287936	-	ENSG00000167083
ABI3	17	47287589	47300587	+	ENSG00000108798
PHOSPHO1	17	47300724	47308128	-	ENSG00000173868
ZNF652	17	47366568	47439835	-	ENSG00000198740
RP11-81K2.1	17	47448102	47554350	+	ENSG00000262039
PHB	17	47481414	47492246	-	ENSG00000167085
NGFR	17	47572655	47592379	+	ENSG00000064300
NXPH3	17	47653220	47661189	+	ENSG00000182575
SPOP	17	47676246	47755596	-	ENSG00000121067
SLC35B1	17	47778305	47786376	-	ENSG00000121073
FAM117A	17	47787694	47866542	-	ENSG00000121104
KAT7	17	47865917	47906458	+	ENSG00000136504
TAC4	17	47915671	47925379	-	ENSG00000176358
DLX4	17	48046334	48052321	+	ENSG00000108813
DLX3	17	48067369	48072588	-	ENSG00000064195
ITGA3	17	48133332	48167845	+	ENSG00000005884
PDK2	17	48172101	48189516	+	ENSG00000005882
SAMD14	17	48187404	48207246	-	ENSG00000167100
PPP1R9B	17	48211104	48227991	-	ENSG00000108819
SGCA	17	48241575	48253292	+	ENSG00000108823
COL1A1	17	48260650	48278993	-	ENSG00000108821
TMEM92	17	48348767	48358844	+	ENSG00000167105
XYLT2	17	48423453	48440499	+	ENSG00000015532
MRPL27	17	48445218	48450575	-	ENSG00000108826
EME1	17	48450581	48458844	+	ENSG00000154920
LRRC59	17	48452420	48474914	-	ENSG00000108829
ACSF2	17	48503519	48552206	+	ENSG00000167107
CHAD	17	48541857	48546327	-	ENSG00000136457
RSAD1	17	48556161	48563336	+	ENSG00000136444
MYCBPAP	17	48585745	48608862	+	ENSG00000136449
EPN3	17	48609904	48621111	+	ENSG00000049283
SPATA20	17	48620419	48633213	+	ENSG00000006282
CACNA1G	17	48638429	48704835	+	ENSG00000006283
ABCC3	17	48712138	48769613	+	ENSG00000108846
ANKRD40	17	48770551	48785285	-	ENSG00000154945
LUC7L3	17	48796905	48833574	+	ENSG00000108848
WFIKKN2	17	48912011	48919709	+	ENSG00000173714
TOB1	17	48939584	48945339	-	ENSG00000141232
SPAG9	17	49039535	49198226	-	ENSG00000008294
NME1	17	49230897	49239789	+	ENSG00000239672
NME1-NME2	17	49230920	49249108	+	ENSG00000243678
NME2	17	49230951	49249105	+	ENSG00000011052
MBTD1	17	49254786	49337524	-	ENSG00000011258
UTP18	17	49337889	49375297	+	ENSG00000011260
CA10	17	49707674	50237377	-	ENSG00000154975
AC102948.2	17	50939481	50976948	+	ENSG00000226364
C17orf112	17	51062880	51065012	+	ENSG00000227011
KIF2B	17	51900239	51902573	+	ENSG00000141200
TOM1L1	17	52976748	53039310	+	ENSG00000141198
COX11	17	53029263	53046146	-	ENSG00000166260
STXBP4	17	53046088	53241646	+	ENSG00000166263
HLF	17	53342373	53402426	+	ENSG00000108924
MMD	17	53469974	53499353	-	ENSG00000108960
TMEM100	17	53796988	53809482	-	ENSG00000166292
PCTP	17	53828340	53920191	+	ENSG00000141179
ANKFN1	17	54188319	54589020	+	ENSG00000153930
NOG	17	54671060	54672951	+	ENSG00000183691
C17orf67	17	54869274	54916134	-	ENSG00000214226
DGKE	17	54911460	54946036	+	ENSG00000153933
TRIM25	17	54965270	54991399	-	ENSG00000121060
COIL	17	55015548	55038415	-	ENSG00000121058
SCPEP1	17	55055466	55084129	+	ENSG00000121064
AKAP1	17	55162453	55198710	+	ENSG00000121057
MSI2	17	55333212	55762046	+	ENSG00000153944
CCDC182	17	55821842	55822673	-	ENSG00000166329
MRPS23	17	55916842	55927417	-	ENSG00000181610
CUEDC1	17	55938604	56032684	-	ENSG00000180891
VEZF1	17	56048910	56065620	-	ENSG00000136451
RP11-159D12.5	17	56066399	56082614	-	ENSG00000266086
SRSF1	17	56080721	56084707	-	ENSG00000136450
DYNLL2	17	56160776	56172897	+	ENSG00000264364
OR4D1	17	56232494	56233517	+	ENSG00000141194
OR4D2	17	56247017	56247940	+	ENSG00000255713
EPX	17	56270098	56282535	+	ENSG00000121053
MKS1	17	56282803	56296966	-	ENSG00000011143
LPO	17	56295909	56345879	+	ENSG00000167419
MPO	17	56347217	56358296	-	ENSG00000005381
BZRAP1	17	56378592	56406152	-	ENSG00000005379
SUPT4H1	17	56422539	56430454	-	ENSG00000213246
RNF43	17	56429861	56494956	-	ENSG00000108375
HSF5	17	56497528	56565745	-	ENSG00000176160
MTMR4	17	56566898	56595266	-	ENSG00000108389
SEPT4	17	56597611	56618179	-	ENSG00000108387
C17orf47	17	56618948	56621729	-	ENSG00000181013
TEX14	17	56634039	56769416	-	ENSG00000121101
RAD51C	17	56769934	56811703	+	ENSG00000108384
PPM1E	17	56833230	57058983	+	ENSG00000175175
TRIM37	17	57059999	57184282	-	ENSG00000108395
SKA2	17	57187312	57232630	-	ENSG00000182628
PRR11	17	57232860	57282066	+	ENSG00000068489
CTD-2510F5.6	17	57274927	57292587	+	ENSG00000265303
SMG8	17	57286761	57292608	+	ENSG00000167447
GDPD1	17	57297828	57353328	+	ENSG00000153982
YPEL2	17	57409050	57479090	+	ENSG00000175155
DHX40	17	57642886	57685706	+	ENSG00000108406
CLTC	17	57697219	57773671	+	ENSG00000141367
PTRH2	17	57751997	57784987	-	ENSG00000141378
VMP1	17	57784553	57919616	+	ENSG00000062716
TUBD1	17	57936851	57970304	-	ENSG00000108423
RPS6KB1	17	57970447	58027925	+	ENSG00000108443
RP11-178C3.1	17	58018269	58050462	+	ENSG00000267318
RNFT1	17	58029601	58042122	-	ENSG00000189050
HEATR6	17	58120555	58156292	-	ENSG00000068097
CA4	17	58227297	58248260	+	ENSG00000167434
USP32	17	58256455	58499831	-	ENSG00000170832
C17orf64	17	58469790	58508782	+	ENSG00000141371
APPBP2	17	58520520	58603580	-	ENSG00000062725
RP11-15E18.4	17	58641908	58663984	+	ENSG00000267772
PPM1D	17	58677544	58741849	+	ENSG00000170836
BCAS3	17	58754814	59470199	+	ENSG00000141376
TBX2	17	59477257	59486827	+	ENSG00000121068
C17orf82	17	59489112	59490641	+	ENSG00000187013
TBX4	17	59529765	59562471	+	ENSG00000121075
NACA2	17	59667794	59668563	-	ENSG00000253506
BRIP1	17	59758627	59940882	-	ENSG00000136492
INTS2	17	59942731	60005377	-	ENSG00000108506
MED13	17	60019966	60142643	-	ENSG00000108510
RP11-51L5.7	17	60349848	60360276	-	ENSG00000270033
EFCAB3	17	60447579	60493837	+	ENSG00000172421
METTL2A	17	60501228	60527454	+	ENSG00000087995
TLK2	17	60536019	60692842	+	ENSG00000146872
MRC2	17	60704762	60770958	+	ENSG00000011028
MARCH10	17	60778675	60885705	-	ENSG00000173838
TANC2	17	61086917	61505060	+	ENSG00000170921
CYB561	17	61509665	61523739	-	ENSG00000008283
KCNH6	17	61600695	61626338	+	ENSG00000173826
DCAF7	17	61627822	61671639	+	ENSG00000136485
TACO1	17	61678231	61685725	+	ENSG00000136463
MAP3K3	17	61699775	61773663	+	ENSG00000198909
LIMD2	17	61773262	61778532	-	ENSG00000136490
STRADA	17	61780192	61819330	-	ENSG00000266173
RP11-51F16.8	17	61780205	61829457	-	ENSG00000125695
CCDC47	17	61822610	61853711	-	ENSG00000108588
DDX42	17	61850963	61896677	+	ENSG00000198231
FTSJ3	17	61896793	61907372	-	ENSG00000108592
PSMC5	17	61904512	61909379	+	ENSG00000087191
SMARCD2	17	61909444	61920425	-	ENSG00000108604
CSH2	17	61949372	61951126	-	ENSG00000213218
GH2	17	61957578	61959295	-	ENSG00000136487
CSH1	17	61972275	61974021	-	ENSG00000136488
CSHL1	17	61986957	61996198	-	ENSG00000204414
GH1	17	61994560	61996179	-	ENSG00000259384
CD79B	17	62006100	62009714	-	ENSG00000007312
SCN4A	17	62015914	62050278	-	ENSG00000007314
C17orf72	17	62075711	62081664	+	ENSG00000224383
ICAM2	17	62079954	62097994	-	ENSG00000108622
ERN1	17	62116502	62208179	-	ENSG00000178607
TEX2	17	62224587	62340661	-	ENSG00000136478
MILR1	17	62461569	62464760	+	ENSG00000271605
POLG2	17	62473902	62493154	-	ENSG00000256525
DDX5	17	62495734	62504317	-	ENSG00000108654
CEP95	17	62502706	62538579	+	ENSG00000258890
SMURF2	17	62538413	62658186	-	ENSG00000108854
LRRC37A3	17	62850430	62915598	-	ENSG00000176809
GNA13	17	63006833	63052957	-	ENSG00000120063
RGS9	17	63133549	63223821	+	ENSG00000108370
AXIN2	17	63524681	63557765	-	ENSG00000168646
CTD-2535L24.2	17	63534220	63637151	-	ENSG00000266076
CEP112	17	63631656	64188202	-	ENSG00000154240
APOH	17	64208151	64252643	-	ENSG00000091583
PRKCA	17	64298754	64806861	+	ENSG00000154229
CACNG5	17	64831235	64881603	+	ENSG00000075429
CACNG4	17	64961026	65029514	+	ENSG00000075461
AC005544.1	17	65027509	65028198	+	ENSG00000214167
CACNG1	17	65040706	65052909	+	ENSG00000108878
HELZ	17	65066554	65242105	-	ENSG00000198265
PSMD12	17	65334032	65362743	-	ENSG00000197170
PITPNC1	17	65373575	65693372	+	ENSG00000154217
NOL11	17	65713949	65740647	+	ENSG00000130935
BPTF	17	65821640	65980494	+	ENSG00000171634
C17orf58	17	65987217	65989765	-	ENSG00000186665
KPNA2	17	66031635	66042958	+	ENSG00000182481
AMZ2	17	66243715	66253297	+	ENSG00000196704
ARSG	17	66255323	66418872	+	ENSG00000141337
SLC16A6	17	66263167	66287408	-	ENSG00000108932
WIPI1	17	66417089	66453654	-	ENSG00000070540
PRKAR1A	17	66507921	66547460	+	ENSG00000108946
FAM20A	17	66531254	66597530	-	ENSG00000108950
AC079210.1	17	66539369	66542970	+	ENSG00000269657
ABCA8	17	66863433	66951533	-	ENSG00000141338
ABCA9	17	66970629	67057205	-	ENSG00000154258
ABCA6	17	67074843	67138029	-	ENSG00000154262
ABCA10	17	67143355	67240987	-	ENSG00000154263
ABCA5	17	67240452	67323385	-	ENSG00000154265
MAP2K6	17	67410839	67539472	+	ENSG00000108984
KCNJ16	17	68049570	68131749	+	ENSG00000153822
KCNJ2	17	68164814	68176189	+	ENSG00000123700
AC007461.1	17	70036164	70036872	+	ENSG00000267893
SOX9	17	70117161	70122561	+	ENSG00000125398
SLC39A11	17	70642088	71088851	-	ENSG00000133195
SSTR2	17	71161151	71167185	+	ENSG00000180616
COG1	17	71189129	71204646	+	ENSG00000166685
FAM104A	17	71203492	71232892	-	ENSG00000133193
C17orf80	17	71228372	71245091	+	ENSG00000141219
CPSF4L	17	71244588	71258491	-	ENSG00000187959
CDC42EP4	17	71279763	71308314	-	ENSG00000179604
SDK2	17	71330523	71640228	-	ENSG00000069188
RPL38	17	72199721	72206794	+	ENSG00000172809
TTYH2	17	72209653	72258155	+	ENSG00000141540
DNAI2	17	72270386	72311023	+	ENSG00000171595
KIF19	17	72322349	72351959	+	ENSG00000196169
AC103809.2	17	72346906	72348271	-	ENSG00000268626
BTBD17	17	72352555	72358085	-	ENSG00000204347
GPR142	17	72363546	72368761	+	ENSG00000257008
GPRC5C	17	72420990	72447792	+	ENSG00000170412
CD300A	17	72462555	72480933	+	ENSG00000167851
CD300LB	17	72517313	72527613	-	ENSG00000178789
CD300C	17	72537247	72542282	-	ENSG00000167850
CD300LD	17	72575504	72588422	-	ENSG00000204345
C17orf77	17	72580818	72590348	+	ENSG00000182352
CD300E	17	72606026	72619897	-	ENSG00000186407
RAB37	17	72666717	72743474	+	ENSG00000172794
CD300LF	17	72690452	72709117	-	ENSG00000186074
SLC9A3R1	17	72744791	72765492	+	ENSG00000109062
NAT9	17	72766686	72772506	-	ENSG00000109065
TMEM104	17	72772622	72835918	+	ENSG00000109066
GRIN2C	17	72838162	72857627	-	ENSG00000161509
FDXR	17	72858619	72869156	-	ENSG00000161513
FADS6	17	72873428	72889708	-	ENSG00000172782
USH1G	17	72912176	72919351	-	ENSG00000182040
OTOP2	17	72920370	72930007	+	ENSG00000183034
OTOP3	17	72931814	72946087	+	ENSG00000182938
HID1	17	72946838	72969261	-	ENSG00000167861
CDR2L	17	72983727	73001895	+	ENSG00000109089
ICT1	17	73008765	73017356	+	ENSG00000167862
KCTD2	17	73028670	73061984	+	ENSG00000180901
ATP5H	17	73034958	73043080	-	ENSG00000167863
SLC16A5	17	73083822	73102257	+	ENSG00000170190
ARMC7	17	73106047	73126360	+	ENSG00000125449
NT5C	17	73126320	73127890	-	ENSG00000125458
HN1	17	73131343	73164376	-	ENSG00000189159
SUMO2	17	73163408	73179078	-	ENSG00000188612
NUP85	17	73201754	73231853	+	ENSG00000125450
GGA3	17	73232694	73258444	-	ENSG00000125447
MRPS7	17	73257755	73262454	+	ENSG00000125445
MIF4GD	17	73262309	73267308	-	ENSG00000125457
SLC25A19	17	73269073	73285591	-	ENSG00000125454
GRB2	17	73314157	73401790	-	ENSG00000177885
KIAA0195	17	73437240	73496171	+	ENSG00000177728
CASKIN2	17	73496342	73511664	-	ENSG00000177303
TSEN54	17	73512141	73520820	+	ENSG00000182173
LLGL2	17	73521161	73571289	+	ENSG00000073350
MYO15B	17	73584139	73622929	+	ENSG00000266714
RECQL5	17	73622925	73663269	-	ENSG00000108469
SMIM5	17	73629514	73637484	+	ENSG00000204323
SMIM6	17	73642323	73644057	+	ENSG00000259120
SAP30BP	17	73663196	73704142	+	ENSG00000161526
ITGB4	17	73717408	73753899	+	ENSG00000132470
GALK1	17	73747675	73761792	-	ENSG00000108479
H3F3B	17	73772515	73781974	-	ENSG00000132475
UNK	17	73780681	73821886	+	ENSG00000132478
UNC13D	17	73823306	73840798	-	ENSG00000092929
WBP2	17	73841780	73852588	-	ENSG00000132471
TRIM47	17	73870242	73874656	-	ENSG00000132481
TRIM65	17	73876416	73893084	-	ENSG00000141569
MRPL38	17	73894724	73905899	-	ENSG00000204316
RP11-552F3.12	17	73894726	73926210	-	ENSG00000267426
FBF1	17	73905655	73937221	-	ENSG00000188878
ACOX1	17	73937588	73975515	-	ENSG00000161533
TEN1	17	73975301	73996667	+	ENSG00000257949
CDK3	17	73996987	74002080	+	ENSG00000250506
EVPL	17	74000583	74023533	-	ENSG00000167880
SRP68	17	74035184	74068734	-	ENSG00000167881
ZACN	17	74068042	74079747	+	ENSG00000186919
GALR2	17	74070875	74073622	+	ENSG00000182687
EXOC7	17	74077087	74117657	-	ENSG00000182473
FOXJ1	17	74132414	74137380	-	ENSG00000129654
RNF157	17	74138534	74236454	-	ENSG00000141576
UBALD2	17	74261283	74267375	+	ENSG00000185262
QRICH2	17	74270130	74303761	-	ENSG00000129646
PRPSAP1	17	74305567	74380602	-	ENSG00000161542
SPHK1	17	74372665	74383941	+	ENSG00000176170
UBE2O	17	74385532	74449288	-	ENSG00000175931
AANAT	17	74449433	74466199	+	ENSG00000129673
RHBDF2	17	74466973	74497872	-	ENSG00000129667
CYGB	17	74523438	74547257	-	ENSG00000161544
PRCD	17	74523668	74549660	+	ENSG00000214140
ST6GALNAC2	17	74559792	74583038	-	ENSG00000070731
ST6GALNAC1	17	74620843	74639920	-	ENSG00000070526
MXRA7	17	74668633	74707098	-	ENSG00000182534
JMJD6	17	74708919	74722866	-	ENSG00000070495
METTL23	17	74722912	74730018	+	ENSG00000181038
RP11-318A15.7	17	74729060	74734604	+	ENSG00000267168
SRSF2	17	74730197	74733456	-	ENSG00000161547
MFSD11	17	74731947	74777531	+	ENSG00000092931
MGAT5B	17	74864538	74946475	+	ENSG00000167889
SEC14L1	17	75082798	75213179	+	ENSG00000129657
SEPT9	17	75276651	75496678	+	ENSG00000184640
FLJ45079	17	75875109	75878659	-	ENSG00000204283
TNRC6C	17	76000249	76104916	+	ENSG00000078687
TMC6	17	76106539	76128488	-	ENSG00000141524
TMC8	17	76126851	76139049	+	ENSG00000167895
C17orf99	17	76142434	76162258	+	ENSG00000187997
SYNGR2	17	76164639	76169608	+	ENSG00000108639
TK1	17	76170160	76183314	-	ENSG00000167900
AFMID	17	76183398	76203782	+	ENSG00000183077
BIRC5	17	76210267	76221717	+	ENSG00000089685
AC087645.1	17	76210462	76220740	-	ENSG00000268310
TMEM235	17	76227391	76237068	+	ENSG00000204278
SOCS3	17	76352864	76356158	-	ENSG00000184557
PGS1	17	76374721	76421195	+	ENSG00000087157
DNAH17	17	76419778	76573476	-	ENSG00000187775
AC061992.1	17	76422409	76422834	+	ENSG00000268965
DNAH17-AS1	17	76494911	76499138	+	ENSG00000268470
CYTH1	17	76670130	76778379	-	ENSG00000108669
USP36	17	76783463	76837523	-	ENSG00000055483
TIMP2	17	76849059	76921469	-	ENSG00000035862
DDC8	17	76866992	76899299	-	ENSG00000178404
LGALS3BP	17	76967320	76976191	-	ENSG00000108679
CANT1	17	76987799	77005949	-	ENSG00000171302
C1QTNF1-AS1	17	77015291	77023737	-	ENSG00000265096
C1QTNF1	17	77018896	77045870	+	ENSG00000173918
ENGASE	17	77071021	77084681	+	ENSG00000167280
RBFOX3	17	77085427	77613550	-	ENSG00000167281
ENPP7	17	77704681	77716021	+	ENSG00000182156
CBX2	17	77751931	77761782	+	ENSG00000173894
CBX8	17	77765931	77775482	-	ENSG00000141570
CBX4	17	77806955	77813228	-	ENSG00000141582
TBC1D16	17	77906142	78009647	-	ENSG00000167291
CCDC40	17	78010435	78074412	+	ENSG00000141519
GAA	17	78075355	78093678	+	ENSG00000171298
EIF4A3	17	78109013	78120982	-	ENSG00000141543
CARD14	17	78143791	78183130	+	ENSG00000141527
SGSH	17	78180515	78194722	-	ENSG00000181523
SLC26A11	17	78193498	78227299	+	ENSG00000181045
RNF213	17	78234665	78372586	+	ENSG00000173821
ENDOV	17	78388965	78411886	+	ENSG00000173818
NPTX1	17	78440948	78451643	-	ENSG00000171246
RPTOR	17	78518619	78940171	+	ENSG00000141564
CHMP6	17	78965398	78983317	+	ENSG00000176108
AC127496.1	17	78977135	78978932	+	ENSG00000175911
BAIAP2	17	79008948	79091232	+	ENSG00000175866
AATK	17	79091095	79139877	-	ENSG00000181409
AZI1	17	79163393	79196799	-	ENSG00000141577
ENTHD2	17	79202077	79212891	-	ENSG00000167302
C17orf89	17	79213039	79215081	+	ENSG00000224877
SLC38A10	17	79218800	79269347	-	ENSG00000157637
TMEM105	17	79285074	79304474	-	ENSG00000185332
RP11-1055B8.6	17	79369275	79375658	+	ENSG00000263053
RP11-1055B8.7	17	79373540	79433357	+	ENSG00000171282
ACTG1	17	79476997	79490873	-	ENSG00000184009
FSCN2	17	79495422	79504156	+	ENSG00000186765
C17orf70	17	79506911	79520987	-	ENSG00000185504
NPLOC4	17	79523913	79615495	-	ENSG00000182446
PDE6G	17	79617489	79630142	-	ENSG00000185527
OXLD1	17	79632066	79633665	-	ENSG00000204237
CCDC137	17	79633394	79640934	+	ENSG00000185298
ARL16	17	79648204	79650954	-	ENSG00000214087
HGS	17	79650356	79670168	+	ENSG00000185359
MRPL12	17	79670387	79674556	+	ENSG00000262814
GCGR	17	79762008	79771889	+	ENSG00000215644
FAM195B	17	79780287	79791178	-	ENSG00000225663
AC174470.1	17	79780293	79784533	-	ENSG00000215621
PPP1R27	17	79791368	79792926	-	ENSG00000182676
P4HB	17	79801035	79818570	-	ENSG00000185624
ARHGDIA	17	79825597	79829282	-	ENSG00000141522
ALYREF	17	79845713	79849462	-	ENSG00000183684
ANAPC11	17	79848666	79858867	+	ENSG00000141552
NPB	17	79858621	79860781	+	ENSG00000183979
PCYT2	17	79858841	79869340	-	ENSG00000185813
SIRT7	17	79869815	79879199	-	ENSG00000187531
MAFG	17	79876146	79885590	-	ENSG00000197063
PYCR1	17	79890260	79900288	-	ENSG00000183010
MYADML2	17	79897521	79905109	-	ENSG00000185105
NOTUM	17	79910388	79919716	-	ENSG00000185269
ASPSCR1	17	79934683	79975282	+	ENSG00000169696
STRA13	17	79976578	79981983	-	ENSG00000169689
LRRC45	17	79981178	79989027	+	ENSG00000169683
RAC3	17	79989500	79992080	+	ENSG00000169750
DCXR	17	79993012	79995608	-	ENSG00000169738
RFNG	17	80005778	80009707	-	ENSG00000169733
GPS1	17	80008567	80015346	+	ENSG00000169727
DUS1L	17	80015382	80023763	-	ENSG00000169718
FASN	17	80036214	80056208	-	ENSG00000169710
CCDC57	17	80059336	80170706	-	ENSG00000176155
SLC16A3	17	80186273	80219005	+	ENSG00000141526
CSNK1D	17	80196899	80231607	-	ENSG00000141551
AC132872.2	17	80214131	80216080	+	ENSG00000268852
CD7	17	80272744	80275478	-	ENSG00000173762
SECTM1	17	80278900	80291950	-	ENSG00000141574
TEX19	17	80317123	80321652	+	ENSG00000182459
UTS2R	17	80332153	80333462	+	ENSG00000181408
OGFOD3	17	80347099	80376513	-	ENSG00000181396
HEXDC	17	80376194	80400521	+	ENSG00000169660
C17orf62	17	80400465	80408705	-	ENSG00000178927
NARF	17	80416056	80448413	+	ENSG00000141562
FOXK2	17	80477589	80602538	+	ENSG00000141568
WDR45B	17	80572438	80606429	-	ENSG00000141580
RAB40B	17	80612849	80656604	-	ENSG00000141542
FN3KRP	17	80674559	80688204	+	ENSG00000141560
FN3K	17	80693451	80709073	+	ENSG00000167363
TBCD	17	80709940	80900724	+	ENSG00000141556
ZNF750	17	80787311	80798454	-	ENSG00000141579
B3GNTL1	17	80900031	81009686	-	ENSG00000175711
METRNL	17	81037567	81052864	+	ENSG00000176845
RP11-683L23.1	18	47225	73545	-	ENSG00000173213
USP14	18	158383	214629	+	ENSG00000101557
THOC1	18	214520	268050	-	ENSG00000079134
COLEC12	18	319361	500722	-	ENSG00000158270
CETN1	18	580367	581524	+	ENSG00000177143
CLUL1	18	596988	650334	+	ENSG00000079101
C18orf56	18	641320	658340	-	ENSG00000176912
TYMS	18	657604	673578	+	ENSG00000176890
ENOSF1	18	670324	712676	-	ENSG00000132199
YES1	18	721588	812547	-	ENSG00000176105
ADCYAP1	18	904944	912173	+	ENSG00000141433
METTL4	18	2537524	2571508	-	ENSG00000101574
NDC80	18	2571510	2616634	+	ENSG00000080986
SMCHD1	18	2655737	2805015	+	ENSG00000101596
EMILIN2	18	2847028	2915991	+	ENSG00000132205
LPIN2	18	2916992	3013313	-	ENSG00000101577
MYOM1	18	3066805	3220106	-	ENSG00000101605
MYL12A	18	3247479	3256234	+	ENSG00000101608
MYL12B	18	3261907	3278282	+	ENSG00000118680
TGIF1	18	3411606	3458409	+	ENSG00000177426
DLGAP1	18	3496030	4455335	-	ENSG00000170579
C18orf42	18	5145284	5197502	-	ENSG00000231824
ZBTB14	18	5289018	5297052	-	ENSG00000198081
EPB41L3	18	5392383	5630699	-	ENSG00000082397
TMEM200C	18	5882071	5895954	-	ENSG00000206432
L3MBTL4	18	5954705	6415236	-	ENSG00000154655
C18orf64	18	6511415	6590652	+	ENSG00000265944
ARHGAP28	18	6729717	6915715	+	ENSG00000088756
LAMA1	18	6941743	7117813	-	ENSG00000101680
LRRC30	18	7231123	7232045	+	ENSG00000206422
PTPRM	18	7566780	8406859	+	ENSG00000173482
AP001094.1	18	8336437	8337038	-	ENSG00000268046
RAB12	18	8609443	8639379	+	ENSG00000206418
SOGA2	18	8705659	8832776	+	ENSG00000168502
NDUFV2	18	9102628	9134343	+	ENSG00000178127
ANKRD12	18	9136226	9285983	+	ENSG00000101745
TWSG1	18	9334765	9402418	+	ENSG00000128791
RALBP1	18	9475007	9538114	+	ENSG00000017797
PPP4R1	18	9546789	9615238	-	ENSG00000154845
RAB31	18	9708162	9862548	+	ENSG00000168461
TXNDC2	18	9885763	9889272	+	ENSG00000168454
VAPA	18	9913999	9960018	+	ENSG00000101558
APCDD1	18	10454625	10489945	+	ENSG00000154856
NAPG	18	10525902	10552758	+	ENSG00000134265
PIEZO2	18	10666480	11148587	-	ENSG00000154864
GNAL	18	11688955	11885684	+	ENSG00000141404
CHMP1B	18	11851395	11854448	+	ENSG00000255112
MPPE1	18	11882621	11909222	-	ENSG00000154889
IMPA2	18	11981024	12030876	+	ENSG00000141401
ANKRD62	18	12093852	12129748	+	ENSG00000181626
CIDEA	18	12254318	12277594	+	ENSG00000176194
TUBB6	18	12307668	12344319	+	ENSG00000176014
AFG3L2	18	12328943	12377313	-	ENSG00000141385
SLMO1	18	12407895	12432237	+	ENSG00000141391
SPIRE1	18	12446511	12658133	-	ENSG00000134278
AP005482.1	18	12658042	12663470	+	ENSG00000215527
PSMG2	18	12658737	12725739	+	ENSG00000128789
CEP76	18	12661832	12702776	-	ENSG00000101624
PTPN2	18	12785477	12929642	-	ENSG00000175354
SEH1L	18	12947132	12987535	+	ENSG00000085415
CEP192	18	12991361	13125051	+	ENSG00000101639
LDLRAD4	18	13217497	13652754	+	ENSG00000168675
FAM210A	18	13663346	13726662	-	ENSG00000177150
RNMT	18	13726659	13764557	+	ENSG00000101654
MC5R	18	13824154	13826861	+	ENSG00000176136
MC2R	18	13882043	13915706	-	ENSG00000185231
ZNF519	18	14057456	14132489	-	ENSG00000175322
POTEC	18	14507338	14543584	-	ENSG00000183206
ANKRD30B	18	14728271	14852737	+	ENSG00000180777
ROCK1	18	18526867	18691812	-	ENSG00000067900
GREB1L	18	18822203	19105378	+	ENSG00000141449
ESCO1	18	19109242	19180845	-	ENSG00000141446
SNRPD1	18	19192228	19210417	+	ENSG00000167088
ABHD3	18	19230858	19284766	-	ENSG00000158201
MIB1	18	19284918	19450918	+	ENSG00000101752
RP11-595B24.2	18	19668021	19678741	+	ENSG00000263588
GATA6	18	19749404	19782491	+	ENSG00000141448
CTAGE1	18	19993564	19997878	-	ENSG00000212710
RBBP8	18	20378224	20606451	+	ENSG00000101773
CABLES1	18	20714528	20840431	+	ENSG00000134508
TMEM241	18	20777108	21017925	-	ENSG00000134490
RIOK3	18	21032787	21066567	+	ENSG00000101782
C18orf8	18	21083473	21111746	+	ENSG00000141452
NPC1	18	21086148	21166862	-	ENSG00000141458
ANKRD29	18	21178890	21242849	-	ENSG00000154065
LAMA3	18	21269407	21535030	+	ENSG00000053747
TTC39C	18	21572737	21715574	+	ENSG00000168234
CABYR	18	21718942	21741567	+	ENSG00000154040
OSBPL1A	18	21742008	21977844	-	ENSG00000141447
IMPACT	18	22006580	22033499	+	ENSG00000154059
HRH4	18	22040593	22059921	+	ENSG00000134489
ZNF521	18	22641890	22932154	-	ENSG00000198795
SS18	18	23596578	23671181	-	ENSG00000141380
PSMA8	18	23713816	23773319	+	ENSG00000154611
TAF4B	18	23805900	23971649	+	ENSG00000141384
KCTD1	18	24034874	24237365	-	ENSG00000134504
AQP4	18	24432002	24445782	-	ENSG00000171885
CHST9	18	24495595	24765281	-	ENSG00000154080
CDH2	18	25530930	25757410	-	ENSG00000170558
DSC3	18	28569974	28622781	-	ENSG00000134762
DSC2	18	28645940	28682378	-	ENSG00000134755
DSC1	18	28709199	28742819	-	ENSG00000134765
DSG1	18	28898052	28936992	+	ENSG00000134760
DSG4	18	28956740	28994875	+	ENSG00000175065
DSG3	18	29027758	29058665	+	ENSG00000134757
DSG2	18	29078006	29128971	+	ENSG00000046604
TTR	18	29171689	29178974	+	ENSG00000118271
B4GALT6	18	29202210	29265799	-	ENSG00000118276
SLC25A52	18	29339525	29340843	-	ENSG00000141437
TRAPPC8	18	29409136	29533099	-	ENSG00000153339
RNF125	18	29598335	29653176	+	ENSG00000101695
RNF138	18	29671818	29711524	+	ENSG00000134758
GAREM	18	29704840	30050447	-	ENSG00000141441
MEP1B	18	29765032	29800367	+	ENSG00000141434
KLHL14	18	30252634	30353025	-	ENSG00000197705
AC012123.1	18	30349758	30354376	+	ENSG00000228835
CCDC178	18	30517366	31021065	-	ENSG00000166960
ASXL3	18	31158579	31331156	+	ENSG00000141431
NOL4	18	31431064	31804916	-	ENSG00000101746
DTNA	18	32073254	32471808	+	ENSG00000134769
MAPRE2	18	32556892	32723434	+	ENSG00000166974
ZNF397	18	32820994	32847097	+	ENSG00000186812
ZSCAN30	18	32831032	32870196	-	ENSG00000186814
ZNF24	18	32912176	32925446	-	ENSG00000172466
ZNF396	18	32946661	32957301	-	ENSG00000186496
RP11-322E11.6	18	33023835	33077904	-	ENSG00000267140
INO80C	18	33032194	33077955	-	ENSG00000153391
GALNT1	18	33161081	33291798	+	ENSG00000141429
C18orf21	18	33552046	33559241	+	ENSG00000141428
RPRD1A	18	33564350	33647539	-	ENSG00000141425
SLC39A6	18	33688495	33709348	-	ENSG00000141424
ELP2	18	33709407	33757909	+	ENSG00000134759
MOCOS	18	33767482	33852120	+	ENSG00000075643
FHOD3	18	33877677	34360018	+	ENSG00000134775
TPGS2	18	34359987	34409158	-	ENSG00000134779
KIAA1328	18	34409069	34812135	+	ENSG00000150477
CELF4	18	34823010	35146000	-	ENSG00000101489
PIK3C3	18	39535171	39667794	+	ENSG00000078142
RIT2	18	40323192	40695657	-	ENSG00000152214
SYT4	18	40847843	40857615	-	ENSG00000132872
SETBP1	18	42260138	42648475	+	ENSG00000152217
SLC14A2	18	42792960	43263072	+	ENSG00000132874
SLC14A1	18	43304092	43332485	+	ENSG00000141469
SIGLEC15	18	43405477	43424045	+	ENSG00000197046
EPG5	18	43427574	43547240	-	ENSG00000152223
PSTPIP2	18	43563502	43652238	-	ENSG00000152229
ATP5A1	18	43664110	43684300	-	ENSG00000152234
HAUS1	18	43684298	43708299	+	ENSG00000152240
C18orf25	18	43753519	43846949	+	ENSG00000152242
RNF165	18	43906772	44043103	+	ENSG00000141622
LOXHD1	18	44056935	44236996	-	ENSG00000167210
ST8SIA5	18	44259081	44339220	-	ENSG00000101638
PIAS2	18	44388353	44500123	-	ENSG00000078043
KATNAL2	18	44497455	44627658	+	ENSG00000167216
TCEB3CL2	18	44542731	44544607	-	ENSG00000266996
TCEB3CL	18	44548658	44550534	-	ENSG00000234298
TCEB3C	18	44554573	44556449	-	ENSG00000183791
TCEB3B	18	44558943	44561988	-	ENSG00000206181
HDHD2	18	44633774	44676891	-	ENSG00000167220
SKOR2	18	44746293	44775554	-	ENSG00000215474
SMAD2	18	45357922	45457515	-	ENSG00000175387
ZBTB7C	18	45553044	45937123	-	ENSG00000184828
AC091150.1	18	45778672	45779208	+	ENSG00000268960
CTIF	18	46065417	46389588	+	ENSG00000134030
SMAD7	18	46446223	46477081	-	ENSG00000101665
DYM	18	46570039	46987717	-	ENSG00000141627
C18orf32	18	47008028	47013622	-	ENSG00000177576
RPL17-C18orf32	18	47008051	47017956	-	ENSG00000215472
RPL17	18	47014851	47018906	-	ENSG00000265681
LIPG	18	47087069	47119272	+	ENSG00000101670
ACAA2	18	47309869	47340330	-	ENSG00000167315
RP11-886H22.1	18	47322163	47363993	-	ENSG00000266997
MYO5B	18	47349183	47721463	-	ENSG00000167306
CCDC11	18	47753563	47792892	-	ENSG00000172361
MBD1	18	47793252	47808144	-	ENSG00000141644
CXXC1	18	47808713	47814674	-	ENSG00000154832
SKA1	18	47901365	47920543	+	ENSG00000154839
MAPK4	18	48086448	48258194	+	ENSG00000141639
MRO	18	48324574	48351772	-	ENSG00000134042
ME2	18	48405419	48474691	+	ENSG00000082212
ELAC1	18	48494361	48514491	+	ENSG00000141642
RP11-729L2.2	18	48494389	48584514	+	ENSG00000267699
SMAD4	18	48494410	48611415	+	ENSG00000141646
MEX3C	18	48700920	48744674	-	ENSG00000176624
DCC	18	49866542	51057784	+	ENSG00000187323
MBD2	18	51679079	51751158	-	ENSG00000134046
POLI	18	51795774	51847636	+	ENSG00000101751
STARD6	18	51850728	51884334	-	ENSG00000174448
C18orf54	18	51884287	51911588	+	ENSG00000166845
DYNAP	18	52254988	52266724	+	ENSG00000178690
RAB27B	18	52385091	52562747	+	ENSG00000041353
CCDC68	18	52568740	52626739	-	ENSG00000166510
TCF4	18	52889562	53332018	-	ENSG00000196628
TXNL1	18	54264439	54318831	-	ENSG00000091164
WDR7	18	54318574	54698828	+	ENSG00000091157
BOD1L2	18	54814293	54817531	+	ENSG00000228075
ST8SIA3	18	55018044	55038962	+	ENSG00000177511
ONECUT2	18	55102917	55158529	+	ENSG00000119547
FECH	18	55215515	55254004	-	ENSG00000066926
NARS	18	55267888	55289445	-	ENSG00000134440
ATP8B1	18	55313658	55470333	-	ENSG00000081923
NEDD4L	18	55711599	56068772	+	ENSG00000049759
ALPK2	18	56148479	56296189	-	ENSG00000198796
MALT1	18	56338618	56417371	+	ENSG00000172175
ZNF532	18	56529832	56653712	+	ENSG00000074657
SEC11C	18	56806709	56826068	+	ENSG00000166562
GRP	18	56887400	56898006	+	ENSG00000134443
RAX	18	56934267	56941318	-	ENSG00000134438
CPLX4	18	56942388	56985881	-	ENSG00000166569
LMAN1	18	56995055	57027194	-	ENSG00000074695
CCBE1	18	57098172	57364612	-	ENSG00000183287
PMAIP1	18	57567180	57571538	+	ENSG00000141682
MC4R	18	58038564	58040001	-	ENSG00000166603
CDH20	18	59000815	59223006	+	ENSG00000101542
RNF152	18	59475296	59561480	-	ENSG00000176641
PIGN	18	59710800	59854351	-	ENSG00000197563
KIAA1468	18	59854491	59974355	+	ENSG00000134444
TNFRSF11A	18	59992520	60058516	+	ENSG00000141655
ZCCHC2	18	60190240	60254942	+	ENSG00000141664
PHLPP1	18	60382672	60647666	+	ENSG00000081913
AC015989.1	18	60491423	60492724	+	ENSG00000215431
AC015989.2	18	60505640	60505948	-	ENSG00000269630
BCL2	18	60790579	60987361	-	ENSG00000171791
KDSR	18	60994959	61034743	-	ENSG00000119537
VPS4B	18	61056423	61089716	-	ENSG00000119541
SERPINB5	18	61143994	61172318	+	ENSG00000206075
SERPINB12	18	61223393	61234244	+	ENSG00000166634
SERPINB13	18	61254223	61271873	+	ENSG00000197641
SERPINB4	18	61304493	61311532	-	ENSG00000206073
SERPINB3	18	61322431	61329197	-	ENSG00000057149
SERPINB7	18	61420169	61472604	+	ENSG00000166396
SERPINB2	18	61538926	61571124	+	ENSG00000197632
SERPINB10	18	61564408	61603345	+	ENSG00000242550
AC009802.1	18	61602042	61609601	-	ENSG00000268706
HMSD	18	61616535	61649008	+	ENSG00000221887
SERPINB8	18	61637159	61672278	+	ENSG00000166401
CDH7	18	63417488	63548638	+	ENSG00000081138
CDH19	18	64168320	64271375	-	ENSG00000071991
DSEL	18	65173819	65184217	-	ENSG00000171451
TMX3	18	66340925	66382535	-	ENSG00000166479
CCDC102B	18	66382446	66722426	+	ENSG00000150636
RP11-861L17.3	18	66567018	66569492	-	ENSG00000264472
DOK6	18	67068291	67516323	+	ENSG00000206052
CD226	18	67498394	67629039	-	ENSG00000150637
RTTN	18	67671029	67873181	-	ENSG00000176225
SOCS6	18	67956137	67997436	+	ENSG00000170677
RP11-41O4.1	18	68002675	68019695	+	ENSG00000266258
GTSCR1	18	68297755	68317980	-	ENSG00000263417
RP11-723G8.2	18	69399851	69455364	-	ENSG00000265352
CBLN2	18	70203915	70305756	-	ENSG00000141668
NETO1	18	70409549	70535381	-	ENSG00000166342
RP11-169F17.1	18	70818476	70931715	-	ENSG00000263711
FBXO15	18	71740588	71815100	-	ENSG00000141665
TIMM21	18	71815746	71826197	+	ENSG00000075336
CYB5A	18	71920530	71959251	-	ENSG00000166347
C18orf63	18	71983048	72026422	+	ENSG00000206043
FAM69C	18	72102963	72125179	-	ENSG00000187773
CNDP2	18	72163051	72188366	+	ENSG00000133313
CNDP1	18	72201675	72254448	+	ENSG00000150656
ZNF407	18	72265106	72777627	+	ENSG00000215421
ZADH2	18	72907063	72921303	-	ENSG00000180011
TSHZ1	18	72922710	73001905	+	ENSG00000179981
RP11-321M21.3	18	73118967	73130995	+	ENSG00000264116
SMIM21	18	73121431	73139658	-	ENSG00000206026
RP11-94B19.4	18	73971121	73972069	+	ENSG00000266614
ZNF516	18	74069644	74207146	-	ENSG00000101493
RP11-17M16.1	18	74207477	74210045	+	ENSG00000220032
LINC00908	18	74240612	74322925	+	ENSG00000263812
RP11-162A12.2	18	74506688	74534251	-	ENSG00000264278
ZNF236	18	74534563	74682683	+	ENSG00000130856
MBP	18	74690783	74845639	-	ENSG00000197971
GALR1	18	74962505	74980858	+	ENSG00000166573
SALL3	18	76740275	76762677	+	ENSG00000256463
ATP9B	18	76829285	77138283	+	ENSG00000166377
NFATC1	18	77155856	77289325	+	ENSG00000131196
AC018445.1	18	77275812	77276057	-	ENSG00000269679
CTDP1	18	77439801	77514510	+	ENSG00000060069
KCNG2	18	77623668	77660184	+	ENSG00000178342
PQLC1	18	77662420	77711664	-	ENSG00000122490
HSBP1L1	18	77724561	77730822	+	ENSG00000226742
TXNL4A	18	77732867	77793949	-	ENSG00000141759
RP11-795F19.5	18	77794346	77854968	+	ENSG00000267127
RBFA	18	77794358	77806397	+	ENSG00000101546
ADNP2	18	77866915	77905406	+	ENSG00000101544
AC139100.2	18	77905807	77936315	+	ENSG00000267270
PARD6G	18	77915115	78005429	-	ENSG00000178184
OR4F17	19	107471	111696	+	ENSG00000176695
PPAP2C	19	281040	291393	-	ENSG00000141934
MIER2	19	305575	344798	-	ENSG00000105556
THEG	19	361750	376013	-	ENSG00000105549
C2CD4C	19	405438	409139	-	ENSG00000183186
SHC2	19	416583	460996	-	ENSG00000129946
ODF3L2	19	463346	474983	-	ENSG00000181781
MADCAM1	19	489176	505347	+	ENSG00000099866
TPGS1	19	507299	519654	+	ENSG00000141933
CDC34	19	531714	542097	+	ENSG00000099804
GZMM	19	544034	549919	+	ENSG00000197540
BSG	19	571297	583493	+	ENSG00000172270
HCN2	19	589893	617159	+	ENSG00000099822
POLRMT	19	617223	633597	-	ENSG00000099821
FGF22	19	639879	643703	+	ENSG00000070388
RNF126	19	647526	663277	-	ENSG00000070423
FSTL3	19	676392	683385	+	ENSG00000070404
PRSS57	19	685521	695460	-	ENSG00000185198
PALM	19	708953	748329	+	ENSG00000099864
MISP	19	751126	764319	+	ENSG00000099812
PTBP1	19	797075	812327	+	ENSG00000011304
LPPR3	19	812518	821967	-	ENSG00000129951
AZU1	19	825097	832017	+	ENSG00000172232
PRTN3	19	840963	848175	+	ENSG00000196415
ELANE	19	851014	856242	+	ENSG00000197561
CFD	19	859453	863453	+	ENSG00000197766
MED16	19	867962	893218	-	ENSG00000175221
R3HDM4	19	896503	913240	-	ENSG00000198858
KISS1R	19	917287	921015	+	ENSG00000116014
ARID3A	19	925781	975939	+	ENSG00000116017
WDR18	19	983174	994569	+	ENSG00000065268
AC004528.1	19	999601	999952	+	ENSG00000269169
GRIN3B	19	1000418	1009731	+	ENSG00000116032
TMEM259	19	1009647	1021117	-	ENSG00000182087
CNN2	19	1026298	1039068	+	ENSG00000064666
ABCA7	19	1040102	1065571	+	ENSG00000064687
HMHA1	19	1065922	1086627	+	ENSG00000180448
POLR2E	19	1086594	1095598	-	ENSG00000099817
GPX4	19	1103936	1106787	+	ENSG00000167468
SBNO2	19	1107636	1174282	-	ENSG00000064932
STK11	19	1189406	1228428	+	ENSG00000118046
C19orf26	19	1228286	1238026	-	ENSG00000099625
ATP5D	19	1241749	1244824	+	ENSG00000099624
MIDN	19	1248552	1259142	+	ENSG00000167470
CIRBP	19	1259384	1274879	+	ENSG00000099622
C19orf24	19	1275026	1279248	+	ENSG00000228300
MUM1	19	1285890	1378430	+	ENSG00000160953
EFNA2	19	1286153	1301430	+	ENSG00000099617
NDUFS7	19	1383526	1395583	+	ENSG00000115286
GAMT	19	1397091	1401569	-	ENSG00000130005
DAZAP1	19	1407568	1435719	+	ENSG00000071626
RPS15	19	1438358	1440583	+	ENSG00000115268
AC027307.3	19	1440838	1441937	+	ENSG00000268798
APC2	19	1446300	1473243	+	ENSG00000115266
C19orf25	19	1461142	1479555	-	ENSG00000119559
PCSK4	19	1481427	1490751	-	ENSG00000115257
REEP6	19	1491165	1497926	+	ENSG00000115255
ADAMTSL5	19	1505017	1513603	-	ENSG00000185761
PLK5	19	1524073	1535455	+	ENSG00000185988
MEX3D	19	1554668	1568057	-	ENSG00000181588
MBD3	19	1576639	1592882	-	ENSG00000071655
TCF3	19	1609291	1652604	-	ENSG00000071564
ONECUT3	19	1752372	1780987	+	ENSG00000205922
ATP8B3	19	1782074	1812275	-	ENSG00000130270
REXO1	19	1815248	1848452	-	ENSG00000079313
KLF16	19	1852399	1863567	-	ENSG00000129911
ABHD17A	19	1876809	1885546	-	ENSG00000129968
SCAMP4	19	1905213	1926016	+	ENSG00000227500
ADAT3	19	1905377	1913444	+	ENSG00000213638
CSNK1G2	19	1941188	1981337	+	ENSG00000133275
BTBD2	19	1985447	2034880	-	ENSG00000133243
MKNK2	19	2037470	2051243	-	ENSG00000099875
MOB3A	19	2071037	2096672	-	ENSG00000172081
IZUMO4	19	2096380	2099592	+	ENSG00000099840
AP3D1	19	2100988	2164464	-	ENSG00000065000
DOT1L	19	2164148	2232577	+	ENSG00000104885
PLEKHJ1	19	2230002	2237703	-	ENSG00000104886
SF3A2	19	2236520	2248678	+	ENSG00000104897
AMH	19	2249308	2252072	+	ENSG00000104899
JSRP1	19	2252251	2269758	-	ENSG00000167476
OAZ1	19	2269485	2273487	+	ENSG00000104904
C19orf35	19	2274631	2282181	-	ENSG00000188305
LINGO3	19	2289774	2308156	-	ENSG00000220008
LSM7	19	2321516	2328619	-	ENSG00000130332
TMPRSS9	19	2389769	2426237	+	ENSG00000178297
TIMM13	19	2425622	2427892	-	ENSG00000099800
LMNB2	19	2427636	2456994	-	ENSG00000176619
GADD45B	19	2476120	2478257	+	ENSG00000099860
GNG7	19	2511217	2702707	-	ENSG00000176533
DIRAS1	19	2714565	2721416	-	ENSG00000176490
AC006538.4	19	2717767	2740046	-	ENSG00000267001
SLC39A3	19	2732202	2740150	-	ENSG00000141873
SGTA	19	2754712	2783369	-	ENSG00000104969
THOP1	19	2785458	2813599	+	ENSG00000172009
ZNF554	19	2819872	2835771	+	ENSG00000172006
ZNF555	19	2841433	2860482	+	ENSG00000186300
ZNF556	19	2867333	2878515	+	ENSG00000172000
ZNF57	19	2900896	2918474	+	ENSG00000171970
ZNF77	19	2933216	2944969	-	ENSG00000175691
TLE6	19	2977444	2995177	+	ENSG00000104953
TLE2	19	2997636	3047633	-	ENSG00000065717
AES	19	3052908	3063105	-	ENSG00000104964
GNA11	19	3094408	3124002	+	ENSG00000088256
GNA15	19	3136191	3163767	+	ENSG00000060558
S1PR4	19	3172344	3180329	+	ENSG00000125910
NCLN	19	3185561	3209573	+	ENSG00000125912
CELF5	19	3224701	3297074	+	ENSG00000161082
NFIC	19	3359561	3469215	+	ENSG00000141905
C19orf77	19	3474405	3480540	-	ENSG00000095932
DOHH	19	3490819	3500938	-	ENSG00000129932
FZR1	19	3506271	3538328	+	ENSG00000105325
MFSD12	19	3538259	3574288	-	ENSG00000161091
C19orf71	19	3539152	3544028	+	ENSG00000183397
HMG20B	19	3572775	3579086	+	ENSG00000064961
GIPC3	19	3585551	3593539	+	ENSG00000179855
TBXA2R	19	3594504	3606838	-	ENSG00000006638
CACTIN	19	3610639	3626813	-	ENSG00000105298
PIP5K1C	19	3630181	3700477	-	ENSG00000186111
TJP3	19	3708107	3750811	+	ENSG00000105289
APBA3	19	3750817	3761697	-	ENSG00000011132
MRPL54	19	3762662	3768573	+	ENSG00000183617
RAX2	19	3769087	3772233	-	ENSG00000173976
MATK	19	3777971	3802127	-	ENSG00000007264
ZFR2	19	3804022	3869030	-	ENSG00000105278
ATCAY	19	3879862	3928077	+	ENSG00000167654
NMRK2	19	3933101	3942414	+	ENSG00000077009
DAPK3	19	3958451	3971121	-	ENSG00000167657
EEF2	19	3976054	3985467	-	ENSG00000167658
PIAS4	19	4007644	4039384	+	ENSG00000105229
AC016586.1	19	4041127	4043154	-	ENSG00000205147
ZBTB7A	19	4044362	4066943	-	ENSG00000178951
MAP2K2	19	4090319	4124126	-	ENSG00000126934
CREB3L3	19	4153598	4173051	+	ENSG00000060566
SIRT6	19	4174106	4182601	-	ENSG00000077463
ANKRD24	19	4183351	4224811	+	ENSG00000089847
EBI3	19	4229495	4237528	+	ENSG00000105246
CCDC94	19	4247076	4269087	+	ENSG00000105248
SHD	19	4278598	4290721	+	ENSG00000105251
TMIGD2	19	4292229	4302428	-	ENSG00000167664
FSD1	19	4304597	4323840	+	ENSG00000105255
STAP2	19	4324040	4342783	-	ENSG00000178078
MPND	19	4343524	4360083	+	ENSG00000008382
SH3GL1	19	4360367	4400544	-	ENSG00000141985
CHAF1A	19	4402659	4445015	+	ENSG00000167670
UBXN6	19	4444996	4457819	-	ENSG00000167671
HDGFRP2	19	4472284	4502223	+	ENSG00000167674
PLIN4	19	4502204	4517716	-	ENSG00000167676
PLIN5	19	4522543	4535236	-	ENSG00000214456
CTB-50L17.14	19	4528439	4540079	-	ENSG00000267385
LRG1	19	4536421	4540486	-	ENSG00000171236
SEMA6B	19	4542600	4559820	-	ENSG00000167680
TNFAIP8L1	19	4639530	4655580	+	ENSG00000185361
C19orf10	19	4641386	4670382	-	ENSG00000074842
DPP9	19	4675236	4724685	-	ENSG00000142002
FEM1A	19	4791728	4795571	+	ENSG00000141965
TICAM1	19	4815944	4831716	-	ENSG00000127666
PLIN3	19	4838353	4867780	-	ENSG00000105355
ARRDC5	19	4890449	4902879	-	ENSG00000205784
KDM4B	19	4969125	5153606	+	ENSG00000127663
PTPRS	19	5158506	5340814	-	ENSG00000105426
ZNRF4	19	5455426	5456867	+	ENSG00000105428
SAFB2	19	5587010	5624057	-	ENSG00000130254
SAFB	19	5623046	5668489	+	ENSG00000160633
RPL36	19	5674958	5691887	+	ENSG00000130255
C19orf70	19	5678432	5680907	-	ENSG00000174917
HSD11B1L	19	5680615	5688533	+	ENSG00000167733
LONP1	19	5691845	5720583	-	ENSG00000196365
CATSPERD	19	5720688	5778745	+	ENSG00000174898
PRR22	19	5782971	5784776	-	ENSG00000212123
CTB-54O9.9	19	5784016	5785630	-	ENSG00000267157
DUS3L	19	5784843	5791249	-	ENSG00000141994
NRTN	19	5823813	5828335	+	ENSG00000171119
FUT6	19	5830621	5839742	-	ENSG00000156413
FUT3	19	5842899	5851485	-	ENSG00000171124
FUT5	19	5865837	5903798	-	ENSG00000130383
AC024592.12	19	5866182	5903798	-	ENSG00000267740
NDUFA11	19	5891287	5904017	-	ENSG00000174886
AC104532.2	19	5904852	5914718	+	ENSG00000267314
VMAC	19	5904869	5910864	+	ENSG00000187650
CAPS	19	5911718	5915888	+	ENSG00000105519
RANBP3	19	5916150	5978153	-	ENSG00000031823
RFX2	19	5993175	6199583	-	ENSG00000087903
ACSBG2	19	6135258	6193112	+	ENSG00000130377
MLLT1	19	6212966	6279959	-	ENSG00000130382
ACER1	19	6306153	6333640	-	ENSG00000167769
CLPP	19	6361463	6368919	+	ENSG00000125656
ALKBH7	19	6372444	6375042	+	ENSG00000125652
PSPN	19	6375159	6379069	-	ENSG00000125650
GTF2F1	19	6379580	6393992	-	ENSG00000125651
KHSRP	19	6413359	6424805	-	ENSG00000088247
SLC25A41	19	6426048	6433790	-	ENSG00000181240
SLC25A23	19	6436090	6465214	-	ENSG00000125648
CRB3	19	6463788	6467232	+	ENSG00000130545
DENND1C	19	6467218	6482568	-	ENSG00000205744
TUBB4A	19	6494330	6502859	-	ENSG00000104833
TNFSF9	19	6531010	6535931	+	ENSG00000125657
CD70	19	6583194	6604114	-	ENSG00000125726
TNFSF14	19	6663148	6670599	-	ENSG00000125735
C3	19	6677715	6730573	-	ENSG00000125730
GPR108	19	6729925	6737614	-	ENSG00000125734
TRIP10	19	6737936	6751537	+	ENSG00000125733
SH2D3A	19	6752171	6767599	-	ENSG00000125731
VAV1	19	6772725	6857377	+	ENSG00000141968
EMR1	19	6887577	6940470	+	ENSG00000174837
AC025278.1	19	7011514	7013338	+	ENSG00000204752
MBD3L5	19	7030589	7033022	+	ENSG00000237247
MBD3L4	19	7037759	7040190	-	ENSG00000205718
MBD3L2	19	7049332	7051746	+	ENSG00000230522
MBD3L3	19	7056220	7058651	-	ENSG00000182315
ZNF557	19	7069455	7087979	+	ENSG00000130544
INSR	19	7112266	7294045	-	ENSG00000171105
CTB-133G6.1	19	7413848	7448271	+	ENSG00000263264
CTD-2207O23.3	19	7445850	7535131	+	ENSG00000268861
ARHGEF18	19	7459999	7537363	+	ENSG00000104880
PEX11G	19	7541761	7562335	-	ENSG00000104883
C19orf45	19	7557862	7573336	+	ENSG00000198723
CTD-2207O23.12	19	7571938	7584508	+	ENSG00000267952
ZNF358	19	7580178	7585912	+	ENSG00000198816
MCOLN1	19	7587512	7598895	+	ENSG00000090674
CTD-2207O23.10	19	7598481	7604945	+	ENSG00000268614
PNPLA6	19	7598890	7626650	+	ENSG00000032444
CAMSAP3	19	7660788	7683190	+	ENSG00000076826
XAB2	19	7684411	7694451	-	ENSG00000076924
PET100	19	7694623	7696842	+	ENSG00000229833
CTD-3214H19.4	19	7694682	7707934	+	ENSG00000268400
PCP2	19	7696497	7698634	-	ENSG00000174788
STXBP2	19	7701767	7712759	+	ENSG00000076944
RETN	19	7733930	7735334	+	ENSG00000104918
C19orf59	19	7741514	7744712	+	ENSG00000183019
CTD-3214H19.16	19	7743387	7747740	+	ENSG00000269711
TRAPPC5	19	7745729	7747744	+	ENSG00000181029
FCER2	19	7753644	7767032	-	ENSG00000104921
CLEC4G	19	7793843	7798792	-	ENSG00000182566
CD209	19	7804879	7812464	-	ENSG00000090659
CLEC4M	19	7828035	7834491	+	ENSG00000104938
EVI5L	19	7895119	7929862	+	ENSG00000142459
CTD-3193O13.9	19	7933605	7939326	-	ENSG00000183248
LRRC8E	19	7953390	7966901	+	ENSG00000171017
AC010336.1	19	7963689	7968427	-	ENSG00000214248
MAP2K7	19	7968728	7979363	+	ENSG00000076984
TGFBR3L	19	7981030	7983982	+	ENSG00000260001
SNAPC2	19	7985201	7988135	+	ENSG00000104976
CTXN1	19	7989372	7991051	-	ENSG00000178531
TIMM44	19	7991603	8008805	-	ENSG00000104980
ELAVL1	19	8023463	8070543	-	ENSG00000066044
CCL25	19	8117651	8127534	+	ENSG00000131142
FBN3	19	8130286	8214730	-	ENSG00000142449
CERS4	19	8271620	8327305	+	ENSG00000090661
CD320	19	8367011	8373240	-	ENSG00000167775
RPS28	19	8386042	8388224	+	ENSG00000233927
KANK3	19	8387468	8408146	-	ENSG00000186994
ANGPTL4	19	8428173	8439257	+	ENSG00000167772
RAB11B	19	8454865	8469318	+	ENSG00000185236
MARCH2	19	8478154	8503901	+	ENSG00000099785
HNRNPM	19	8509651	8553998	+	ENSG00000099783
PRAM1	19	8554940	8567996	-	ENSG00000133246
ZNF414	19	8575462	8579048	-	ENSG00000133250
MYO1F	19	8585674	8642461	-	ENSG00000142347
ADAMTS10	19	8645126	8675620	-	ENSG00000142303
ACTL9	19	8807751	8809172	-	ENSG00000181786
OR2Z1	19	8841316	8842371	+	ENSG00000181733
ZNF558	19	8920380	8943004	-	ENSG00000167785
MBD3L1	19	8943074	8954016	+	ENSG00000170948
MUC16	19	8959520	9092018	-	ENSG00000181143
OR1M1	19	9203855	9204889	+	ENSG00000170929
OR7G2	19	9212945	9213982	-	ENSG00000170923
OR7G1	19	9225274	9226439	-	ENSG00000161807
OR7G3	19	9236688	9237626	-	ENSG00000170920
ZNF317	19	9251056	9274100	+	ENSG00000130803
OR7D2	19	9296279	9299493	+	ENSG00000188000
OR7D4	19	9324526	9325542	-	ENSG00000174667
OR7E24	19	9361606	9362820	+	ENSG00000237521
ZNF699	19	9404951	9420514	-	ENSG00000196110
ZNF559	19	9434448	9461838	+	ENSG00000188321
ZNF559-ZNF177	19	9434850	9493293	+	ENSG00000270011
ZNF177	19	9435021	9493293	+	ENSG00000188629
ZNF266	19	9523272	9546254	-	ENSG00000174652
ZNF560	19	9577183	9609283	-	ENSG00000198028
ZNF426	19	9638667	9649303	-	ENSG00000130818
ZNF121	19	9671029	9695209	-	ENSG00000197961
ZNF561	19	9715356	9732075	-	ENSG00000171469
C19orf82	19	9731967	9756572	+	ENSG00000267106
ZNF562	19	9759330	9785776	-	ENSG00000171466
ZNF812	19	9800600	9811452	-	ENSG00000224689
ZNF846	19	9862669	9903856	-	ENSG00000196605
FBXL12	19	9920943	9938492	-	ENSG00000127452
UBL5	19	9938568	9940791	+	ENSG00000198258
PIN1	19	9945933	9960358	+	ENSG00000127445
OLFM2	19	9964394	10047228	-	ENSG00000105088
COL5A3	19	10070237	10121147	-	ENSG00000080573
RDH8	19	10123925	10132955	+	ENSG00000080511
C19orf66	19	10196798	10203928	+	ENSG00000130813
ANGPTL6	19	10203014	10213472	-	ENSG00000130812
PPAN-P2RY11	19	10216899	10225456	+	ENSG00000243207
PPAN	19	10216965	10225414	+	ENSG00000130810
P2RY11	19	10222214	10226048	+	ENSG00000244165
EIF3G	19	10225693	10230596	-	ENSG00000130811
DNMT1	19	10244021	10341962	-	ENSG00000130816
S1PR2	19	10334520	10341948	-	ENSG00000267534
MRPL4	19	10362577	10370721	+	ENSG00000105364
ICAM1	19	10381511	10397291	+	ENSG00000090339
ICAM4	19	10397643	10399198	+	ENSG00000105371
ICAM5	19	10400657	10407454	+	ENSG00000105376
ZGLP1	19	10415479	10420556	-	ENSG00000220201
CTD-2369P2.10	19	10416103	10426685	-	ENSG00000167807
FDX1L	19	10416103	10426691	-	ENSG00000267673
CTD-2369P2.12	19	10426147	10431354	-	ENSG00000267303
RAVER1	19	10426888	10444316	-	ENSG00000161847
ICAM3	19	10444452	10450499	-	ENSG00000076662
TYK2	19	10461209	10491352	-	ENSG00000105397
CDC37	19	10501810	10530797	-	ENSG00000105401
PDE4A	19	10527449	10580305	+	ENSG00000065989
KEAP1	19	10596796	10614417	-	ENSG00000079999
S1PR5	19	10623623	10628607	-	ENSG00000180739
ATG4D	19	10654571	10664094	+	ENSG00000130734
KRI1	19	10663761	10676713	-	ENSG00000129347
CDKN2D	19	10677138	10679735	-	ENSG00000129355
AP1M2	19	10683347	10697991	-	ENSG00000129354
SLC44A2	19	10713133	10755235	+	ENSG00000129353
AC011475.1	19	10751715	10752093	+	ENSG00000226104
ILF3	19	10764937	10803093	+	ENSG00000129351
QTRT1	19	10812106	10824113	+	ENSG00000213339
DNM2	19	10828755	10944164	+	ENSG00000079805
TMED1	19	10943114	10946994	-	ENSG00000099203
C19orf38	19	10947251	10980466	+	ENSG00000214212
CARM1	19	10982189	11033453	+	ENSG00000142453
YIPF2	19	11033444	11039357	-	ENSG00000130733
C19orf52	19	11039409	11044211	+	ENSG00000142444
SMARCA4	19	11071598	11176071	+	ENSG00000127616
LDLR	19	11200038	11244492	+	ENSG00000130164
SPC24	19	11242196	11266484	-	ENSG00000161888
KANK2	19	11274943	11308467	-	ENSG00000197256
DOCK6	19	11309971	11373157	-	ENSG00000130158
C19orf80	19	11348178	11352619	+	ENSG00000130173
TSPAN16	19	11406824	11437672	+	ENSG00000130167
RAB3D	19	11432722	11456946	-	ENSG00000105514
TMEM205	19	11453452	11457194	-	ENSG00000105518
CCDC159	19	11455360	11465620	+	ENSG00000183401
DKFZP761J1410	19	11466062	11476374	+	ENSG00000105520
SWSAP1	19	11485361	11487627	+	ENSG00000173928
EPOR	19	11488236	11495018	-	ENSG00000187266
RGL3	19	11495017	11530018	-	ENSG00000205517
CCDC151	19	11531272	11546603	-	ENSG00000198003
PRKCSH	19	11546109	11561783	+	ENSG00000130175
ELAVL3	19	11562141	11591861	-	ENSG00000196361
CTC-398G3.6	19	11577055	11616513	-	ENSG00000267477
ZNF653	19	11594242	11616738	-	ENSG00000161914
ECSIT	19	11616731	11639989	-	ENSG00000130159
CNN1	19	11649532	11661138	+	ENSG00000130176
ELOF1	19	11661962	11670051	-	ENSG00000130165
ZNF627	19	11670189	11729950	+	ENSG00000198551
ACP5	19	11685475	11689823	-	ENSG00000102575
ZNF823	19	11832080	11849824	-	ENSG00000197933
ZNF441	19	11877815	11894893	+	ENSG00000197044
ZNF491	19	11908482	11920437	+	ENSG00000177599
ZNF440	19	11925099	11946016	+	ENSG00000171295
ZNF439	19	11959541	11994565	+	ENSG00000171291
ZNF69	19	11998599	12025144	+	ENSG00000198429
ZNF700	19	12035883	12061588	+	ENSG00000196757
ZNF433	19	12125547	12146556	-	ENSG00000197647
CTD-2006C1.10	19	12128703	12163782	-	ENSG00000257355
ZNF878	19	12154620	12167127	-	ENSG00000257446
ZNF844	19	12175514	12192380	+	ENSG00000223547
ZNF20	19	12203658	12251222	-	ENSG00000132010
ZNF625-ZNF20	19	12242932	12267546	-	ENSG00000213297
ZNF625	19	12251032	12267546	-	ENSG00000257591
ZNF136	19	12273879	12300064	+	ENSG00000196646
ZNF44	19	12335501	12405702	-	ENSG00000197857
ZNF563	19	12428291	12444534	-	ENSG00000188868
ZNF442	19	12460185	12476719	-	ENSG00000198342
CTD-3105H18.14	19	12490003	12512088	-	ENSG00000268744
ZNF799	19	12500830	12512085	-	ENSG00000196466
CTD-3105H18.16	19	12502763	12551896	-	ENSG00000268870
ZNF443	19	12540521	12551926	-	ENSG00000180855
CTD-3105H18.18	19	12543917	12595630	-	ENSG00000269755
ZNF564	19	12636184	12662356	-	ENSG00000249709
CTD-2192J16.20	19	12636534	12691789	-	ENSG00000269693
ZNF490	19	12688775	12750912	-	ENSG00000188033
ZNF791	19	12721732	12742735	+	ENSG00000173875
CTD-2192J16.22	19	12754645	12759211	-	ENSG00000269242
MAN2B1	19	12757325	12777556	-	ENSG00000104774
CTD-2192J16.24	19	12775642	12780211	-	ENSG00000269590
WDR83	19	12777614	12786646	+	ENSG00000123154
WDR83OS	19	12778885	12782170	-	ENSG00000105583
DHPS	19	12786531	12792716	-	ENSG00000095059
FBXW9	19	12798867	12807457	-	ENSG00000132004
TNPO2	19	12810008	12834825	-	ENSG00000105576
C19orf43	19	12841454	12845589	-	ENSG00000123144
ASNA1	19	12847953	12859137	+	ENSG00000198356
BEST2	19	12862516	12869272	+	ENSG00000039987
HOOK2	19	12873817	12983554	-	ENSG00000095066
JUNB	19	12902310	12904124	+	ENSG00000171223
PRDX2	19	12907634	12912694	-	ENSG00000167815
RNASEH2A	19	12917394	12924452	+	ENSG00000104889
RTBDN	19	12936292	12946242	-	ENSG00000132026
MAST1	19	12944765	12985765	+	ENSG00000105613
DNASE2	19	12986025	12992282	-	ENSG00000105612
KLF1	19	12995237	12997995	-	ENSG00000105610
GCDH	19	13001840	13025021	+	ENSG00000105607
SYCE2	19	13009600	13030090	-	ENSG00000161860
FARSA	19	13033293	13044851	-	ENSG00000179115
CALR	19	13049392	13055303	+	ENSG00000179218
RAD23A	19	13056669	13064456	+	ENSG00000179262
GADD45GIP1	19	13064972	13068050	-	ENSG00000179271
DAND5	19	13075973	13085567	+	ENSG00000179284
NFIX	19	13106422	13209610	+	ENSG00000008441
LYL1	19	13209847	13213975	-	ENSG00000104903
TRMT1	19	13215716	13228381	-	ENSG00000104907
NACC1	19	13228917	13251955	+	ENSG00000160877
STX10	19	13254872	13261197	-	ENSG00000104915
IER2	19	13261229	13265722	+	ENSG00000160888
CACNA1A	19	13317256	13734804	-	ENSG00000141837
CCDC130	19	13842574	13874110	+	ENSG00000104957
MRI1	19	13875346	13885096	+	ENSG00000037757
C19orf53	19	13884982	13889276	+	ENSG00000104979
AC008686.1	19	13890884	13900972	-	ENSG00000214109
ZSWIM4	19	13906274	13943044	+	ENSG00000132003
NANOS3	19	13972877	13991571	+	ENSG00000187556
C19orf57	19	13993161	14017265	-	ENSG00000132016
CC2D1A	19	14017014	14041692	+	ENSG00000132024
PODNL1	19	14042000	14064204	-	ENSG00000132000
DCAF15	19	14063304	14072254	+	ENSG00000132017
RFX1	19	14072350	14117851	-	ENSG00000132005
RLN3	19	14138960	14141854	+	ENSG00000171136
IL27RA	19	14142560	14163743	+	ENSG00000104998
PALM3	19	14164177	14169971	-	ENSG00000187867
hsa-mir-1199	19	14183348	14185874	+	ENSG00000141854
C19orf67	19	14192431	14196687	-	ENSG00000188032
SAMD1	19	14198652	14201848	-	ENSG00000141858
PRKACA	19	14202500	14228896	-	ENSG00000072062
ASF1B	19	14230321	14247768	-	ENSG00000105011
LPHN1	19	14260750	14316999	-	ENSG00000072071
CD97	19	14491313	14519537	+	ENSG00000123146
DDX39A	19	14519631	14530192	-	ENSG00000123136
PKN1	19	14543865	14582679	+	ENSG00000123143
PTGER1	19	14583278	14586174	-	ENSG00000160951
GIPC1	19	14588572	14606944	-	ENSG00000123159
DNAJB1	19	14625582	14640582	-	ENSG00000132002
TECR	19	14627897	14676792	+	ENSG00000099797
NDUFB7	19	14676890	14682874	-	ENSG00000099795
CLEC17A	19	14693896	14721969	+	ENSG00000187912
EMR3	19	14729929	14800839	-	ENSG00000131355
ZNF333	19	14800613	14844558	+	ENSG00000160961
AC090427.1	19	14834747	14835121	+	ENSG00000268550
EMR2	19	14843205	14889353	-	ENSG00000127507
OR7A5	19	14903302	14946188	-	ENSG00000188269
OR7C1	19	14909958	14911023	-	ENSG00000127530
OR7A10	19	14951760	14952689	-	ENSG00000127515
OR7A17	19	14991138	14992264	-	ENSG00000185385
OR7C2	19	15052301	15053260	+	ENSG00000127529
SLC1A6	19	15060846	15133802	-	ENSG00000105143
CCDC105	19	15121556	15134081	+	ENSG00000160994
CASP14	19	15160195	15169104	+	ENSG00000105141
OR1I1	19	15197791	15199032	+	ENSG00000094661
SYDE1	19	15218214	15225799	+	ENSG00000105137
ILVBL	19	15225795	15236596	-	ENSG00000105135
NOTCH3	19	15270444	15311792	-	ENSG00000074181
EPHX3	19	15337730	15344246	-	ENSG00000105131
BRD4	19	15347647	15443356	-	ENSG00000141867
AKAP8	19	15464196	15490609	-	ENSG00000105127
AKAP8L	19	15490859	15529952	-	ENSG00000011243
WIZ	19	15532319	15560762	-	ENSG00000011451
RASAL3	19	15562435	15575382	-	ENSG00000105122
PGLYRP2	19	15579456	15609767	-	ENSG00000161031
CYP4F22	19	15619304	15663128	+	ENSG00000171954
CYP4F3	19	15751707	15773635	+	ENSG00000186529
CYP4F12	19	15783567	15807984	+	ENSG00000186204
OR10H2	19	15838834	15839862	+	ENSG00000171942
OR10H3	19	15852203	15853153	+	ENSG00000171936
OR10H5	19	15904761	15905892	+	ENSG00000172519
OR10H1	19	15917817	15918936	-	ENSG00000186723
CYP4F2	19	15988833	16008930	-	ENSG00000186115
CYP4F11	19	16023177	16045677	-	ENSG00000171903
OR10H4	19	16059818	16060768	+	ENSG00000176231
TPM4	19	16177831	16213813	+	ENSG00000167460
RAB8A	19	16222439	16245044	+	ENSG00000167461
HSH2D	19	16244838	16269386	+	ENSG00000196684
CIB3	19	16272179	16284336	-	ENSG00000141977
FAM32A	19	16296191	16302857	+	ENSG00000105058
AP1M1	19	16308389	16346160	+	ENSG00000072958
KLF2	19	16435628	16438685	+	ENSG00000127528
EPS15L1	19	16466050	16582896	-	ENSG00000127527
CALR3	19	16589868	16607003	-	ENSG00000269058
CTD-3222D19.2	19	16589878	16739015	-	ENSG00000141979
C19orf44	19	16607122	16632163	+	ENSG00000105072
CHERP	19	16628700	16653341	-	ENSG00000085872
SLC35E1	19	16660642	16683193	-	ENSG00000127526
MED26	19	16685718	16739873	-	ENSG00000105085
CTC-429P9.4	19	16688453	16770926	-	ENSG00000268790
SMIM7	19	16741562	16771253	-	ENSG00000214046
TMEM38A	19	16771938	16800840	+	ENSG00000072954
NWD1	19	16830787	16928774	+	ENSG00000188039
SIN3B	19	16940211	16991164	+	ENSG00000127511
F2RL3	19	16999671	17003417	+	ENSG00000127533
CPAMD8	19	17003758	17137625	-	ENSG00000160111
HAUS8	19	17160539	17186435	-	ENSG00000131351
MYO9B	19	17186591	17325346	+	ENSG00000099331
USE1	19	17326155	17330638	+	ENSG00000053501
OCEL1	19	17337013	17340028	+	ENSG00000099330
NR2F6	19	17342692	17356749	-	ENSG00000160113
AC010646.3	19	17346749	17366257	-	ENSG00000269095
USHBP1	19	17359985	17393595	-	ENSG00000130307
BABAM1	19	17378159	17392058	+	ENSG00000105393
CTD-2278I10.6	19	17378227	17393775	+	ENSG00000269307
ANKLE1	19	17392454	17398455	+	ENSG00000160117
ABHD8	19	17402940	17421045	-	ENSG00000127220
MRPL34	19	17403418	17417652	+	ENSG00000130312
DDA1	19	17420327	17434110	+	ENSG00000130311
ANO8	19	17434032	17445638	-	ENSG00000074855
GTPBP3	19	17445729	17453544	+	ENSG00000130299
PLVAP	19	17462257	17488159	-	ENSG00000130300
BST2	19	17513748	17516457	-	ENSG00000130303
MVB12A	19	17516531	17544533	+	ENSG00000141971
TMEM221	19	17546318	17559376	-	ENSG00000188051
CTD-2521M24.10	19	17547420	17571613	-	ENSG00000269035
NXNL1	19	17566234	17571763	-	ENSG00000171773
SLC27A1	19	17579578	17616977	+	ENSG00000130304
PGLS	19	17622438	17632097	+	ENSG00000130313
FAM129C	19	17634110	17664648	+	ENSG00000167483
COLGALT1	19	17666403	17693971	+	ENSG00000130309
UNC13A	19	17712137	17799401	-	ENSG00000130477
MAP1S	19	17830051	17845325	+	ENSG00000130479
FCHO1	19	17858527	17899377	+	ENSG00000130475
B3GNT3	19	17905637	17923891	+	ENSG00000179913
INSL3	19	17927321	17932383	-	ENSG00000248099
JAK3	19	17935589	17958880	-	ENSG00000105639
RPL18A	19	17970685	17974962	+	ENSG00000105640
SLC5A5	19	17982782	18005983	+	ENSG00000105641
CCDC124	19	18043825	18054800	+	ENSG00000007080
KCNN1	19	18062102	18110889	+	ENSG00000105642
ARRDC2	19	18111941	18124911	+	ENSG00000105643
IL12RB1	19	18169805	18209754	-	ENSG00000096996
MAST3	19	18208603	18262502	+	ENSG00000099308
IFI30	19	18283972	18288927	+	ENSG00000216490
MPV17L2	19	18303992	18307758	+	ENSG00000254858
RAB3A	19	18307594	18314884	-	ENSG00000105649
PDE4C	19	18318771	18366229	-	ENSG00000105650
KIAA1683	19	18367908	18385319	-	ENSG00000130518
JUND	19	18390563	18392432	-	ENSG00000130522
LSM4	19	18417040	18434084	-	ENSG00000130520
PGPEP1	19	18451397	18480760	+	ENSG00000130517
GDF15	19	18485541	18499986	+	ENSG00000130513
LRRC25	19	18501954	18508427	-	ENSG00000175489
SSBP4	19	18529674	18545372	+	ENSG00000130511
ISYNA1	19	18545198	18549111	-	ENSG00000105655
ELL	19	18553473	18632937	-	ENSG00000105656
FKBP8	19	18642561	18654887	-	ENSG00000105701
KXD1	19	18668572	18680197	+	ENSG00000105700
UBA52	19	18682540	18688360	+	ENSG00000221983
CRLF1	19	18683030	18718551	-	ENSG00000006016
C19orf60	19	18699495	18703146	+	ENSG00000006015
TMEM59L	19	18718240	18731849	+	ENSG00000105696
KLHL26	19	18747775	18781309	+	ENSG00000167487
CRTC1	19	18794487	18893004	+	ENSG00000105662
COMP	19	18893583	18902123	-	ENSG00000105664
UPF1	19	18942747	18979045	+	ENSG00000005007
CERS1	19	18979361	19007536	-	ENSG00000223802
GDF1	19	18979361	19006905	-	ENSG00000130283
COPE	19	19010323	19030206	-	ENSG00000105669
AC002985.3	19	19017822	19045206	-	ENSG00000268193
DDX49	19	19030484	19039436	+	ENSG00000105671
HOMER3	19	19040010	19052070	-	ENSG00000051128
SUGP2	19	19101697	19144832	-	ENSG00000064607
ARMC6	19	19144384	19170563	+	ENSG00000105676
SLC25A42	19	19174808	19223697	+	ENSG00000181035
TMEM161A	19	19229978	19249322	-	ENSG00000064545
MEF2BNB-MEF2B	19	19256376	19302967	-	ENSG00000064489
MEF2B	19	19256377	19303400	-	ENSG00000213999
MEF2BNB	19	19287712	19303400	-	ENSG00000254901
RFXANK	19	19303008	19312678	+	ENSG00000064490
NR2C2AP	19	19312225	19314233	-	ENSG00000184162
NCAN	19	19322782	19363042	+	ENSG00000130287
HAPLN4	19	19366450	19373605	-	ENSG00000187664
TM6SF2	19	19375173	19384200	-	ENSG00000213996
SUGP1	19	19386827	19431653	-	ENSG00000105705
MAU2	19	19431490	19469563	+	ENSG00000129933
GATAD2A	19	19496635	19619740	+	ENSG00000167491
TSSK6	19	19623227	19626838	-	ENSG00000178093
NDUFA13	19	19626545	19644285	+	ENSG00000186010
CTC-260F20.3	19	19627036	19646885	+	ENSG00000258674
YJEFN3	19	19627036	19648390	+	ENSG00000250067
CILP2	19	19649057	19657468	+	ENSG00000160161
PBX4	19	19672522	19729725	-	ENSG00000105717
LPAR2	19	19734477	19739739	-	ENSG00000064547
GMIP	19	19740285	19754476	-	ENSG00000089639
ATP13A1	19	19756007	19774502	-	ENSG00000105726
ZNF101	19	19779605	19794318	+	ENSG00000181896
ZNF14	19	19821280	19843906	-	ENSG00000105708
ZNF506	19	19896648	19932560	-	ENSG00000081665
ZNF253	19	19976695	20005483	+	ENSG00000256771
ZNF93	19	20011722	20046384	+	ENSG00000184635
AC007204.1	19	20047769	20048639	-	ENSG00000268461
ZNF682	19	20107867	20150315	-	ENSG00000197124
ZNF90	19	20188803	20237885	+	ENSG00000213988
ZNF486	19	20278037	20311299	+	ENSG00000256229
ZNF737	19	20718631	20748615	-	ENSG00000237440
ZNF626	19	20802867	20844402	-	ENSG00000188171
ZNF66	19	20959110	20991922	+	ENSG00000160229
ZNF85	19	21106028	21133503	+	ENSG00000105750
ZNF430	19	21203426	21242856	+	ENSG00000118620
ZNF714	19	21264965	21308073	+	ENSG00000160352
ZNF431	19	21324827	21373034	+	ENSG00000196705
ZNF708	19	21473962	21512227	-	ENSG00000182141
ZNF738	19	21541732	21562104	+	ENSG00000172687
ZNF493	19	21579921	21610375	+	ENSG00000196268
CTD-2561J22.3	19	21587961	21674068	+	ENSG00000269237
ZNF429	19	21679484	21739072	+	ENSG00000197013
ZNF100	19	21905568	21950430	-	ENSG00000197020
ZNF43	19	21987752	22034927	-	ENSG00000198521
ZNF208	19	22115760	22193751	-	ENSG00000160321
ZNF257	19	22235254	22274282	+	ENSG00000197134
ZNF676	19	22361893	22379753	-	ENSG00000196109
ZNF729	19	22469210	22499978	+	ENSG00000196350
ZNF98	19	22573821	22715287	-	ENSG00000197360
ZNF492	19	22817126	22850472	+	ENSG00000229676
ZNF99	19	22939007	22966909	-	ENSG00000213973
ZNF728	19	23158270	23185978	-	ENSG00000269067
ZNF730	19	23258012	23330021	+	ENSG00000183850
ZNF724P	19	23404401	23433192	-	ENSG00000196081
ZNF91	19	23487793	23578362	-	ENSG00000167232
ZNF675	19	23708433	23870022	-	ENSG00000197372
ZNF681	19	23921997	23941693	-	ENSG00000196172
RPSAP58	19	23945807	24010937	+	ENSG00000205246
ZNF726	19	24097678	24127961	+	ENSG00000213967
ZNF254	19	24216276	24312654	+	ENSG00000213096
UQCRFS1	19	29698173	29704448	-	ENSG00000169021
VSTM2B	19	30017406	30055386	+	ENSG00000187135
POP4	19	30094924	30108144	+	ENSG00000105171
PLEKHF1	19	30155963	30166364	+	ENSG00000166289
C19orf12	19	30191721	30206364	-	ENSG00000131943
CCNE1	19	30302805	30315215	+	ENSG00000105173
URI1	19	30414551	30506611	+	ENSG00000105176
ZNF536	19	30719197	31204445	+	ENSG00000198597
AC020952.1	19	31640362	31640757	+	ENSG00000268953
TSHZ3	19	31765851	31840453	-	ENSG00000121297
ZNF507	19	32836500	32878573	+	ENSG00000168813
AC007773.3	19	32895915	32896466	+	ENSG00000269093
DPY19L3	19	32896449	32976801	+	ENSG00000178904
PDCD5	19	33071974	33078358	+	ENSG00000105185
ANKRD27	19	33087913	33167503	-	ENSG00000105186
RGS9BP	19	33166313	33169206	+	ENSG00000186326
NUDT19	19	33182867	33204702	+	ENSG00000213965
TDRD12	19	33210659	33320483	+	ENSG00000173809
SLC7A9	19	33321415	33360672	-	ENSG00000021488
CEP89	19	33369902	33462897	-	ENSG00000121289
C19orf40	19	33463115	33469128	+	ENSG00000131944
RHPN2	19	33469499	33555794	-	ENSG00000131941
GPATCH1	19	33571786	33621448	+	ENSG00000076650
WDR88	19	33622996	33666701	+	ENSG00000166359
LRP3	19	33668509	33698694	+	ENSG00000130881
SLC7A10	19	33699570	33716756	-	ENSG00000130876
CEBPA	19	33790840	33793470	-	ENSG00000245848
CEBPG	19	33864236	33873592	+	ENSG00000153879
PEPD	19	33877856	34012700	-	ENSG00000124299
CHST8	19	34112861	34264414	+	ENSG00000124302
KCTD15	19	34286838	34306668	+	ENSG00000153885
LSM14A	19	34663409	34720420	+	ENSG00000257103
KIAA0355	19	34745442	34846491	+	ENSG00000166398
GPI	19	34850385	34893061	+	ENSG00000105220
RP11-618P17.4	19	34887220	34900269	+	ENSG00000266953
PDCD2L	19	34895289	34917073	+	ENSG00000126249
UBA2	19	34919257	34960853	+	ENSG00000126261
WTIP	19	34971874	34997258	+	ENSG00000142279
SCGB2B2	19	35084234	35166604	-	ENSG00000205209
ZNF302	19	35168544	35177302	+	ENSG00000089335
ZNF181	19	35225060	35233777	+	ENSG00000197841
ZNF599	19	35248981	35264134	-	ENSG00000153896
ZNF30	19	35417807	35436074	+	ENSG00000168661
ZNF792	19	35447258	35454953	-	ENSG00000180884
GRAMD1A	19	35485688	35517375	+	ENSG00000089351
SCN1B	19	35521588	35531352	+	ENSG00000105711
HPN	19	35531410	35557475	+	ENSG00000105707
AC020907.1	19	35596873	35598141	+	ENSG00000179066
FXYD3	19	35606732	35615228	+	ENSG00000089356
LGI4	19	35615417	35633355	-	ENSG00000153902
FXYD1	19	35629712	35634013	+	ENSG00000266964
FXYD7	19	35634154	35645204	+	ENSG00000221946
FXYD5	19	35645633	35660786	+	ENSG00000089327
FAM187B	19	35715703	35719632	-	ENSG00000177558
LSR	19	35739233	35758867	+	ENSG00000105699
USF2	19	35759881	35770724	+	ENSG00000105698
HAMP	19	35771619	35776046	+	ENSG00000105697
MAG	19	35783028	35804707	+	ENSG00000105695
CD22	19	35810164	35838258	+	ENSG00000012124
FFAR1	19	35842445	35843367	+	ENSG00000126266
FFAR3	19	35849362	35851387	+	ENSG00000185897
GPR42	19	35861831	35863855	+	ENSG00000126251
FFAR2	19	35934809	35942669	+	ENSG00000126262
KRTDAP	19	35978226	35986460	-	ENSG00000188508
DMKN	19	35988122	36004560	-	ENSG00000161249
SBSN	19	36014269	36019253	-	ENSG00000189001
GAPDHS	19	36024314	36036218	+	ENSG00000105679
TMEM147	19	36036497	36038428	+	ENSG00000105677
ATP4A	19	36040945	36054560	-	ENSG00000105675
HAUS5	19	36103646	36116251	+	ENSG00000249115
RBM42	19	36119932	36128588	+	ENSG00000126254
ETV2	19	36132647	36135773	+	ENSG00000105672
COX6B1	19	36139125	36149763	+	ENSG00000126267
UPK1A	19	36157715	36169367	+	ENSG00000105668
ZBTB32	19	36195429	36207940	+	ENSG00000011590
KMT2B	19	36208921	36229779	+	ENSG00000272333
IGFLR1	19	36230058	36233354	-	ENSG00000126246
AD000671.6	19	36230153	36236333	-	ENSG00000267120
U2AF1L4	19	36233365	36236346	-	ENSG00000161265
PSENEN	19	36236015	36237911	+	ENSG00000205155
AC002398.9	19	36236579	36245420	+	ENSG00000188223
LIN37	19	36239262	36245420	+	ENSG00000267796
HSPB6	19	36245469	36248980	-	ENSG00000004776
C19orf55	19	36249044	36261930	+	ENSG00000167595
ARHGAP33	19	36265434	36279724	+	ENSG00000004777
PRODH2	19	36290890	36304201	-	ENSG00000250799
NPHS1	19	36316866	36360189	-	ENSG00000161270
KIRREL2	19	36346763	36358011	+	ENSG00000126259
APLP1	19	36358801	36370693	+	ENSG00000105290
NFKBID	19	36378555	36393205	-	ENSG00000167604
HCST	19	36393382	36395279	+	ENSG00000126264
TYROBP	19	36395303	36399197	-	ENSG00000011600
LRFN3	19	36426260	36436669	+	ENSG00000126243
SDHAF1	19	36486090	36487220	+	ENSG00000205138
SYNE4	19	36494209	36499695	-	ENSG00000181392
ALKBH6	19	36500022	36505141	-	ENSG00000239382
CLIP3	19	36505562	36524245	-	ENSG00000105270
THAP8	19	36525887	36545664	-	ENSG00000161277
WDR62	19	36545783	36596008	+	ENSG00000075702
OVOL3	19	36602104	36604613	+	ENSG00000105261
POLR2I	19	36604612	36606248	-	ENSG00000105258
TBCB	19	36605191	36616849	+	ENSG00000105254
CAPNS1	19	36630477	36641255	+	ENSG00000126247
COX7A1	19	36641824	36643771	-	ENSG00000161281
ZNF565	19	36673188	36737159	-	ENSG00000196357
ZNF146	19	36705504	36729676	+	ENSG00000167635
ZFP14	19	36827162	36870101	-	ENSG00000142065
ZFP82	19	36874022	36909558	-	ENSG00000181007
ZNF566	19	36936021	36980804	-	ENSG00000186017
ZNF260	19	37001597	37019562	-	ENSG00000254004
ZNF529	19	37025676	37096178	-	ENSG00000186020
ZNF382	19	37095719	37119499	+	ENSG00000161298
ZNF461	19	37128094	37157755	-	ENSG00000197808
ZNF567	19	37178514	37218603	+	ENSG00000189042
ZNF850	19	37205285	37263727	-	ENSG00000267041
CTD-2162K18.4	19	37264055	37267980	+	ENSG00000267260
ZNF790	19	37308330	37341689	-	ENSG00000197863
ZNF345	19	37341263	37403931	+	ENSG00000251247
ZNF829	19	37379026	37407193	-	ENSG00000185869
ZNF568	19	37407231	37489602	+	ENSG00000198453
ZNF420	19	37498759	37621216	+	ENSG00000197050
CTC-454I21.3	19	37583921	37701414	-	ENSG00000267360
ZNF585A	19	37597636	37663643	-	ENSG00000196967
ZNF585B	19	37672481	37709055	-	ENSG00000245680
ZNF383	19	37708828	37734828	+	ENSG00000188283
HKR1	19	37803739	37860267	+	ENSG00000181666
ZNF527	19	37861963	37883968	+	ENSG00000189164
ZNF569	19	37902057	37960177	-	ENSG00000196437
ZNF570	19	37958487	37976260	+	ENSG00000171827
ZNF793	19	37997841	38039664	+	ENSG00000188227
ZNF540	19	38042308	38104998	+	ENSG00000171817
ZNF571	19	38045684	38085673	-	ENSG00000180479
ZFP30	19	38104650	38183238	-	ENSG00000120784
ZNF781	19	38158652	38183223	-	ENSG00000196381
CTD-2528L19.4	19	38180766	38210089	-	ENSG00000267552
ZNF607	19	38187264	38210691	-	ENSG00000198182
ZNF573	19	38226734	38307940	-	ENSG00000189144
WDR87	19	38375463	38397317	-	ENSG00000171804
SIPA1L3	19	38397868	38699012	+	ENSG00000105738
DPF1	19	38701646	38720354	-	ENSG00000011332
SPINT2	19	38734675	38783254	+	ENSG00000167642
PPP1R14A	19	38741877	38747231	-	ENSG00000167641
CTB-102L5.4	19	38779791	38795550	+	ENSG00000267748
C19orf33	19	38794801	38795649	+	ENSG00000167644
YIF1B	19	38795753	38807913	-	ENSG00000167645
KCNK6	19	38810484	38819660	+	ENSG00000099337
CATSPERG	19	38826415	38861589	+	ENSG00000099338
PSMD8	19	38865176	38874464	+	ENSG00000099341
GGN	19	38874905	38878722	-	ENSG00000179168
SPRED3	19	38879061	38886881	+	ENSG00000188766
FAM98C	19	38893775	38899728	+	ENSG00000130244
RASGRP4	19	38899695	38916945	-	ENSG00000171777
RYR1	19	38924339	39078204	+	ENSG00000196218
MAP4K1	19	39078281	39109522	-	ENSG00000104814
EIF3K	19	39109735	39127595	+	ENSG00000178982
ACTN4	19	39138289	39222223	+	ENSG00000130402
CAPN12	19	39220827	39260544	-	ENSG00000182472
LGALS7	19	39261611	39264132	-	ENSG00000205076
LGALS7B	19	39279851	39282389	+	ENSG00000178934
LGALS4	19	39292311	39304004	-	ENSG00000171747
ECH1	19	39306062	39322645	-	ENSG00000104823
AC104534.3	19	39308111	39330818	-	ENSG00000268083
HNRNPL	19	39327028	39342987	-	ENSG00000104824
RINL	19	39358470	39368919	-	ENSG00000187994
SIRT2	19	39369197	39390502	-	ENSG00000068903
NFKBIB	19	39390340	39399533	+	ENSG00000104825
CCER2	19	39399620	39402798	-	ENSG00000262484
SARS2	19	39405906	39440495	-	ENSG00000104835
CTC-360G5.8	19	39406044	39440495	-	ENSG00000269547
MRPS12	19	39421188	39423802	+	ENSG00000128626
FBXO17	19	39432044	39466550	-	ENSG00000269190
FBXO27	19	39481354	39523425	-	ENSG00000161243
PAPL	19	39574553	39602133	+	ENSG00000183760
PAK4	19	39616410	39673456	+	ENSG00000130669
NCCRP1	19	39687601	39692524	+	ENSG00000188505
SYCN	19	39693471	39694906	-	ENSG00000179751
IFNL3	19	39734246	39735646	-	ENSG00000197110
IFNL2	19	39759154	39760732	+	ENSG00000183709
IFNL1	19	39786965	39789313	+	ENSG00000182393
LRFN1	19	39797208	39805976	-	ENSG00000128011
GMFG	19	39818993	39833012	-	ENSG00000130755
SAMD4B	19	39833036	39876350	+	ENSG00000179134
PAF1	19	39876492	39881835	-	ENSG00000006712
MED29	19	39881943	39891277	+	ENSG00000063322
ZFP36	19	39897453	39900052	+	ENSG00000128016
PLEKHG2	19	39903225	39919054	+	ENSG00000090924
RPS16	19	39923847	39926588	-	ENSG00000105193
SUPT5H	19	39926796	39967310	+	ENSG00000196235
AC011500.1	19	39930212	39932082	+	ENSG00000213922
TIMM50	19	39971052	39984422	+	ENSG00000105197
DLL3	19	39989535	39999121	+	ENSG00000090932
SELV	19	40005753	40011326	+	ENSG00000186838
EID2B	19	40021630	40023494	-	ENSG00000176401
EID2	19	40028890	40030870	-	ENSG00000176396
LGALS13	19	40093164	40098116	+	ENSG00000105198
LGALS16	19	40146534	40151287	+	ENSG00000249861
LGALS14	19	40194946	40200084	+	ENSG00000006659
CLC	19	40221890	40228668	-	ENSG00000105205
LEUTX	19	40267235	40276775	+	ENSG00000213921
DYRK1B	19	40315990	40324841	-	ENSG00000105204
FBL	19	40325098	40337054	-	ENSG00000105202
FCGBP	19	40353963	40440533	-	ENSG00000090920
PSMC4	19	40476912	40487348	+	ENSG00000013275
ZNF546	19	40490041	40523514	+	ENSG00000187187
ZNF780B	19	40534167	40562116	-	ENSG00000128000
ZNF780A	19	40575059	40596845	-	ENSG00000197782
MAP3K10	19	40697651	40721482	+	ENSG00000130758
TTC9B	19	40721965	40724306	-	ENSG00000174521
CNTD2	19	40728115	40732597	-	ENSG00000105219
AKT2	19	40736224	40791443	-	ENSG00000105221
C19orf47	19	40825443	40854434	-	ENSG00000160392
PLD3	19	40854363	40886346	+	ENSG00000105223
HIPK4	19	40885178	40896094	-	ENSG00000160396
PRX	19	40899675	40919273	-	ENSG00000105227
SERTAD1	19	40927499	40931932	-	ENSG00000197019
SERTAD3	19	40946751	40950612	-	ENSG00000167565
BLVRB	19	40953696	40971747	-	ENSG00000090013
SPTBN4	19	40972148	41082370	+	ENSG00000160460
SHKBP1	19	41082757	41097305	+	ENSG00000160410
LTBP4	19	41098789	41135725	+	ENSG00000090006
NUMBL	19	41172596	41196877	-	ENSG00000105245
ADCK4	19	41197434	41224112	-	ENSG00000123815
ITPKC	19	41223008	41246765	+	ENSG00000086544
C19orf54	19	41246761	41257458	-	ENSG00000188493
SNRPA	19	41256542	41271294	+	ENSG00000077312
MIA	19	41277553	41283395	+	ENSG00000261857
MIA-RAB4B	19	41277553	41292590	+	ENSG00000268975
RAB4B	19	41284121	41302847	+	ENSG00000167578
RAB4B-EGLN2	19	41284147	41314103	+	ENSG00000171570
EGLN2	19	41304901	41314338	+	ENSG00000269858
CTC-490E21.12	19	41307202	41404187	+	ENSG00000268797
CYP2A6	19	41349443	41356352	-	ENSG00000255974
CYP2A7	19	41381344	41388657	-	ENSG00000198077
CYP2B6	19	41497204	41524303	+	ENSG00000197408
CYP2A13	19	41594377	41602100	+	ENSG00000197838
CYP2F1	19	41620337	41634271	+	ENSG00000197446
CYP2S1	19	41698954	41713444	+	ENSG00000167600
AXL	19	41725108	41767671	+	ENSG00000167601
HNRNPUL1	19	41768401	41813503	+	ENSG00000105323
TGFB1	19	41807492	41859816	-	ENSG00000105329
CCDC97	19	41816094	41830788	+	ENSG00000142039
CTC-435M10.3	19	41856758	41930906	+	ENSG00000255730
TMEM91	19	41856816	41889988	+	ENSG00000142046
B9D2	19	41860326	41870078	-	ENSG00000123810
BCKDHA	19	41884215	41930910	+	ENSG00000248098
EXOSC5	19	41892279	41903384	-	ENSG00000077348
B3GNT8	19	41931264	41934635	-	ENSG00000177191
ATP5SL	19	41937223	41946622	-	ENSG00000105341
C19orf69	19	41949063	41950670	+	ENSG00000204978
CEACAM21	19	42055886	42093197	+	ENSG00000007129
CEACAM4	19	42125344	42133442	-	ENSG00000105352
CEACAM7	19	42177235	42210895	-	ENSG00000007306
CEACAM5	19	42212504	42233718	+	ENSG00000105388
CEA	19	42212531	42265190	+	ENSG00000267881
CEACAM6	19	42254885	42276113	+	ENSG00000086548
CEACAM3	19	42300369	42315591	+	ENSG00000170956
LYPD4	19	42341148	42348760	-	ENSG00000183103
DMRTC2	19	42348806	42356401	+	ENSG00000142025
RPS19	19	42363988	42376994	+	ENSG00000105372
CD79A	19	42381190	42385439	+	ENSG00000105369
ARHGEF1	19	42387228	42434302	+	ENSG00000076928
RABAC1	19	42460833	42463542	-	ENSG00000105404
ATP1A3	19	42470734	42501649	-	ENSG00000105409
GRIK5	19	42502473	42573650	-	ENSG00000105737
ZNF574	19	42572629	42585701	+	ENSG00000105732
POU2F2	19	42590263	42700737	-	ENSG00000028277
DEDD2	19	42702750	42724292	-	ENSG00000160570
ZNF526	19	42724423	42732353	+	ENSG00000167625
GSK3A	19	42734338	42746777	-	ENSG00000105723
AC006486.9	19	42738735	42759284	-	ENSG00000268643
AC006486.1	19	42746927	42749125	+	ENSG00000204957
ERF	19	42751724	42759309	-	ENSG00000105722
CIC	19	42772689	42799949	+	ENSG00000079432
PAFAH1B3	19	42801185	42807698	-	ENSG00000079462
PRR19	19	42806250	42814973	+	ENSG00000188368
TMEM145	19	42817477	42829214	+	ENSG00000167619
MEGF8	19	42829761	42882921	+	ENSG00000105429
CNFN	19	42891171	42894439	-	ENSG00000105427
LIPE	19	42905659	42931578	-	ENSG00000079435
CXCL17	19	42932440	42947200	-	ENSG00000189377
CEACAM1	19	43011456	43065386	-	ENSG00000079385
CEACAM8	19	43084393	43099207	-	ENSG00000124469
PSG3	19	43225790	43244721	-	ENSG00000221826
PSG8	19	43256838	43359843	-	ENSG00000124467
PSG1	19	43370616	43383974	-	ENSG00000231924
PSG6	19	43406231	43423715	-	ENSG00000170848
PSG11	19	43511808	43530664	-	ENSG00000243130
PSG2	19	43568363	43587197	-	ENSG00000242221
PSG5	19	43670408	43690688	-	ENSG00000204941
PSG4	19	43696854	43711451	-	ENSG00000243137
PSG9	19	43715943	43773682	-	ENSG00000183668
TEX101	19	43905648	43922763	+	ENSG00000131126
LYPD3	19	43964939	43969812	-	ENSG00000124466
PHLDB3	19	43979106	44009087	-	ENSG00000176531
ETHE1	19	44010871	44031396	-	ENSG00000105755
ZNF575	19	44029649	44040282	+	ENSG00000176472
XRCC1	19	44047192	44084625	-	ENSG00000073050
L34079.2	19	44058844	44097188	-	ENSG00000268361
PINLYP	19	44080952	44088116	+	ENSG00000234465
IRGQ	19	44088521	44100287	-	ENSG00000167378
ZNF576	19	44100544	44105309	+	ENSG00000124444
SRRM5	19	44100769	44118649	+	ENSG00000226763
ZNF428	19	44111371	44124026	-	ENSG00000131116
CADM4	19	44126520	44143991	-	ENSG00000105767
PLAUR	19	44150247	44174699	-	ENSG00000011422
IRGC	19	44220162	44224173	+	ENSG00000124449
SMG9	19	44235301	44259142	-	ENSG00000105771
KCNN4	19	44270685	44285409	-	ENSG00000104783
LYPD5	19	44300081	44331358	-	ENSG00000159871
ZNF283	19	44331444	44353307	+	ENSG00000167637
ZNF404	19	44376515	44405537	-	ENSG00000176222
ZNF45	19	44416781	44439430	-	ENSG00000124459
ZNF221	19	44455375	44471861	+	ENSG00000159905
ZNF155	19	44472014	44502477	+	ENSG00000204920
ZNF230	19	44507100	44518078	+	ENSG00000159882
ZNF222	19	44529494	44537265	+	ENSG00000159885
ZNF284	19	44576297	44593766	+	ENSG00000186026
ZNF224	19	44598492	44612479	+	ENSG00000267680
ZNF225	19	44616334	44637027	+	ENSG00000256294
ZNF234	19	44645710	44663156	+	ENSG00000263002
ZNF226	19	44669226	44682534	+	ENSG00000167380
ZNF227	19	44711700	44741421	+	ENSG00000131115
ZNF235	19	44732882	44809199	-	ENSG00000159917
ZNF233	19	44754318	44779470	+	ENSG00000159915
ZNF112	19	44830708	44871377	-	ENSG00000062370
CTC-512J12.6	19	44833848	44905774	-	ENSG00000267173
ZNF285	19	44886459	44905774	-	ENSG00000267508
ZNF229	19	44921685	44952766	-	ENSG00000167383
ZNF180	19	44979854	45004576	-	ENSG00000167384
IGSF23	19	45116940	45140081	+	ENSG00000216588
PVR	19	45147098	45166850	+	ENSG00000073008
CEACAM19	19	45165545	45187631	+	ENSG00000186567
CEACAM16	19	45202421	45213986	+	ENSG00000213892
BCL3	19	45250962	45263301	+	ENSG00000069399
CBLC	19	45281126	45303891	+	ENSG00000142273
BCAM	19	45312328	45324673	+	ENSG00000187244
PVRL2	19	45349432	45392485	+	ENSG00000130202
TOMM40	19	45393826	45406946	+	ENSG00000130204
APOE	19	45409011	45412650	+	ENSG00000130203
APOC1	19	45417504	45422606	+	ENSG00000130208
APOC4	19	45445495	45452820	+	ENSG00000267467
APOC4-APOC2	19	45445495	45452822	+	ENSG00000224916
APOC2	19	45449243	45452822	+	ENSG00000234906
CTB-129P6.11	19	45453301	45457264	-	ENSG00000267114
CLPTM1	19	45457842	45496599	+	ENSG00000104853
RELB	19	45504688	45541452	+	ENSG00000104856
CLASRP	19	45542298	45574214	+	ENSG00000104859
ZNF296	19	45574758	45579846	-	ENSG00000170684
GEMIN7	19	45582453	45594782	+	ENSG00000142252
MARK4	19	45582546	45808541	+	ENSG00000007047
PPP1R37	19	45594654	45651335	+	ENSG00000104866
NKPD1	19	45653008	45663408	-	ENSG00000179846
TRAPPC6A	19	45666186	45681495	-	ENSG00000007255
BLOC1S3	19	45682003	45685059	+	ENSG00000189114
AC005779.2	19	45683080	45705702	+	ENSG00000267545
AC006126.3	19	45690646	45720191	+	ENSG00000266958
EXOC3L2	19	45715879	45737469	-	ENSG00000130201
CKM	19	45809672	45826235	-	ENSG00000104879
KLC3	19	45836692	45854778	+	ENSG00000104892
L47234.1	19	45842445	45842639	+	ENSG00000268341
ERCC2	19	45853095	45874176	-	ENSG00000104884
PPP1R13L	19	45882892	45909607	-	ENSG00000104881
CD3EAP	19	45909467	45914024	+	ENSG00000117877
ERCC1	19	45910591	45982086	-	ENSG00000012061
FOSB	19	45971253	45978437	+	ENSG00000125740
RTN2	19	45988547	46000319	-	ENSG00000125744
PPM1N	19	45992035	46005768	+	ENSG00000213889
VASP	19	46009837	46030241	+	ENSG00000125753
OPA3	19	46030685	46105470	-	ENSG00000125741
GPR4	19	46093022	46105466	-	ENSG00000177464
EML2	19	46110252	46148887	-	ENSG00000125746
C19orf83	19	46144752	46146098	+	ENSG00000267757
GIPR	19	46171502	46186982	+	ENSG00000010310
SNRPD2	19	46190712	46195827	-	ENSG00000125743
QPCTL	19	46195741	46207247	+	ENSG00000011478
FBXO46	19	46213887	46234162	-	ENSG00000177051
AC074212.3	19	46236509	46267792	+	ENSG00000237452
SIX5	19	46268043	46272484	-	ENSG00000177045
DMPK	19	46272975	46285810	-	ENSG00000104936
AC011530.4	19	46282695	46289231	-	ENSG00000268434
DMWD	19	46286205	46296060	-	ENSG00000185800
RSPH6A	19	46298968	46318577	-	ENSG00000104941
SYMPK	19	46318668	46366548	-	ENSG00000125755
FOXA3	19	46367247	46377055	+	ENSG00000170608
IRF2BP1	19	46386866	46389376	-	ENSG00000170604
MYPOP	19	46393278	46405862	-	ENSG00000176182
NANOS2	19	46416475	46418036	-	ENSG00000188425
NOVA2	19	46436992	46476804	-	ENSG00000104967
CCDC61	19	46498339	46524576	+	ENSG00000104983
PGLYRP1	19	46522411	46526323	-	ENSG00000008438
IGFL4	19	46543006	46580376	-	ENSG00000204869
IGFL3	19	46623328	46627931	-	ENSG00000188624
IGFL2	19	46646363	46664556	+	ENSG00000204866
IGFL1	19	46733009	46734500	+	ENSG00000188293
HIF3A	19	46800303	46846690	+	ENSG00000124440
PPP5C	19	46850251	46896238	+	ENSG00000011485
CCDC8	19	46913629	46916841	-	ENSG00000169515
PNMAL1	19	46969748	46974820	-	ENSG00000182013
PPP5D1	19	46984053	47104457	-	ENSG00000230510
PNMAL2	19	46990163	46999755	-	ENSG00000204851
AC011484.1	19	46997765	46999755	+	ENSG00000204850
AC011551.3	19	47050313	47104118	-	ENSG00000268423
CALM3	19	47104331	47114050	+	ENSG00000160014
PTGIR	19	47123725	47128375	-	ENSG00000160013
GNG8	19	47137333	47137942	-	ENSG00000167414
DACT3	19	47150869	47164395	-	ENSG00000197380
PRKD2	19	47177532	47220384	-	ENSG00000105287
STRN4	19	47222764	47250251	-	ENSG00000090372
FKRP	19	47249303	47280245	+	ENSG00000181027
SLC1A5	19	47278140	47291851	-	ENSG00000105281
AP2S1	19	47341393	47354249	-	ENSG00000042753
ARHGAP35	19	47421933	47508334	+	ENSG00000160007
NPAS1	19	47523077	47549033	+	ENSG00000130751
TMEM160	19	47549165	47551888	-	ENSG00000130748
ZC3H4	19	47567444	47617009	-	ENSG00000130749
SAE1	19	47616531	47713886	+	ENSG00000142230
BBC3	19	47724081	47736023	-	ENSG00000105327
CCDC9	19	47759237	47775210	+	ENSG00000105321
PRR24	19	47778142	47778979	+	ENSG00000257704
C5AR1	19	47793280	47825323	+	ENSG00000197405
C5AR2	19	47835404	47846606	+	ENSG00000134830
DHX34	19	47852538	47885961	+	ENSG00000134815
MEIS3	19	47906381	47922780	-	ENSG00000105419
SLC8A2	19	47931274	47975425	-	ENSG00000118160
KPTN	19	47978401	47987525	-	ENSG00000118162
NAPA	19	47990894	48018497	-	ENSG00000105402
ZNF541	19	48023942	48059113	-	ENSG00000118156
GLTSCR1	19	48111453	48206533	+	ENSG00000063169
EHD2	19	48216600	48246391	+	ENSG00000024422
GLTSCR2	19	48248779	48260315	+	ENSG00000105373
SEPW1	19	48281829	48287943	+	ENSG00000178980
TPRX1	19	48304500	48322308	-	ENSG00000178928
CRX	19	48322703	48346587	+	ENSG00000105392
TPRX2P	19	48337701	48364769	+	ENSG00000259009
SULT2A1	19	48373723	48389654	-	ENSG00000105398
BSPH1	19	48471303	48495427	-	ENSG00000188334
ELSPBP1	19	48497908	48528410	+	ENSG00000169393
CABP5	19	48533210	48547310	-	ENSG00000105507
PLA2G4C	19	48551100	48614074	-	ENSG00000105499
LIG1	19	48618702	48673860	-	ENSG00000105486
C19orf68	19	48673949	48700877	+	ENSG00000185453
ZNF114	19	48675575	48790865	+	ENSG00000178150
CARD8	19	48684027	48759203	-	ENSG00000105483
CCDC114	19	48799714	48825151	-	ENSG00000105479
EMP3	19	48824766	48833810	+	ENSG00000142227
TMEM143	19	48835613	48867494	-	ENSG00000161558
SYNGR4	19	48867652	48879633	+	ENSG00000105467
KDELR1	19	48885827	48894810	-	ENSG00000105438
GRIN2D	19	48898132	48948188	+	ENSG00000105464
GRWD1	19	48949030	48960279	+	ENSG00000105447
KCNJ14	19	48958766	48969367	+	ENSG00000182324
CTC-273B12.7	19	48969094	48975688	+	ENSG00000268465
CYTH2	19	48972289	48985571	+	ENSG00000105443
LMTK3	19	48988528	49016446	-	ENSG00000142235
SULT2B1	19	49055332	49102682	+	ENSG00000088002
FAM83E	19	49104067	49118111	-	ENSG00000105523
SPACA4	19	49110000	49110970	+	ENSG00000177202
RPL18	19	49118585	49122793	-	ENSG00000063177
SPHK2	19	49122548	49133974	+	ENSG00000063176
DBP	19	49133287	49140695	-	ENSG00000105516
CA11	19	49141199	49149569	-	ENSG00000063180
NTN5	19	49164664	49176338	-	ENSG00000142233
FUT2	19	49199228	49209207	+	ENSG00000176920
MAMSTR	19	49215999	49222978	-	ENSG00000176909
RASIP1	19	49223844	49243978	-	ENSG00000105538
IZUMO1	19	49244109	49250166	-	ENSG00000182264
FUT1	19	49251268	49258647	-	ENSG00000174951
FGF21	19	49258816	49261587	+	ENSG00000105550
BCAT2	19	49298319	49314286	-	ENSG00000105552
HSD17B14	19	49316274	49339935	-	ENSG00000087076
PLEKHA4	19	49340354	49371889	-	ENSG00000105559
PPP1R15A	19	49375649	49379314	+	ENSG00000087074
TULP2	19	49384222	49401990	-	ENSG00000104804
NUCB1	19	49403307	49426629	+	ENSG00000104805
DHDH	19	49436939	49448226	+	ENSG00000104808
BAX	19	49458072	49465055	+	ENSG00000087088
FTL	19	49468558	49470135	+	ENSG00000087086
GYS1	19	49471382	49496567	-	ENSG00000104812
RUVBL2	19	49496705	49519252	+	ENSG00000183207
LHB	19	49519237	49520338	-	ENSG00000104826
CGB	19	49526126	49527590	-	ENSG00000104827
CTB-60B18.6	19	49526210	49540152	-	ENSG00000267335
CGB2	19	49535169	49536495	+	ENSG00000104818
CGB1	19	49538831	49552006	-	ENSG00000267631
CGB5	19	49547141	49548568	+	ENSG00000189052
CGB8	19	49550895	49552400	-	ENSG00000213030
CGB7	19	49557531	49562117	-	ENSG00000196337
NTF4	19	49559050	49568333	-	ENSG00000225950
KCNA7	19	49570675	49576198	-	ENSG00000104848
SNRNP70	19	49588676	49611862	+	ENSG00000104852
LIN7B	19	49617581	49621717	+	ENSG00000104863
C19orf73	19	49621655	49622397	-	ENSG00000221916
PPFIA3	19	49622646	49654283	+	ENSG00000177380
HRC	19	49654455	49658681	-	ENSG00000130528
TRPM4	19	49660998	49715093	+	ENSG00000130529
SLC6A16	19	49792895	49828482	-	ENSG00000063127
CD37	19	49838428	49846592	+	ENSG00000104894
TEAD2	19	49843852	49865714	-	ENSG00000074219
DKKL1	19	49865040	49878373	+	ENSG00000104901
CCDC155	19	49891475	49921251	+	ENSG00000161609
PTH2	19	49925671	49926698	-	ENSG00000142538
GFY	19	49927006	49932075	+	ENSG00000261949
SLC17A7	19	49932658	49945617	-	ENSG00000104888
PIH1D1	19	49949555	49956754	-	ENSG00000104872
ALDH16A1	19	49956426	49974305	+	ENSG00000161618
CTD-3148I10.9	19	49966009	49989488	+	ENSG00000269469
FLT3LG	19	49977464	49989488	+	ENSG00000090554
RPL13A	19	49990811	49995565	+	ENSG00000142541
RPS11	19	49999622	50002946	+	ENSG00000142534
hsa-mir-150	19	50003781	50004614	+	ENSG00000268000
FCGRT	19	50010073	50029590	+	ENSG00000104870
RCN3	19	50030875	50050219	+	ENSG00000142552
NOSIP	19	50058968	50093519	-	ENSG00000142546
PRRG2	19	50083903	50094272	+	ENSG00000126460
PRR12	19	50094900	50129696	+	ENSG00000126464
RRAS	19	50138549	50143458	-	ENSG00000126458
SCAF1	19	50145382	50161899	+	ENSG00000126461
IRF3	19	50162826	50169132	-	ENSG00000126456
BCL2L12	19	50168823	50177173	+	ENSG00000126453
PRMT1	19	50179043	50192286	+	ENSG00000126457
ADM5	19	50191921	50193832	+	ENSG00000224420
CPT1C	19	50194155	50216988	+	ENSG00000169169
TSKS	19	50243010	50266587	-	ENSG00000126467
AP2A1	19	50270225	50310370	+	ENSG00000196961
FUZ	19	50310126	50320633	-	ENSG00000010361
MED25	19	50321539	50342073	+	ENSG00000104973
PTOV1	19	50353992	50364001	+	ENSG00000104960
PNKP	19	50364461	50371166	-	ENSG00000039650
AKT1S1	19	50372295	50381716	-	ENSG00000204673
TBC1D17	19	50380682	50392005	+	ENSG00000104946
IL4I1	19	50392911	50432796	-	ENSG00000104951
NUP62	19	50410082	50433020	-	ENSG00000213024
CTC-326K19.6	19	50412758	50461648	-	ENSG00000269179
ATF5	19	50431959	50437192	+	ENSG00000169136
SIGLEC11	19	50452242	50464429	-	ENSG00000161640
VRK3	19	50479724	50529203	-	ENSG00000105053
ZNF473	19	50528971	50556671	+	ENSG00000142528
IZUMO2	19	50655805	50666452	-	ENSG00000161652
MYH14	19	50691443	50813802	+	ENSG00000105357
KCNC3	19	50815194	50836772	-	ENSG00000131398
NR1H2	19	50832910	50886239	+	ENSG00000131408
NAPSA	19	50861734	50869087	-	ENSG00000131400
POLD1	19	50887461	50921273	+	ENSG00000062822
CTD-2545M3.6	19	50919056	50931666	+	ENSG00000142539
SPIB	19	50922195	50934570	+	ENSG00000269404
MYBPC2	19	50936160	50969578	+	ENSG00000086967
FAM71E1	19	50970042	50980010	-	ENSG00000142530
EMC10	19	50979657	50986608	+	ENSG00000161671
JOSD2	19	51009255	51014610	-	ENSG00000161677
ASPDH	19	51014857	51017947	-	ENSG00000204653
LRRC4B	19	51020149	51071302	-	ENSG00000131409
SYT3	19	51124564	51171651	-	ENSG00000213023
C19orf81	19	51152702	51162567	+	ENSG00000235034
SHANK1	19	51165084	51222707	-	ENSG00000161681
CLEC11A	19	51226586	51228974	+	ENSG00000105472
GPR32	19	51273721	51274989	+	ENSG00000142511
ACPT	19	51293672	51298481	+	ENSG00000142513
C19orf48	19	51300961	51308186	-	ENSG00000167747
KLK1	19	51322404	51327043	-	ENSG00000167748
KLK15	19	51328545	51340469	-	ENSG00000174562
KLK3	19	51358171	51364020	+	ENSG00000142515
KLK2	19	51364824	51383823	+	ENSG00000167751
AC037199.1	19	51377552	51378040	-	ENSG00000267880
KLK4	19	51409608	51413994	-	ENSG00000167749
KLK5	19	51446559	51456349	-	ENSG00000167754
KLK6	19	51461887	51472929	-	ENSG00000167755
KLK7	19	51479729	51487355	-	ENSG00000169035
KLK8	19	51499263	51505967	-	ENSG00000129455
KLK10	19	51515995	51523431	-	ENSG00000129451
KLK11	19	51525472	51531295	-	ENSG00000167757
KLK12	19	51532348	51538486	-	ENSG00000186474
KLK13	19	51559463	51568371	-	ENSG00000167759
KLK14	19	51580752	51587502	-	ENSG00000129437
CTU1	19	51600863	51611627	-	ENSG00000142544
SIGLEC9	19	51628165	51639908	+	ENSG00000129450
SIGLEC7	19	51645556	51656783	+	ENSG00000168995
CD33	19	51728320	51747115	+	ENSG00000105383
SIGLECL1	19	51749603	51772584	+	ENSG00000179213
IGLON5	19	51815102	51833608	+	ENSG00000142549
VSIG10L	19	51834790	51845378	-	ENSG00000186806
ETFB	19	51848423	51869672	-	ENSG00000105379
CTD-2616J11.11	19	51853627	51871353	-	ENSG00000269403
CLDND2	19	51870352	51872257	-	ENSG00000160318
NKG7	19	51874860	51875969	-	ENSG00000105374
LIM2	19	51883163	51891214	-	ENSG00000105370
C19orf84	19	51891543	51893828	-	ENSG00000262874
SIGLEC10	19	51913275	51921057	-	ENSG00000142512
SIGLEC8	19	51954101	51961710	-	ENSG00000105366
CEACAM18	19	51979838	51994206	+	ENSG00000213822
SIGLEC12	19	51994611	52005043	-	ENSG00000254521
SIGLEC6	19	52022779	52035110	-	ENSG00000105492
ZNF175	19	52074551	52092991	+	ENSG00000105497
AC018755.1	19	52095036	52097630	-	ENSG00000167765
SIGLEC14	19	52145806	52150054	-	ENSG00000254415
HAS1	19	52216365	52227247	-	ENSG00000105509
FPR1	19	52248425	52307363	-	ENSG00000171051
FPR2	19	52255279	52273779	+	ENSG00000171049
FPR3	19	52298416	52329442	+	ENSG00000187474
ZNF577	19	52359055	52394203	-	ENSG00000161551
ZNF649	19	52392477	52408293	-	ENSG00000198093
ZNF613	19	52430400	52452012	+	ENSG00000176024
ZNF350	19	52467596	52490109	-	ENSG00000256683
ZNF615	19	52494585	52511483	-	ENSG00000197619
ZNF614	19	52516018	52533493	-	ENSG00000142556
ZNF432	19	52534632	52598991	-	ENSG00000256087
ZNF841	19	52567719	52599018	-	ENSG00000197608
ZNF616	19	52616344	52643175	-	ENSG00000204611
ZNF836	19	52657117	52674896	-	ENSG00000196267
PPP2R1A	19	52693292	52730687	+	ENSG00000105568
ZNF766	19	52772824	52795977	+	ENSG00000196214
ZNF480	19	52800430	52829175	+	ENSG00000198464
ZNF610	19	52839498	52871031	+	ENSG00000167554
ZNF880	19	52873170	52889048	+	ENSG00000221923
ZNF528	19	52901102	52921665	+	ENSG00000167555
ZNF534	19	52932440	52955568	+	ENSG00000198633
ZNF578	19	52956829	53015407	+	ENSG00000258405
ZNF808	19	53030905	53067717	+	ENSG00000198482
ZNF701	19	53059075	53090427	+	ENSG00000167562
ZNF83	19	53097313	53193749	-	ENSG00000167766
ZNF611	19	53206066	53238326	-	ENSG00000213020
ZNF600	19	53267448	53290044	-	ENSG00000189190
ZNF28	19	53300662	53360853	-	ENSG00000198538
ZNF468	19	53341261	53360902	-	ENSG00000204604
ZNF320	19	53367043	53400946	-	ENSG00000182986
ZNF816	19	53430388	53466164	-	ENSG00000180257
ZNF321P	19	53431728	53466076	-	ENSG00000221874
ERVV-1	19	53517174	53519375	+	ENSG00000269526
ERVV-2	19	53547991	53554329	+	ENSG00000268964
ZNF160	19	53569859	53606689	-	ENSG00000170949
ZNF415	19	53611132	53636330	-	ENSG00000170954
ZNF347	19	53627325	53662328	-	ENSG00000197937
ZNF665	19	53662466	53696639	-	ENSG00000197497
ZNF677	19	53731577	53758151	-	ENSG00000197928
VN1R2	19	53761545	53765090	+	ENSG00000196131
VN1R4	19	53769929	53770972	-	ENSG00000228567
BIRC8	19	53792856	53794875	-	ENSG00000163098
ZNF845	19	53837002	53858122	+	ENSG00000213799
ZNF525	19	53868946	53895470	+	ENSG00000203326
ZNF765	19	53893046	53930574	+	ENSG00000196417
ZNF813	19	53970989	54006950	+	ENSG00000198346
ZNF331	19	54024235	54083523	+	ENSG00000130844
CTB-167G5.5	19	54102882	54106751	-	ENSG00000268864
DPRX	19	54135310	54140263	+	ENSG00000204595
NLRP12	19	54296857	54327648	-	ENSG00000142405
MYADM	19	54369477	54379691	+	ENSG00000179820
PRKCG	19	54382444	54410906	+	ENSG00000126583
CACNG7	19	54412589	54447195	+	ENSG00000105605
CACNG8	19	54466294	54493469	+	ENSG00000142408
CACNG6	19	54495542	54515923	+	ENSG00000130433
VSTM1	19	54544079	54567207	-	ENSG00000189068
TARM1	19	54573149	54584634	-	ENSG00000248385
OSCAR	19	54597933	54606000	-	ENSG00000170909
NDUFA3	19	54606036	54612564	+	ENSG00000170906
TFPT	19	54610320	54619055	-	ENSG00000105619
PRPF31	19	54618837	54635140	+	ENSG00000105618
CNOT3	19	54641444	54659419	+	ENSG00000088038
LENG1	19	54658899	54663620	-	ENSG00000105617
TMC4	19	54663846	54676944	-	ENSG00000167608
MBOAT7	19	54677107	54693733	-	ENSG00000125505
TSEN34	19	54693789	54697585	+	ENSG00000170892
RPS9	19	54704610	54752862	+	ENSG00000170889
LILRB3	19	54720147	54746602	-	ENSG00000204577
LILRA6	19	54720737	54746649	-	ENSG00000244482
LILRB5	19	54754263	54761164	-	ENSG00000105609
LILRB2	19	54777675	54785039	-	ENSG00000131042
LILRA3	19	54799854	54809952	-	ENSG00000170866
LILRA5	19	54818353	54824409	-	ENSG00000187116
LILRA4	19	54844456	54850421	-	ENSG00000239961
LAIR1	19	54865362	54882165	-	ENSG00000167613
TTYH1	19	54926393	54948080	+	ENSG00000167614
LENG8	19	54960065	54973217	+	ENSG00000167615
LENG9	19	54972981	54974894	-	ENSG00000182909
CDC42EP5	19	54976210	54984411	-	ENSG00000167617
LAIR2	19	55009100	55021897	+	ENSG00000167618
KIR3DX1	19	55043909	55057053	+	ENSG00000104970
LILRA2	19	55084387	55099027	+	ENSG00000239998
LILRB1	19	55085346	55148979	+	ENSG00000104972
LILRA1	19	55105047	55113555	+	ENSG00000104974
AC009892.10	19	55147173	55150343	-	ENSG00000224730
LILRB4	19	55155340	55181810	+	ENSG00000186818
KIR3DL1	19	55235969	55378448	+	ENSG00000167633
KIR3DL3	19	55235984	55248003	+	ENSG00000242019
KIR2DL4	19	55236002	55325972	+	ENSG00000189013
KIR2DL3	19	55249980	55295776	+	ENSG00000243772
KIR2DL1	19	55281263	55295774	+	ENSG00000125498
FCAR	19	55385704	55401838	+	ENSG00000186431
NCR1	19	55417508	55427508	+	ENSG00000189430
NLRP7	19	55434877	55477680	-	ENSG00000167634
NLRP2	19	55464498	55512510	+	ENSG00000022556
GP6	19	55525073	55549632	-	ENSG00000088053
RDH13	19	55550476	55582659	-	ENSG00000160439
EPS8L1	19	55583388	55599291	+	ENSG00000131037
PPP1R12C	19	55602281	55628927	-	ENSG00000125503
TNNT1	19	55644162	55660722	-	ENSG00000105048
TNNI3	19	55663137	55669141	-	ENSG00000129991
CTD-2587H24.4	19	55666125	55672039	-	ENSG00000267110
DNAAF3	19	55670031	55678090	-	ENSG00000167646
SYT5	19	55682567	55691809	-	ENSG00000129990
PTPRH	19	55692616	55720874	-	ENSG00000080031
TMEM86B	19	55738007	55741647	-	ENSG00000180089
AC010327.2	19	55738587	55741647	+	ENSG00000269808
PPP6R1	19	55741148	55770363	-	ENSG00000105063
HSPBP1	19	55773599	55791749	-	ENSG00000133265
BRSK1	19	55793440	55823901	+	ENSG00000160469
TMEM150B	19	55824169	55845416	-	ENSG00000180061
SUV420H2	19	55851221	55859488	+	ENSG00000133247
AC020922.1	19	55851254	55856561	+	ENSG00000267531
COX6B2	19	55860674	55866182	-	ENSG00000160471
CTD-2105E13.6	19	55863669	55870884	-	ENSG00000267706
FAM71E2	19	55866276	55874628	-	ENSG00000180043
IL11	19	55875757	55881831	-	ENSG00000095752
TMEM190	19	55888204	55889612	+	ENSG00000160472
TMEM238	19	55890613	55895966	-	ENSG00000233493
RPL28	19	55896713	55914612	+	ENSG00000108107
UBE2S	19	55912652	55919145	-	ENSG00000108106
SHISA7	19	55940107	55954230	-	ENSG00000187902
ISOC2	19	55964352	55973710	-	ENSG00000063241
ZNF628	19	55987699	55995854	+	ENSG00000197483
NAT14	19	55996371	55998935	+	ENSG00000090971
SSC5D	19	55999771	56030465	+	ENSG00000179954
SBK2	19	56041100	56048456	-	ENSG00000187550
SBK3	19	56052023	56056909	-	ENSG00000231274
ZNF579	19	56088899	56092211	-	ENSG00000218891
FIZ1	19	56102746	56113336	-	ENSG00000179943
ZNF524	19	56111388	56114504	+	ENSG00000171443
ZNF865	19	56116771	56128635	+	ENSG00000261221
ZNF784	19	56132108	56135967	-	ENSG00000179922
ZNF580	19	56146382	56154835	+	ENSG00000213015
ZNF581	19	56146825	56156988	+	ENSG00000171425
CCDC106	19	56152428	56164527	+	ENSG00000173581
U2AF2	19	56165512	56186081	+	ENSG00000063244
EPN1	19	56186592	56221224	+	ENSG00000063245
NLRP9	19	56219798	56249768	-	ENSG00000185792
RFPL4A	19	56270380	56274541	+	ENSG00000223638
RFPL4AL1	19	56280507	56284545	+	ENSG00000229292
NLRP11	19	56296770	56348166	-	ENSG00000179873
NLRP4	19	56347944	56393220	+	ENSG00000160505
NLRP13	19	56403065	56443702	-	ENSG00000173572
NLRP8	19	56459198	56499995	+	ENSG00000179709
NLRP5	19	56511092	56573179	+	ENSG00000171487
ZNF787	19	56598732	56632649	-	ENSG00000142409
ZNF444	19	56643968	56672262	+	ENSG00000167685
AC024580.1	19	56662314	56663250	-	ENSG00000204533
GALP	19	56687389	56697144	+	ENSG00000197487
ZSCAN5B	19	56700939	56709289	-	ENSG00000197213
ZSCAN5C	19	56713670	56720821	+	ENSG00000204532
ZSCAN5A	19	56732681	56879752	-	ENSG00000131848
ZSCAN5D	19	56751773	56758863	+	ENSG00000267908
AC006116.20	19	56784138	56821819	+	ENSG00000267710
ZNF582	19	56887413	56904914	-	ENSG00000018869
ZNF583	19	56909335	56947404	+	ENSG00000198440
ZNF667	19	56950694	56989434	-	ENSG00000198046
ZNF471	19	57019212	57041590	+	ENSG00000196263
ZFP28	19	57050317	57068169	+	ENSG00000196867
ZNF470	19	57078880	57100279	+	ENSG00000197016
ZNF71	19	57106632	57137849	+	ENSG00000197951
SMIM17	19	57154513	57167134	+	ENSG00000268182
ZNF835	19	57174020	57183151	-	ENSG00000127903
ZIM2	19	57285920	57352097	-	ENSG00000269699
PEG3	19	57321445	57352096	-	ENSG00000198300
USP29	19	57630506	57643294	+	ENSG00000131864
ZIM3	19	57645464	57656570	-	ENSG00000141946
DUXA	19	57665389	57678811	-	ENSG00000258873
ZNF264	19	57702868	57724724	+	ENSG00000083844
AURKC	19	57742377	57746916	+	ENSG00000105146
ZNF805	19	57751973	57766503	+	ENSG00000204524
ZNF460	19	57791419	57804937	+	ENSG00000197714
ZNF543	19	57831877	57842144	+	ENSG00000178229
ZNF304	19	57862675	57871266	+	ENSG00000131845
ZNF547	19	57874845	57890933	+	ENSG00000152433
TRAPPC2P1	19	57874879	57876721	+	ENSG00000256060
AC003002.4	19	57874934	57909952	+	ENSG00000268133
ZNF548	19	57901218	57912786	+	ENSG00000188785
AC003002.6	19	57901252	57931362	+	ENSG00000269533
AC004076.7	19	57905551	57949825	+	ENSG00000268533
ZNF17	19	57922531	57933307	+	ENSG00000186272
ZNF749	19	57946697	57956853	+	ENSG00000186230
AC004076.9	19	57949338	57988904	-	ENSG00000268163
VN1R1	19	57966542	57967854	-	ENSG00000178201
ZNF772	19	57978031	57988938	-	ENSG00000197128
ZNF419	19	57999079	58006048	+	ENSG00000105136
AC003005.4	19	57999086	58016749	+	ENSG00000268107
ZNF773	19	58011283	58029772	+	ENSG00000152439
ZNF549	19	58038693	58068910	+	ENSG00000121406
ZNF550	19	58046625	58071231	-	ENSG00000251369
ZNF416	19	58082934	58090295	-	ENSG00000083817
ZIK1	19	58089824	58105145	+	ENSG00000171649
ZNF530	19	58111253	58124090	+	ENSG00000183647
ZNF134	19	58125601	58134724	+	ENSG00000213762
ZNF211	19	58141761	58154147	+	ENSG00000121417
ZSCAN4	19	58180303	58190520	+	ENSG00000180532
ZNF551	19	58193337	58228669	+	ENSG00000204519
AC003006.7	19	58193413	58264943	+	ENSG00000269026
AC004017.1	19	58203868	58204128	-	ENSG00000268948
ZNF154	19	58208735	58220579	-	ENSG00000179909
ZNF671	19	58231119	58238992	-	ENSG00000083814
ZNF776	19	58258164	58269527	+	ENSG00000152443
ZNF586	19	58281023	58331307	+	ENSG00000083828
ZNF552	19	58315209	58326281	-	ENSG00000178935
CTD-2583A14.10	19	58331087	58370309	+	ENSG00000268750
ZNF587B	19	58331099	58370018	+	ENSG00000269343
ZNF814	19	58360099	58400442	-	ENSG00000204514
ZNF587	19	58361225	58376480	+	ENSG00000198466
CTD-2583A14.9	19	58388133	58427959	-	ENSG00000269476
ZNF417	19	58411664	58427978	-	ENSG00000173480
ZNF418	19	58433252	58446761	-	ENSG00000196724
ZNF256	19	58452201	58459043	-	ENSG00000152454
C19orf18	19	58469805	58485902	-	ENSG00000177025
ZNF606	19	58488421	58514717	-	ENSG00000166704
CTD-2368P22.1	19	58513429	58522600	+	ENSG00000176593
ZSCAN1	19	58545400	58565999	+	ENSG00000152467
ZNF135	19	58570607	58597677	+	ENSG00000176293
ZSCAN18	19	58595205	58629794	-	ENSG00000121413
ZNF329	19	58637619	58666477	-	ENSG00000181894
ZNF274	19	58694396	58724928	+	ENSG00000171606
ZNF544	19	58739960	58788815	+	ENSG00000198131
CTD-3138B18.4	19	58740831	58798173	+	ENSG00000269545
AC010642.1	19	58790332	58826563	+	ENSG00000267216
ZSCAN22	19	58838385	58853698	+	ENSG00000182318
A1BG	19	58856544	58864865	-	ENSG00000121410
ZNF497	19	58865723	58874214	-	ENSG00000174586
ZNF837	19	58878985	58892427	-	ENSG00000152475
RPS5	19	58897767	58906173	+	ENSG00000083845
AC012313.1	19	58907457	58908407	+	ENSG00000269855
ZNF584	19	58912871	58929694	+	ENSG00000171574
ZNF132	19	58944181	58951589	-	ENSG00000131849
ZNF324B	19	58962971	58969200	+	ENSG00000249471
ZNF324	19	58978423	58984945	+	ENSG00000083812
ZNF446	19	58985384	58992597	+	ENSG00000083838
SLC27A5	19	58990879	59023780	-	ENSG00000083807
ZBTB45	19	59024897	59050278	-	ENSG00000119574
TRIM28	19	59055458	59062089	+	ENSG00000130726
CHMP2A	19	59062933	59066491	-	ENSG00000130724
UBE2M	19	59067079	59070327	-	ENSG00000130725
MZF1	19	59073298	59084942	-	ENSG00000099326
FAM110C	2	38814	46870	-	ENSG00000184731
SH3YL1	2	217730	266398	-	ENSG00000035115
ACP1	2	264140	278283	+	ENSG00000143727
FAM150B	2	279558	288851	-	ENSG00000189292
TMEM18	2	667335	677439	-	ENSG00000151353
SNTG2	2	946554	1371385	+	ENSG00000172554
TPO	2	1377995	1547483	+	ENSG00000115705
PXDN	2	1635659	1748624	-	ENSG00000130508
MYT1L	2	1792885	2335032	-	ENSG00000186487
TSSC1	2	3192696	3381653	-	ENSG00000032389
TRAPPC12	2	3383446	3488865	+	ENSG00000171853
ADI1	2	3501132	3523507	-	ENSG00000182551
RP13-512J5.1	2	3579574	3595547	-	ENSG00000255767
RNASEH1	2	3592383	3606206	-	ENSG00000171865
RPS7	2	3622795	3628509	+	ENSG00000171863
COLEC11	2	3642426	3692048	+	ENSG00000118004
ALLC	2	3705785	3750261	+	ENSG00000151360
DCDC2C	2	3751453	3836122	+	ENSG00000214866
SOX11	2	5832799	5841516	+	ENSG00000176887
DKFZP761K2322	2	6111712	6114374	+	ENSG00000272268
CMPK2	2	6980701	7006766	-	ENSG00000134326
RSAD2	2	7005937	7038370	+	ENSG00000134321
RNF144A	2	7057523	7208417	+	ENSG00000151692
ID2	2	8818975	8824583	+	ENSG00000115738
KIDINS220	2	8865408	8977760	-	ENSG00000134313
MBOAT2	2	8992820	9143942	-	ENSG00000143797
ASAP2	2	9346894	9545812	+	ENSG00000151693
ITGB1BP1	2	9543604	9563676	-	ENSG00000119185
CPSF3	2	9563697	9613230	+	ENSG00000119203
IAH1	2	9613787	9636672	+	ENSG00000134330
ADAM17	2	9628615	9695921	-	ENSG00000151694
YWHAQ	2	9724101	9771143	-	ENSG00000134308
TAF1B	2	9983483	10074545	+	ENSG00000115750
GRHL1	2	10085341	10142411	+	ENSG00000134317
KLF11	2	10182976	10194963	+	ENSG00000172059
CYS1	2	10196907	10221071	-	ENSG00000205795
AC104794.4	2	10223908	10226228	+	ENSG00000233502
RRM2	2	10262455	10271545	+	ENSG00000171848
C2orf48	2	10281509	10351851	+	ENSG00000163009
HPCAL1	2	10443015	10567743	+	ENSG00000115756
ODC1	2	10580094	10588630	-	ENSG00000115758
NOL10	2	10710892	10830101	-	ENSG00000115761
ATP6V1C2	2	10861775	10925236	+	ENSG00000143882
PDIA6	2	10923517	10978103	-	ENSG00000143870
AC092687.4	2	10987703	10995081	+	ENSG00000232056
KCNF1	2	11052063	11054350	+	ENSG00000162975
C2orf50	2	11273179	11286916	+	ENSG00000150873
PQLC3	2	11295324	11319000	+	ENSG00000162976
ROCK2	2	11319887	11488456	-	ENSG00000134318
E2F6	2	11584501	11606297	-	ENSG00000169016
AC099344.1	2	11603927	11606274	+	ENSG00000269074
GREB1	2	11674242	11782914	+	ENSG00000196208
NTSR2	2	11798304	11810290	-	ENSG00000169006
LPIN1	2	11817721	11967535	+	ENSG00000134324
TRIB2	2	12857015	12882860	+	ENSG00000071575
FAM84A	2	14772810	14790933	+	ENSG00000162981
AC011897.1	2	14775215	14790933	+	ENSG00000265629
NBAS	2	15307032	15701454	-	ENSG00000151779
DDX1	2	15731302	15771235	+	ENSG00000079785
AC008271.1	2	15830906	15884463	+	ENSG00000231031
MYCN	2	16080686	16087129	+	ENSG00000134323
FAM49A	2	16730727	16847599	-	ENSG00000197872
RAD51AP2	2	17691851	17699706	-	ENSG00000214842
VSNL1	2	17720393	17838285	+	ENSG00000163032
SMC6	2	17845079	17981509	-	ENSG00000163029
GEN1	2	17935125	17966632	+	ENSG00000178295
MSGN1	2	17997763	17998368	+	ENSG00000151379
KCNS3	2	18059114	18542882	+	ENSG00000170745
RDH14	2	18735989	18741946	-	ENSG00000240857
NT5C1B-RDH14	2	18736811	18770830	-	ENSG00000250741
NT5C1B	2	18737050	18770838	-	ENSG00000185013
OSR1	2	19551246	19558414	-	ENSG00000143867
TTC32	2	20096404	20101747	-	ENSG00000183891
WDR35	2	20110021	20189892	-	ENSG00000118965
MATN3	2	20191872	20212455	-	ENSG00000132031
LAPTM4A	2	20232411	20251789	-	ENSG00000068697
SDC1	2	20400558	20425194	-	ENSG00000115884
PUM2	2	20448452	20551995	-	ENSG00000055917
RHOB	2	20646835	20649200	+	ENSG00000143878
HS1BP3	2	20760208	20850849	-	ENSG00000118960
GDF7	2	20866424	20873418	+	ENSG00000143869
C2orf43	2	20883788	21022882	-	ENSG00000118961
APOB	2	21224301	21266945	-	ENSG00000084674
TDRD15	2	21346789	21366144	+	ENSG00000218819
KLHL29	2	23608088	23931481	+	ENSG00000119771
AC011239.1	2	23729913	23747214	-	ENSG00000224361
ATAD2B	2	23971534	24149984	-	ENSG00000119778
UBXN2A	2	24150155	24227779	+	ENSG00000173960
MFSD2B	2	24232951	24286191	+	ENSG00000205639
C2orf44	2	24252210	24272445	-	ENSG00000163026
FKBP1B	2	24272571	24286551	+	ENSG00000119782
SF3B14	2	24290454	24299313	-	ENSG00000115128
FAM228B	2	24299396	24392509	+	ENSG00000219626
TP53I3	2	24300303	24308731	-	ENSG00000115129
PFN4	2	24338241	24346347	-	ENSG00000176732
RP11-507M3.1	2	24347236	24413305	+	ENSG00000266118
FAM228A	2	24397938	24423718	+	ENSG00000186453
ITSN2	2	24425733	24583583	-	ENSG00000198399
NCOA1	2	24714783	24993571	+	ENSG00000084676
PTRHD1	2	25012603	25016251	-	ENSG00000184924
CENPO	2	25016005	25045245	+	ENSG00000138092
ADCY3	2	25042038	25142708	-	ENSG00000138031
DNAJC27	2	25166505	25194963	-	ENSG00000115137
EFR3B	2	25264999	25378243	+	ENSG00000084710
POMC	2	25383722	25391772	-	ENSG00000115138
DNMT3A	2	25455845	25565459	-	ENSG00000119772
DTNB	2	25600067	25896503	-	ENSG00000138101
ASXL2	2	25956622	26101385	-	ENSG00000143970
KIF3C	2	26149471	26205618	-	ENSG00000084731
AC013449.1	2	26251074	26251481	-	ENSG00000268412
RAB10	2	26256976	26360323	+	ENSG00000084733
GAREML	2	26395960	26412532	+	ENSG00000157833
HADHA	2	26413504	26467594	-	ENSG00000084754
HADHB	2	26466038	26513336	+	ENSG00000138029
GPR113	2	26531041	26569685	-	ENSG00000173567
EPT1	2	26531415	26618759	+	ENSG00000138018
DRC1	2	26624784	26679579	+	ENSG00000157856
OTOF	2	26680071	26781566	-	ENSG00000115155
C2orf70	2	26785450	26802400	+	ENSG00000173557
CIB4	2	26804070	26864236	-	ENSG00000157884
KCNK3	2	26915619	26956288	+	ENSG00000171303
SLC35F6	2	26987152	27004099	+	ENSG00000213699
CENPA	2	26987157	27023935	+	ENSG00000115163
DPYSL5	2	27070615	27173219	+	ENSG00000157851
MAPRE3	2	27193480	27250064	+	ENSG00000084764
TMEM214	2	27255778	27264563	+	ENSG00000119777
AGBL5	2	27265232	27293490	+	ENSG00000084693
OST4	2	27293340	27294641	-	ENSG00000228474
EMILIN1	2	27301435	27309271	+	ENSG00000138080
KHK	2	27309615	27323640	+	ENSG00000138030
CGREF1	2	27321757	27341995	-	ENSG00000138028
ABHD1	2	27346682	27353680	+	ENSG00000143994
PREB	2	27353624	27357543	-	ENSG00000138073
C2orf53	2	27359723	27362278	-	ENSG00000186143
TCF23	2	27371872	27376378	+	ENSG00000163792
SLC5A6	2	27422455	27435826	-	ENSG00000138074
ATRAID	2	27434895	27440046	+	ENSG00000138085
CAD	2	27440258	27466811	+	ENSG00000084774
SLC30A3	2	27476552	27498685	-	ENSG00000115194
DNAJC5G	2	27498289	27504367	+	ENSG00000163793
TRIM54	2	27505260	27530307	+	ENSG00000138100
UCN	2	27530268	27531313	-	ENSG00000163794
MPV17	2	27532360	27548547	-	ENSG00000115204
GTF3C2	2	27548716	27579868	-	ENSG00000115207
EIF2B4	2	27587219	27593353	-	ENSG00000115211
SNX17	2	27593389	27599995	+	ENSG00000115234
ZNF513	2	27600098	27603657	-	ENSG00000163795
PPM1G	2	27604061	27632554	-	ENSG00000115241
NRBP1	2	27650657	27665126	+	ENSG00000115216
KRTCAP3	2	27665233	27669348	+	ENSG00000157992
IFT172	2	27667238	27712656	-	ENSG00000138002
FNDC4	2	27714750	27718112	-	ENSG00000115226
GCKR	2	27719709	27746554	+	ENSG00000084734
AC109829.1	2	27760253	27790011	+	ENSG00000233438
C2orf16	2	27799389	27805588	+	ENSG00000221843
ZNF512	2	27805897	27858041	+	ENSG00000243943
CCDC121	2	27848506	27851879	-	ENSG00000176714
GPN1	2	27851114	27874375	+	ENSG00000198522
SUPT7L	2	27873679	27886676	-	ENSG00000119760
SLC4A1AP	2	27886338	27917840	+	ENSG00000163798
AC074091.13	2	27928653	27938599	-	ENSG00000205334
MRPL33	2	27994584	28210954	+	ENSG00000243147
AC110084.1	2	27998851	28009186	-	ENSG00000268656
RBKS	2	28004231	28113965	-	ENSG00000171174
BRE	2	28112808	28561768	+	ENSG00000158019
FOSL2	2	28615315	28640179	+	ENSG00000075426
PLB1	2	28680012	28866654	+	ENSG00000163803
PPP1CB	2	28974506	29025806	+	ENSG00000213639
SPDYA	2	29005383	29073477	+	ENSG00000163806
TRMT61B	2	29072687	29093167	-	ENSG00000171103
WDR43	2	29117509	29171088	+	ENSG00000163811
FAM179A	2	29179477	29284239	+	ENSG00000189350
C2orf71	2	29283842	29297127	-	ENSG00000179270
CLIP4	2	29320571	29412509	+	ENSG00000115295
ALK	2	29415640	30144432	-	ENSG00000171094
YPEL5	2	30369807	30383399	+	ENSG00000119801
LBH	2	30454397	30546596	+	ENSG00000213626
LCLAT1	2	30670092	30867091	+	ENSG00000172954
CAPN13	2	30945637	31043408	-	ENSG00000162949
GALNT14	2	31133333	31378068	-	ENSG00000158089
CAPN14	2	31395924	31456724	-	ENSG00000214711
EHD3	2	31456880	31492313	+	ENSG00000013016
XDH	2	31557187	31637581	-	ENSG00000158125
MEMO1	2	32090129	32236299	-	ENSG00000162959
DPY30	2	32092878	32264881	-	ENSG00000162961
SPAST	2	32288680	32382706	+	ENSG00000021574
SLC30A6	2	32390933	32449448	+	ENSG00000152683
NLRC4	2	32449522	32490923	-	ENSG00000091106
YIPF4	2	32502979	32541663	+	ENSG00000119820
BIRC6	2	32582096	32843966	+	ENSG00000115760
TTC27	2	32853099	33046118	+	ENSG00000018699
LTBP1	2	33172039	33624576	+	ENSG00000049323
RASGRP3	2	33661391	33789817	+	ENSG00000152689
FAM98A	2	33808725	33824449	-	ENSG00000119812
CRIM1	2	36583069	36778278	+	ENSG00000150938
AC007401.2	2	36758948	36779411	-	ENSG00000217075
FEZ2	2	36778570	36873230	-	ENSG00000171055
VIT	2	36923833	37041935	+	ENSG00000205221
AC007382.1	2	37068327	37068530	-	ENSG00000268688
STRN	2	37070783	37193615	-	ENSG00000115808
HEATR5B	2	37195526	37311485	-	ENSG00000008869
GPATCH11	2	37311594	37326387	+	ENSG00000152133
EIF2AK2	2	37326353	37384208	-	ENSG00000055332
SULT6B1	2	37394963	37423741	-	ENSG00000138068
CEBPZ-AS1	2	37423631	37443336	+	ENSG00000218739
CEBPZ	2	37428755	37458856	-	ENSG00000115816
NDUFAF7	2	37458774	37480546	+	ENSG00000003509
PRKD3	2	37477645	37551951	-	ENSG00000115825
QPCT	2	37571717	37600465	+	ENSG00000115828
CDC42EP3	2	37869032	37965611	-	ENSG00000163171
RMDN2	2	38150330	38294285	+	ENSG00000115841
CYP1B1	2	38294116	38337044	-	ENSG00000138061
ATL2	2	38522022	38604427	-	ENSG00000119787
HNRNPLL	2	38789120	38830728	-	ENSG00000143889
GALM	2	38893052	38968379	+	ENSG00000143891
SRSF7	2	38970741	38978636	-	ENSG00000115875
GEMIN6	2	38978676	39012142	+	ENSG00000152147
DHX57	2	39024871	39103075	-	ENSG00000163214
MORN2	2	39103103	39156213	+	ENSG00000188010
ARHGEF33	2	39117021	39202590	+	ENSG00000214694
AC019171.1	2	39186764	39187483	-	ENSG00000269210
SOS1	2	39208537	39351486	-	ENSG00000115904
CDKL4	2	39402787	39456729	-	ENSG00000205111
MAP4K3	2	39476407	39664453	-	ENSG00000011566
TMEM178A	2	39892122	39945103	+	ENSG00000152154
THUMPD2	2	39963200	40006407	-	ENSG00000138050
SLC8A1	2	40324410	40838193	-	ENSG00000183023
AC007377.1	2	40488147	40490117	+	ENSG00000268898
C2orf91	2	42162508	42181406	-	ENSG00000205086
PKDCC	2	42275160	42285668	+	ENSG00000162878
EML4	2	42396490	42559688	+	ENSG00000143924
COX7A2L	2	42560686	42652228	-	ENSG00000115944
KCNG3	2	42669157	42721237	-	ENSG00000171126
MTA3	2	42721709	42984087	+	ENSG00000057935
OXER1	2	42989642	42991401	-	ENSG00000162881
HAAO	2	42994229	43019733	-	ENSG00000162882
THADA	2	43393800	43823185	-	ENSG00000115970
ZFP36L2	2	43449541	43453748	-	ENSG00000152518
PLEKHH2	2	43864412	43995126	+	ENSG00000152527
DYNC2LI1	2	44001178	44037149	+	ENSG00000138036
ABCG5	2	44039611	44066004	-	ENSG00000138075
ABCG8	2	44066103	44105605	+	ENSG00000143921
LRPPRC	2	44113647	44223144	-	ENSG00000138095
PPM1B	2	44395108	44471523	+	ENSG00000138032
SLC3A1	2	44502599	44548633	+	ENSG00000138079
PREPL	2	44543420	44589001	-	ENSG00000138078
CAMKMT	2	44589089	44999731	+	ENSG00000143919
SIX3	2	45168902	45173216	+	ENSG00000138083
SIX2	2	45232300	45236569	-	ENSG00000170577
SRBD1	2	45615819	45839304	-	ENSG00000068784
PRKCE	2	45878484	46415129	+	ENSG00000171132
EPAS1	2	46520806	46613836	+	ENSG00000116016
TMEM247	2	46656329	46711564	+	ENSG00000187600
ATP6V1E2	2	46717889	46769696	-	ENSG00000250565
RHOQ	2	46768945	46810260	+	ENSG00000119729
PIGF	2	46808076	46844258	-	ENSG00000151665
CRIPT	2	46843555	46852881	+	ENSG00000119878
SOCS5	2	46926091	46990268	+	ENSG00000171150
LINC01118	2	47043807	47049796	+	ENSG00000222005
LINC01119	2	47043836	47086146	+	ENSG00000239332
MCFD2	2	47129009	47168994	-	ENSG00000180398
TTC7A	2	47143296	47303276	+	ENSG00000068724
C2orf61	2	47272677	47382517	-	ENSG00000239605
RP11-761B3.1	2	47293080	47403650	-	ENSG00000273269
CALM2	2	47387221	47403740	-	ENSG00000143933
EPCAM	2	47572297	47614740	+	ENSG00000119888
MSH2	2	47630108	47789450	+	ENSG00000095002
KCNK12	2	47743720	47798078	-	ENSG00000184261
AC138655.1	2	47799601	47801998	+	ENSG00000269563
MSH6	2	47922669	48037240	+	ENSG00000116062
FBXO11	2	48016455	48132932	-	ENSG00000138081
FOXN2	2	48541776	48606433	+	ENSG00000170802
PPP1R21	2	48667737	48742525	+	ENSG00000162869
STON1	2	48756522	48826025	+	ENSG00000243244
STON1-GTF2A1L	2	48757064	49003654	+	ENSG00000068781
GTF2A1L	2	48844937	48960287	+	ENSG00000242441
LHCGR	2	48859428	48982880	-	ENSG00000138039
FSHR	2	49189296	49381676	-	ENSG00000170820
NRXN1	2	50145643	51259674	-	ENSG00000179915
GPR75-ASB3	2	53759810	54087170	-	ENSG00000115239
ASB3	2	53897430	54087297	-	ENSG00000270898
CHAC2	2	53994929	54002333	+	ENSG00000143942
ERLEC1	2	54014181	54045956	+	ENSG00000068912
GPR75	2	54080050	54087126	-	ENSG00000119737
PSME4	2	54091204	54197977	-	ENSG00000068878
ACYP2	2	54197975	54532437	+	ENSG00000170634
TSPYL6	2	54480315	54483409	-	ENSG00000178021
C2orf73	2	54557171	54610879	+	ENSG00000177994
SPTBN1	2	54683422	54896812	+	ENSG00000115306
EML6	2	54950636	55199157	+	ENSG00000214595
RTN4	2	55199325	55339757	-	ENSG00000115310
CLHC1	2	55401927	55459699	-	ENSG00000162994
RPS27A	2	55459039	55462989	+	ENSG00000143947
MTIF2	2	55463731	55496483	-	ENSG00000085760
CCDC88A	2	55514978	55647057	-	ENSG00000115355
CCDC104	2	55746740	55773015	+	ENSG00000163001
SMEK2	2	55774428	55846015	-	ENSG00000138041
PNPT1	2	55861400	55921045	-	ENSG00000138035
EFEMP1	2	56093102	56151274	-	ENSG00000115380
CCDC85A	2	56411258	56613308	+	ENSG00000055813
VRK2	2	58134786	58387055	+	ENSG00000028116
FANCL	2	58386378	58468507	-	ENSG00000115392
BCL11A	2	60678302	60780702	-	ENSG00000119866
PAPOLG	2	60983365	61029220	+	ENSG00000115421
REL	2	61108656	61158745	+	ENSG00000162924
PUS10	2	61167357	61245394	-	ENSG00000162927
PEX13	2	61244360	61279125	+	ENSG00000162928
KIAA1841	2	61293006	61391960	+	ENSG00000162929
C2orf74	2	61372243	61391964	+	ENSG00000237651
AHSA2	2	61404553	61418338	+	ENSG00000173209
USP34	2	61414598	61697904	-	ENSG00000115464
XPO1	2	61704984	61765761	-	ENSG00000082898
FAM161A	2	62051989	62081278	-	ENSG00000170264
CCT4	2	62095224	62115939	-	ENSG00000115484
COMMD1	2	62115859	62374382	+	ENSG00000173163
B3GNT2	2	62423248	62451866	+	ENSG00000170340
TMEM17	2	62727356	62739029	-	ENSG00000186889
EHBP1	2	62900986	63273622	+	ENSG00000115504
OTX1	2	63277192	63284971	+	ENSG00000115507
WDPCP	2	63348518	64054977	-	ENSG00000143951
MDH1	2	63815743	63834331	+	ENSG00000014641
UGP2	2	64068074	64118696	+	ENSG00000169764
VPS54	2	64119280	64246206	-	ENSG00000143952
PELI1	2	64319786	64371588	-	ENSG00000197329
LGALSL	2	64681103	64688515	+	ENSG00000119862
AFTPH	2	64751465	64820139	+	ENSG00000119844
SERTAD2	2	64858755	64978139	-	ENSG00000179833
SLC1A4	2	65215611	65250999	+	ENSG00000115902
CEP68	2	65283500	65314138	+	ENSG00000011523
RAB1A	2	65297835	65357240	-	ENSG00000138069
ACTR2	2	65454887	65498387	+	ENSG00000138071
SPRED2	2	65537985	65659771	-	ENSG00000198369
MEIS1	2	66660584	66801001	+	ENSG00000143995
ETAA1	2	67624451	67637677	+	ENSG00000143971
C1D	2	68268262	68338080	-	ENSG00000197223
WDR92	2	68350068	68384692	-	ENSG00000243667
RP11-474G23.1	2	68358370	68488362	-	ENSG00000273398
PNO1	2	68384976	68403370	+	ENSG00000115946
PPP3R1	2	68405989	68483369	-	ENSG00000221823
CNRIP1	2	68511303	68547183	-	ENSG00000119865
PLEK	2	68592305	68624585	+	ENSG00000115956
FBXO48	2	68686551	68694390	-	ENSG00000204923
APLF	2	68694693	68858004	+	ENSG00000169621
PROKR1	2	68870721	68882708	+	ENSG00000169618
ARHGAP25	2	68906733	69053965	+	ENSG00000163219
BMP10	2	69092613	69098649	-	ENSG00000163217
GKN2	2	69172364	69180102	-	ENSG00000183607
GKN1	2	69201705	69208106	+	ENSG00000169605
ANTXR1	2	69240310	69476459	+	ENSG00000169604
GFPT1	2	69546905	69614382	-	ENSG00000198380
NFU1	2	69622882	69664760	-	ENSG00000169599
AAK1	2	69688532	69901481	-	ENSG00000115977
ANXA4	2	69871557	70053596	+	ENSG00000196975
GMCL1	2	70056774	70108528	+	ENSG00000087338
SNRNP27	2	70120692	70132707	+	ENSG00000124380
MXD1	2	70124820	70170077	+	ENSG00000059728
AC019206.1	2	70129482	70129841	-	ENSG00000268328
ASPRV1	2	70187226	70189397	-	ENSG00000244617
PCBP1	2	70314585	70316332	+	ENSG00000169564
C2orf42	2	70377012	70475747	-	ENSG00000115998
TIA1	2	70436576	70475792	-	ENSG00000116001
PCYOX1	2	70484518	70508323	+	ENSG00000116005
SNRPG	2	70508494	70520903	-	ENSG00000143977
FAM136A	2	70523107	70529222	-	ENSG00000035141
TGFA	2	70674412	70781325	-	ENSG00000163235
ADD2	2	70834750	70995357	-	ENSG00000075340
FIGLA	2	71004442	71017775	-	ENSG00000183733
CLEC4F	2	71035775	71047732	-	ENSG00000152672
CD207	2	71057347	71062952	-	ENSG00000116031
VAX2	2	71127720	71160576	+	ENSG00000116035
ATP6V1B1	2	71163012	71192536	+	ENSG00000116039
AC007040.11	2	71166448	71222466	-	ENSG00000258881
ANKRD53	2	71205510	71212626	+	ENSG00000144031
TEX261	2	71213068	71222075	-	ENSG00000144043
NAGK	2	71291474	71306935	+	ENSG00000124357
MCEE	2	71336814	71357369	-	ENSG00000124370
MPHOSPH10	2	71357444	71377231	+	ENSG00000124383
PAIP2B	2	71409869	71454213	-	ENSG00000124374
ZNF638	2	71503691	71662199	+	ENSG00000075292
DYSF	2	71680852	71913898	+	ENSG00000135636
CYP26B1	2	72356367	72375167	-	ENSG00000003137
EXOC6B	2	72403113	73053170	-	ENSG00000144036
SPR	2	73114489	73119287	+	ENSG00000116096
EMX1	2	73143389	73162020	+	ENSG00000135638
SFXN5	2	73169165	73302747	-	ENSG00000144040
RAB11FIP5	2	73300510	73383849	-	ENSG00000135631
NOTO	2	73429386	73439641	+	ENSG00000214513
SMYD5	2	73441350	73454365	+	ENSG00000135632
PRADC1	2	73455134	73460366	-	ENSG00000135617
CCT7	2	73460548	73480149	+	ENSG00000135624
FBXO41	2	73481810	73511559	-	ENSG00000163013
EGR4	2	73518058	73520833	-	ENSG00000135625
ALMS1	2	73612886	73837920	+	ENSG00000116127
NAT8	2	73867959	73869520	-	ENSG00000144035
TPRKB	2	73956231	73964527	-	ENSG00000144034
DUSP11	2	73989311	74007284	-	ENSG00000144048
C2orf78	2	74011316	74044274	+	ENSG00000187833
STAMBP	2	74056086	74100786	+	ENSG00000124356
ACTG2	2	74119441	74146992	+	ENSG00000163017
DGUOK	2	74153953	74186088	+	ENSG00000114956
TET3	2	74229840	74335303	+	ENSG00000187605
MGC10955	2	74361599	74362521	+	ENSG00000217702
BOLA3	2	74362525	74375121	-	ENSG00000163170
MOB1A	2	74379655	74406025	-	ENSG00000114978
CATX-2	2	74418517	74418627	+	ENSG00000267958
MTHFD2	2	74425689	74444692	+	ENSG00000065911
RP11-287D1.3	2	74438731	74590504	-	ENSG00000264324
SLC4A5	2	74443369	74570541	-	ENSG00000188687
DCTN1	2	74588281	74619214	-	ENSG00000204843
C2orf81	2	74641304	74648718	-	ENSG00000159239
WDR54	2	74648805	74652882	+	ENSG00000005448
RTKN	2	74652963	74669549	-	ENSG00000114993
INO80B	2	74682150	74688011	+	ENSG00000115274
WBP1	2	74685456	74688018	+	ENSG00000239779
MOGS	2	74688184	74692537	-	ENSG00000115275
MRPL53	2	74699085	74700449	-	ENSG00000204822
CCDC142	2	74699113	74710535	-	ENSG00000135637
TTC31	2	74710200	74722013	+	ENSG00000115282
LBX2	2	74724644	74730443	-	ENSG00000179528
PCGF1	2	74732170	74735707	-	ENSG00000115289
TLX2	2	74740590	74744274	+	ENSG00000115297
DQX1	2	74745258	74753463	-	ENSG00000144045
AUP1	2	74753772	74757066	-	ENSG00000115307
HTRA2	2	74756504	74760472	+	ENSG00000115317
LOXL3	2	74759541	74782817	-	ENSG00000115318
DOK1	2	74776153	74784681	+	ENSG00000115325
M1AP	2	74785010	74875465	-	ENSG00000159374
SEMA4F	2	74881355	74909186	+	ENSG00000135622
HK2	2	75061108	75120486	+	ENSG00000159399
POLE4	2	75185619	75197255	+	ENSG00000115350
TACR1	2	75273590	75426826	-	ENSG00000115353
EVA1A	2	75696428	75796848	-	ENSG00000115363
MRPL19	2	75873909	75917977	+	ENSG00000115364
GCFC2	2	75879126	75938115	-	ENSG00000005436
LRRTM4	2	76974845	77820445	-	ENSG00000176204
REG3G	2	79252812	79255631	+	ENSG00000143954
REG1B	2	79312156	79315145	-	ENSG00000172023
REG1A	2	79347488	79350545	+	ENSG00000115386
REG3A	2	79384132	79386879	-	ENSG00000172016
CTNNA2	2	79412357	80875905	+	ENSG00000066032
LRRTM1	2	80515483	80531874	-	ENSG00000162951
SUCLG1	2	84650647	84687169	-	ENSG00000163541
DNAH6	2	84743579	85046713	+	ENSG00000115423
TRABD2A	2	85048774	85134132	-	ENSG00000186854
AC022210.1	2	85122209	85122345	-	ENSG00000269417
TMSB10	2	85132749	85133795	+	ENSG00000034510
KCMF1	2	85198216	85286595	+	ENSG00000176407
TCF7L1	2	85360533	85537511	+	ENSG00000152284
TGOLN2	2	85545147	85555548	-	ENSG00000152291
RETSAT	2	85569211	85581743	-	ENSG00000042445
ELMOD3	2	85581517	85618875	+	ENSG00000115459
CAPG	2	85621871	85645555	-	ENSG00000042493
SH2D6	2	85645844	85664152	+	ENSG00000152292
MAT2A	2	85766288	85772403	+	ENSG00000168906
GGCX	2	85771846	85788670	-	ENSG00000115486
VAMP8	2	85788685	85809154	+	ENSG00000118640
VAMP5	2	85811531	85820535	+	ENSG00000168899
RNF181	2	85822848	85824736	+	ENSG00000168894
TMEM150A	2	85825671	85830319	-	ENSG00000168890
USP39	2	85829979	85876403	+	ENSG00000168883
C2orf68	2	85833777	85839189	-	ENSG00000168887
SFTPB	2	85884437	85895864	-	ENSG00000168878
GNLY	2	85912298	85925977	+	ENSG00000115523
ATOH8	2	85978467	86015189	+	ENSG00000168874
ST3GAL5	2	86066267	86116137	-	ENSG00000115525
POLR1A	2	86247339	86333278	-	ENSG00000068654
PTCD3	2	86333305	86369280	+	ENSG00000132300
IMMT	2	86371055	86422893	-	ENSG00000132305
MRPL35	2	86426478	86440917	+	ENSG00000132313
REEP1	2	86441116	86565206	-	ENSG00000068615
KDM3A	2	86667770	86719839	+	ENSG00000115548
CHMP3	2	86730554	86948245	-	ENSG00000115561
RNF103-CHMP3	2	86732791	86948245	-	ENSG00000249884
RNF103	2	86830516	86850989	-	ENSG00000239305
RMND5A	2	86947296	87005164	+	ENSG00000153561
CD8A	2	87011729	87035519	-	ENSG00000153563
CD8B	2	87042462	87089047	-	ENSG00000172116
AC111200.1	2	87089023	87092827	+	ENSG00000229615
RGPD1	2	87135076	87241104	+	ENSG00000187627
PLGLB1	2	87229682	87248975	-	ENSG00000183281
PLGLB2	2	88047606	88058312	+	ENSG00000125551
RGPD2	2	88055474	88285309	-	ENSG00000185304
KRCC1	2	88326724	88355248	-	ENSG00000172086
SMYD1	2	88367299	88412906	+	ENSG00000115593
FABP1	2	88422510	88427635	-	ENSG00000163586
THNSL2	2	88469835	88486146	+	ENSG00000144115
TEX37	2	88824169	88829102	+	ENSG00000172073
EIF2AK3	2	88856259	88927094	-	ENSG00000172071
RPIA	2	88991162	89050452	+	ENSG00000153574
CH17-132F21.1	2	90458201	90458671	+	ENSG00000270999
RP11-685N3.1	2	90537839	90538397	-	ENSG00000228325
TEKT4	2	95537178	95542574	+	ENSG00000163060
MAL	2	95691422	95719737	+	ENSG00000172005
MRPS5	2	95752952	95815179	-	ENSG00000144029
ZNF514	2	95813075	95831158	-	ENSG00000144026
ZNF2	2	95831177	95850065	+	ENSG00000163067
PROM2	2	95940201	95957056	+	ENSG00000155066
KCNIP3	2	95963052	96051825	+	ENSG00000115041
FAHD2A	2	96068469	96082364	+	ENSG00000115042
TRIM43	2	96257766	96265526	+	ENSG00000144015
ANKRD36C	2	96514587	96657541	-	ENSG00000174501
GPAT2	2	96687694	96705199	-	ENSG00000186281
ADRA2B	2	96778707	96781984	-	ENSG00000222040
ASTL	2	96789589	96804175	-	ENSG00000188886
DUSP2	2	96808905	96811179	-	ENSG00000158050
STARD7	2	96850597	96874563	-	ENSG00000084090
TMEM127	2	96914254	96931732	-	ENSG00000135956
CIAO1	2	96931870	96939087	+	ENSG00000144021
SNRNP200	2	96940074	96971297	-	ENSG00000144028
ITPRIPL1	2	96991069	96994091	+	ENSG00000198885
NCAPH	2	97001525	97039583	+	ENSG00000121152
ARID5A	2	97202480	97218375	+	ENSG00000196843
KANSL3	2	97258907	97308524	-	ENSG00000114982
LMAN2L	2	97371666	97405801	-	ENSG00000114988
CNNM4	2	97426639	97477628	+	ENSG00000158158
CNNM3	2	97481982	97499648	+	ENSG00000168763
ANKRD23	2	97490263	97523671	-	ENSG00000163126
ANKRD39	2	97502348	97523832	-	ENSG00000213337
SEMA4C	2	97525453	97536494	-	ENSG00000168758
FAM178B	2	97541620	97684175	-	ENSG00000168754
FAHD2B	2	97749320	97760619	-	ENSG00000144199
ANKRD36	2	97779233	97930258	+	ENSG00000135976
COX5B	2	98262503	98264846	+	ENSG00000135940
ACTR1B	2	98272431	98280570	-	ENSG00000115073
ZAP70	2	98330023	98356325	+	ENSG00000115085
TMEM131	2	98372799	98612388	-	ENSG00000075568
VWA3B	2	98703579	98929762	+	ENSG00000168658
AC092675.3	2	98947852	98972468	-	ENSG00000222000
CNGA3	2	98962618	99015064	+	ENSG00000144191
INPP4A	2	99061317	99210853	+	ENSG00000040933
COA5	2	99215773	99224978	-	ENSG00000183513
UNC50	2	99225042	99234978	+	ENSG00000115446
MGAT4A	2	99235569	99347589	-	ENSG00000071073
KIAA1211L	2	99410309	99552722	-	ENSG00000196872
TSGA10	2	99613724	99771427	-	ENSG00000135951
C2ORF15	2	99757948	99767950	+	ENSG00000273045
C2orf15	2	99757948	99939204	+	ENSG00000241962
LIPT1	2	99771418	99779620	+	ENSG00000144182
MITD1	2	99777890	99797521	-	ENSG00000158411
LYG2	2	99858709	99871745	-	ENSG00000185674
LYG1	2	99900701	99921205	-	ENSG00000144214
TXNDC9	2	99935445	99957165	-	ENSG00000115514
EIF5B	2	99953816	100017789	+	ENSG00000158417
REV1	2	100016938	100106497	-	ENSG00000135945
AFF3	2	100162323	100759201	-	ENSG00000144218
LONRF2	2	100889753	100939195	-	ENSG00000170500
AC012493.2	2	100986705	100987007	-	ENSG00000269383
CHST10	2	101008327	101034118	-	ENSG00000115526
NMS	2	101086944	101099742	+	ENSG00000204640
PDCL3	2	101179152	101193197	+	ENSG00000115539
NPAS2	2	101436614	101613291	+	ENSG00000170485
RPL31	2	101618177	101640494	+	ENSG00000071082
TBC1D8	2	101624079	101869328	-	ENSG00000204634
CNOT11	2	101869264	101886778	+	ENSG00000158435
RNF149	2	101887681	101925163	-	ENSG00000163162
CREG2	2	101962013	102004057	-	ENSG00000175874
RFX8	2	102013823	102091165	-	ENSG00000196460
MAP4K4	2	102313312	102511149	+	ENSG00000071054
FLJ20373	2	102508955	102511150	+	ENSG00000233404
IL1R2	2	102608306	102645006	+	ENSG00000115590
IL1R1	2	102681004	102796334	+	ENSG00000115594
IL1RL2	2	102803433	102856462	+	ENSG00000115598
IL1RL1	2	102927962	102968497	+	ENSG00000115602
IL18R1	2	102927989	103015218	+	ENSG00000115604
IL18RAP	2	103035149	103069025	+	ENSG00000115607
SLC9A4	2	103089762	103150431	+	ENSG00000180251
SLC9A2	2	103236166	103327777	+	ENSG00000115616
MFSD9	2	103332299	103353347	-	ENSG00000135953
TMEM182	2	103353367	103460352	+	ENSG00000170417
POU3F3	2	105471969	105476929	+	ENSG00000198914
MRPS9	2	105654441	105716418	+	ENSG00000135972
GPR45	2	105858200	105859924	+	ENSG00000135973
AC012360.1	2	105867759	105869601	+	ENSG00000268556
TGFBRAP1	2	105880871	105946491	-	ENSG00000135966
AC012360.2	2	105882490	105882585	-	ENSG00000268809
C2orf49	2	105953816	105965668	+	ENSG00000135974
FHL2	2	105974169	106054970	-	ENSG00000115641
NCK2	2	106361354	106510730	+	ENSG00000071051
C2orf40	2	106679702	106694615	+	ENSG00000119147
UXS1	2	106709759	106810795	-	ENSG00000115652
RGPD3	2	107021446	107084832	-	ENSG00000153165
AC108868.1	2	107099728	107103848	-	ENSG00000269000
ST6GAL2	2	107418056	107503564	-	ENSG00000144057
RGPD4	2	108443388	108507297	+	ENSG00000196862
SLC5A7	2	108602979	108630450	+	ENSG00000115665
SULT1C3	2	108863651	108881807	+	ENSG00000196228
SULT1C2	2	108905095	108926371	+	ENSG00000198203
SULT1C4	2	108994367	109004513	+	ENSG00000198075
GCC2	2	109065017	109125871	+	ENSG00000135968
LIMS1	2	109150857	109303702	+	ENSG00000169756
RANBP2	2	109335937	109402267	+	ENSG00000153201
CCDC138	2	109403213	109501933	+	ENSG00000163006
EDAR	2	109510927	109605828	-	ENSG00000135960
SH3RF3	2	109745804	110262207	+	ENSG00000172985
SEPT10	2	110300559	110371783	-	ENSG00000186522
SOWAHC	2	110371911	110376563	+	ENSG00000198142
RGPD5	2	110550335	110615272	+	ENSG00000015568
MALL	2	110841447	110874143	-	ENSG00000144063
NPHP1	2	110879888	110962643	-	ENSG00000144061
LIMS3L	2	111222628	111230511	-	ENSG00000256671
RGPD6	2	111271389	111334762	-	ENSG00000183054
BUB1	2	111395275	111435691	-	ENSG00000169679
ACOXL	2	111490150	111875799	+	ENSG00000153093
BCL2L11	2	111876955	111926024	+	ENSG00000153094
ANAPC1	2	112523848	112642267	-	ENSG00000153107
MERTK	2	112656056	112787138	+	ENSG00000153208
TMEM87B	2	112812800	112876895	+	ENSG00000153214
FBLN7	2	112895962	112945791	+	ENSG00000144152
ZC3H8	2	112969102	113012713	-	ENSG00000144161
ZC3H6	2	113033171	113097640	+	ENSG00000188177
RGPD8	2	113127669	113192065	-	ENSG00000169629
TTL	2	113239731	113299316	+	ENSG00000114999
POLR1B	2	113299492	113334635	+	ENSG00000125630
CHCHD5	2	113341817	113346852	+	ENSG00000125611
SLC20A1	2	113403434	113421404	+	ENSG00000144136
NT5DC4	2	113479063	113500456	+	ENSG00000144130
CKAP2L	2	113493930	113522254	-	ENSG00000169607
IL1A	2	113531492	113542167	-	ENSG00000115008
IL1B	2	113587328	113594480	-	ENSG00000125538
IL37	2	113670548	113676459	+	ENSG00000125571
IL36G	2	113730780	113743242	+	ENSG00000136688
IL36A	2	113763038	113765621	+	ENSG00000136694
IL36B	2	113779668	113810444	-	ENSG00000136696
IL36RN	2	113816215	113822959	+	ENSG00000136695
IL1F10	2	113825547	113833427	+	ENSG00000136697
IL1RN	2	113864791	113891593	+	ENSG00000136689
PSD4	2	113914902	113966973	+	ENSG00000125637
PAX8	2	113973574	114036527	-	ENSG00000125618
CBWD2	2	114195268	114253766	+	ENSG00000136682
AC016745.1	2	114204992	114205429	-	ENSG00000238091
FOXD4L1	2	114256661	114258728	+	ENSG00000184492
RABL2A	2	114384806	114400973	+	ENSG00000144134
SLC35F5	2	114462588	114514400	-	ENSG00000115084
ACTR3	2	114647537	114720173	+	ENSG00000115091
DPP10	2	115199876	116603328	+	ENSG00000175497
DDX18	2	118572226	118589955	+	ENSG00000088205
CCDC93	2	118673054	118771709	-	ENSG00000125633
INSIG2	2	118846028	118868573	+	ENSG00000125629
EN1	2	119599747	119605254	-	ENSG00000163064
MARCO	2	119699742	119752236	+	ENSG00000019169
C1QL2	2	119913819	119916465	-	ENSG00000144119
STEAP3	2	119981384	120023228	+	ENSG00000115107
C2orf76	2	120059801	120124404	-	ENSG00000186132
DBI	2	120124497	120130126	+	ENSG00000155368
TMEM37	2	120187477	120196096	+	ENSG00000171227
SCTR	2	120197419	120282070	-	ENSG00000080293
PCDP1	2	120302008	120419827	+	ENSG00000163075
TMEM177	2	120436743	120444083	+	ENSG00000144120
PTPN4	2	120517207	120741394	+	ENSG00000088179
EPB41L5	2	120770581	120936695	+	ENSG00000115109
TMEM185B	2	120978854	120980984	-	ENSG00000226479
RALB	2	120997640	121052289	+	ENSG00000144118
INHBB	2	121103719	121109384	+	ENSG00000163083
LINC01101	2	121221911	121223697	-	ENSG00000268194
GLI2	2	121493199	121750229	+	ENSG00000074047
TFCP2L1	2	121974163	122042783	-	ENSG00000115112
CLASP1	2	122095352	122407163	-	ENSG00000074054
NIFK	2	122484521	122494499	-	ENSG00000155438
TSN	2	122494679	122525429	+	ENSG00000211460
CNTNAP5	2	124782864	125672864	+	ENSG00000155052
GYPC	2	127413509	127454246	+	ENSG00000136732
AC114783.1	2	127656472	127659673	+	ENSG00000237524
BIN1	2	127805603	127864931	-	ENSG00000136717
CYP27C1	2	127941696	127977654	-	ENSG00000186684
ERCC3	2	128014866	128051752	-	ENSG00000163161
MAP3K2	2	128056306	128146041	-	ENSG00000169967
PROC	2	128176003	128186822	+	ENSG00000115718
IWS1	2	128193783	128284462	-	ENSG00000163166
MYO7B	2	128293378	128395304	+	ENSG00000169994
LIMS2	2	128395956	128439360	-	ENSG00000072163
GPR17	2	128403439	128410213	+	ENSG00000144230
WDR33	2	128458596	128568761	-	ENSG00000136709
SFT2D3	2	128458597	128461385	+	ENSG00000173349
POLR2D	2	128603840	128615731	-	ENSG00000144231
AMMECR1L	2	128619204	128643496	-	ENSG00000144233
SAP130	2	128698791	128785694	-	ENSG00000136715
UGGT1	2	128848774	128953251	+	ENSG00000136731
HS6ST1	2	128994290	129076151	-	ENSG00000136720
RAB6C	2	130737235	130740311	+	ENSG00000222014
POTEF	2	130831108	130886795	-	ENSG00000196604
CCDC74B	2	130896860	130902707	-	ENSG00000152076
SMPD4	2	130908981	130940323	-	ENSG00000136699
MZT2B	2	130939310	130948302	+	ENSG00000152082
TUBA3E	2	130949318	130956034	-	ENSG00000152086
CCDC115	2	131095814	131099922	-	ENSG00000136710
IMP4	2	131099798	131105383	+	ENSG00000136718
PTPN18	2	131113580	131132982	+	ENSG00000072135
POTEI	2	131217028	131267239	-	ENSG00000196834
CFC1B	2	131278770	131285579	+	ENSG00000152093
AC013269.5	2	131296668	131307456	-	ENSG00000184761
AC140481.2	2	131328402	131341734	+	ENSG00000183292
CFC1	2	131350339	131357123	-	ENSG00000136698
POTEJ	2	131369054	131415664	+	ENSG00000222038
GPR148	2	131486643	131487909	+	ENSG00000173302
AMER3	2	131513008	131525707	+	ENSG00000178171
ARHGEF4	2	131594489	131804836	+	ENSG00000136002
FAM168B	2	131805449	131851033	-	ENSG00000152102
PLEKHB2	2	131862420	132111282	+	ENSG00000115762
POTEE	2	131975882	132022965	+	ENSG00000188219
CYP4F31P	2	132044330	132050127	+	ENSG00000178206
MZT2A	2	132222473	132250316	-	ENSG00000173272
TUBA3D	2	132233666	132240507	+	ENSG00000075886
CCDC74A	2	132285248	132291239	+	ENSG00000163040
C2orf27A	2	132479948	132524973	+	ENSG00000197927
C2orf27B	2	132552534	132559234	-	ENSG00000186825
ANKRD30BL	2	132905164	133015542	-	ENSG00000163046
GPR39	2	133174147	133404132	+	ENSG00000183840
LYPD1	2	133402426	133429152	-	ENSG00000150551
NCKAP5	2	133429374	134326034	-	ENSG00000176771
AC011755.1	2	133874577	133876625	+	ENSG00000269686
MGAT5	2	134877554	135212192	+	ENSG00000152127
TMEM163	2	135213330	135476570	-	ENSG00000152128
ACMSD	2	135596117	135659604	+	ENSG00000153086
CCNT2	2	135675805	135716912	+	ENSG00000082258
MAP3K19	2	135722061	135805038	-	ENSG00000176601
RAB3GAP1	2	135809835	135933964	+	ENSG00000115839
ZRANB3	2	135894486	136288806	-	ENSG00000121988
R3HDM1	2	136289025	136482840	+	ENSG00000048991
UBXN4	2	136499189	136542625	+	ENSG00000144224
LCT	2	136545410	136594750	-	ENSG00000115850
MCM6	2	136597196	136633996	-	ENSG00000076003
DARS	2	136664247	136743670	-	ENSG00000115866
CXCR4	2	136871919	136875735	-	ENSG00000121966
THSD7B	2	137523115	138435287	+	ENSG00000144229
HNMT	2	138721590	138773930	+	ENSG00000150540
SPOPL	2	139259371	139331117	+	ENSG00000144228
NXPH2	2	139428342	139537918	-	ENSG00000144227
LRP1B	2	140988992	142889270	-	ENSG00000168702
KYNU	2	143635067	143799890	+	ENSG00000115919
ARHGAP15	2	143848931	144525921	+	ENSG00000075884
GTDC1	2	144695635	145090135	-	ENSG00000121964
ZEB2	2	145141648	145282147	-	ENSG00000169554
ACVR2A	2	148602086	148688393	+	ENSG00000121989
ORC4	2	148687968	148779147	-	ENSG00000115947
MBD5	2	148778580	149275805	+	ENSG00000204406
EPC2	2	149402009	149545130	+	ENSG00000135999
KIF5C	2	149632819	149883273	+	ENSG00000168280
LYPD6B	2	149894621	150071776	+	ENSG00000150556
LYPD6	2	150186499	150330662	+	ENSG00000187123
MMADHC	2	150426148	150444330	-	ENSG00000168288
RND3	2	151324709	151395525	-	ENSG00000115963
AC023469.1	2	151857734	151905288	-	ENSG00000222031
RBM43	2	152104454	152118393	-	ENSG00000184898
NMI	2	152126979	152146571	-	ENSG00000123609
TNFAIP6	2	152214106	152236560	+	ENSG00000123610
RIF1	2	152266397	152364527	+	ENSG00000080345
NEB	2	152341850	152591001	-	ENSG00000183091
ARL5A	2	152645498	152685006	-	ENSG00000162980
CACNB4	2	152689290	152955593	-	ENSG00000182389
STAM2	2	152973315	153032506	-	ENSG00000115145
FMNL2	2	153191751	153506348	+	ENSG00000157827
PRPF40A	2	153508107	153574511	-	ENSG00000196504
ARL6IP6	2	153574407	153617767	+	ENSG00000177917
RPRM	2	154333852	154335322	-	ENSG00000177519
GALNT13	2	154728426	155310361	+	ENSG00000144278
KCNJ3	2	155554811	155714863	+	ENSG00000162989
NR4A2	2	157180944	157198860	-	ENSG00000153234
GPD2	2	157291802	157470247	+	ENSG00000115159
AC011308.1	2	157352597	157352655	-	ENSG00000268857
GALNT5	2	158114110	158170723	+	ENSG00000136542
ERMN	2	158175137	158184225	-	ENSG00000136541
CYTIP	2	158271131	158345473	-	ENSG00000115165
ACVR1C	2	158383279	158485517	-	ENSG00000123612
ACVR1	2	158592958	158732374	-	ENSG00000115170
UPP2	2	158733214	158992666	+	ENSG00000007001
CCDC148	2	159027593	159313265	-	ENSG00000153237
PKP4	2	159313476	159539391	+	ENSG00000144283
DAPL1	2	159651829	159719293	+	ENSG00000163331
TANC1	2	159825146	160089170	+	ENSG00000115183
WDSUB1	2	160092304	160143310	-	ENSG00000196151
BAZ2B	2	160175490	160473203	-	ENSG00000123636
MARCH7	2	160569000	160627538	+	ENSG00000136536
CD302	2	160625364	160654753	-	ENSG00000241399
LY75	2	160628362	160761260	-	ENSG00000054219
LY75-CD302	2	160628362	160761221	-	ENSG00000248672
PLA2R1	2	160788519	160919121	-	ENSG00000153246
ITGB6	2	160956177	161128399	-	ENSG00000115221
RBMS1	2	161128662	161350305	-	ENSG00000153250
TANK	2	161993419	162092732	+	ENSG00000136560
PSMD14	2	162164549	162268228	+	ENSG00000115233
TBR1	2	162272605	162282381	+	ENSG00000136535
SLC4A10	2	162280843	162841792	+	ENSG00000144290
DPP4	2	162848751	162931052	-	ENSG00000197635
GCG	2	162999392	163008914	-	ENSG00000115263
FAP	2	163027194	163101661	-	ENSG00000078098
IFIH1	2	163123589	163175213	-	ENSG00000115267
GCA	2	163175350	163228105	+	ENSG00000115271
KCNH7	2	163227917	163695240	-	ENSG00000184611
FIGN	2	164449906	164592522	-	ENSG00000182263
GRB14	2	165349322	165478358	-	ENSG00000115290
COBLL1	2	165510134	165700189	-	ENSG00000082438
SLC38A11	2	165752696	165812035	-	ENSG00000169507
SCN3A	2	165944032	166060577	-	ENSG00000153253
SCN2A	2	166095912	166248818	+	ENSG00000136531
CSRNP3	2	166326157	166545917	+	ENSG00000178662
GALNT3	2	166604101	166651192	-	ENSG00000115339
TTC21B	2	166713985	166810353	-	ENSG00000123607
SCN1A	2	166845670	166984523	-	ENSG00000144285
SCN9A	2	167051695	167232503	-	ENSG00000169432
SCN7A	2	167260083	167350757	-	ENSG00000136546
XIRP2	2	167744997	168116263	+	ENSG00000163092
B3GALT1	2	168675182	168730551	+	ENSG00000172318
STK39	2	168810530	169104651	-	ENSG00000198648
CERS6	2	169312372	169631644	+	ENSG00000172292
NOSTRIN	2	169643049	169722024	+	ENSG00000163072
SPC25	2	169690642	169769881	-	ENSG00000152253
G6PC2	2	169757750	169766505	+	ENSG00000152254
ABCB11	2	169779448	169887832	-	ENSG00000073734
DHRS9	2	169921299	169952677	+	ENSG00000073737
LRP2	2	169983619	170219195	-	ENSG00000081479
BBS5	2	170335688	170382432	+	ENSG00000163093
RP11-724O16.1	2	170335990	170382432	+	ENSG00000251569
KLHL41	2	170366212	170382772	+	ENSG00000239474
FASTKD1	2	170386259	170430385	-	ENSG00000138399
PPIG	2	170440850	170497916	+	ENSG00000138398
CCDC173	2	170501935	170550943	-	ENSG00000154479
PHOSPHO2	2	170550975	170558218	+	ENSG00000144362
KLHL23	2	170550998	170633499	+	ENSG00000213160
SSB	2	170648443	170668574	+	ENSG00000138385
METTL5	2	170666591	170681441	-	ENSG00000138382
UBR3	2	170683968	170940641	+	ENSG00000144357
MYO3B	2	171034655	171511681	+	ENSG00000071909
LINC01124	2	171568961	171571077	-	ENSG00000222033
SP5	2	171571861	171574588	+	ENSG00000204335
ERICH2	2	171640296	171655481	+	ENSG00000204334
GAD1	2	171669723	171717661	+	ENSG00000128683
GORASP2	2	171784974	171823639	+	ENSG00000115806
TLK1	2	171847333	172087824	-	ENSG00000198586
METTL8	2	172173919	172291312	-	ENSG00000123600
DCAF17	2	172290727	172341562	+	ENSG00000115827
CYBRD1	2	172378757	172414643	+	ENSG00000071967
DYNC1I2	2	172543919	172604930	+	ENSG00000077380
AC068039.1	2	172560844	172567314	-	ENSG00000268821
SLC25A12	2	172640880	172864766	-	ENSG00000115840
HAT1	2	172778958	172848599	+	ENSG00000128708
METAP1D	2	172864490	172947158	+	ENSG00000172878
DLX1	2	172949468	172954405	+	ENSG00000144355
DLX2	2	172964167	172967628	-	ENSG00000115844
ITGA6	2	173292082	173371181	+	ENSG00000091409
PDK1	2	173420101	173489823	+	ENSG00000152256
RAPGEF4	2	173600002	173917621	+	ENSG00000091428
MLTK	2	173940163	174132738	+	ENSG00000091436
CDCA7	2	174219548	174233725	+	ENSG00000144354
SP3	2	174771187	174830430	-	ENSG00000172845
OLA1	2	174937175	175113426	-	ENSG00000138430
SP9	2	175199674	175203220	+	ENSG00000217236
AC018470.1	2	175200601	175202151	-	ENSG00000268241
CIR1	2	175212750	175260443	-	ENSG00000138433
SCRN3	2	175260458	175294303	+	ENSG00000144306
GPR155	2	175296966	175351822	-	ENSG00000163328
WIPF1	2	175424300	175547644	-	ENSG00000115935
CHRNA1	2	175612320	175629200	-	ENSG00000138435
CHN1	2	175664091	175870097	-	ENSG00000128656
ATF2	2	175936978	176033110	-	ENSG00000115966
ATP5G3	2	176040986	176049335	-	ENSG00000154518
KIAA1715	2	176788620	176867567	-	ENSG00000144320
EVX2	2	176942200	176948641	-	ENSG00000174279
HOXD13	2	176957619	176960666	+	ENSG00000128714
HOXD12	2	176964458	176966408	+	ENSG00000170178
HOXD11	2	176968944	176974722	+	ENSG00000128713
HOXD10	2	176973518	176984670	+	ENSG00000128710
HOXD9	2	176987088	176989853	+	ENSG00000128709
HOXD8	2	176994422	176997423	+	ENSG00000175879
HOXD3	2	177001340	177037830	+	ENSG00000128652
HOXD4	2	177015950	177017954	+	ENSG00000170166
HOXD1	2	177053307	177055688	+	ENSG00000128645
MTX2	2	177134123	177202753	+	ENSG00000128654
HNRNPA3	2	178077291	178088686	+	ENSG00000170144
NFE2L2	2	178092323	178257425	-	ENSG00000116044
AGPS	2	178257372	178408564	+	ENSG00000018510
TTC30B	2	178413726	178417742	-	ENSG00000196659
TTC30A	2	178477720	178483694	-	ENSG00000197557
PDE11A	2	178487980	178973066	-	ENSG00000128655
RBM45	2	178977151	179003738	+	ENSG00000155636
OSBPL6	2	179059208	179264160	+	ENSG00000079156
PRKRA	2	179296141	179316239	-	ENSG00000180228
DFNB59	2	179316163	179326117	+	ENSG00000204311
FKBP7	2	179328391	179343327	-	ENSG00000079150
PLEKHA3	2	179345195	179381189	+	ENSG00000116095
TTN	2	179390716	179695529	-	ENSG00000155657
CCDC141	2	179694484	179914813	-	ENSG00000163492
SESTD1	2	179966419	180129517	-	ENSG00000187231
ZNF385B	2	180306709	180726232	-	ENSG00000144331
CWC22	2	180809603	180871840	-	ENSG00000163510
UBE2E3	2	181831975	181941312	+	ENSG00000170035
ITGA4	2	182321929	182400914	+	ENSG00000115232
CERKL	2	182401403	182545392	-	ENSG00000188452
NEUROD1	2	182537815	182545603	-	ENSG00000162992
SSFA2	2	182756560	182795465	+	ENSG00000138434
PPP1R1C	2	182818968	182996125	+	ENSG00000150722
PDE1A	2	183004763	183387919	-	ENSG00000115252
DNAJC10	2	183580999	183659191	+	ENSG00000077232
FRZB	2	183698002	183731890	-	ENSG00000162998
NCKAP1	2	183773843	183903586	-	ENSG00000061676
DUSP19	2	183943287	183964733	+	ENSG00000162999
NUP35	2	183982241	184026408	+	ENSG00000163002
ZNF804A	2	185463093	185804219	+	ENSG00000170396
FSIP2	2	186603355	186698017	+	ENSG00000188738
ZC3H15	2	187350883	187374090	+	ENSG00000065548
AC018867.1	2	187361840	187365393	+	ENSG00000213953
AC018867.2	2	187367219	187367356	-	ENSG00000268846
ITGAV	2	187454792	187545628	+	ENSG00000138448
FAM171B	2	187558698	187630685	+	ENSG00000144369
ZSWIM2	2	187692562	187713935	-	ENSG00000163012
CALCRL	2	188207856	188313187	-	ENSG00000064989
TFPI	2	188328957	188430487	-	ENSG00000003436
GULP1	2	189156396	189460653	+	ENSG00000144366
DIRC1	2	189598882	189654831	-	ENSG00000174325
COL3A1	2	189839046	189877472	+	ENSG00000168542
COL5A2	2	189896622	190044605	-	ENSG00000204262
WDR75	2	190306159	190340291	+	ENSG00000115368
SLC40A1	2	190425305	190448484	-	ENSG00000138449
ASNSD1	2	190526111	190535557	+	ENSG00000138381
ANKAR	2	190539016	190625919	+	ENSG00000151687
OSGEPL1	2	190611386	190627953	-	ENSG00000128694
ORMDL1	2	190635049	190649097	-	ENSG00000128699
AC013468.1	2	190642909	190643157	-	ENSG00000231145
PMS1	2	190649107	190742355	+	ENSG00000064933
C2orf88	2	190744335	191068210	+	ENSG00000187699
MSTN	2	190920423	190927455	-	ENSG00000138379
HIBCH	2	191054461	191208919	-	ENSG00000198130
INPP1	2	191208196	191236391	+	ENSG00000151689
MFSD6	2	191273081	191373931	+	ENSG00000151690
TMEM194B	2	191369068	191399448	-	ENSG00000189362
NAB1	2	191511472	191557492	+	ENSG00000138386
GLS	2	191745553	191830278	+	ENSG00000115419
STAT1	2	191829084	191885686	-	ENSG00000115415
STAT4	2	191894302	192016322	-	ENSG00000138378
MYO1B	2	192109911	192290115	+	ENSG00000128641
NABP1	2	192542794	192561385	+	ENSG00000173559
SDPR	2	192699028	192711981	-	ENSG00000168497
TMEFF2	2	192813769	193060435	-	ENSG00000144339
SLC39A10	2	196440701	196602426	+	ENSG00000196950
DNAH7	2	196602427	196933536	-	ENSG00000118997
STK17B	2	196998290	197041227	-	ENSG00000081320
HECW2	2	197059094	197458416	-	ENSG00000138411
CCDC150	2	197504278	197628214	+	ENSG00000144395
GTF3C3	2	197627756	197664449	-	ENSG00000119041
C2orf66	2	197669726	197675000	-	ENSG00000187944
PGAP1	2	197697728	197792520	-	ENSG00000197121
ANKRD44	2	197831741	198175897	-	ENSG00000065413
SF3B1	2	198254508	198299815	-	ENSG00000115524
COQ10B	2	198318147	198340032	+	ENSG00000115520
HSPD1	2	198351305	198381461	-	ENSG00000144381
HSPE1	2	198364718	198368181	+	ENSG00000115541
HSPE1-MOB4	2	198365137	198415450	+	ENSG00000270757
MOB4	2	198380295	198418423	+	ENSG00000115540
RFTN2	2	198432948	198540769	-	ENSG00000162944
AC011997.1	2	198557830	198639547	+	ENSG00000222017
MARS2	2	198570087	198573113	+	ENSG00000247626
BOLL	2	198591603	198651486	-	ENSG00000152430
PLCL1	2	198669426	199437305	+	ENSG00000115896
SATB2	2	200134223	200335989	-	ENSG00000119042
FTCDNL1	2	200625267	200715896	-	ENSG00000226124
C2orf69	2	200775979	200820658	+	ENSG00000178074
TYW5	2	200794698	200820459	-	ENSG00000162971
C2orf47	2	200820040	200873263	+	ENSG00000162972
SPATS2L	2	201170604	201346986	+	ENSG00000196141
KCTD18	2	201353675	201384507	-	ENSG00000155729
SGOL2	2	201374731	201448505	+	ENSG00000163535
AOX1	2	201450591	201541787	+	ENSG00000138356
BZW1	2	201675317	201688569	+	ENSG00000082153
CLK1	2	201717732	201729422	-	ENSG00000013441
PPIL3	2	201735630	201754026	-	ENSG00000240344
NIF3L1	2	201754050	201768655	+	ENSG00000196290
ORC2	2	201773696	201828403	-	ENSG00000115942
FAM126B	2	201838441	201936394	-	ENSG00000155744
NDUFB3	2	201936156	201950473	+	ENSG00000119013
CFLAR	2	201980827	202041410	+	ENSG00000003402
CASP10	2	202047604	202094129	+	ENSG00000003400
CASP8	2	202098166	202152434	+	ENSG00000064012
ALS2CR12	2	202152994	202222121	-	ENSG00000155749
TRAK2	2	202241930	202316302	-	ENSG00000115993
STRADB	2	202252581	202345569	+	ENSG00000082146
ALS2CR11	2	202352148	202483901	-	ENSG00000155754
TMEM237	2	202484907	202508293	-	ENSG00000155755
MPP4	2	202509593	202563417	-	ENSG00000082126
ALS2	2	202565277	202645912	-	ENSG00000003393
CDK15	2	202655184	202760273	+	ENSG00000138395
FZD7	2	202899310	202903160	+	ENSG00000155760
AC079354.1	2	202937978	203062585	+	ENSG00000182329
SUMO1	2	203070903	203103331	-	ENSG00000116030
AC079354.2	2	203104292	203104435	+	ENSG00000267889
NOP58	2	203130439	203168389	+	ENSG00000055044
BMPR2	2	203241659	203432474	+	ENSG00000204217
FAM117B	2	203499901	203634480	+	ENSG00000138439
ICA1L	2	203640690	203736708	-	ENSG00000163596
WDR12	2	203739505	203879521	-	ENSG00000138442
CARF	2	203776937	203851786	+	ENSG00000138380
NBEAL1	2	203879602	204091101	+	ENSG00000144426
CYP20A1	2	204103663	204163009	+	ENSG00000119004
ABI2	2	204192942	204312446	+	ENSG00000138443
RAPH1	2	204259068	204400133	-	ENSG00000173166
CD28	2	204571198	204603635	+	ENSG00000178562
CTLA4	2	204732509	204738683	+	ENSG00000163599
ICOS	2	204801471	204826300	+	ENSG00000163600
PARD3B	2	205410516	206484886	+	ENSG00000116117
NRP2	2	206546714	206662857	+	ENSG00000118257
INO80D	2	206858445	206951027	-	ENSG00000114933
NDUFS1	2	206979541	207024327	-	ENSG00000023228
EEF1B2	2	207024309	207027652	+	ENSG00000114942
GPR1	2	207040040	207082771	-	ENSG00000183671
ZDBF2	2	207139387	207179148	+	ENSG00000204186
AC017081.1	2	207220463	207220843	+	ENSG00000269633
ADAM23	2	207308263	207485851	+	ENSG00000114948
DYTN	2	207516345	207583120	-	ENSG00000232125
MDH1B	2	207602487	207630271	-	ENSG00000138400
FASTKD2	2	207630081	207657233	+	ENSG00000118246
CPO	2	207804278	207834198	+	ENSG00000144410
KLF7	2	207938861	208031991	-	ENSG00000118263
CREB1	2	208394461	208468155	+	ENSG00000118260
METTL21A	2	208445355	208490652	-	ENSG00000144401
CCNYL1	2	208576264	208626563	+	ENSG00000163249
FZD5	2	208627310	208634287	-	ENSG00000163251
PLEKHM3	2	208693027	208890284	-	ENSG00000178385
CRYGD	2	208986331	208989225	-	ENSG00000118231
CRYGC	2	208992861	208994554	-	ENSG00000163254
CRYGB	2	209007297	209010892	-	ENSG00000182187
CRYGA	2	209025464	209028300	-	ENSG00000168582
C2orf80	2	209030067	209054797	-	ENSG00000188674
IDH1	2	209100951	209130798	-	ENSG00000138413
PIKFYVE	2	209130991	209223475	+	ENSG00000115020
PTH2R	2	209224438	209719227	+	ENSG00000144407
MAP2	2	210288782	210598842	+	ENSG00000078018
UNC80	2	210636717	210864024	+	ENSG00000144406
RPE	2	210867289	210886300	+	ENSG00000197713
KANSL1L	2	210886147	211036107	-	ENSG00000144445
ACADL	2	211052663	211090215	-	ENSG00000115361
MYL1	2	211154874	211179914	-	ENSG00000168530
LANCL1	2	211295973	211342376	-	ENSG00000115365
CPS1	2	211342406	211543831	+	ENSG00000021826
ERBB4	2	212240446	213403565	-	ENSG00000178568
IKZF2	2	213864429	214017151	-	ENSG00000030419
SPAG16	2	214149113	215275225	+	ENSG00000144451
VWC2L	2	215275789	215443683	+	ENSG00000174453
BARD1	2	215590370	215674428	-	ENSG00000138376
ABCA12	2	215796266	216003151	-	ENSG00000144452
ATIC	2	216176540	216214487	+	ENSG00000138363
FN1	2	216225163	216300895	-	ENSG00000115414
MREG	2	216809213	216898819	-	ENSG00000118242
PECR	2	216861052	216947678	-	ENSG00000115425
TMEM169	2	216946589	216967506	+	ENSG00000163449
XRCC5	2	216972187	217071026	+	ENSG00000079246
MARCH4	2	217122588	217236750	-	ENSG00000144583
SMARCAL1	2	217277137	217347776	+	ENSG00000138375
RPL37A	2	217362912	217443903	+	ENSG00000197756
IGFBP2	2	217497551	217529159	+	ENSG00000115457
IGFBP5	2	217536828	217560248	-	ENSG00000115461
TNP1	2	217724181	217724787	-	ENSG00000118245
AC007557.1	2	217735495	217736362	+	ENSG00000223874
DIRC3	2	218148742	218621316	-	ENSG00000231672
TNS1	2	218664512	218867718	-	ENSG00000079308
RUFY4	2	218899683	218955304	+	ENSG00000188282
CXCR2	2	218990012	219001976	+	ENSG00000180871
CXCR1	2	219027568	219031718	-	ENSG00000163464
ARPC2	2	219081817	219119079	+	ENSG00000163466
GPBAR1	2	219124219	219128582	+	ENSG00000179921
AAMP	2	219128850	219134980	-	ENSG00000127837
PNKD	2	219135115	219211516	+	ENSG00000127838
TMBIM1	2	219138915	219157309	-	ENSG00000135926
C2orf62	2	219221579	219232822	+	ENSG00000158428
SLC11A1	2	219246752	219261617	+	ENSG00000018280
CTDSP1	2	219262979	219270664	+	ENSG00000144579
VIL1	2	219283815	219318018	+	ENSG00000127831
USP37	2	219314974	219433084	-	ENSG00000135913
RQCD1	2	219433303	219461803	+	ENSG00000144580
PLCD4	2	219472488	219501907	+	ENSG00000115556
ZNF142	2	219502639	219524378	-	ENSG00000115568
BCS1L	2	219523487	219528166	+	ENSG00000074582
RNF25	2	219528587	219537134	-	ENSG00000163481
STK36	2	219536749	219567439	+	ENSG00000163482
TTLL4	2	219575568	219620139	+	ENSG00000135912
CYP27A1	2	219646472	219680016	+	ENSG00000135929
PRKAG3	2	219687106	219696809	-	ENSG00000115592
WNT6	2	219724544	219738955	+	ENSG00000115596
WNT10A	2	219745085	219764303	+	ENSG00000135925
CDK5R2	2	219824377	219826876	+	ENSG00000171450
FEV	2	219845809	219850379	-	ENSG00000163497
CRYBA2	2	219854911	219858143	-	ENSG00000163499
CCDC108	2	219867568	219906249	-	ENSG00000181378
IHH	2	219919142	219925189	-	ENSG00000163501
NHEJ1	2	219940039	220025587	-	ENSG00000187736
SLC23A3	2	219940051	220035549	-	ENSG00000213901
CNPPD1	2	220036619	220042828	-	ENSG00000115649
FAM134A	2	220040947	220050201	+	ENSG00000144567
ZFAND2B	2	220059959	220074373	+	ENSG00000158552
ABCB6	2	220074490	220083712	-	ENSG00000115657
ATG9A	2	220074494	220094439	-	ENSG00000198925
ANKZF1	2	220094479	220101391	+	ENSG00000163516
GLB1L	2	220101328	220110200	-	ENSG00000163521
STK16	2	220110177	220115059	+	ENSG00000115661
TUBA4A	2	220114433	220142892	-	ENSG00000127824
DNAJB2	2	220143989	220151622	+	ENSG00000135924
PTPRN	2	220154345	220174370	-	ENSG00000054356
RESP18	2	220192131	220197899	-	ENSG00000182698
DNPEP	2	220238268	220264744	-	ENSG00000123992
DES	2	220283099	220291461	+	ENSG00000175084
SPEG	2	220299568	220363009	+	ENSG00000072195
GMPPA	2	220363589	220371710	+	ENSG00000144591
ASIC4	2	220378892	220403494	+	ENSG00000072182
CHPF	2	220403669	220408509	-	ENSG00000123989
TMEM198	2	220408385	220415317	+	ENSG00000188760
OBSL1	2	220415451	220436581	-	ENSG00000124006
INHA	2	220433884	220440435	+	ENSG00000123999
STK11IP	2	220462582	220481173	+	ENSG00000144589
SLC4A3	2	220492049	220506702	+	ENSG00000114923
EPHA4	2	222282747	222438922	-	ENSG00000116106
PAX3	2	223064607	223163715	-	ENSG00000135903
CCDC140	2	223162866	223169936	+	ENSG00000163081
SGPP2	2	223289236	223425667	+	ENSG00000163082
FARSB	2	223435255	223521056	-	ENSG00000116120
MOGAT1	2	223536505	223574649	+	ENSG00000124003
ACSL3	2	223725652	223809357	+	ENSG00000123983
KCNE4	2	223916532	224063117	+	ENSG00000152049
SCG2	2	224461658	224467221	-	ENSG00000171951
AP1S3	2	224616403	224702744	-	ENSG00000152056
WDFY1	2	224720433	224810104	-	ENSG00000085449
MRPL44	2	224822121	224832431	+	ENSG00000135900
SERPINE2	2	224839829	224904036	-	ENSG00000135919
FAM124B	2	225243415	225266802	-	ENSG00000124019
CUL3	2	225334867	225450110	-	ENSG00000036257
DOCK10	2	225629807	225907162	-	ENSG00000135905
NYAP2	2	226265364	226518734	+	ENSG00000144460
IRS1	2	227596033	227664475	-	ENSG00000169047
RHBDD1	2	227700297	227863931	+	ENSG00000144468
COL4A4	2	227867427	228028829	-	ENSG00000081052
COL4A3	2	228029281	228179508	+	ENSG00000169031
MFF	2	228189867	228222550	+	ENSG00000168958
TM4SF20	2	228226872	228246711	-	ENSG00000168955
AGFG1	2	228336868	228425930	+	ENSG00000173744
C2orf83	2	228474806	228498036	-	ENSG00000042304
SLC19A3	2	228549926	228582728	-	ENSG00000135917
CCL20	2	228678558	228682272	+	ENSG00000115009
DAW1	2	228735770	228789060	+	ENSG00000123977
SPHKAP	2	228844666	229046361	-	ENSG00000153820
PID1	2	229715242	230136001	-	ENSG00000153823
DNER	2	230222345	230579274	-	ENSG00000187957
TRIP12	2	230628554	230787955	-	ENSG00000153827
FBXO36	2	230787018	230877825	+	ENSG00000153832
SLC16A14	2	230899698	230933715	-	ENSG00000163053
SP110	2	231032009	231090444	-	ENSG00000135899
SP140	2	231067826	231223762	+	ENSG00000079263
SP140L	2	231191899	231268447	+	ENSG00000185404
SP100	2	231280657	231408805	+	ENSG00000067066
CAB39	2	231577560	231685790	+	ENSG00000135932
ITM2C	2	231729354	231743963	+	ENSG00000135916
GPR55	2	231772033	231825781	-	ENSG00000135898
SPATA3	2	231860836	231889770	+	ENSG00000173699
C2orf72	2	231902205	231914434	+	ENSG00000204128
PSMD1	2	231921578	232037541	+	ENSG00000173692
HTR2B	2	231972944	231989832	-	ENSG00000135914
ARMC9	2	232063260	232239548	+	ENSG00000135931
B3GNT7	2	232260254	232265875	+	ENSG00000156966
AC017104.2	2	232316906	232317864	+	ENSG00000233538
NCL	2	232318242	232348352	-	ENSG00000115053
NMUR1	2	232387871	232395206	-	ENSG00000171596
C2orf57	2	232457575	232458994	+	ENSG00000177673
MGC4771	2	232571517	232571621	-	ENSG00000269363
PTMA	2	232571605	232578251	+	ENSG00000187514
PDE6D	2	232597135	232650982	-	ENSG00000156973
COPS7B	2	232646381	232673963	+	ENSG00000144524
NPPC	2	232786530	232791113	-	ENSG00000163273
DIS3L2	2	232825955	233209060	+	ENSG00000144535
ALPP	2	233243244	233247599	+	ENSG00000163283
ALPPL2	2	233271553	233275424	+	ENSG00000163286
ALPI	2	233320833	233324742	+	ENSG00000163295
ECEL1	2	233344537	233352538	-	ENSG00000171551
PRSS56	2	233385173	233390422	+	ENSG00000237412
CHRND	2	233390703	233401377	+	ENSG00000135902
CHRNG	2	233404437	233411113	+	ENSG00000196811
TIGD1	2	233412779	233415226	-	ENSG00000221944
EIF4E2	2	233414762	233448354	+	ENSG00000135930
EFHD1	2	233470767	233547491	+	ENSG00000115468
GIGYF2	2	233562009	233725285	+	ENSG00000204120
KCNJ13	2	233631174	233641278	-	ENSG00000115474
C2orf82	2	233721980	233743418	+	ENSG00000182600
NGEF	2	233743396	233877982	-	ENSG00000066248
AC106876.2	2	233877324	233880595	+	ENSG00000222001
NEU2	2	233897382	233899767	+	ENSG00000115488
INPP5D	2	233924677	234116549	+	ENSG00000168918
ATG16L1	2	234118697	234204320	+	ENSG00000085978
SAG	2	234216462	234255701	+	ENSG00000130561
DGKD	2	234263153	234380750	+	ENSG00000077044
USP40	2	234384166	234475428	-	ENSG00000085982
UGT1A8	2	234526291	234681956	+	ENSG00000241635
UGT1A10	2	234545100	234681951	+	ENSG00000242515
UGT1A9	2	234580499	234681946	+	ENSG00000241119
UGT1A7	2	234590584	234681945	+	ENSG00000244122
UGT1A6	2	234600253	234681946	+	ENSG00000167165
UGT1A5	2	234621638	234681945	+	ENSG00000240224
UGT1A4	2	234627424	234681945	+	ENSG00000244474
UGT1A3	2	234637754	234681945	+	ENSG00000243135
UGT1A1	2	234668894	234681945	+	ENSG00000242366
MROH2A	2	234684370	234742069	+	ENSG00000185038
HJURP	2	234742062	234763212	-	ENSG00000123485
TRPM8	2	234826043	234928166	+	ENSG00000144481
SPP2	2	234959323	234985778	+	ENSG00000072080
ARL4C	2	235401685	235405697	-	ENSG00000188042
SH3BP4	2	235860617	235964358	+	ENSG00000130147
AGAP1	2	236402733	237040444	+	ENSG00000157985
AC064874.1	2	236682499	236692031	-	ENSG00000222007
GBX2	2	237073879	237077012	-	ENSG00000168505
ASB18	2	237102095	237173052	-	ENSG00000182177
IQCA1	2	237232794	237416185	-	ENSG00000132321
ACKR3	2	237476430	237491001	+	ENSG00000144476
COPS8	2	237993955	238009109	+	ENSG00000198612
AC112715.2	2	238165734	238166319	+	ENSG00000224132
COL6A3	2	238232646	238323018	-	ENSG00000163359
AC112721.1	2	238330063	238333919	-	ENSG00000222022
MLPH	2	238394071	238463961	+	ENSG00000115648
PRLH	2	238475217	238475818	+	ENSG00000071677
RAB17	2	238482965	238510257	-	ENSG00000124839
AC104667.3	2	238499663	238504624	+	ENSG00000234949
LRRFIP1	2	238536219	238722325	+	ENSG00000124831
RBM44	2	238707032	238751451	+	ENSG00000177483
RAMP1	2	238767536	238820756	+	ENSG00000132329
UBE2F	2	238875469	238951236	+	ENSG00000184182
UBE2F-SCLY	2	238875656	239008053	+	ENSG00000258984
SCLY	2	238969530	239008054	+	ENSG00000132330
ESPNL	2	239008798	239041928	+	ENSG00000144488
KLHL30	2	239047363	239061588	+	ENSG00000168427
FAM132B	2	239067623	239077541	+	ENSG00000178752
ILKAP	2	239079042	239112370	-	ENSG00000132323
AC016757.3	2	239133193	239140318	-	ENSG00000186235
HES6	2	239146908	239149303	-	ENSG00000144485
PER2	2	239152679	239198743	-	ENSG00000132326
AC012485.1	2	239192329	239192498	+	ENSG00000268396
TRAF3IP1	2	239229082	239309541	+	ENSG00000204104
ASB1	2	239335383	239360891	+	ENSG00000065802
TWIST2	2	239756673	239795893	+	ENSG00000233608
HDAC4	2	239969864	240323348	-	ENSG00000068024
AC017028.1	2	240083493	240084053	-	ENSG00000213828
AC062017.1	2	240323130	240324058	+	ENSG00000222020
AC079612.1	2	240499995	240507788	+	ENSG00000196758
AC093802.1	2	240684554	240724577	+	ENSG00000220256
NDUFA10	2	240831867	240964819	-	ENSG00000130414
OR6B2	2	240968841	240969906	-	ENSG00000182083
PRR21	2	240981230	240982399	-	ENSG00000221961
OR6B3	2	240984494	240985489	-	ENSG00000178586
AC013469.1	2	241053907	241064304	+	ENSG00000267963
MYEOV2	2	241065980	241076224	-	ENSG00000172428
OTOS	2	241078446	241083979	-	ENSG00000178602
GPC1	2	241375088	241407493	+	ENSG00000063660
AC110619.2	2	241388732	241396131	-	ENSG00000218416
ANKMY1	2	241418839	241508626	-	ENSG00000144504
DUSP28	2	241499471	241503431	+	ENSG00000188542
RNPEPL1	2	241505221	241520789	+	ENSG00000142327
CAPN10	2	241526133	241557122	+	ENSG00000142330
GPR35	2	241544848	241570676	+	ENSG00000178623
AQP12B	2	241615835	241622323	-	ENSG00000185176
AC011298.1	2	241624478	241624705	-	ENSG00000268822
AQP12A	2	241631262	241637900	+	ENSG00000184945
KIF1A	2	241653181	241759725	-	ENSG00000130294
AGXT	2	241807896	241819919	+	ENSG00000172482
C2orf54	2	241825465	241836306	-	ENSG00000172478
AC104809.3	2	241858202	241932728	+	ENSG00000226321
SNED1	2	241938255	242034983	+	ENSG00000162804
MTERFD2	2	242011584	242041747	-	ENSG00000122085
PASK	2	242045514	242089679	-	ENSG00000115687
PPP1R7	2	242088991	242123067	+	ENSG00000115685
ANO7	2	242127924	242164792	+	ENSG00000146205
HDLBP	2	242166679	242256476	-	ENSG00000115677
AC104841.2	2	242167319	242168850	+	ENSG00000268485
SEPT2	2	242254515	242293442	+	ENSG00000168385
FARP2	2	242295658	242434256	+	ENSG00000006607
STK25	2	242432089	242449145	-	ENSG00000115694
BOK	2	242498136	242513546	+	ENSG00000176720
THAP4	2	242523820	242576864	-	ENSG00000176946
ATG4B	2	242576628	242613272	+	ENSG00000168397
DTYMK	2	242615157	242626406	-	ENSG00000168393
ING5	2	242641450	242668893	+	ENSG00000168395
D2HGDH	2	242673994	242708231	+	ENSG00000180902
GAL3ST2	2	242716240	242743623	+	ENSG00000154252
NEU4	2	242749920	242758739	+	ENSG00000204099
PDCD1	2	242792033	242801060	-	ENSG00000188389
CXXC11	2	242811752	242815975	+	ENSG00000188011
AC131097.4	2	242836136	242844702	-	ENSG00000216921
DEFB125	20	67891	77735	+	ENSG00000178591
DEFB126	20	123010	126392	+	ENSG00000125788
DEFB127	20	138111	139804	+	ENSG00000088782
DEFB128	20	168494	170322	-	ENSG00000185982
DEFB129	20	207899	210527	+	ENSG00000125903
DEFB132	20	238377	241737	+	ENSG00000186458
C20orf96	20	251504	271390	-	ENSG00000196476
ZCCHC3	20	277737	280965	+	ENSG00000177764
SOX12	20	306207	310865	+	ENSG00000177732
NRSN2	20	327426	340304	+	ENSG00000125841
TRIB3	20	361261	378203	+	ENSG00000101255
RBCK1	20	388142	411610	+	ENSG00000125826
TBC1D20	20	416124	443197	-	ENSG00000125875
CSNK2A1	20	459116	524465	-	ENSG00000101266
TCF15	20	584441	591042	-	ENSG00000125878
SRXN1	20	627259	634014	-	ENSG00000271303
RP5-850E9.3	20	627270	656444	-	ENSG00000270299
SCRT2	20	642240	656823	-	ENSG00000215397
SLC52A3	20	740724	749131	-	ENSG00000101276
FAM110A	20	814358	838106	+	ENSG00000125898
ANGPT4	20	853296	896977	-	ENSG00000101280
RSPO4	20	939095	982907	-	ENSG00000101282
PSMF1	20	1093906	1160596	+	ENSG00000125818
TMEM74B	20	1161205	1166059	-	ENSG00000125895
C20orf202	20	1184098	1188918	+	ENSG00000215595
RAD21L1	20	1206700	1277065	+	ENSG00000244588
SNPH	20	1246960	1289972	+	ENSG00000101298
SDCBP2	20	1290619	1309883	-	ENSG00000125775
AL136531.1	20	1316228	1317555	-	ENSG00000203630
FKBP1A	20	1349622	1373806	-	ENSG00000088832
NSFL1C	20	1422807	1454487	-	ENSG00000088833
SIRPB2	20	1451386	1472233	-	ENSG00000196209
SIRPD	20	1514897	1539489	-	ENSG00000125900
RP4-576H24.4	20	1520790	1600655	-	ENSG00000260861
SIRPB1	20	1544167	1600707	-	ENSG00000101307
SIRPG	20	1609798	1638425	-	ENSG00000089012
SIRPA	20	1875154	1920543	+	ENSG00000198053
PDYN	20	1959403	1974732	-	ENSG00000101327
STK35	20	2082257	2157684	+	ENSG00000125834
TGM3	20	2276647	2321724	+	ENSG00000125780
TGM6	20	2361554	2413399	+	ENSG00000166948
SNRPB	20	2442280	2451499	-	ENSG00000125835
RP4-734P14.4	20	2447858	2489553	-	ENSG00000256566
ZNF343	20	2462463	2505348	-	ENSG00000088876
TMC2	20	2517253	2622430	+	ENSG00000149488
NOP56	20	2632791	2639039	+	ENSG00000101361
IDH3B	20	2639041	2644865	-	ENSG00000101365
EBF4	20	2673524	2740753	+	ENSG00000088881
CPXM1	20	2774715	2781283	-	ENSG00000088882
C20orf141	20	2795633	2796479	+	ENSG00000258713
PCED1A	20	2815960	2821836	-	ENSG00000132635
VPS16	20	2821349	2847378	+	ENSG00000215305
PTPRA	20	2844830	3019722	+	ENSG00000132670
GNRH2	20	3024268	3026393	+	ENSG00000125787
MRPS26	20	3026591	3028900	+	ENSG00000125901
OXT	20	3052266	3053163	+	ENSG00000101405
AVP	20	3063202	3065370	-	ENSG00000101200
UBOX5	20	3088219	3140842	-	ENSG00000185019
FASTKD5	20	3127165	3140543	-	ENSG00000215251
LZTS3	20	3143263	3154192	-	ENSG00000088899
DDRGK1	20	3170996	3185331	-	ENSG00000198171
ITPA	20	3189514	3204516	+	ENSG00000125877
SLC4A11	20	3208063	3219836	-	ENSG00000088836
C20orf194	20	3229951	3388272	-	ENSG00000088854
ATRN	20	3451687	3631769	+	ENSG00000088812
GFRA4	20	3639939	3644046	-	ENSG00000125861
ADAM33	20	3648612	3662893	-	ENSG00000149451
SIGLEC1	20	3667617	3687775	-	ENSG00000088827
HSPA12B	20	3713314	3733758	+	ENSG00000132622
C20orf27	20	3734155	3749034	-	ENSG00000101220
SPEF1	20	3758151	3762095	-	ENSG00000101222
CENPB	20	3764498	3767337	-	ENSG00000125817
CDC25B	20	3767578	3786762	+	ENSG00000101224
AP5S1	20	3801178	3805949	+	ENSG00000125843
MAVS	20	3827487	3849280	+	ENSG00000088888
PANK2	20	3869486	3907605	+	ENSG00000125779
RNF24	20	3907956	3996229	-	ENSG00000101236
RP11-352D3.2	20	4050799	4055812	-	ENSG00000205300
SMOX	20	4101627	4168394	+	ENSG00000088826
ADRA1D	20	4201329	4229721	-	ENSG00000171873
PRNP	20	4666882	4682236	+	ENSG00000171867
PRND	20	4702556	4709106	+	ENSG00000171864
PRNT	20	4711928	4721314	-	ENSG00000180259
RASSF2	20	4760669	4804291	-	ENSG00000101265
SLC23A2	20	4833002	4990939	-	ENSG00000089057
TMEM230	20	5080486	5093749	-	ENSG00000089063
PCNA	20	5095599	5107272	-	ENSG00000132646
CDS2	20	5107432	5178533	+	ENSG00000101290
PROKR2	20	5282317	5297378	-	ENSG00000101292
GPCPD1	20	5525085	5591672	-	ENSG00000125772
C20orf196	20	5731039	5844558	+	ENSG00000171984
CHGB	20	5892076	5906007	+	ENSG00000089199
TRMT6	20	5917881	5931182	-	ENSG00000089195
MCM8	20	5931298	5975852	+	ENSG00000125885
CRLS1	20	5986736	6020699	+	ENSG00000088766
LRRN4	20	6021424	6034695	-	ENSG00000125872
FERMT1	20	6055492	6104191	-	ENSG00000101311
BMP2	20	6748311	6760927	+	ENSG00000125845
HAO1	20	7863628	7921121	-	ENSG00000101323
TMX4	20	7957995	8000476	-	ENSG00000125827
PLCB1	20	8112824	8949003	+	ENSG00000182621
PLCB4	20	9049410	9461889	+	ENSG00000101333
LAMP5	20	9495005	9511171	+	ENSG00000125869
PAK7	20	9518036	9819689	-	ENSG00000101349
ANKEF1	20	9966774	10037410	+	ENSG00000132623
SNAP25	20	10199478	10288066	+	ENSG00000132639
MKKS	20	10381657	10414870	-	ENSG00000125863
SLX4IP	20	10415951	10617477	+	ENSG00000149346
JAG1	20	10618332	10654694	-	ENSG00000101384
C20orf187	20	11008408	11010014	+	ENSG00000125899
BTBD3	20	11871371	11907257	+	ENSG00000132640
SPTLC3	20	12989627	13147411	+	ENSG00000172296
ISM1	20	13202418	13281298	+	ENSG00000101230
TASP1	20	13246709	13619587	-	ENSG00000089123
ESF1	20	13694969	13765532	-	ENSG00000089048
NDUFAF5	20	13765596	13799067	+	ENSG00000101247
SEL1L2	20	13829893	13977089	-	ENSG00000101251
MACROD2	20	13976015	16033842	+	ENSG00000172264
FLRT3	20	14303634	14318262	-	ENSG00000125848
KIF16B	20	16252749	16554078	-	ENSG00000089177
SNRPB2	20	16710606	16722421	+	ENSG00000125870
OTOR	20	16729003	16750707	+	ENSG00000125879
PCSK2	20	17206752	17465223	+	ENSG00000125851
BFSP1	20	17474550	17549865	-	ENSG00000125864
DSTN	20	17550508	17590564	+	ENSG00000125868
RRBP1	20	17594323	17662940	-	ENSG00000125844
BANF2	20	17674317	17716516	+	ENSG00000125888
SNX5	20	17922241	17949623	-	ENSG00000089006
OVOL2	20	17937623	18039832	-	ENSG00000125850
MGME1	20	17949556	17971765	+	ENSG00000125871
PET117	20	18118517	18123813	+	ENSG00000232838
CSRP2BP	20	18118762	18169031	+	ENSG00000149474
ZNF133	20	18269121	18297640	+	ENSG00000125846
DZANK1	20	18364011	18447925	-	ENSG00000089091
POLR3F	20	18447771	18465287	+	ENSG00000132664
RBBP9	20	18467184	18477887	-	ENSG00000089050
SEC23B	20	18488137	18542059	+	ENSG00000101310
DTD1	20	18568537	18744561	+	ENSG00000125821
C20orf78	20	18790372	18810797	-	ENSG00000149443
SCP2D1	20	18794370	18795033	+	ENSG00000132631
SLC24A3	20	19193290	19703581	+	ENSG00000185052
AL121761.2	20	19738296	19738679	-	ENSG00000268628
RIN2	20	19867165	19983101	+	ENSG00000132669
NAA20	20	19997760	20014299	+	ENSG00000173418
CRNKL1	20	20015012	20036690	-	ENSG00000101343
C20orf26	20	20033158	20341346	+	ENSG00000089101
INSM1	20	20348765	20351590	+	ENSG00000173404
RALGAPA2	20	20370196	20693131	-	ENSG00000188559
XRN2	20	21283942	21370463	+	ENSG00000088930
NKX2-4	20	21376005	21378666	-	ENSG00000125816
NKX2-2	20	21491648	21494664	-	ENSG00000125820
PAX1	20	21686297	21696620	+	ENSG00000125813
FOXA2	20	22561643	22566093	-	ENSG00000125798
SSTR4	20	23016057	23017314	+	ENSG00000132671
THBD	20	23026270	23030378	-	ENSG00000178726
CD93	20	23059986	23066977	-	ENSG00000125810
AL096677.1	20	23330015	23334066	-	ENSG00000269407
NXT1	20	23331373	23335414	+	ENSG00000132661
GZF1	20	23342787	23353700	+	ENSG00000125812
NAPB	20	23355159	23402125	-	ENSG00000125814
CSTL1	20	23420322	23425567	+	ENSG00000125823
CST11	20	23431040	23433494	-	ENSG00000125831
CST8	20	23471738	23476655	+	ENSG00000125815
CST9L	20	23545369	23549386	-	ENSG00000101435
CST9	20	23583047	23586513	-	ENSG00000173335
CST3	20	23608534	23619110	-	ENSG00000101439
CST4	20	23666277	23669677	-	ENSG00000101441
CST1	20	23728190	23731905	-	ENSG00000170373
CST2	20	23804406	23807368	-	ENSG00000170369
CST5	20	23856572	23860387	-	ENSG00000170367
GGTLC1	20	23965690	23969416	-	ENSG00000149435
SYNDIG1	20	24449835	24647252	+	ENSG00000101463
CST7	20	24929866	24940564	+	ENSG00000077984
APMAP	20	24943561	24973615	-	ENSG00000101474
ACSS1	20	24986868	25039616	-	ENSG00000154930
VSX1	20	25051521	25062996	-	ENSG00000100987
ENTPD6	20	25176329	25207365	+	ENSG00000197586
AL035252.1	20	25207122	25207370	-	ENSG00000268302
PYGB	20	25228705	25278650	+	ENSG00000100994
ABHD12	20	25275379	25371619	-	ENSG00000100997
GINS1	20	25388363	25433264	+	ENSG00000101003
NINL	20	25433341	25566153	-	ENSG00000101004
NANP	20	25593571	25604811	-	ENSG00000170191
ZNF337	20	25654851	25677477	-	ENSG00000130684
FAM182B	20	25744102	25848861	-	ENSG00000175170
FRG1B	20	29611857	29634010	+	ENSG00000149531
DEFB115	20	29845467	29847435	+	ENSG00000215547
DEFB116	20	29891015	29896388	-	ENSG00000215545
DEFB118	20	29956421	29961726	+	ENSG00000131068
DEFB119	20	29964967	29978406	-	ENSG00000180483
DEFB121	20	29992648	30000641	-	ENSG00000204548
DEFB123	20	30028322	30038060	+	ENSG00000180424
DEFB124	20	30053309	30064560	-	ENSG00000180383
REM1	20	30063096	30072708	+	ENSG00000088320
HM13	20	30102231	30157370	+	ENSG00000101294
ID1	20	30193086	30194318	+	ENSG00000125968
COX4I2	20	30225691	30232809	+	ENSG00000131055
BCL2L1	20	30252255	30311792	-	ENSG00000171552
AL160175.1	20	30309001	30309134	+	ENSG00000268457
TPX2	20	30327074	30389608	+	ENSG00000088325
MYLK2	20	30407111	30422492	+	ENSG00000101306
FOXS1	20	30432103	30433420	-	ENSG00000179772
DUSP15	20	30435440	30458550	-	ENSG00000149599
TTLL9	20	30458505	30532764	+	ENSG00000131044
PDRG1	20	30532758	30539895	-	ENSG00000088356
XKR7	20	30555805	30591190	+	ENSG00000260903
CCM2L	20	30598245	30619984	+	ENSG00000101331
HCK	20	30639991	30689659	+	ENSG00000101336
TM9SF4	20	30697309	30755061	+	ENSG00000101337
PLAGL2	20	30780306	30795594	-	ENSG00000126003
POFUT1	20	30795683	30826470	+	ENSG00000101346
KIF3B	20	30865467	30922814	+	ENSG00000101350
ASXL1	20	30946155	31027122	+	ENSG00000171456
C20orf112	20	31030862	31172876	-	ENSG00000197183
RP11-410N8.4	20	31175281	31196695	+	ENSG00000204393
COMMD7	20	31290493	31331803	-	ENSG00000149600
DNMT3B	20	31350191	31397162	+	ENSG00000088305
MAPRE1	20	31407699	31438211	+	ENSG00000101367
EFCAB8	20	31446729	31549006	+	ENSG00000215529
SUN5	20	31571579	31592239	-	ENSG00000167098
BPIFB2	20	31595406	31611515	+	ENSG00000078898
BPIFB6	20	31619454	31631853	+	ENSG00000167104
BPIFB3	20	31643230	31661434	+	ENSG00000186190
BPIFB4	20	31667450	31699557	+	ENSG00000186191
BPIFA2	20	31749574	31769218	+	ENSG00000131050
BPIFA3	20	31805116	31815564	+	ENSG00000131059
AL121901.1	20	31823091	31823387	+	ENSG00000269117
BPIFA1	20	31823801	31831115	+	ENSG00000198183
BPIFB1	20	31861286	31897684	+	ENSG00000125999
CDK5RAP1	20	31946645	31989367	-	ENSG00000101391
SNTA1	20	31995761	32031698	-	ENSG00000101400
CBFA2T2	20	32077881	32237842	+	ENSG00000078699
NECAB3	20	32244893	32262269	-	ENSG00000125967
C20orf144	20	32250090	32253425	+	ENSG00000149609
ACTL10	20	32254304	32256331	+	ENSG00000182584
E2F1	20	32263489	32274210	-	ENSG00000101412
PXMP4	20	32294512	32308125	-	ENSG00000101417
ZNF341	20	32319463	32380075	+	ENSG00000131061
CHMP4B	20	32399110	32442172	+	ENSG00000101421
RALY	20	32581452	32696114	+	ENSG00000125970
EIF2S2	20	32676104	32700138	-	ENSG00000125977
ASIP	20	32782375	32857150	+	ENSG00000101440
AHCY	20	32868074	32899608	-	ENSG00000101444
ITCH	20	32951041	33099198	+	ENSG00000078747
DYNLRB1	20	33104214	33128762	+	ENSG00000125971
MAP1LC3A	20	33134658	33148149	+	ENSG00000101460
PIGU	20	33148346	33264910	-	ENSG00000101464
NCOA6	20	33284722	33413452	-	ENSG00000198646
TP53INP2	20	33292094	33301243	+	ENSG00000078804
GGT7	20	33432523	33460663	-	ENSG00000131067
ACSS2	20	33459949	33515769	+	ENSG00000131069
GSS	20	33516236	33543620	-	ENSG00000100983
MYH7B	20	33563206	33590240	+	ENSG00000078814
TRPC4AP	20	33590207	33680674	-	ENSG00000100991
EDEM2	20	33703167	33865928	-	ENSG00000088298
PROCR	20	33759876	33765165	+	ENSG00000101000
MMP24	20	33814457	33864801	+	ENSG00000125966
EIF6	20	33866714	33872788	-	ENSG00000242372
FAM83C	20	33873534	33880204	-	ENSG00000125998
UQCC1	20	33890369	33999944	-	ENSG00000101019
GDF5OS	20	34020827	34023248	+	ENSG00000204183
GDF5	20	34021145	34042568	-	ENSG00000125965
CEP250	20	34042985	34099804	+	ENSG00000126001
C20orf173	20	34111014	34117481	-	ENSG00000125975
ERGIC3	20	34129770	34145405	+	ENSG00000125991
SPAG4	20	34203814	34208971	+	ENSG00000061656
CPNE1	20	34213953	34252878	-	ENSG00000214078
RP1-309K20.6	20	34220262	34262466	-	ENSG00000272897
RBM12	20	34236847	34252878	-	ENSG00000244462
NFS1	20	34255977	34287281	-	ENSG00000244005
ROMO1	20	34287194	34288906	+	ENSG00000125995
RBM39	20	34291531	34330234	-	ENSG00000131051
PHF20	20	34359896	34538303	+	ENSG00000025293
SCAND1	20	34541539	34547394	-	ENSG00000171222
CNBD2	20	34556512	34618622	+	ENSG00000149646
EPB41L1	20	34679426	34820721	+	ENSG00000088367
AL121895.1	20	34756461	34758180	-	ENSG00000269650
AAR2	20	34824381	34858840	+	ENSG00000131043
DLGAP4	20	34894258	35157040	+	ENSG00000080845
MYL9	20	35169887	35178228	+	ENSG00000101335
TGIF2	20	35201891	35222353	+	ENSG00000118707
TGIF2-C20orf24	20	35202956	35240787	+	ENSG00000259399
C20orf24	20	35234137	35240960	+	ENSG00000101084
SLA2	20	35240721	35274619	-	ENSG00000101082
NDRG3	20	35280169	35374481	-	ENSG00000101079
DSN1	20	35380194	35402221	-	ENSG00000149636
SOGA1	20	35405845	35492089	-	ENSG00000149639
TLDC2	20	35504524	35522638	+	ENSG00000101342
SAMHD1	20	35518632	35580246	-	ENSG00000101347
MROH8	20	35729629	35807991	-	ENSG00000101353
RPN2	20	35806813	35870022	+	ENSG00000118705
GHRH	20	35879489	35890238	-	ENSG00000118702
MANBAL	20	35918041	35945663	+	ENSG00000101363
SRC	20	35973088	36034453	+	ENSG00000197122
BLCAP	20	36120874	36156333	-	ENSG00000166619
NNAT	20	36149617	36152092	+	ENSG00000053438
CTNNBL1	20	36322408	36500531	+	ENSG00000132792
VSTM2L	20	36531499	36573752	+	ENSG00000132821
TTI1	20	36611409	36661870	-	ENSG00000101407
RPRD1B	20	36661948	36720768	+	ENSG00000101413
TGM2	20	36756863	36794980	-	ENSG00000198959
KIAA1755	20	36838890	36889174	-	ENSG00000149633
BPI	20	36888551	36965907	+	ENSG00000101425
LBP	20	36974759	37005665	+	ENSG00000129988
RALGAPB	20	37101459	37207504	+	ENSG00000170471
ADIG	20	37209838	37217106	+	ENSG00000182035
ARHGAP40	20	37230577	37279678	+	ENSG00000124143
SLC32A1	20	37353105	37358015	+	ENSG00000101438
ACTR5	20	37377085	37400834	+	ENSG00000101442
PPP1R16B	20	37434348	37551667	+	ENSG00000101445
FAM83D	20	37554955	37581703	+	ENSG00000101447
DHX35	20	37590942	37668366	+	ENSG00000101452
MAFB	20	39314488	39317880	-	ENSG00000204103
TOP1	20	39657458	39753127	+	ENSG00000198900
PLCG1	20	39765600	39811629	+	ENSG00000124181
ZHX3	20	39807088	39946312	-	ENSG00000174306
LPIN3	20	39969560	39989222	+	ENSG00000132793
EMILIN3	20	39988606	39995467	-	ENSG00000183798
CHD6	20	40030741	40247133	-	ENSG00000124177
PTPRT	20	40701392	41818610	-	ENSG00000196090
SRSF6	20	42086568	42092245	+	ENSG00000124193
L3MBTL1	20	42136320	42179590	+	ENSG00000185513
SGK2	20	42187608	42216877	+	ENSG00000101049
IFT52	20	42219571	42275936	+	ENSG00000101052
MYBL2	20	42295754	42345136	+	ENSG00000101057
GTSF1L	20	42354804	42355638	-	ENSG00000124196
TOX2	20	42543504	42698256	+	ENSG00000124191
JPH2	20	42740335	42816218	-	ENSG00000149596
OSER1	20	42825136	42839431	-	ENSG00000132823
GDAP1L1	20	42875887	42909013	+	ENSG00000124194
FITM2	20	42931478	42939809	-	ENSG00000197296
R3HDML	20	42965626	42979875	+	ENSG00000101074
HNF4A	20	42984340	43061485	+	ENSG00000101076
C20orf62	20	43080624	43093984	-	ENSG00000168746
TTPAL	20	43104526	43123244	+	ENSG00000124120
SERINC3	20	43124862	43150750	-	ENSG00000132824
PKIG	20	43160426	43252888	+	ENSG00000168734
Z97053.1	20	43234346	43248126	-	ENSG00000269605
ADA	20	43248163	43280874	-	ENSG00000196839
WISP2	20	43343485	43357150	+	ENSG00000064205
KCNK15	20	43374421	43379675	+	ENSG00000124249
RIMS4	20	43380449	43438979	-	ENSG00000101098
YWHAB	20	43514317	43537173	+	ENSG00000166913
PABPC1L	20	43538703	43587676	+	ENSG00000101104
TOMM34	20	43570771	43589127	-	ENSG00000025772
STK4	20	43595115	43708600	+	ENSG00000101109
KCNS1	20	43720951	43729753	-	ENSG00000124134
WFDC5	20	43738093	43743813	-	ENSG00000175121
WFDC12	20	43752066	43753106	-	ENSG00000168703
PI3	20	43803517	43805185	+	ENSG00000124102
SEMG1	20	43835638	43838413	+	ENSG00000124233
SEMG2	20	43849941	43853099	+	ENSG00000124157
SLPI	20	43880880	43883205	-	ENSG00000124107
MATN4	20	43922085	43937169	-	ENSG00000124159
RBPJL	20	43935491	43945803	+	ENSG00000124232
SDC4	20	43953928	43977064	-	ENSG00000124145
SYS1	20	43990577	44005438	+	ENSG00000204070
SYS1-DBNDD2	20	43991840	44039250	+	ENSG00000254806
TP53TG5	20	44002526	44036529	-	ENSG00000124251
DBNDD2	20	44034697	44039250	+	ENSG00000244274
PIGT	20	44044717	44054884	+	ENSG00000124155
AL031663.2	20	44074071	44077220	+	ENSG00000269549
AL031663.1	20	44095910	44107452	-	ENSG00000268111
WFDC2	20	44098346	44110172	+	ENSG00000101443
SPINT3	20	44141101	44144264	-	ENSG00000101446
WFDC6	20	44162835	44168134	-	ENSG00000243543
EPPIN	20	44165625	44176391	-	ENSG00000101448
EPPIN-WFDC6	20	44165625	44176065	-	ENSG00000249139
WFDC8	20	44179792	44207965	-	ENSG00000158901
WFDC9	20	44236578	44259907	-	ENSG00000180205
WFDC10A	20	44258165	44259835	+	ENSG00000180305
WFDC11	20	44277202	44298909	-	ENSG00000180083
WFDC10B	20	44313292	44333658	-	ENSG00000182931
WFDC13	20	44330655	44337456	+	ENSG00000168634
SPINT4	20	44350990	44354469	+	ENSG00000149651
WFDC3	20	44376583	44420571	-	ENSG00000124116
DNTTIP1	20	44420576	44440066	+	ENSG00000101457
UBE2C	20	44441215	44445596	+	ENSG00000175063
TNNC2	20	44451853	44462384	-	ENSG00000101470
SNX21	20	44462449	44471914	+	ENSG00000124104
ACOT8	20	44470360	44486045	-	ENSG00000101473
ZSWIM3	20	44486256	44507761	+	ENSG00000132801
ZSWIM1	20	44509866	44513905	+	ENSG00000168612
SPATA25	20	44515128	44516274	-	ENSG00000149634
NEURL2	20	44517264	44519926	-	ENSG00000124257
CTSA	20	44518783	44527459	+	ENSG00000064601
PLTP	20	44527399	44540794	-	ENSG00000100979
PCIF1	20	44563267	44576662	+	ENSG00000100982
ZNF335	20	44577292	44600833	-	ENSG00000198026
MMP9	20	44637547	44645200	+	ENSG00000100985
SLC12A5	20	44650356	44688784	+	ENSG00000124140
NCOA5	20	44689624	44718591	-	ENSG00000124160
CD40	20	44746911	44758502	+	ENSG00000101017
CDH22	20	44802372	44937137	-	ENSG00000149654
SLC35C2	20	44978167	44993043	-	ENSG00000080189
ELMO2	20	44994688	45061704	-	ENSG00000062598
ZNF334	20	45129701	45142198	-	ENSG00000198185
OCSTAMP	20	45169585	45179213	-	ENSG00000149635
SLC13A3	20	45186463	45304714	-	ENSG00000158296
TP53RK	20	45313004	45318418	-	ENSG00000172315
SLC2A10	20	45338126	45364965	+	ENSG00000197496
EYA2	20	45523263	45817492	+	ENSG00000064655
ZMYND8	20	45837859	45985567	-	ENSG00000101040
AL031666.2	20	45947246	45949467	+	ENSG00000267882
NCOA3	20	46130601	46285621	+	ENSG00000124151
SULF2	20	46285092	46415360	-	ENSG00000196562
PREX1	20	47240790	47444420	-	ENSG00000124126
ARFGEF2	20	47538427	47653230	+	ENSG00000124198
CSE1L	20	47662849	47713489	+	ENSG00000124207
STAU1	20	47729878	47804904	-	ENSG00000124214
DDX27	20	47835884	47860614	+	ENSG00000124228
ZNFX1	20	47854483	47894963	-	ENSG00000124201
KCNB1	20	47980414	48099184	-	ENSG00000158445
PTGIS	20	48120411	48184683	-	ENSG00000124212
B4GALT5	20	48249482	48330415	-	ENSG00000158470
SLC9A8	20	48429250	48508779	+	ENSG00000197818
SPATA2	20	48519928	48532080	-	ENSG00000158480
RNF114	20	48552948	48570429	+	ENSG00000124226
SNAI1	20	48599536	48605423	+	ENSG00000124216
TMEM189-UBE2V1	20	48697661	48770174	-	ENSG00000124208
UBE2V1	20	48697661	48732496	-	ENSG00000244687
TMEM189	20	48697663	48770335	-	ENSG00000240849
CEBPB	20	48807376	48809212	+	ENSG00000172216
PTPN1	20	49126891	49201299	+	ENSG00000196396
FAM65C	20	49202645	49308065	-	ENSG00000042062
PARD6B	20	49348081	49373332	+	ENSG00000124171
BCAS4	20	49411431	49493714	+	ENSG00000124243
ADNP	20	49505585	49547958	-	ENSG00000101126
DPM1	20	49551404	49575092	-	ENSG00000000419
MOCS3	20	49575363	49577820	+	ENSG00000124217
KCNG1	20	49620193	49639666	-	ENSG00000026559
NFATC2	20	50003494	50179370	-	ENSG00000101096
ATP9A	20	50213053	50385173	-	ENSG00000054793
SALL4	20	50400581	50419059	-	ENSG00000101115
ZFP64	20	50668202	50820847	-	ENSG00000020256
TSHZ2	20	51588946	52111869	+	ENSG00000182463
AL354993.1	20	52105495	52106164	+	ENSG00000227164
ZNF217	20	52183604	52226446	-	ENSG00000171940
BCAS1	20	52553316	52687304	-	ENSG00000064787
CYP24A1	20	52769988	52790512	-	ENSG00000019186
PFDN4	20	52824386	52844591	+	ENSG00000101132
DOK5	20	53092136	53267710	+	ENSG00000101134
CBLN4	20	54572496	54580528	-	ENSG00000054803
MC3R	20	54823788	54824871	+	ENSG00000124089
FAM210B	20	54933971	54943719	+	ENSG00000124098
AURKA	20	54944445	54967393	-	ENSG00000087586
CSTF1	20	54967427	54979518	+	ENSG00000101138
CASS4	20	54987168	55034396	+	ENSG00000087589
RTFDC1	20	55043647	55093943	+	ENSG00000022277
GCNT7	20	55066548	55100981	-	ENSG00000124091
FAM209A	20	55092243	55101198	+	ENSG00000124103
FAM209B	20	55108302	55111576	+	ENSG00000213714
TFAP2C	20	55204358	55214339	+	ENSG00000087510
BMP7	20	55743804	55841685	-	ENSG00000101144
SPO11	20	55904815	55919050	+	ENSG00000054796
RAE1	20	55926066	55954267	+	ENSG00000101146
MTRNR2L3	20	55933496	55934878	-	ENSG00000256222
RBM38	20	55966463	55984389	+	ENSG00000132819
CTCFL	20	56071035	56100708	-	ENSG00000124092
PCK1	20	56136136	56141513	+	ENSG00000124253
ZBP1	20	56178902	56195632	-	ENSG00000124256
PMEPA1	20	56223448	56286592	-	ENSG00000124225
C20orf85	20	56725960	56736206	+	ENSG00000124237
ANKRD60	20	56793551	56803709	-	ENSG00000124227
PPP4R1L	20	56806188	56884495	-	ENSG00000124224
RAB22A	20	56884752	56942563	+	ENSG00000124209
VAPB	20	56964178	57026157	+	ENSG00000124164
APCDD1L	20	57034157	57090187	-	ENSG00000198768
MGC4294	20	57209828	57210772	+	ENSG00000268941
STX16	20	57226328	57254582	+	ENSG00000124222
STX16-NPEPL1	20	57226490	57290466	+	ENSG00000254995
NPEPL1	20	57264187	57294294	+	ENSG00000215440
GNAS	20	57414773	57486247	+	ENSG00000087460
NELFCD	20	57556263	57570188	+	ENSG00000101158
CTSZ	20	57570240	57582302	-	ENSG00000101160
TUBB1	20	57594309	57601709	+	ENSG00000101162
ATP5E	20	57600522	57607437	-	ENSG00000124172
SLMO2	20	57608200	57617964	-	ENSG00000101166
ZNF831	20	57766075	57834168	+	ENSG00000124203
EDN3	20	57875482	57901047	+	ENSG00000124205
PHACTR3	20	58152564	58422766	+	ENSG00000087495
SYCP2	20	58438618	58508710	-	ENSG00000196074
FAM217B	20	58508819	58523735	+	ENSG00000196227
PPP1R3D	20	58511894	58515352	-	ENSG00000132825
CDH26	20	58533471	58609066	+	ENSG00000124215
C20orf197	20	58630980	58648008	+	ENSG00000176659
CDH4	20	59827482	60515673	+	ENSG00000179242
RP11-429E11.3	20	60292562	60294804	-	ENSG00000179253
TAF4	20	60528525	60640866	-	ENSG00000130699
LSM14B	20	60697517	60710434	+	ENSG00000149657
PSMA7	20	60711791	60718496	-	ENSG00000101182
SS18L1	20	60718822	60757540	+	ENSG00000184402
MTG2	20	60758085	60778624	+	ENSG00000101181
HRH3	20	60790026	60795323	-	ENSG00000101180
OSBPL2	20	60813580	60871268	+	ENSG00000130703
ADRM1	20	60877149	60883918	+	ENSG00000130706
LAMA5	20	60883011	60942368	-	ENSG00000130702
RPS21	20	60962172	60963576	+	ENSG00000171858
CABLES2	20	60963688	60982341	-	ENSG00000149679
RBBP8NL	20	60985293	61002589	-	ENSG00000130701
GATA5	20	61038553	61051026	-	ENSG00000130700
C20orf166	20	61147660	61167971	+	ENSG00000174407
RP11-93B14.6	20	61272071	61274656	-	ENSG00000167046
SLCO4A1	20	61273797	61317137	+	ENSG00000101187
NTSR1	20	61340189	61394123	+	ENSG00000101188
MRGBP	20	61427805	61431945	+	ENSG00000101189
OGFR	20	61436187	61445352	+	ENSG00000060491
COL9A3	20	61447596	61472511	+	ENSG00000092758
TCFL5	20	61472467	61493115	-	ENSG00000101190
DIDO1	20	61509090	61569304	-	ENSG00000101191
GID8	20	61569471	61576996	+	ENSG00000101193
SLC17A9	20	61584052	61599949	+	ENSG00000101194
BHLHE23	20	61637331	61638387	-	ENSG00000125533
YTHDF1	20	61826781	61847586	-	ENSG00000149658
BIRC7	20	61867235	61871859	+	ENSG00000101197
NKAIN4	20	61872136	61904046	-	ENSG00000101198
ARFGAP1	20	61904137	61921142	+	ENSG00000101199
COL20A1	20	61924538	61966203	+	ENSG00000101203
CHRNA4	20	61975420	62009753	-	ENSG00000101204
KCNQ2	20	62037542	62103993	-	ENSG00000075043
EEF1A2	20	62119366	62130505	-	ENSG00000101210
PPDPF	20	62152077	62153559	+	ENSG00000125534
PTK6	20	62159778	62168723	-	ENSG00000101213
SRMS	20	62172163	62178857	-	ENSG00000125508
C20orf195	20	62184373	62188061	+	ENSG00000125531
HELZ2	20	62189439	62205592	-	ENSG00000130589
GMEB2	20	62218955	62258394	-	ENSG00000101216
STMN3	20	62271061	62284780	-	ENSG00000197457
RTEL1	20	62289163	62328416	+	ENSG00000258366
RTEL1-TNFRSF6B	20	62290653	62330037	+	ENSG00000026036
TNFRSF6B	20	62328021	62330037	+	ENSG00000243509
ARFRP1	20	62329996	62339377	-	ENSG00000101246
ZGPAT	20	62338817	62367494	+	ENSG00000197114
RP4-583P15.15	20	62340216	62370456	+	ENSG00000273154
LIME1	20	62366815	62370456	+	ENSG00000203896
RP4-583P15.14	20	62369623	62371751	+	ENSG00000273047
SLC2A4RG	20	62371214	62374858	+	ENSG00000125520
ZBTB46	20	62375019	62462597	-	ENSG00000130584
AL158091.1	20	62474779	62475273	-	ENSG00000269223
ABHD16B	20	62492566	62494341	+	ENSG00000183260
C20ORF135	20	62492879	62493217	-	ENSG00000268858
TPD52L2	20	62496596	62522898	+	ENSG00000101150
DNAJC5	20	62526518	62567384	+	ENSG00000101152
UCKL1	20	62571186	62587769	-	ENSG00000198276
AL118506.1	20	62585007	62585495	+	ENSG00000267848
ZNF512B	20	62588055	62680113	-	ENSG00000196700
SAMD10	20	62605466	62611361	-	ENSG00000130590
PRPF6	20	62612488	62664453	+	ENSG00000101161
SOX18	20	62679076	62680994	-	ENSG00000203883
TCEA2	20	62681189	62703700	+	ENSG00000171703
RGS19	20	62704534	62711323	-	ENSG00000171700
OPRL1	20	62711526	62731996	+	ENSG00000125510
C20orf201	20	62714733	62715712	-	ENSG00000171695
NPBWR2	20	62737173	62738524	-	ENSG00000125522
MYT1	20	62783144	62873604	+	ENSG00000196132
PCMTD2	20	62887094	62926855	+	ENSG00000203880
TPTE	21	10906201	11029719	-	ENSG00000166157
AL050302.1	21	14741931	14745386	-	ENSG00000256715
POTED	21	14982498	15013906	+	ENSG00000166351
AL050303.1	21	15051621	15053459	-	ENSG00000269011
LIPI	21	15481134	15583166	-	ENSG00000188992
RBM11	21	15588451	15600693	+	ENSG00000185272
HSPA13	21	15743436	15755805	-	ENSG00000155304
SAMSN1	21	15857549	15955723	-	ENSG00000155307
AF165138.7	21	15964251	16031142	-	ENSG00000243440
NRIP1	21	16333556	16437321	-	ENSG00000180530
USP25	21	17102344	17252377	+	ENSG00000155313
C21orf37	21	18811208	18821503	+	ENSG00000232560
CXADR	21	18884700	18965897	+	ENSG00000154639
BTG3	21	18965971	18985265	-	ENSG00000154640
C21orf91	21	19161284	19191703	-	ENSG00000154642
CHODL	21	19273580	19639690	+	ENSG00000154645
TMPRSS15	21	19641433	19858197	-	ENSG00000154646
NCAM2	21	22370633	22915650	+	ENSG00000154654
MRPL39	21	26957968	26979829	-	ENSG00000154719
JAM2	21	27011584	27089874	+	ENSG00000154721
ATP5J	21	27088815	27107984	-	ENSG00000154723
GABPA	21	27106881	27144771	+	ENSG00000154727
APP	21	27252861	27543446	-	ENSG00000142192
CYYR1	21	27838528	27945603	-	ENSG00000166265
ADAMTS1	21	28208066	28217728	-	ENSG00000154734
ADAMTS5	21	28290231	28338832	-	ENSG00000154736
N6AMT1	21	30244513	30257693	-	ENSG00000156239
LTN1	21	30300466	30365270	-	ENSG00000198862
RWDD2B	21	30376705	30391699	-	ENSG00000156253
USP16	21	30396950	30426809	+	ENSG00000156256
CCT8	21	30428126	30446118	-	ENSG00000156261
MAP3K7CL	21	30449792	30548210	+	ENSG00000156265
BACH1	21	30566392	31003071	+	ENSG00000156273
GRIK1	21	30909254	31312351	-	ENSG00000171189
GRIK1-AS2	21	30968360	31003067	+	ENSG00000183653
CLDN17	21	31538241	31538971	-	ENSG00000156282
CLDN8	21	31586324	31588391	-	ENSG00000156284
KRTAP24-1	21	31653629	31655276	-	ENSG00000188694
KRTAP25-1	21	31661463	31661832	-	ENSG00000232263
KRTAP26-1	21	31691452	31692607	-	ENSG00000197683
KRTAP27-1	21	31709331	31710012	-	ENSG00000206107
KRTAP23-1	21	31720717	31720924	-	ENSG00000186980
KRTAP13-2	21	31743709	31744557	-	ENSG00000182816
KRTAP13-1	21	31768392	31769136	+	ENSG00000198390
KRTAP13-3	21	31797583	31798286	-	ENSG00000240432
KRTAP13-4	21	31802572	31803216	+	ENSG00000186971
KRTAP15-1	21	31812597	31813070	+	ENSG00000186970
KRTAP19-1	21	31852018	31852663	-	ENSG00000184351
KRTAP19-2	21	31859362	31859755	-	ENSG00000186965
KRTAP19-3	21	31863782	31864275	-	ENSG00000244025
KRTAP19-4	21	31869142	31869451	-	ENSG00000186967
KRTAP19-5	21	31873975	31874435	-	ENSG00000186977
KRTAP19-6	21	31913854	31914183	-	ENSG00000186925
KRTAP19-7	21	31933194	31933633	-	ENSG00000244362
KRTAP22-2	21	31962424	31962716	-	ENSG00000206106
KRTAP6-3	21	31964759	31965394	+	ENSG00000212938
KRTAP6-2	21	31970909	31971219	-	ENSG00000186930
KRTAP22-1	21	31973414	31973612	+	ENSG00000186924
KRTAP6-1	21	31985750	31986249	-	ENSG00000184724
KRTAP20-1	21	31988750	31989003	+	ENSG00000244624
KRTAP20-4	21	31992946	31993169	+	ENSG00000206105
KRTAP20-2	21	32007555	32007938	+	ENSG00000184032
KRTAP20-3	21	32015183	32015455	+	ENSG00000206104
KRTAP21-3	21	32090843	32091095	-	ENSG00000231068
KRTAP21-2	21	32119112	32119551	-	ENSG00000187026
KRTAP21-1	21	32127439	32127746	-	ENSG00000187005
KRTAP8-1	21	32185016	32185570	-	ENSG00000183640
KRTAP11-1	21	32252966	32253874	-	ENSG00000182591
KRTAP19-8	21	32410478	32410795	-	ENSG00000206102
TIAM1	21	32490734	32932290	-	ENSG00000156299
SOD1	21	33031935	33041244	+	ENSG00000142168
SCAF4	21	33043346	33104388	-	ENSG00000156304
HUNK	21	33245628	33416946	+	ENSG00000142149
MIS18A	21	33640530	33651380	-	ENSG00000159055
MRAP	21	33664124	33687095	+	ENSG00000170262
URB1	21	33683329	33765335	-	ENSG00000142207
C21orf119	21	33765439	33766254	+	ENSG00000256073
EVA1C	21	33784314	33887707	+	ENSG00000166979
TCP10L	21	33948862	33959683	-	ENSG00000242220
AP000275.65	21	33951132	33984591	-	ENSG00000265590
C21orf59	21	33964389	33985176	-	ENSG00000159079
SYNJ1	21	34001069	34100359	-	ENSG00000159082
PAXBP1	21	34106210	34144169	-	ENSG00000159086
C21orf49	21	34144411	34266043	+	ENSG00000205930
C21orf62	21	34162985	34186053	-	ENSG00000205929
OLIG2	21	34398153	34401504	+	ENSG00000205927
OLIG1	21	34442450	34444726	+	ENSG00000184221
C21orf54	21	34537776	34542541	-	ENSG00000229086
IFNAR2	21	34602206	34637980	+	ENSG00000159110
AP000295.9	21	34619079	34655517	+	ENSG00000249624
IL10RB	21	34638663	34669539	+	ENSG00000243646
IFNAR1	21	34696734	34732168	+	ENSG00000142166
IFNGR2	21	34775202	34851655	+	ENSG00000159128
TMEM50B	21	34804792	34852318	-	ENSG00000142188
DNAJC28	21	34860497	34864027	-	ENSG00000177692
GART	21	34876238	34915797	-	ENSG00000159131
SON	21	34914924	34949812	+	ENSG00000159140
DONSON	21	34931848	34961014	-	ENSG00000159147
AP000304.1	21	34947431	34947645	-	ENSG00000268265
AP000304.12	21	34956993	35284635	-	ENSG00000249209
CRYZL1	21	34961647	35016232	-	ENSG00000205758
ITSN1	21	35014706	35272165	+	ENSG00000205726
ATP5O	21	35275757	35288284	-	ENSG00000241837
MRPS6	21	35445524	35515334	+	ENSG00000243927
KCNE2	21	35736323	35743688	+	ENSG00000159197
SMIM11	21	35747779	35780164	+	ENSG00000205670
C21orf140	21	35772615	35773370	-	ENSG00000222018
AP000322.53	21	35791013	35796264	-	ENSG00000243627
KCNE1	21	35818988	35884573	-	ENSG00000180509
RCAN1	21	35885440	35987441	-	ENSG00000159200
CLIC6	21	36041688	36090525	+	ENSG00000159212
RUNX1	21	36160098	37376965	-	ENSG00000159216
FKSG68	21	37270353	37270727	-	ENSG00000267812
AP000688.1	21	37402368	37417818	+	ENSG00000268098
SETD4	21	37406839	37451687	-	ENSG00000185917
CBR1	21	37442239	37445464	+	ENSG00000159228
CBR3	21	37507210	37518864	+	ENSG00000159231
DOPEY2	21	37529080	37666572	+	ENSG00000142197
MORC3	21	37692487	37758446	+	ENSG00000159256
CHAF1B	21	37757676	37791313	+	ENSG00000159259
CLDN14	21	37832919	37948867	-	ENSG00000159261
AP000695.1	21	37858165	37860058	+	ENSG00000267976
SIM2	21	38071433	38122218	+	ENSG00000159263
HLCS	21	38123189	38362536	-	ENSG00000159267
RIPPLY3	21	38378450	38391959	+	ENSG00000183145
PIGP	21	38431470	38445470	-	ENSG00000185808
TTC3	21	38445526	38575413	+	ENSG00000182670
DSCR3	21	38595721	38640262	-	ENSG00000157538
DYRK1A	21	38738092	38889753	+	ENSG00000157540
AP001421.1	21	38888740	38888973	+	ENSG00000267937
KCNJ6	21	38979678	39288749	-	ENSG00000157542
DSCR4	21	39323728	39493454	-	ENSG00000184029
DSCR8	21	39493545	39560110	+	ENSG00000198054
KCNJ15	21	39529128	39679279	+	ENSG00000157551
ERG	21	39751949	40033704	-	ENSG00000157554
ETS2	21	40177231	40196879	+	ENSG00000157557
PSMG1	21	40546695	40555777	-	ENSG00000183527
BRWD1	21	40556102	40693485	-	ENSG00000185658
HMGN1	21	40714241	40721573	-	ENSG00000205581
WRB	21	40752170	40800454	+	ENSG00000182093
LCA5L	21	40777770	40817731	-	ENSG00000157578
SH3BGR	21	40817781	40887433	+	ENSG00000185437
B3GALT5	21	40928369	41045064	+	ENSG00000183778
C21orf88	21	40969074	40984748	-	ENSG00000184809
IGSF5	21	41117334	41174023	+	ENSG00000183067
PCP4	21	41239243	41301322	+	ENSG00000183036
DSCAM	21	41382926	42219065	-	ENSG00000171587
BACE2	21	42539728	42654445	+	ENSG00000182240
FAM3B	21	42676139	42729358	+	ENSG00000183844
MX2	21	42733870	42781317	+	ENSG00000183486
MX1	21	42792231	42831141	+	ENSG00000157601
TMPRSS2	21	42836478	42903043	-	ENSG00000184012
RIPK4	21	43159529	43187266	-	ENSG00000183421
PRDM15	21	43218385	43299591	-	ENSG00000141956
C2CD2	21	43305221	43373999	-	ENSG00000157617
ZBTB21	21	43406940	43430496	-	ENSG00000173276
UMODL1	21	43483068	43563563	+	ENSG00000177398
C21orf128	21	43522244	43528644	-	ENSG00000184385
ABCG1	21	43619799	43717354	+	ENSG00000160179
TFF3	21	43731777	43735761	-	ENSG00000160180
TFF2	21	43766466	43771237	-	ENSG00000160181
TFF1	21	43782391	43786703	-	ENSG00000160182
TMPRSS3	21	43791999	43816955	-	ENSG00000160183
UBASH3A	21	43824008	43867791	+	ENSG00000160185
RSPH1	21	43892596	43916464	-	ENSG00000160188
SLC37A1	21	43916118	44001550	+	ENSG00000160190
PDE9A	21	44073746	44195619	+	ENSG00000160191
WDR4	21	44263204	44299678	-	ENSG00000160193
NDUFV3	21	44299754	44333414	+	ENSG00000160194
PKNOX1	21	44394620	44453691	+	ENSG00000160199
CBS	21	44473301	44497053	-	ENSG00000160200
U2AF1	21	44513066	44527697	-	ENSG00000160201
AP001631.10	21	44579176	44582387	-	ENSG00000228120
CRYAA	21	44589118	44592915	+	ENSG00000160202
SIK1	21	44834395	44847008	-	ENSG00000142178
HSF2BP	21	44949072	45079374	-	ENSG00000160207
RRP1B	21	45079429	45115958	+	ENSG00000160208
PDXK	21	45138975	45182188	+	ENSG00000160209
CSTB	21	45192393	45196326	-	ENSG00000160213
RRP1	21	45209394	45225174	+	ENSG00000160214
AGPAT3	21	45285067	45406417	+	ENSG00000160216
TRAPPC10	21	45432200	45526433	+	ENSG00000160218
PWP2	21	45527171	45551063	+	ENSG00000241945
C21orf33	21	45553487	45565605	+	ENSG00000160221
AP001055.1	21	45587818	45593580	-	ENSG00000267913
ICOSLG	21	45642874	45660849	-	ENSG00000160223
DNMT3L	21	45666222	45682099	-	ENSG00000142182
AIRE	21	45705721	45718531	+	ENSG00000160224
PFKL	21	45719934	45747259	+	ENSG00000141959
C21orf2	21	45748827	45759285	-	ENSG00000160226
TRPM2	21	45770046	45862964	+	ENSG00000142185
LRRC3	21	45875369	45878739	+	ENSG00000160233
LRRC3DN	21	45879814	45882078	+	ENSG00000269430
TSPEAR	21	45917775	46131495	-	ENSG00000175894
C21orf90	21	45937099	45945835	+	ENSG00000182912
KRTAP10-1	21	45958864	45960078	-	ENSG00000215455
KRTAP10-2	21	45970240	45971388	-	ENSG00000205445
KRTAP10-3	21	45977673	45978643	-	ENSG00000212935
KRTAP10-4	21	45993606	45994987	+	ENSG00000215454
KRTAP10-5	21	45999332	46000481	-	ENSG00000241123
KRTAP10-6	21	46011149	46012386	-	ENSG00000188155
KRTAP10-7	21	46020497	46022091	+	ENSG00000205441
KRTAP10-8	21	46031996	46032871	+	ENSG00000187766
KRTAP10-9	21	46047040	46048294	+	ENSG00000221837
KRTAP10-10	21	46057273	46058370	+	ENSG00000221859
KRTAP10-11	21	46066331	46067564	+	ENSG00000243489
KRTAP12-4	21	46074130	46074576	-	ENSG00000212933
KRTAP12-3	21	46077849	46078258	+	ENSG00000205439
KRTAP12-2	21	46086106	46086844	-	ENSG00000221864
KRTAP12-1	21	46101491	46102078	-	ENSG00000187175
KRTAP10-12	21	46117087	46117959	+	ENSG00000189169
UBE2G2	21	46188955	46221934	-	ENSG00000184787
SUMO3	21	46225532	46238694	-	ENSG00000184900
PTTG1IP	21	46269500	46293752	-	ENSG00000183255
ITGB2	21	46305868	46351904	-	ENSG00000160255
C21orf67	21	46352729	46359828	-	ENSG00000183250
FAM207A	21	46359925	46396904	+	ENSG00000160256
AP001579.1	21	46492796	46492927	-	ENSG00000268856
ADARB1	21	46493768	46646478	+	ENSG00000197381
PRED57	21	46511596	46515493	-	ENSG00000268805
PRED58	21	46520728	46534873	-	ENSG00000267857
POFUT2	21	46683843	46707813	-	ENSG00000186866
COL18A1	21	46825052	46933634	+	ENSG00000182871
SLC19A1	21	46913486	46964325	-	ENSG00000173638
PCBP3	21	47063608	47362368	+	ENSG00000183570
PRED60	21	47183565	47190005	-	ENSG00000267883
PRED62	21	47347679	47352477	-	ENSG00000268040
COL6A1	21	47401651	47424964	+	ENSG00000142156
COL6A2	21	47518011	47552763	+	ENSG00000142173
FTCD	21	47556176	47575481	-	ENSG00000160282
SPATC1L	21	47581062	47604390	-	ENSG00000160284
LSS	21	47608055	47648738	-	ENSG00000160285
AP001468.1	21	47612391	47613673	-	ENSG00000235878
MCM3AP	21	47655047	47706211	-	ENSG00000160294
YBEY	21	47706251	47717665	+	ENSG00000182362
C21orf58	21	47720095	47743789	-	ENSG00000160298
PCNT	21	47744036	47865682	+	ENSG00000160299
DIP2A	21	47878812	47989926	+	ENSG00000160305
S100B	21	48018875	48025121	-	ENSG00000160307
PRMT2	21	48055079	48085036	+	ENSG00000160310
POTEH	22	16256441	16287937	-	ENSG00000198062
OR11H1	22	16448824	16449805	-	ENSG00000130538
CCT8L2	22	17071667	17073700	-	ENSG00000198445
XKR3	22	17264302	17302589	-	ENSG00000172967
GAB4	22	17442826	17489112	-	ENSG00000215568
IL17RA	22	17565844	17596583	+	ENSG00000177663
CECR6	22	17597189	17602257	-	ENSG00000183307
AC006946.15	22	17602476	17612994	+	ENSG00000235478
CECR5	22	17618401	17646177	-	ENSG00000069998
CECR1	22	17660194	17702879	-	ENSG00000093072
CECR2	22	17840837	18037850	+	ENSG00000099954
SLC25A18	22	18043139	18073760	+	ENSG00000182902
ATP6V1E1	22	18074902	18111584	-	ENSG00000131100
BCL2L13	22	18111621	18213388	+	ENSG00000099968
BID	22	18216906	18257536	-	ENSG00000015475
MICAL3	22	18270415	18507325	-	ENSG00000243156
PEX26	22	18560689	18613905	+	ENSG00000215193
TUBA8	22	18593097	18629321	+	ENSG00000183785
USP18	22	18632666	18660164	+	ENSG00000184979
AC008132.1	22	18721427	18745407	+	ENSG00000182824
AC008132.13	22	18834324	18848562	+	ENSG00000161103
DGCR6	22	18893541	18901751	+	ENSG00000183628
PRODH	22	18900294	18924066	-	ENSG00000100033
DGCR2	22	19023795	19109967	-	ENSG00000070413
DGCR14	22	19117792	19132197	-	ENSG00000100056
TSSK2	22	19118321	19120134	+	ENSG00000206203
GSC2	22	19136089	19137796	-	ENSG00000063515
SLC25A1	22	19163095	19166343	-	ENSG00000100075
CLTCL1	22	19166986	19279239	-	ENSG00000070371
HIRA	22	19318221	19435224	-	ENSG00000100084
C22orf39	22	19338891	19435755	-	ENSG00000242259
MRPL40	22	19419425	19423598	+	ENSG00000185608
UFD1L	22	19437433	19466738	-	ENSG00000070010
CDC45	22	19466982	19508135	+	ENSG00000093009
CLDN5	22	19510547	19515068	-	ENSG00000184113
SEPT5	22	19701987	19712295	+	ENSG00000184702
GP1BB	22	19710468	19712294	+	ENSG00000203618
TBX1	22	19744226	19771116	+	ENSG00000184058
GNB1L	22	19770747	19842462	-	ENSG00000185838
C22orf29	22	19833661	19842419	-	ENSG00000215012
TXNRD2	22	19863040	19929341	-	ENSG00000184470
COMT	22	19929130	19957498	+	ENSG00000093010
ARVCF	22	19957419	20004331	-	ENSG00000099889
TANGO2	22	20004537	20053449	+	ENSG00000183597
DGCR8	22	20067755	20099400	+	ENSG00000128191
TRMT2A	22	20099389	20104915	-	ENSG00000099899
RANBP1	22	20103461	20114878	+	ENSG00000099901
ZDHHC8	22	20116979	20135530	+	ENSG00000099904
AC006547.14	22	20135950	20138399	-	ENSG00000234409
RTN4R	22	20228938	20270769	-	ENSG00000040608
DGCR6L	22	20301799	20307603	-	ENSG00000128185
GGTLC3	22	20366206	20368028	-	ENSG00000183038
RIMBP3	22	20456003	20461786	-	ENSG00000196622
FAM230A	22	20692438	20716938	+	ENSG00000188280
USP41	22	20704868	20745048	-	ENSG00000161133
ZNF74	22	20748405	20762745	+	ENSG00000185252
SCARF2	22	20778874	20792146	-	ENSG00000244486
KLHL22	22	20783528	20850170	-	ENSG00000099910
MED15	22	20850200	20941919	+	ENSG00000099917
PI4KA	22	21061979	21213705	-	ENSG00000241973
SERPIND1	22	21128167	21142008	+	ENSG00000099937
SNAP29	22	21213271	21245506	+	ENSG00000099940
CRKL	22	21271714	21308037	+	ENSG00000099942
AIFM3	22	21319396	21335649	+	ENSG00000183773
LZTR1	22	21333751	21353327	+	ENSG00000099949
THAP7	22	21353393	21356485	-	ENSG00000184436
AC002472.1	22	21358030	21360736	-	ENSG00000269103
P2RX6	22	21364097	21383119	+	ENSG00000099957
SLC7A4	22	21383007	21387129	-	ENSG00000099960
AC002472.13	22	21400249	21418457	+	ENSG00000187905
POM121L7	22	21477050	21482352	-	ENSG00000239511
GGT2	22	21562262	21581926	-	ENSG00000133475
RIMBP3B	22	21737663	21743446	+	ENSG00000196934
HIC2	22	21771693	21805752	+	ENSG00000169635
RIMBP3C	22	21899646	21905750	-	ENSG00000183246
UBE2L3	22	21903736	21978323	+	ENSG00000185651
YDJC	22	21982378	21984353	-	ENSG00000161179
CCDC116	22	21987005	21991616	+	ENSG00000161180
SDF2L1	22	21996550	21998587	+	ENSG00000128228
PPIL2	22	22006559	22054304	+	ENSG00000100023
YPEL1	22	22051833	22090123	-	ENSG00000100027
MAPK1	22	22108789	22221970	-	ENSG00000100030
PPM1F	22	22273793	22307209	-	ENSG00000100034
TOP3B	22	22311397	22337213	-	ENSG00000100038
VPREB1	22	22599087	22599927	+	ENSG00000169575
ZNF280B	22	22838767	22863505	-	ENSG00000198477
ZNF280A	22	22868060	22874613	-	ENSG00000169548
PRAME	22	22890123	22901768	-	ENSG00000185686
LL22NC03-63E9.3	22	22901750	22909007	+	ENSG00000220891
GGTLC2	22	22988780	22990368	+	ENSG00000100121
IGLL5	22	23229960	23238287	+	ENSG00000254709
RTDR1	22	23401593	23487208	-	ENSG00000100218
GNAZ	22	23412540	23467224	+	ENSG00000128266
RAB36	22	23487513	23506537	+	ENSG00000100228
BCR	22	23521891	23660224	+	ENSG00000186716
IGLL1	22	23915312	23922495	-	ENSG00000128322
C22orf43	22	23950639	23974508	-	ENSG00000189269
RGL4	22	24030323	24041363	+	ENSG00000159496
ZNF70	22	24083769	24093279	-	ENSG00000187792
VPREB3	22	24094930	24096655	-	ENSG00000128218
C22orf15	22	24105208	24108048	+	ENSG00000169314
CHCHD10	22	24108021	24110630	-	ENSG00000250479
MMP11	22	24110413	24126503	+	ENSG00000099953
AP000349.1	22	24124467	24126145	-	ENSG00000267954
SMARCB1	22	24129150	24176703	+	ENSG00000099956
DERL3	22	24176690	24181315	-	ENSG00000099958
SLC2A11	22	24198890	24228496	+	ENSG00000133460
AP000350.10	22	24204375	24237410	+	ENSG00000251357
MIF	22	24236191	24237414	+	ENSG00000240972
AP000350.4	22	24236613	24241117	-	ENSG00000218537
GSTT2B	22	24299601	24303373	-	ENSG00000133433
DDTL	22	24309089	24314721	+	ENSG00000099974
DDT	22	24313554	24322660	-	ENSG00000099977
GSTT2	22	24322339	24326106	+	ENSG00000099984
GSTT1	22	24376133	24384680	-	ENSG00000184674
CABIN1	22	24407642	24574596	+	ENSG00000099991
SUSD2	22	24577227	24585078	+	ENSG00000099994
GGT5	22	24615622	24641110	-	ENSG00000099998
SPECC1L	22	24666786	24813708	+	ENSG00000100014
SPECC1L-ADORA2A	22	24666866	24838324	+	ENSG00000258555
ADORA2A	22	24813847	24838328	+	ENSG00000128271
UPB1	22	24863206	24924358	+	ENSG00000100024
GUCD1	22	24936406	24951903	-	ENSG00000138867
SNRPD3	22	24951471	25005947	+	ENSG00000100028
GGT1	22	24979718	25024972	+	ENSG00000100031
FAM211B	22	24981588	24989175	-	ENSG00000178026
PIWIL3	22	25115001	25170687	-	ENSG00000184571
SGSM1	22	25202236	25323545	+	ENSG00000167037
TMEM211	22	25331077	25342662	-	ENSG00000206069
KIAA1671	22	25348697	25593415	+	ENSG00000197077
CRYBB3	22	25595817	25603330	+	ENSG00000100053
CRYBB2	22	25615489	25627836	+	ENSG00000244752
LRP5L	22	25747385	25801344	-	ENSG00000100068
ADRBK2	22	25960816	26125261	+	ENSG00000100077
MYO18B	22	26138111	26427007	+	ENSG00000133454
SEZ6L	22	26565440	26779562	+	ENSG00000100095
ASPHD2	22	26825239	26840981	+	ENSG00000128203
HPS4	22	26839389	26879803	-	ENSG00000100099
SRRD	22	26879843	26890624	+	ENSG00000100104
TFIP11	22	26887191	26908471	-	ENSG00000100109
TPST2	22	26921458	26992681	-	ENSG00000128294
CRYBB1	22	26995242	27014052	-	ENSG00000100122
CRYBA4	22	27017928	27026636	+	ENSG00000196431
MN1	22	28144265	28197486	-	ENSG00000169184
PITPNB	22	28247657	28316122	-	ENSG00000180957
TTC28	22	28374004	29075853	-	ENSG00000100154
CHEK2	22	29083731	29138410	-	ENSG00000183765
HSCB	22	29138019	29153503	+	ENSG00000100209
CCDC117	22	29168662	29185283	+	ENSG00000159873
XBP1	22	29190543	29196585	-	ENSG00000100219
ZNRF3	22	29279580	29453475	+	ENSG00000183579
C22orf31	22	29454660	29457832	-	ENSG00000100249
KREMEN1	22	29469066	29564321	+	ENSG00000183762
EMID1	22	29601840	29655586	+	ENSG00000186998
RHBDD3	22	29655841	29664198	-	ENSG00000100263
EWSR1	22	29663998	29696515	+	ENSG00000182944
GAS2L1	22	29702572	29708774	+	ENSG00000185340
RASL10A	22	29708922	29715668	-	ENSG00000100276
AP1B1	22	29723669	29819168	-	ENSG00000100280
RFPL1	22	29834572	29838444	+	ENSG00000128250
NEFH	22	29876219	29887379	+	ENSG00000100285
THOC5	22	29901868	29951205	-	ENSG00000100296
NIPSNAP1	22	29950797	29977326	-	ENSG00000184117
NF2	22	29999545	30094587	+	ENSG00000186575
CABP7	22	30116073	30127828	+	ENSG00000100314
ZMAT5	22	30126945	30163000	-	ENSG00000100319
UQCR10	22	30163358	30166402	+	ENSG00000184076
ASCC2	22	30184597	30234271	-	ENSG00000100325
MTMR3	22	30279144	30426855	+	ENSG00000100330
HORMAD2	22	30476163	30573064	+	ENSG00000176635
LIF	22	30636436	30642840	-	ENSG00000128342
OSM	22	30658818	30662829	-	ENSG00000099985
GATSL3	22	30681106	30685616	-	ENSG00000239282
RP1-130H16.18	22	30681227	30695471	-	ENSG00000248751
TBC1D10A	22	30687979	30723035	-	ENSG00000099992
SF3A1	22	30727977	30752936	-	ENSG00000099995
CCDC157	22	30752624	30774647	+	ENSG00000187860
RNF215	22	30773835	30817760	-	ENSG00000099999
SEC14L2	22	30792846	30821305	+	ENSG00000100003
RP4-539M6.19	22	30805244	30824977	+	ENSG00000249590
KIAA1658	22	30814212	30814469	-	ENSG00000268538
MTFP1	22	30821518	30825045	+	ENSG00000242114
SEC14L3	22	30843946	30868036	-	ENSG00000100012
SEC14L4	22	30884900	30901698	-	ENSG00000133488
SEC14L6	22	30918786	30942669	-	ENSG00000214491
GAL3ST1	22	30950622	30970574	-	ENSG00000128242
PES1	22	30972612	31003070	-	ENSG00000100029
TCN2	22	31002825	31023265	+	ENSG00000185339
SLC35E4	22	31031639	31065003	+	ENSG00000100036
DUSP18	22	31048038	31063877	-	ENSG00000167065
OSBP2	22	31089769	31303811	+	ENSG00000184792
MORC2	22	31321117	31364284	-	ENSG00000133422
SMTN	22	31460091	31500743	+	ENSG00000183963
SELM	22	31500758	31516055	-	ENSG00000198832
INPP5J	22	31518717	31530682	+	ENSG00000185133
PLA2G3	22	31530795	31536593	-	ENSG00000100078
RNF185	22	31556168	31603005	+	ENSG00000138942
LIMK2	22	31608225	31676066	+	ENSG00000182541
PIK3IP1	22	31677579	31688520	-	ENSG00000100100
PATZ1	22	31721790	31742218	-	ENSG00000100105
AC005003.1	22	31742875	31744670	+	ENSG00000213888
DRG1	22	31795509	31924726	+	ENSG00000185721
EIF4ENIF1	22	31832963	31892094	-	ENSG00000184708
SFI1	22	31884674	32014572	+	ENSG00000198089
PISD	22	32014477	32058418	-	ENSG00000241878
PRR14L	22	32072242	32146126	-	ENSG00000183530
DEPDC5	22	32149944	32303012	+	ENSG00000100150
C22orf24	22	32329507	32341504	-	ENSG00000128254
YWHAH	22	32340447	32353590	+	ENSG00000128245
SLC5A1	22	32439019	32509016	+	ENSG00000100170
C22orf42	22	32544993	32555309	-	ENSG00000205856
RFPL2	22	32586422	32600718	-	ENSG00000128253
SLC5A4	22	32614465	32651328	-	ENSG00000100191
RFPL3	22	32750872	32757148	+	ENSG00000128276
RFPL3S	22	32755893	32778039	-	ENSG00000205853
RTCB	22	32783569	32808242	-	ENSG00000100220
BPIFC	22	32809834	32860471	-	ENSG00000184459
FBXO7	22	32870663	32894818	+	ENSG00000100225
SYN3	22	32908539	33454358	-	ENSG00000185666
TIMP3	22	33197687	33259030	+	ENSG00000100234
LARGE	22	33558212	34318829	-	ENSG00000133424
ISX	22	35462129	35483380	+	ENSG00000175329
HMGXB4	22	35653445	35691800	+	ENSG00000100281
TOM1	22	35695268	35743985	+	ENSG00000100284
HMOX1	22	35776354	35790207	+	ENSG00000100292
MCM5	22	35796056	35821423	+	ENSG00000100297
RASD2	22	35936915	35950048	+	ENSG00000100302
MB	22	36002811	36033998	-	ENSG00000198125
AL049747.1	22	36023040	36031181	-	ENSG00000268818
APOL6	22	36044442	36064456	+	ENSG00000221963
APOL5	22	36113919	36125530	+	ENSG00000128313
RBFOX2	22	36134783	36424473	-	ENSG00000100320
APOL3	22	36536372	36562225	-	ENSG00000128284
APOL4	22	36585172	36600886	-	ENSG00000100336
APOL2	22	36622256	36636000	-	ENSG00000128335
APOL1	22	36649056	36663576	+	ENSG00000100342
MYH9	22	36677327	36784063	-	ENSG00000100345
TXN2	22	36863083	36878077	-	ENSG00000100348
FOXRED2	22	36883237	36903148	-	ENSG00000100350
EIF3D	22	36906897	36925483	-	ENSG00000100353
CACNG2	22	36959968	37099603	-	ENSG00000166862
IFT27	22	37154246	37172300	-	ENSG00000100360
PVALB	22	37196728	37215523	-	ENSG00000100362
NCF4	22	37257030	37274057	+	ENSG00000100365
CSF2RB	22	37309670	37336491	+	ENSG00000100368
TEX33	22	37387163	37403882	-	ENSG00000185264
TST	22	37406900	37415681	-	ENSG00000128311
MPST	22	37415676	37425863	+	ENSG00000128309
KCTD17	22	37447779	37459430	+	ENSG00000100379
TMPRSS6	22	37461476	37505603	-	ENSG00000187045
IL2RB	22	37521878	37571094	-	ENSG00000100385
C1QTNF6	22	37576207	37595425	-	ENSG00000133466
SSTR3	22	37600278	37608362	-	ENSG00000183473
RAC2	22	37621301	37640488	-	ENSG00000128340
CYTH4	22	37678068	37711382	+	ENSG00000100055
ELFN2	22	37764000	37823505	-	ENSG00000166897
MFNG	22	37865101	37882439	-	ENSG00000100060
CARD10	22	37886400	37915549	-	ENSG00000100065
CDC42EP1	22	37956454	37965412	+	ENSG00000128283
LGALS2	22	37966255	37978623	-	ENSG00000100079
GGA1	22	38004481	38029571	+	ENSG00000100083
SH3BP1	22	38030661	38062939	+	ENSG00000100092
PDXP	22	38054734	38062941	+	ENSG00000241360
LGALS1	22	38071615	38075813	+	ENSG00000100097
NOL12	22	38077680	38170137	+	ENSG00000100101
TRIOBP	22	38093011	38172563	+	ENSG00000100106
H1F0	22	38201114	38203442	+	ENSG00000189060
GCAT	22	38203912	38213183	+	ENSG00000100116
GALR3	22	38219389	38221502	+	ENSG00000128310
ANKRD54	22	38226862	38245334	-	ENSG00000100124
EIF3L	22	38244875	38285414	+	ENSG00000100129
MICALL1	22	38301664	38338829	+	ENSG00000100139
C22orf23	22	38339528	38349676	-	ENSG00000128346
POLR2F	22	38348614	38437922	+	ENSG00000100142
SOX10	22	38366693	38383429	-	ENSG00000100146
PICK1	22	38452318	38471708	+	ENSG00000100151
SLC16A8	22	38474141	38480100	-	ENSG00000100156
BAIAP2L2	22	38480896	38506677	-	ENSG00000128298
PLA2G6	22	38507502	38601697	-	ENSG00000184381
MAFF	22	38597889	38612518	+	ENSG00000185022
TMEM184B	22	38615298	38669040	-	ENSG00000198792
CSNK1E	22	38686697	38794527	-	ENSG00000213923
KCNJ4	22	38822332	38851205	-	ENSG00000168135
KDELR3	22	38864067	38879452	+	ENSG00000100196
DDX17	22	38879445	38903665	-	ENSG00000100201
DMC1	22	38914954	38966291	-	ENSG00000100206
FAM227A	22	38974125	39052634	-	ENSG00000184949
CBY1	22	39052641	39069859	+	ENSG00000100211
TOMM22	22	39077953	39080818	+	ENSG00000100216
JOSD1	22	39081548	39097561	-	ENSG00000100221
GTPBP1	22	39101728	39134304	+	ENSG00000100226
SUN2	22	39130730	39190148	-	ENSG00000100242
DNAL4	22	39174513	39190203	-	ENSG00000100246
NPTXR	22	39214457	39239987	-	ENSG00000221890
CBX6	22	39257455	39268319	-	ENSG00000183741
APOBEC3A	22	39348746	39359188	+	ENSG00000128383
APOBEC3B	22	39378352	39388809	+	ENSG00000179750
APOBEC3C	22	39410088	39416357	+	ENSG00000244509
APOBEC3D	22	39410368	39429281	+	ENSG00000243811
APOBEC3F	22	39436609	39449915	+	ENSG00000128394
APOBEC3G	22	39436924	39483748	+	ENSG00000239713
APOBEC3H	22	39493229	39500072	+	ENSG00000100298
CBX7	22	39516172	39548679	-	ENSG00000100307
PDGFB	22	39619364	39640756	-	ENSG00000100311
AL031590.1	22	39656865	39657063	-	ENSG00000214854
RPL3	22	39708887	39716394	-	ENSG00000100316
SYNGR1	22	39745930	39781593	+	ENSG00000100321
TAB1	22	39795746	39833065	+	ENSG00000100324
MGAT3	22	39853349	39888199	+	ENSG00000128268
MIEF1	22	39895437	39914137	+	ENSG00000100335
ATF4	22	39915700	39918691	+	ENSG00000128272
RPS19BP1	22	39925098	39928860	-	ENSG00000187051
CACNA1I	22	39966758	40085742	+	ENSG00000100346
ENTHD1	22	40139049	40289868	-	ENSG00000176177
GRAP2	22	40297086	40369725	+	ENSG00000100351
FAM83F	22	40390953	40439533	+	ENSG00000133477
TNRC6B	22	40440821	40731812	+	ENSG00000100354
ADSL	22	40742507	40786467	+	ENSG00000239900
SGSM3	22	40766595	40806293	+	ENSG00000100359
MKL1	22	40806285	41032706	-	ENSG00000196588
MCHR1	22	41074754	41078818	+	ENSG00000128285
SLC25A17	22	41165634	41215403	-	ENSG00000100372
ST13	22	41220539	41253026	-	ENSG00000100380
XPNPEP3	22	41253081	41363838	+	ENSG00000196236
DNAJB7	22	41255553	41258130	-	ENSG00000172404
RBX1	22	41347351	41369313	+	ENSG00000100387
EP300	22	41487790	41576081	+	ENSG00000100393
L3MBTL2	22	41601209	41627275	+	ENSG00000100395
CHADL	22	41625517	41636938	-	ENSG00000100399
RANGAP1	22	41641615	41682255	-	ENSG00000100401
AL035681.1	22	41685388	41685686	-	ENSG00000269104
ZC3H7B	22	41697526	41756151	+	ENSG00000100403
TEF	22	41763337	41795330	+	ENSG00000167074
TOB2	22	41829496	41843027	-	ENSG00000183864
PHF5A	22	41855721	41864729	-	ENSG00000100410
ACO2	22	41865129	41924993	+	ENSG00000100412
POLR3H	22	41921808	41940610	-	ENSG00000100413
CSDC2	22	41956767	41973745	+	ENSG00000172346
PMM1	22	41972898	41985894	-	ENSG00000100417
DESI1	22	41994032	42017100	-	ENSG00000100418
XRCC6	22	42017123	42060044	+	ENSG00000196419
NHP2L1	22	42069934	42086508	-	ENSG00000100138
C22orf46	22	42084943	42094140	+	ENSG00000184208
MEI1	22	42095503	42195460	+	ENSG00000167077
CCDC134	22	42196683	42222303	+	ENSG00000100147
SREBF2	22	42229109	42303312	+	ENSG00000198911
SHISA8	22	42307297	42310570	-	ENSG00000234965
TNFRSF13C	22	42321045	42322822	-	ENSG00000159958
CENPM	22	42334725	42343168	-	ENSG00000100162
SEPT3	22	42372276	42394225	+	ENSG00000100167
WBP2NL	22	42394729	42454460	+	ENSG00000183066
NAGA	22	42454358	42466846	-	ENSG00000198951
FAM109B	22	42470255	42475445	+	ENSG00000177096
SMDT1	22	42475695	42480288	+	ENSG00000183172
NDUFA6	22	42481529	42486959	-	ENSG00000184983
CYP2D6	22	42522501	42526908	-	ENSG00000100197
TCF20	22	42556019	42739622	-	ENSG00000100207
NFAM1	22	42776416	42828401	-	ENSG00000235568
RRP7A	22	42905974	42915808	-	ENSG00000189306
SERHL2	22	42949623	42970388	+	ENSG00000183569
POLDIP3	22	42979727	43010968	-	ENSG00000100227
CYB5R3	22	43013846	43045574	-	ENSG00000100243
ATP5L2	22	43035809	43036607	-	ENSG00000249222
A4GALT	22	43088127	43117304	-	ENSG00000128274
ARFGAP3	22	43192508	43254112	-	ENSG00000242247
PACSIN2	22	43231418	43411151	-	ENSG00000100266
TTLL1	22	43435522	43485434	-	ENSG00000100271
BIK	22	43506754	43525718	+	ENSG00000100290
MCAT	22	43528212	43539400	-	ENSG00000100294
TSPO	22	43547520	43559248	+	ENSG00000100300
TTLL12	22	43562628	43583139	-	ENSG00000100304
SCUBE1	22	43593289	43739394	-	ENSG00000159307
MPPED1	22	43807202	43903728	+	ENSG00000186732
EFCAB6	22	43924624	44208217	-	ENSG00000186976
SULT4A1	22	44220389	44258398	-	ENSG00000130540
PNPLA5	22	44275558	44287893	-	ENSG00000100341
PNPLA3	22	44319619	44360368	+	ENSG00000100344
SAMM50	22	44351301	44406411	+	ENSG00000100347
PARVB	22	44395091	44568829	+	ENSG00000188677
PARVG	22	44568836	44615413	+	ENSG00000138964
KIAA1644	22	44639547	44708731	-	ENSG00000138944
RP1-32I10.10	22	44761431	44762164	+	ENSG00000220702
LDOC1L	22	44888452	44894178	-	ENSG00000188636
PRR5	22	45064593	45133561	+	ENSG00000186654
PRR5-ARHGAP8	22	45098113	45258586	+	ENSG00000248405
ARHGAP8	22	45098355	45258665	+	ENSG00000241484
PHF21B	22	45277042	45405880	-	ENSG00000056487
NUP50	22	45559722	45583896	+	ENSG00000093000
KIAA0930	22	45586219	45636650	-	ENSG00000100364
UPK3A	22	45680863	45691755	+	ENSG00000100373
FAM118A	22	45704849	45737836	+	ENSG00000100376
SMC1B	22	45739944	45809500	-	ENSG00000077935
RIBC2	22	45809572	45828376	+	ENSG00000128408
FBLN1	22	45898118	45997015	+	ENSG00000077942
ATXN10	22	46067678	46241187	+	ENSG00000130638
WNT7B	22	46316242	46373009	-	ENSG00000188064
C22orf26	22	46445358	46450024	-	ENSG00000182257
FLJ27365	22	46449749	46509808	+	ENSG00000197182
PPARA	22	46546424	46639653	+	ENSG00000186951
CDPF1	22	46639908	46646576	-	ENSG00000205643
PKDREJ	22	46651560	46659219	-	ENSG00000130943
TTC38	22	46663858	46689905	+	ENSG00000075234
GTSE1	22	46692638	46726707	+	ENSG00000075218
TRMU	22	46726772	46753237	+	ENSG00000100416
CELSR1	22	46756731	46933067	-	ENSG00000075275
GRAMD4	22	46971909	47075688	+	ENSG00000075240
CERK	22	47080308	47134158	-	ENSG00000100422
TBC1D22A	22	47158518	47571336	+	ENSG00000054611
LL22NC03-75H12.2	22	47857048	47882860	-	ENSG00000218357
FAM19A5	22	48885272	49246724	+	ENSG00000219438
CTA-299D3.8	22	48934712	48943199	-	ENSG00000219016
C22orf34	22	49808176	50051190	-	ENSG00000188511
BRD1	22	50166931	50221160	-	ENSG00000100425
ZBED4	22	50247490	50283726	+	ENSG00000100426
ALG12	22	50293877	50312106	-	ENSG00000182858
CRELD2	22	50311815	50321188	+	ENSG00000184164
PIM3	22	50354161	50357728	+	ENSG00000198355
IL17REL	22	50432942	50451088	-	ENSG00000188263
TTLL8	22	50453552	50495364	-	ENSG00000138892
MLC1	22	50497820	50524331	-	ENSG00000100427
MOV10L1	22	50528308	50600119	+	ENSG00000073146
PANX2	22	50609160	50618723	+	ENSG00000073150
TRABD	22	50624344	50638027	+	ENSG00000170638
SELO	22	50639408	50656045	+	ENSG00000073169
TUBGCP6	22	50656118	50683421	-	ENSG00000128159
HDAC10	22	50683612	50689834	-	ENSG00000100429
MAPK12	22	50683879	50700254	-	ENSG00000188130
MAPK11	22	50702142	50709196	-	ENSG00000185386
PLXNB2	22	50713408	50746056	-	ENSG00000196576
AL022328.1	22	50714103	50714350	+	ENSG00000268427
DENND6B	22	50747459	50765489	-	ENSG00000205593
PPP6R2	22	50781733	50883514	+	ENSG00000100239
SBF1	22	50883429	50913454	-	ENSG00000100241
ADM2	22	50919985	50924869	+	ENSG00000128165
MIOX	22	50925213	50929077	+	ENSG00000100253
LMF2	22	50941376	50946135	-	ENSG00000100258
NCAPH2	22	50946645	50961901	+	ENSG00000025770
SCO2	22	50961997	50964868	-	ENSG00000130489
TYMP	22	50964181	50968485	-	ENSG00000025708
ODF3B	22	50968139	50971009	-	ENSG00000177989
KLHDC7B	22	50986462	50989451	+	ENSG00000130487
SYCE3	22	50989541	51001334	-	ENSG00000217442
CPT1B	22	51007290	51017899	-	ENSG00000205560
CHKB-CPT1B	22	51007298	51021394	-	ENSG00000254413
CHKB	22	51017378	51039884	-	ENSG00000100288
MAPK8IP2	22	51039114	51052409	+	ENSG00000008735
ARSA	22	51061182	51066607	-	ENSG00000100299
SHANK3	22	51112843	51171726	+	ENSG00000251322
ACR	22	51176624	51183762	+	ENSG00000100312
RABL2B	22	51205929	51222091	-	ENSG00000079974
CHL1	3	238279	451090	+	ENSG00000134121
CNTN6	3	1134260	1445901	+	ENSG00000134115
CNTN4	3	2140497	3099645	+	ENSG00000144619
IL5RA	3	3111233	3168297	-	ENSG00000091181
TRNT1	3	3168600	3192563	+	ENSG00000072756
CRBN	3	3190676	3221394	-	ENSG00000113851
SUMF1	3	3742498	4508965	-	ENSG00000144455
LRRN1	3	3841121	3889387	+	ENSG00000175928
SETMAR	3	4344988	4359251	+	ENSG00000170364
ITPR1	3	4535032	4889524	+	ENSG00000150995
AC018816.3	3	4855978	4928977	-	ENSG00000235978
BHLHE40	3	5020801	5027008	+	ENSG00000134107
ARL8B	3	5163905	5222596	+	ENSG00000134108
AC026202.1	3	5229227	5229982	-	ENSG00000268509
EDEM1	3	5229331	5261642	+	ENSG00000134109
GRM7	3	6811688	7783215	+	ENSG00000196277
LMCD1	3	8543393	8609805	+	ENSG00000071282
SSUH2	3	8661086	8786726	-	ENSG00000125046
CAV3	3	8775486	8883492	+	ENSG00000182533
OXTR	3	8792094	8811314	-	ENSG00000180914
RAD18	3	8817088	9005457	-	ENSG00000070950
SRGAP3	3	9022275	9404737	-	ENSG00000196220
THUMPD3	3	9404526	9428475	+	ENSG00000134077
SETD5	3	9439299	9520924	+	ENSG00000168137
LHFPL4	3	9543481	9595486	-	ENSG00000156959
MTMR14	3	9691117	9744077	+	ENSG00000163719
CPNE9	3	9745491	9771592	+	ENSG00000144550
BRPF1	3	9773413	9789702	+	ENSG00000156983
OGG1	3	9791628	9829903	+	ENSG00000114026
CAMK1	3	9799026	9811676	-	ENSG00000134072
TADA3	3	9821544	9834695	-	ENSG00000171148
ARPC4	3	9834179	9849410	+	ENSG00000241553
ARPC4-TTLL3	3	9834766	9877085	+	ENSG00000250151
TTLL3	3	9849770	9896822	+	ENSG00000214021
RPUSD3	3	9879533	9886286	-	ENSG00000156990
CIDEC	3	9908398	9921938	-	ENSG00000187288
JAGN1	3	9932238	9936033	+	ENSG00000171135
IL17RE	3	9944296	9958086	+	ENSG00000163701
IL17RC	3	9958758	9975314	+	ENSG00000163702
CRELD1	3	9975506	9987097	+	ENSG00000163703
PRRT3	3	9987226	9994078	-	ENSG00000163704
EMC3	3	10004221	10052800	-	ENSG00000125037
FANCD2	3	10068098	10143614	+	ENSG00000144554
FANCD2OS	3	10123001	10149915	-	ENSG00000163705
BRK1	3	10157276	10168874	+	ENSG00000254999
VHL	3	10182692	10193904	+	ENSG00000134086
IRAK2	3	10206549	10285427	+	ENSG00000134070
TATDN2	3	10289707	10322902	+	ENSG00000157014
RP11-438J1.1	3	10291056	10327480	+	ENSG00000272410
GHRL	3	10327359	10334631	-	ENSG00000157017
SEC13	3	10334815	10362862	-	ENSG00000157020
ATP2B2	3	10365707	10749716	-	ENSG00000157087
SLC6A11	3	10857885	10982419	+	ENSG00000132164
SLC6A1	3	11034410	11080933	+	ENSG00000157103
HRH1	3	11178779	11305243	+	ENSG00000196639
ATG7	3	11313995	11599139	+	ENSG00000197548
VGLL4	3	11597544	11762220	-	ENSG00000144560
TAMM41	3	11831916	11888393	-	ENSG00000144559
TIMP4	3	12194551	12200851	-	ENSG00000157150
PPARG	3	12328867	12475855	+	ENSG00000132170
TSEN2	3	12525931	12581122	+	ENSG00000154743
C3orf83	3	12556433	12602558	-	ENSG00000225526
MKRN2	3	12598513	12625212	+	ENSG00000075975
RAF1	3	12625100	12705725	-	ENSG00000132155
TMEM40	3	12775024	12810956	-	ENSG00000088726
CAND2	3	12837971	12913415	+	ENSG00000144712
RPL32	3	12875984	12883087	-	ENSG00000144713
IQSEC1	3	12938719	13114617	-	ENSG00000144711
NUP210	3	13357737	13461809	-	ENSG00000132182
HDAC11	3	13521224	13547916	+	ENSG00000163517
FBLN2	3	13573824	13679922	+	ENSG00000163520
WNT7A	3	13857755	13921618	-	ENSG00000154764
TPRXL	3	13978756	14124311	+	ENSG00000180438
CHCHD4	3	14153580	14166370	-	ENSG00000163528
TMEM43	3	14166440	14185179	+	ENSG00000170876
RP11-434D12.1	3	14176717	14189548	+	ENSG00000268279
XPC	3	14186647	14220283	-	ENSG00000154767
LSM3	3	14219858	14242619	+	ENSG00000170860
SLC6A6	3	14444076	14530857	+	ENSG00000131389
CCDC174	3	14693271	14714166	+	ENSG00000154781
C3orf20	3	14716606	14814541	+	ENSG00000131379
FGD5	3	14860469	14975895	+	ENSG00000154783
NR2C2	3	14989091	15095107	+	ENSG00000177463
MRPS25	3	15083967	15106842	-	ENSG00000131368
ZFYVE20	3	15111580	15140670	-	ENSG00000131381
CAPN7	3	15247659	15294425	+	ENSG00000131375
SH3BP5	3	15296360	15382875	-	ENSG00000131370
METTL6	3	15422782	15482073	-	ENSG00000206562
EAF1	3	15468862	15484120	+	ENSG00000144597
COLQ	3	15491640	15563258	-	ENSG00000206561
HACL1	3	15602211	15643338	-	ENSG00000131373
BTD	3	15642848	15687329	+	ENSG00000169814
ANKRD28	3	15708743	15901278	-	ENSG00000206560
GALNT15	3	16216156	16273499	+	ENSG00000131386
DPH3	3	16299485	16306479	-	ENSG00000154813
OXNAD1	3	16306706	16391806	+	ENSG00000154814
RFTN1	3	16355081	16555533	-	ENSG00000131378
DAZL	3	16628299	16711813	-	ENSG00000092345
PLCL2	3	16844159	17132086	+	ENSG00000154822
TBC1D5	3	17198654	18486309	-	ENSG00000131374
SATB1	3	18386879	18487080	-	ENSG00000182568
KCNH8	3	19189946	19577138	+	ENSG00000183960
EFHB	3	19920964	19988517	-	ENSG00000163576
RAB5A	3	19988571	20026667	+	ENSG00000144566
PP2D1	3	20021453	20053822	-	ENSG00000183977
KAT2B	3	20081515	20195896	+	ENSG00000114166
SGOL1	3	20202085	20227784	-	ENSG00000129810
ZNF385D	3	21459915	22414812	-	ENSG00000151789
UBE2E2	3	23244511	23633284	+	ENSG00000182247
UBE2E1	3	23847394	23932807	+	ENSG00000170142
NKIRAS1	3	23933151	23988082	-	ENSG00000197885
RPL15	3	23958036	23965183	+	ENSG00000174748
NR1D2	3	23986751	24022109	+	ENSG00000174738
THRB	3	24158651	24536773	-	ENSG00000151090
RARB	3	25215823	25639423	+	ENSG00000077092
TOP2B	3	25639475	25706398	-	ENSG00000077097
NGLY1	3	25760435	25831530	-	ENSG00000151092
OXSM	3	25824408	25836025	+	ENSG00000151093
LINC00692	3	25900024	25915191	-	ENSG00000230891
LRRC3B	3	26664297	26752267	+	ENSG00000179796
NEK10	3	27151576	27410951	-	ENSG00000163491
SLC4A7	3	27414214	27525911	-	ENSG00000033867
EOMES	3	27757440	27764206	-	ENSG00000163508
CMC1	3	28283075	28366633	+	ENSG00000187118
AZI2	3	28356494	28390618	-	ENSG00000163512
ZCWPW2	3	28390637	28579613	+	ENSG00000206559
RBMS3	3	29322473	30051886	+	ENSG00000144642
TGFBR2	3	30647994	30735634	+	ENSG00000163513
GADL1	3	30767692	30936257	-	ENSG00000144644
STT3B	3	31574130	31679112	+	ENSG00000163527
OSBPL10	3	31699382	32119072	-	ENSG00000144645
ZNF860	3	32023263	32033120	+	ENSG00000197385
GPD1L	3	32147181	32210205	+	ENSG00000152642
CMTM8	3	32280171	32411817	+	ENSG00000170293
CMTM7	3	32433163	32524559	+	ENSG00000153551
CMTM6	3	32522804	32544900	-	ENSG00000091317
DYNC1LI1	3	32567463	32612366	-	ENSG00000144635
CNOT10	3	32726637	32815367	+	ENSG00000182973
TRIM71	3	32859510	32939318	+	ENSG00000206557
CCR4	3	32993066	32997841	+	ENSG00000183813
GLB1	3	33038100	33138722	-	ENSG00000170266
TMPPE	3	33131913	33138293	-	ENSG00000188167
CRTAP	3	33155471	33189265	+	ENSG00000170275
SUSD5	3	33191537	33260707	-	ENSG00000173705
FBXL2	3	33318517	33445154	+	ENSG00000153558
UBP1	3	33429828	33482863	-	ENSG00000153560
CLASP2	3	33537737	33759848	-	ENSG00000163539
PDCD6IP	3	33839844	33911194	+	ENSG00000170248
ARPP21	3	35680437	35835988	+	ENSG00000172995
STAC	3	36421836	36589499	+	ENSG00000144681
DCLK3	3	36753913	36781352	-	ENSG00000163673
TRANK1	3	36868311	36986548	-	ENSG00000168016
EPM2AIP1	3	37027357	37034795	-	ENSG00000178567
MLH1	3	37034823	37107380	+	ENSG00000076242
LRRFIP2	3	37094117	37225180	-	ENSG00000093167
GOLGA4	3	37284668	37408242	+	ENSG00000144674
C3orf35	3	37427760	37476988	+	ENSG00000198590
ITGA9	3	37493606	37865005	+	ENSG00000144668
CTDSPL	3	37903451	38025960	+	ENSG00000144677
VILL	3	38029550	38048679	+	ENSG00000136059
PLCD1	3	38048987	38071253	-	ENSG00000187091
DLEC1	3	38080696	38165516	+	ENSG00000008226
ACAA1	3	38144620	38178733	-	ENSG00000060971
MYD88	3	38179969	38184513	+	ENSG00000172936
OXSR1	3	38206580	38296979	+	ENSG00000172939
SLC22A13	3	38307303	38319806	+	ENSG00000172940
SLC22A14	3	38323785	38360066	+	ENSG00000144671
XYLB	3	38388251	38462839	+	ENSG00000093217
ACVR2B	3	38495342	38534633	+	ENSG00000114739
EXOG	3	38537618	38583652	+	ENSG00000157036
SCN5A	3	38589548	38691164	-	ENSG00000183873
SCN10A	3	38738293	38835501	-	ENSG00000185313
SCN11A	3	38887260	38992052	-	ENSG00000168356
WDR48	3	39093489	39138155	+	ENSG00000114742
GORASP1	3	39138150	39149854	-	ENSG00000114745
TTC21A	3	39149152	39180394	+	ENSG00000168026
CSRNP1	3	39183346	39196053	-	ENSG00000144655
XIRP1	3	39224701	39234087	-	ENSG00000168334
CX3CR1	3	39304985	39323226	-	ENSG00000168329
CCR8	3	39371197	39375171	+	ENSG00000179934
SLC25A38	3	39424839	39438842	+	ENSG00000144659
RPSA	3	39448180	39454033	+	ENSG00000168028
MOBP	3	39508689	39570970	+	ENSG00000168314
MYRIP	3	39850405	40301812	+	ENSG00000170011
EIF1B	3	40351175	40353915	+	ENSG00000114784
ENTPD3	3	40428647	40470110	+	ENSG00000168032
RPL14	3	40498783	40503861	+	ENSG00000188846
ZNF619	3	40518604	40531727	+	ENSG00000177873
ZNF620	3	40547483	40560227	+	ENSG00000177842
ZNF621	3	40566369	40616176	+	ENSG00000172888
CTNNB1	3	41236328	41301587	+	ENSG00000168036
ULK4	3	41288090	42003922	-	ENSG00000168038
TRAK1	3	42055294	42267381	+	ENSG00000182606
CCK	3	42299317	42307699	-	ENSG00000187094
LYZL4	3	42438570	42452092	-	ENSG00000157093
VIPR1	3	42530791	42579059	+	ENSG00000114812
SEC22C	3	42589461	42642572	-	ENSG00000093183
SS18L2	3	42623332	42636606	+	ENSG00000008324
NKTR	3	42642106	42690227	+	ENSG00000114857
ZBTB47	3	42695176	42709072	+	ENSG00000114853
KLHL40	3	42727011	42734036	+	ENSG00000157119
CCDC13	3	42734155	42814745	-	ENSG00000244607
HHATL	3	42734155	42744319	-	ENSG00000010282
HIGD1A	3	42798669	42846023	-	ENSG00000181061
ACKR2	3	42846244	42929466	+	ENSG00000144648
CYP8B1	3	42897497	42917633	-	ENSG00000180432
ZNF662	3	42947223	42960825	+	ENSG00000182983
FAM198A	3	43020759	43101703	+	ENSG00000144649
POMGNT2	3	43120724	43147568	-	ENSG00000144647
SNRK	3	43328004	43466256	+	ENSG00000163788
ANO10	3	43396351	43733086	-	ENSG00000160746
ABHD5	3	43731605	43775863	+	ENSG00000011198
TOPAZ1	3	44283378	44373590	+	ENSG00000173769
TCAIM	3	44379611	44450943	+	ENSG00000179152
ZNF445	3	44481262	44519162	-	ENSG00000185219
ZNF852	3	44540462	44552128	-	ENSG00000178917
ZKSCAN7	3	44596685	44624975	+	ENSG00000196345
RP11-944L7.5	3	44607051	44635665	+	ENSG00000273303
ZNF660	3	44619715	44641186	+	ENSG00000144792
ZNF197	3	44626380	44689963	+	ENSG00000186448
ZNF35	3	44690219	44702283	+	ENSG00000169981
ZNF502	3	44754135	44765323	+	ENSG00000196653
ZNF501	3	44771088	44778575	+	ENSG00000186446
KIAA1143	3	44779153	44803154	-	ENSG00000163807
KIF15	3	44803209	44914868	+	ENSG00000163808
TMEM42	3	44903361	44907162	+	ENSG00000169964
TGM4	3	44916100	44956482	+	ENSG00000163810
ZDHHC3	3	44956749	45017677	-	ENSG00000163812
EXOSC7	3	45016733	45077558	+	ENSG00000075914
CLEC3B	3	45043040	45077563	+	ENSG00000163815
CDCP1	3	45123770	45187914	-	ENSG00000163814
TMEM158	3	45265958	45267770	-	ENSG00000249992
LARS2	3	45429998	45590913	+	ENSG00000011376
LIMD1	3	45596886	45727830	+	ENSG00000144791
SACM1L	3	45730548	45786916	+	ENSG00000211456
SLC6A20	3	45796942	45838027	-	ENSG00000163817
LZTFL1	3	45864808	45957534	-	ENSG00000163818
CCR9	3	45927996	45944667	+	ENSG00000173585
FYCO1	3	45959396	46037316	-	ENSG00000163820
CXCR6	3	45982425	45989845	+	ENSG00000172215
XCR1	3	46058516	46069234	-	ENSG00000173578
CCR3	3	46205096	46308197	+	ENSG00000183625
CCR1	3	46243200	46249887	-	ENSG00000163823
CCR2	3	46395225	46402419	+	ENSG00000121807
CCR5	3	46411633	46417697	+	ENSG00000160791
CCRL2	3	46448654	46454488	+	ENSG00000121797
LTF	3	46477136	46526724	-	ENSG00000012223
RTP3	3	46538981	46542439	+	ENSG00000163825
LRRC2	3	46556913	46621589	-	ENSG00000163827
LUZPP1	3	46598888	46601178	+	ENSG00000268324
TDGF1	3	46616045	46668033	+	ENSG00000241186
ALS2CL	3	46710487	46735194	-	ENSG00000178038
TMIE	3	46742823	46752376	+	ENSG00000181585
PRSS50	3	46753605	46854064	-	ENSG00000206549
PRSS46	3	46761073	46777919	-	ENSG00000261603
PRSS45	3	46783582	46854048	-	ENSG00000188086
PRSS42	3	46871032	46875585	-	ENSG00000178055
MYL3	3	46899362	46923659	-	ENSG00000160808
PTH1R	3	46919236	46945287	+	ENSG00000160801
AC109583.1	3	46927699	46930171	-	ENSG00000268537
CCDC12	3	46963216	47023500	-	ENSG00000160799
NBEAL2	3	47021173	47051193	+	ENSG00000160796
SETD2	3	47057919	47205457	-	ENSG00000181555
KIF9	3	47269516	47324941	-	ENSG00000088727
KLHL18	3	47324407	47388306	+	ENSG00000114648
PTPN23	3	47422501	47454931	+	ENSG00000076201
SCAP	3	47455203	47518616	-	ENSG00000114650
ELP6	3	47537130	47555251	-	ENSG00000163832
CSPG5	3	47603729	47622282	-	ENSG00000114646
SMARCC1	3	47626762	47823596	-	ENSG00000173473
DHX30	3	47844399	47891685	+	ENSG00000132153
MAP4	3	47892182	48130769	-	ENSG00000047849
CDC25A	3	48198636	48229892	-	ENSG00000164045
CAMP	3	48264837	48266981	+	ENSG00000164047
ZNF589	3	48282590	48340743	+	ENSG00000164048
NME6	3	48334754	48343175	-	ENSG00000172113
SPINK8	3	48348336	48369831	-	ENSG00000229453
FBXW12	3	48413709	48442666	+	ENSG00000164049
PLXNB1	3	48445261	48471594	-	ENSG00000164050
CCDC51	3	48473574	48481866	-	ENSG00000164051
TMA7	3	48481667	48485616	+	ENSG00000232112
ATRIP	3	48488114	48507115	+	ENSG00000164053
TREX1	3	48506445	48509044	+	ENSG00000213689
SHISA5	3	48509197	48542259	-	ENSG00000164054
PFKFB4	3	48555117	48599448	-	ENSG00000114268
UCN2	3	48599160	48601206	-	ENSG00000145040
COL7A1	3	48601506	48632700	-	ENSG00000114270
UQCRC1	3	48636435	48648409	-	ENSG00000010256
TMEM89	3	48658192	48659288	-	ENSG00000183396
SLC26A6	3	48663156	48672926	-	ENSG00000225697
CELSR3	3	48673902	48700348	-	ENSG00000008300
NCKIPSD	3	48701364	48723797	-	ENSG00000213672
IP6K2	3	48725436	48777786	-	ENSG00000068745
PRKAR2A	3	48782030	48885279	-	ENSG00000114302
SLC25A20	3	48894369	48936426	-	ENSG00000178537
ARIH2OS	3	48955221	48956818	-	ENSG00000221883
ARIH2	3	48956254	49023815	+	ENSG00000177479
P4HTM	3	49027319	49044587	+	ENSG00000178467
WDR6	3	49044495	49053386	+	ENSG00000178252
DALRD3	3	49052921	49059726	-	ENSG00000178149
NDUFAF3	3	49057892	49060928	+	ENSG00000178057
IMPDH2	3	49061758	49066841	-	ENSG00000178035
QRICH1	3	49067140	49131796	-	ENSG00000198218
QARS	3	49133365	49142553	-	ENSG00000172053
USP19	3	49145479	49158371	-	ENSG00000172046
LAMB2	3	49158547	49170551	-	ENSG00000172037
CCDC71	3	49199968	49203754	-	ENSG00000177352
KLHDC8B	3	49209044	49213917	+	ENSG00000185909
C3orf84	3	49215065	49229291	-	ENSG00000236980
CCDC36	3	49235861	49295537	+	ENSG00000173421
RP11-3B7.1	3	49297518	49298744	+	ENSG00000225399
C3orf62	3	49306035	49315342	-	ENSG00000188315
USP4	3	49315264	49378145	-	ENSG00000114316
GPX1	3	49394609	49396033	-	ENSG00000233276
RHOA	3	49396578	49450431	-	ENSG00000067560
TCTA	3	49449639	49453908	+	ENSG00000145022
AMT	3	49454211	49460186	-	ENSG00000145020
NICN1	3	49460379	49466759	-	ENSG00000145029
DAG1	3	49506146	49573048	+	ENSG00000173402
BSN	3	49591922	49708978	+	ENSG00000164061
APEH	3	49711435	49721396	+	ENSG00000164062
MST1	3	49721380	49726934	-	ENSG00000173531
RNF123	3	49726932	49758962	+	ENSG00000164068
AMIGO3	3	49754267	49761349	-	ENSG00000176020
GMPPB	3	49754277	49761384	-	ENSG00000173540
IP6K1	3	49761727	49823975	-	ENSG00000176095
CDHR4	3	49828165	49837268	-	ENSG00000187492
FAM212A	3	49840687	49842463	+	ENSG00000185614
UBA7	3	49842640	49851379	-	ENSG00000182179
TRAIP	3	49866034	49894007	-	ENSG00000183763
CAMKV	3	49895421	49907655	-	ENSG00000164076
MST1R	3	49924435	49941299	-	ENSG00000164078
CTD-2330K9.3	3	49941278	49954370	+	ENSG00000228008
MON1A	3	49946302	49967606	-	ENSG00000164077
RBM6	3	49977440	50137478	+	ENSG00000004534
RBM5	3	50126341	50156454	+	ENSG00000003756
SEMA3F	3	50192478	50226508	+	ENSG00000001617
GNAT1	3	50229045	50233949	+	ENSG00000114349
GNAI2	3	50263724	50296787	+	ENSG00000114353
LSMEM2	3	50316458	50325545	+	ENSG00000179564
IFRD2	3	50325163	50330349	-	ENSG00000214706
HYAL3	3	50330262	50336899	-	ENSG00000186792
NAT6	3	50333833	50336852	-	ENSG00000243477
HYAL1	3	50337320	50349812	-	ENSG00000114378
HYAL2	3	50355221	50360337	-	ENSG00000068001
TUSC2	3	50357458	50365682	-	ENSG00000114383
RASSF1	3	50367219	50378411	-	ENSG00000068028
ZMYND10	3	50378541	50384283	-	ENSG00000004838
NPRL2	3	50384761	50388522	-	ENSG00000114388
CYB561D2	3	50388126	50395891	+	ENSG00000114395
XXcos-LUCA11.5	3	50388323	50405354	+	ENSG00000272104
TMEM115	3	50392180	50397041	-	ENSG00000126062
CACNA2D2	3	50400233	50541675	-	ENSG00000007402
C3orf18	3	50595462	50608458	-	ENSG00000088543
HEMK1	3	50606583	50622366	+	ENSG00000114735
CISH	3	50643921	50649262	-	ENSG00000114737
MAPKAPK3	3	50648951	50686720	+	ENSG00000114738
DOCK3	3	50712672	51421629	+	ENSG00000088538
MANF	3	51422478	51426828	+	ENSG00000145050
RBM15B	3	51428731	51435330	+	ENSG00000179837
VPRBP	3	51433298	51534010	-	ENSG00000145041
RAD54L2	3	51575160	51702683	+	ENSG00000164080
TEX264	3	51696709	51738339	+	ENSG00000164081
GRM2	3	51741086	51752629	+	ENSG00000164082
IQCF6	3	51812580	51813009	-	ENSG00000214686
IQCF3	3	51851620	51864876	+	ENSG00000229972
IQCF2	3	51895645	51897440	+	ENSG00000184345
IQCF5	3	51907737	51909600	-	ENSG00000214681
IQCF1	3	51928892	51937351	-	ENSG00000173389
RRP9	3	51967446	51975957	-	ENSG00000114767
PARP3	3	51976361	51982883	+	ENSG00000041880
GPR62	3	51989330	51991509	+	ENSG00000180929
PCBP4	3	51991470	52002426	-	ENSG00000090097
RP11-155D18.14	3	51994317	52008032	-	ENSG00000272762
ABHD14B	3	52002526	52017425	-	ENSG00000114779
ABHD14A	3	52005442	52015212	+	ENSG00000248487
ABHD14A-ACY1	3	52009066	52023199	+	ENSG00000114786
ACY1	3	52009066	52023213	+	ENSG00000243989
RPL29	3	52027616	52029958	-	ENSG00000162244
DUSP7	3	52082935	52090566	-	ENSG00000164086
LINC00696	3	52097076	52097567	-	ENSG00000256097
POC1A	3	52109269	52188706	-	ENSG00000164087
ALAS1	3	52232102	52248343	+	ENSG00000023330
TWF2	3	52262626	52273276	-	ENSG00000247596
PPM1M	3	52279841	52284613	+	ENSG00000164088
WDR82	3	52288437	52322036	-	ENSG00000164091
GLYCTK	3	52321105	52329272	+	ENSG00000168237
DNAH1	3	52350335	52434507	+	ENSG00000114841
BAP1	3	52435029	52444366	-	ENSG00000163930
PHF7	3	52444673	52457657	+	ENSG00000010318
SEMA3G	3	52467069	52479101	-	ENSG00000010319
TNNC1	3	52485118	52488086	-	ENSG00000114854
NISCH	3	52489134	52527087	+	ENSG00000010322
STAB1	3	52529354	52558511	+	ENSG00000010327
NT5DC2	3	52558386	52569070	-	ENSG00000168268
SMIM4	3	52568029	52613253	+	ENSG00000168273
PBRM1	3	52579368	52719933	-	ENSG00000163939
GNL3	3	52715172	52728508	+	ENSG00000163938
GLT8D1	3	52728505	52740048	-	ENSG00000016864
SPCS1	3	52738971	52742182	+	ENSG00000114902
NEK4	3	52744800	52804965	-	ENSG00000114904
ITIH1	3	52811603	52826078	+	ENSG00000055957
ITIH3	3	52828784	52843025	+	ENSG00000162267
ITIH4	3	52846991	52865495	-	ENSG00000055955
RP5-966M1.6	3	52847298	52869745	-	ENSG00000243696
MUSTN1	3	52867130	52869235	-	ENSG00000272573
TMEM110-MUSTN1	3	52867137	52931578	-	ENSG00000248592
TMEM110	3	52870235	52931612	-	ENSG00000213533
SFMBT1	3	52937588	53080766	-	ENSG00000163935
RP11-894J14.5	3	53003135	53133469	-	ENSG00000272305
RFT1	3	53122499	53164478	-	ENSG00000163933
PRKCD	3	53190025	53226733	+	ENSG00000163932
TKT	3	53258723	53290068	-	ENSG00000163931
DCP1A	3	53317447	53381654	-	ENSG00000162290
CACNA1D	3	53528683	53847760	+	ENSG00000157388
CHDH	3	53846362	53880417	-	ENSG00000016391
IL17RB	3	53880607	53899827	+	ENSG00000056736
ACTR8	3	53901093	53916229	-	ENSG00000113812
SELK	3	53918437	53926015	-	ENSG00000113811
CACNA2D3	3	54156574	55108584	+	ENSG00000157445
LRTM1	3	54952264	55001115	-	ENSG00000144771
WNT5A	3	55499743	55523973	-	ENSG00000114251
ERC2	3	55542336	56502391	-	ENSG00000187672
CCDC66	3	56591189	56655846	+	ENSG00000180376
FAM208A	3	56654161	56717265	-	ENSG00000163946
ARHGEF3	3	56761446	57113357	-	ENSG00000163947
SPATA12	3	57094469	57109460	+	ENSG00000186451
IL17RD	3	57124010	57204334	-	ENSG00000144730
HESX1	3	57231944	57260549	-	ENSG00000163666
APPL1	3	57261765	57307496	+	ENSG00000157500
ASB14	3	57302375	57326710	-	ENSG00000239388
DNAH12	3	57327727	57530071	-	ENSG00000174844
PDE12	3	57542003	57552571	+	ENSG00000174840
ARF4	3	57557090	57583947	-	ENSG00000168374
DENND6A	3	57611184	57678816	-	ENSG00000174839
SLMAP	3	57741177	57914895	+	ENSG00000163681
FLNB	3	57994127	58157982	+	ENSG00000136068
DNASE1L3	3	58177984	58200424	-	ENSG00000163687
ABHD6	3	58223233	58281420	+	ENSG00000163686
PXK	3	58318607	58411748	+	ENSG00000168297
PDHB	3	58413357	58419584	-	ENSG00000168291
KCTD6	3	58477841	58488087	+	ENSG00000168301
ACOX2	3	58490863	58523046	-	ENSG00000168306
FAM107A	3	58549844	58613337	-	ENSG00000168309
FAM3D	3	58619673	58652575	-	ENSG00000198643
C3orf67	3	58703092	59035810	-	ENSG00000163689
FHIT	3	59735036	61237133	-	ENSG00000189283
NPCDR1	3	59957215	59957583	-	ENSG00000269415
PTPRG	3	61547243	62283288	+	ENSG00000144724
C3orf14	3	62304648	62321888	+	ENSG00000114405
FEZF2	3	62355356	62359999	-	ENSG00000153266
CADPS	3	62384022	62861054	-	ENSG00000163618
SYNPR	3	63213991	63602597	+	ENSG00000163630
SNTN	3	63638344	63664696	+	ENSG00000188817
C3orf49	3	63805038	63834312	+	ENSG00000163632
THOC7	3	63819546	63849579	-	ENSG00000163634
ATXN7	3	63850233	63989138	+	ENSG00000163635
PSMD6	3	63996225	64009658	-	ENSG00000163636
PRICKLE2	3	64079543	64431152	-	ENSG00000163637
ADAMTS9	3	64501333	64673676	-	ENSG00000163638
MAGI1	3	65339200	66024509	-	ENSG00000151276
SLC25A26	3	66119285	66438540	+	ENSG00000144741
LRIG1	3	66429221	66551687	-	ENSG00000144749
KBTBD8	3	67048727	67061634	+	ENSG00000163376
SUCLG2	3	67410884	67705038	-	ENSG00000172340
FAM19A1	3	68053359	68594776	+	ENSG00000183662
FAM19A4	3	68780917	68981761	-	ENSG00000163377
EOGT	3	69024365	69063112	-	ENSG00000163378
TMF1	3	69068978	69101484	-	ENSG00000144747
UBA3	3	69103881	69129559	-	ENSG00000144744
ARL6IP5	3	69134095	69155217	+	ENSG00000144746
LMOD3	3	69156023	69172183	-	ENSG00000163380
FRMD4B	3	69219141	69591734	-	ENSG00000114541
MITF	3	69788586	70017488	+	ENSG00000187098
FOXP1	3	71003844	71633140	-	ENSG00000114861
EIF4E3	3	71724567	71803924	-	ENSG00000163412
GPR27	3	71803201	71805647	+	ENSG00000170837
PROK2	3	71820807	71834357	-	ENSG00000163421
RYBP	3	72420976	72496069	-	ENSG00000163602
SHQ1	3	72798428	72911065	-	ENSG00000144736
GXYLT2	3	72937224	73047289	+	ENSG00000172986
PPP4R2	3	73045936	73118350	+	ENSG00000163605
EBLN2	3	73110810	73112488	+	ENSG00000255423
PDZRN3	3	73431584	73674091	-	ENSG00000121440
CNTN3	3	74311719	74570291	-	ENSG00000113805
ZNF717	3	75758794	75834734	-	ENSG00000227124
ROBO2	3	75955846	77699115	+	ENSG00000185008
ROBO1	3	78646390	79816965	-	ENSG00000169855
GBE1	3	81538850	81811312	-	ENSG00000114480
CADM2	3	85008132	86123579	+	ENSG00000175161
VGLL3	3	86987119	87040269	-	ENSG00000206538
CHMP2B	3	87276421	87304698	+	ENSG00000083937
POU1F1	3	87308554	87325737	-	ENSG00000064835
HTR1F	3	88039846	88042919	+	ENSG00000179097
CGGBP1	3	88101094	88199035	-	ENSG00000163320
RP11-159G9.5	3	88108424	88188123	+	ENSG00000229729
ZNF654	3	88188254	88193815	+	ENSG00000175105
C3orf38	3	88198893	88217879	+	ENSG00000179021
EPHA3	3	89156674	89531284	+	ENSG00000044524
PROS1	3	93591881	93692910	-	ENSG00000184500
ARL13B	3	93698983	93774512	+	ENSG00000169379
STX19	3	93733213	93747454	-	ENSG00000178750
DHFRL1	3	93766680	93782233	-	ENSG00000178700
NSUN3	3	93781760	93847389	+	ENSG00000178694
MTRNR2L12	3	96335981	96337000	-	ENSG00000269028
EPHA6	3	96533425	97471304	+	ENSG00000080224
ARL6	3	97483365	97519953	+	ENSG00000113966
MINA	3	97660662	97691301	-	ENSG00000170854
OR5AC2	3	97806017	97806946	+	ENSG00000196578
OR5H1	3	97851542	97852483	+	ENSG00000231192
OR5H14	3	97868170	97869249	+	ENSG00000236032
OR5H15	3	97887544	97888485	+	ENSG00000233412
OR5H6	3	97983088	97984200	+	ENSG00000230301
OR5H2	3	98001732	98002676	+	ENSG00000197938
OR5K4	3	98072698	98073663	+	ENSG00000196098
OR5K3	3	98109510	98110475	+	ENSG00000206536
OR5K1	3	98188324	98189420	+	ENSG00000232382
OR5K2	3	98216448	98217496	+	ENSG00000231861
CLDND1	3	98216756	98241910	-	ENSG00000080822
CPOX	3	98239976	98312567	-	ENSG00000080819
GPR15	3	98250743	98251960	+	ENSG00000154165
ST3GAL6	3	98451080	98540045	+	ENSG00000064225
DCBLD2	3	98514785	98620533	-	ENSG00000057019
COL8A1	3	99357319	99518070	+	ENSG00000144810
CMSS1	3	99536678	99897447	+	ENSG00000184220
FILIP1L	3	99548985	99833357	-	ENSG00000168386
TMEM30C	3	99904531	99913035	+	ENSG00000235156
TBC1D23	3	99979844	100044095	+	ENSG00000036054
NIT2	3	100053545	100075710	+	ENSG00000114021
TOMM70A	3	100082275	100120242	-	ENSG00000154174
LNP1	3	100120037	100175163	+	ENSG00000206535
TMEM45A	3	100211463	100296288	+	ENSG00000181458
GPR128	3	100328433	100414323	+	ENSG00000144820
TFG	3	100428205	100467810	+	ENSG00000114354
ABI3BP	3	100468000	100712359	-	ENSG00000154175
IMPG2	3	100941390	101039404	-	ENSG00000081148
SENP7	3	101043049	101232085	-	ENSG00000138468
TRMT10C	3	101280706	101285290	+	ENSG00000174173
PCNP	3	101292939	101313281	+	ENSG00000081154
ZBTB11	3	101367733	101396339	-	ENSG00000066422
RPL24	3	101399935	101405626	-	ENSG00000114391
CEP97	3	101442769	101489406	+	ENSG00000182504
NXPE3	3	101498046	101547073	+	ENSG00000144815
NFKBIZ	3	101546835	101579866	+	ENSG00000144802
ZPLD1	3	101818088	102198685	+	ENSG00000170044
ALCAM	3	105085753	105295744	+	ENSG00000170017
CBLB	3	105374305	105588396	-	ENSG00000114423
CCDC54	3	107096188	107097481	+	ENSG00000138483
BBX	3	107241783	107530171	+	ENSG00000114439
CD47	3	107762145	107809872	-	ENSG00000196776
IFT57	3	107879659	107941417	-	ENSG00000114446
HHLA2	3	108015376	108097132	+	ENSG00000114455
MYH15	3	108099216	108248169	-	ENSG00000144821
KIAA1524	3	108268716	108308491	-	ENSG00000163507
DZIP3	3	108308529	108413693	+	ENSG00000198919
RETNLB	3	108462271	108476231	-	ENSG00000163515
TRAT1	3	108541545	108573852	+	ENSG00000163519
GUCA1C	3	108626639	108672742	-	ENSG00000138472
MORC1	3	108677086	108836989	-	ENSG00000114487
DPPA2	3	109012635	109035364	-	ENSG00000163530
DPPA4	3	109044988	109056419	-	ENSG00000121570
RP11-553A10.1	3	110607231	110612323	-	ENSG00000206532
PVRL3	3	110788918	110994410	+	ENSG00000177707
CD96	3	111011566	111384597	+	ENSG00000153283
ZBED2	3	111311747	111314290	-	ENSG00000177494
PLCXD2	3	111393523	111565294	+	ENSG00000240891
PHLDB2	3	111451344	111695364	+	ENSG00000144824
ABHD10	3	111697857	111712210	+	ENSG00000144827
TAGLN3	3	111717511	111732734	+	ENSG00000144834
TMPRSS7	3	111753690	111800116	+	ENSG00000176040
C3orf52	3	111805182	111849851	+	ENSG00000114529
GCSAM	3	111839688	111852152	-	ENSG00000174500
SLC9C1	3	111859734	112013105	-	ENSG00000172139
CD200	3	112051194	112081659	+	ENSG00000091972
BTLA	3	112182815	112218408	-	ENSG00000186265
ATG3	3	112251356	112280893	-	ENSG00000144848
SLC35A5	3	112280556	112304424	+	ENSG00000138459
CCDC80	3	112323407	112368377	-	ENSG00000091986
CD200R1L	3	112534556	112565703	-	ENSG00000206531
CD200R1	3	112640056	112693969	-	ENSG00000163606
GTPBP8	3	112709765	112733907	+	ENSG00000163607
C3orf17	3	112721287	112738708	-	ENSG00000163608
BOC	3	112929850	113006303	+	ENSG00000144857
WDR52	3	113005777	113160457	-	ENSG00000206530
SPICE1	3	113161565	113234034	-	ENSG00000163611
SIDT1	3	113251143	113348425	+	ENSG00000072858
KIAA2018	3	113367232	113415493	-	ENSG00000176542
NAA50	3	113435307	113465147	-	ENSG00000121579
ATP6V1A	3	113465866	113530903	+	ENSG00000114573
GRAMD1C	3	113547029	113666021	+	ENSG00000178075
ZDHHC23	3	113666748	113684248	+	ENSG00000184307
KIAA1407	3	113682984	113775460	-	ENSG00000163617
QTRTD1	3	113724680	113807269	+	ENSG00000151576
DRD3	3	113847499	113918254	-	ENSG00000151577
ZNF80	3	113953483	113956425	-	ENSG00000174255
TIGIT	3	113995760	114029135	+	ENSG00000181847
ZBTB20	3	114056941	114866118	-	ENSG00000181722
GAP43	3	115342171	115440337	+	ENSG00000172020
LSAMP	3	115521235	117716095	-	ENSG00000185565
IGSF11	3	118619404	118864915	-	ENSG00000144847
C3orf30	3	118864997	118878889	+	ENSG00000163424
RP11-484M3.5	3	118866222	118906654	+	ENSG00000251012
UPK1B	3	118892364	118924000	+	ENSG00000114638
B4GALT4	3	118930579	118959950	-	ENSG00000121578
ARHGAP31	3	119013220	119139561	+	ENSG00000031081
TMEM39A	3	119148347	119187677	-	ENSG00000176142
POGLUT1	3	119187785	119213555	+	ENSG00000163389
TIMMDC1	3	119217379	119243937	+	ENSG00000113845
CD80	3	119243140	119278449	-	ENSG00000121594
ADPRH	3	119298115	119308792	+	ENSG00000144843
PLA1A	3	119316689	119348658	+	ENSG00000144837
POPDC2	3	119355304	119384171	-	ENSG00000121577
COX17	3	119373360	119396301	-	ENSG00000138495
MAATS1	3	119421869	119485949	+	ENSG00000183833
NR1I2	3	119499331	119537332	+	ENSG00000144852
GSK3B	3	119540170	119813264	-	ENSG00000082701
GPR156	3	119883492	120003941	-	ENSG00000175697
LRRC58	3	120043356	120068186	-	ENSG00000163428
FSTL1	3	120111140	120170100	-	ENSG00000163430
NDUFB4	3	120315156	120321347	+	ENSG00000065518
HGD	3	120347020	120401418	-	ENSG00000113924
RABL3	3	120405528	120461840	-	ENSG00000144840
GTF2E1	3	120461484	120501916	+	ENSG00000153767
STXBP5L	3	120626919	121143608	+	ENSG00000145087
POLQ	3	121150278	121264853	-	ENSG00000051341
ARGFX	3	121289551	121305481	+	ENSG00000186103
FBXO40	3	121311966	121349139	+	ENSG00000163833
HCLS1	3	121350246	121379774	-	ENSG00000180353
GOLGB1	3	121382046	121468602	-	ENSG00000173230
IQCB1	3	121488610	121553926	-	ENSG00000173226
EAF2	3	121554030	121605373	+	ENSG00000145088
SLC15A2	3	121612936	121662949	+	ENSG00000163406
ILDR1	3	121706170	121741051	-	ENSG00000145103
CD86	3	121774213	121839983	+	ENSG00000114013
CASR	3	121902530	122005342	+	ENSG00000036828
CSTA	3	122044091	122060819	+	ENSG00000121552
CCDC58	3	122078438	122102078	-	ENSG00000160124
FAM162A	3	122103023	122131181	+	ENSG00000114023
WDR5B	3	122130715	122134882	-	ENSG00000196981
KPNA1	3	122140796	122233792	-	ENSG00000114030
PARP9	3	122246771	122283424	-	ENSG00000138496
DTX3L	3	122283085	122294050	+	ENSG00000163840
PARP15	3	122296449	122357894	+	ENSG00000173200
PARP14	3	122399465	122449687	+	ENSG00000173193
HSPBAP1	3	122458846	122512671	-	ENSG00000169087
DIRC2	3	122513642	122599986	+	ENSG00000138463
SEMA5B	3	122628041	122747452	-	ENSG00000082684
PDIA5	3	122785909	122944074	+	ENSG00000065485
SEC22A	3	122920774	122992977	+	ENSG00000121542
ADCY5	3	123001143	123168605	-	ENSG00000173175
PTPLB	3	123209667	123304032	-	ENSG00000206527
MYLK	3	123328896	123603178	-	ENSG00000065534
CCDC14	3	123616152	123680564	-	ENSG00000175455
ROPN1	3	123687368	123711025	-	ENSG00000065371
KALRN	3	123798870	124445172	+	ENSG00000160145
UMPS	3	124449213	124464040	+	ENSG00000114491
ITGB5	3	124480795	124620265	-	ENSG00000082781
MUC13	3	124624289	124672663	-	ENSG00000173702
HEG1	3	124684554	124774802	-	ENSG00000173706
SLC12A8	3	124801480	124998021	-	ENSG00000221955
ZNF148	3	124944405	125094198	-	ENSG00000163848
SNX4	3	125165495	125239041	-	ENSG00000114520
OSBPL11	3	125247702	125313934	-	ENSG00000144909
ALG1L	3	125648118	125655882	-	ENSG00000189366
ROPN1B	3	125687987	125702297	+	ENSG00000114547
SLC41A3	3	125725198	125820404	-	ENSG00000114544
ALDH1L1	3	125822412	125916837	-	ENSG00000144908
KLF15	3	126061478	126076285	-	ENSG00000163884
CCDC37	3	126113782	126155399	+	ENSG00000163885
ZXDC	3	126156444	126194762	-	ENSG00000070476
UROC1	3	126200124	126236616	-	ENSG00000159650
CHST13	3	126243126	126262134	+	ENSG00000180767
C3orf22	3	126245842	126277808	-	ENSG00000180697
TXNRD3	3	126290622	126373998	-	ENSG00000197763
TXNRD3NB	3	126290625	126327398	-	ENSG00000206483
CHCHD6	3	126423063	126679249	+	ENSG00000159685
PLXNA1	3	126707437	126756235	+	ENSG00000114554
C3orf56	3	126911974	126917025	+	ENSG00000214324
TPRA1	3	127291912	127317094	-	ENSG00000163870
MCM2	3	127317066	127341276	+	ENSG00000073111
PODXL2	3	127348024	127391652	+	ENSG00000114631
ABTB1	3	127391778	127399768	+	ENSG00000114626
MGLL	3	127407909	127542051	-	ENSG00000074416
KBTBD12	3	127634075	127706514	+	ENSG00000187715
SEC61A1	3	127770484	127790526	+	ENSG00000058262
RUVBL1	3	127783621	127872757	-	ENSG00000175792
EEFSEC	3	127872297	128127485	+	ENSG00000132394
DNAJB8	3	128181282	128186091	-	ENSG00000179407
GATA2	3	128198270	128212028	-	ENSG00000179348
C3orf27	3	128290843	128294929	-	ENSG00000198685
RPN1	3	128338817	128399918	-	ENSG00000163902
RAB7A	3	128444965	128533639	+	ENSG00000075785
ACAD9	3	128598439	128634910	+	ENSG00000177646
KIAA1257	3	128628709	128721533	-	ENSG00000114656
RP11-723O4.6	3	128628717	128690173	-	ENSG00000187695
EFCC1	3	128720472	128759585	+	ENSG00000114654
GP9	3	128779610	128781249	+	ENSG00000169704
RAB43	3	128806412	128841644	-	ENSG00000172780
ISY1-RAB43	3	128806418	128879879	-	ENSG00000261796
ISY1	3	128846258	128880136	-	ENSG00000240682
CNBP	3	128888327	128902765	-	ENSG00000169714
COPG1	3	128968449	128996614	+	ENSG00000181789
HMCES	3	128997671	129025029	+	ENSG00000183624
H1FX	3	129033615	129035120	-	ENSG00000184897
EFCAB12	3	129120164	129147494	-	ENSG00000172771
MBD4	3	129149787	129158878	-	ENSG00000129071
IFT122	3	129158968	129239198	+	ENSG00000163913
RHO	3	129247483	129254012	+	ENSG00000163914
H1FOO	3	129262057	129270310	+	ENSG00000178804
PLXND1	3	129274018	129325661	-	ENSG00000004399
TMCC1	3	129366635	129612419	-	ENSG00000172765
TRH	3	129693148	129696781	+	ENSG00000170893
COL6A5	3	130064359	130203688	+	ENSG00000172752
COL6A6	3	130279178	130396999	+	ENSG00000206384
PIK3R4	3	130397779	130465673	-	ENSG00000196455
ATP2C1	3	130569439	130735556	+	ENSG00000017260
ASTE1	3	130732719	130746493	-	ENSG00000034533
NEK11	3	130745694	131069309	+	ENSG00000114670
NUDT16	3	131100515	131107674	+	ENSG00000198585
MRPL3	3	131181056	131221827	-	ENSG00000114686
CPNE4	3	131252399	132004254	-	ENSG00000196353
ACPP	3	132036211	132087142	+	ENSG00000014257
DNAJC13	3	132136370	132257876	+	ENSG00000138246
ACAD11	3	132276982	132379567	-	ENSG00000240303
NPHP3	3	132276986	132441303	-	ENSG00000113971
ACKR4	3	132316081	132337811	+	ENSG00000129048
UBA5	3	132373290	132396941	+	ENSG00000081307
TMEM108	3	132757235	133116636	+	ENSG00000144868
BFSP2	3	133118839	133194066	+	ENSG00000170819
CDV3	3	133292574	133309105	+	ENSG00000091527
TOPBP1	3	133317019	133380737	-	ENSG00000163781
TF	3	133464800	133497850	+	ENSG00000091513
SRPRB	3	133502877	133544616	+	ENSG00000144867
RAB6B	3	133543083	133614680	-	ENSG00000154917
C3orf36	3	133646992	133648656	-	ENSG00000221972
SLCO2A1	3	133651540	133771028	-	ENSG00000174640
RYK	3	133784147	133969689	-	ENSG00000163785
AMOTL2	3	134074716	134094321	-	ENSG00000114019
ANAPC13	3	134196548	134205558	-	ENSG00000129055
CEP63	3	134204585	134293859	+	ENSG00000182923
EPHB1	3	134316643	134979309	+	ENSG00000154928
KY	3	134321980	134370478	-	ENSG00000174611
PPP2R3A	3	135684515	135866733	+	ENSG00000073711
MSL2	3	135867764	135916083	-	ENSG00000174579
PCCB	3	135969148	136056738	+	ENSG00000114054
STAG1	3	136055077	136471220	-	ENSG00000118007
SLC35G2	3	136537489	136574734	+	ENSG00000168917
NCK1	3	136581050	136668665	+	ENSG00000158092
IL20RB	3	136665072	136729927	+	ENSG00000174564
SOX14	3	137483579	137484396	+	ENSG00000168875
CLDN18	3	137717577	137752494	+	ENSG00000066405
DZIP1L	3	137780832	137834660	-	ENSG00000158163
A4GNT	3	137842560	137851229	-	ENSG00000118017
DBR1	3	137879854	137893791	-	ENSG00000138231
ARMC8	3	137906109	138017231	+	ENSG00000114098
NME9	3	137980279	138048728	-	ENSG00000181322
MRAS	3	138066539	138124375	+	ENSG00000158186
ESYT3	3	138153428	138200528	+	ENSG00000158220
CEP70	3	138213186	138313380	-	ENSG00000114107
FAIM	3	138327448	138352218	+	ENSG00000158234
PIK3CB	3	138372860	138553780	-	ENSG00000051382
FOXL2	3	138663066	138665982	-	ENSG00000183770
C3orf72	3	138666076	138672293	+	ENSG00000206262
PRR23A	3	138722804	138725110	-	ENSG00000206260
MRPS22	3	138724648	139076065	+	ENSG00000175110
PRR23B	3	138737873	138739768	-	ENSG00000184814
PRR23C	3	138760944	138763734	-	ENSG00000233701
COPB2	3	139074442	139108574	-	ENSG00000184432
RBP2	3	139171726	139199589	-	ENSG00000114113
RBP1	3	139236276	139258671	-	ENSG00000114115
NMNAT3	3	139279022	139396859	-	ENSG00000163864
CLSTN2	3	139654027	140296239	+	ENSG00000158258
TRIM42	3	140396881	140419992	+	ENSG00000155890
SLC25A36	3	140660672	140698775	+	ENSG00000114120
SPSB4	3	140770244	140867453	+	ENSG00000175093
ACPL2	3	140947568	141013748	+	ENSG00000155893
ZBTB38	3	141043055	141168634	+	ENSG00000177311
RASA2	3	141205889	141334184	+	ENSG00000155903
RNF7	3	141457046	141466402	+	ENSG00000114125
GRK7	3	141496990	141537332	+	ENSG00000114124
ATP1B3	3	141594966	141645356	+	ENSG00000069849
TFDP2	3	141663277	141868386	-	ENSG00000114126
GK5	3	141882414	141944449	-	ENSG00000175066
XRN1	3	142025449	142166904	-	ENSG00000114127
ATR	3	142168077	142297668	-	ENSG00000175054
PLS1	3	142315229	142432506	+	ENSG00000120756
TRPC1	3	142442916	142526730	+	ENSG00000144935
PCOLCE2	3	142534764	142608045	-	ENSG00000163710
PAQR9	3	142668006	142682178	-	ENSG00000188582
U2SURP	3	142683339	142779567	+	ENSG00000163714
CHST2	3	142838173	142841800	+	ENSG00000175040
SLC9A9	3	142984064	143567373	-	ENSG00000181804
C3orf58	3	143690640	143767561	+	ENSG00000181744
AC107021.1	3	145782358	145784156	+	ENSG00000232013
PLOD2	3	145787227	145881440	-	ENSG00000152952
PLSCR4	3	145910126	145968966	-	ENSG00000114698
PLSCR2	3	146109208	146213778	-	ENSG00000163746
PLSCR1	3	146232967	146262651	-	ENSG00000188313
PLSCR5	3	146294342	146324003	-	ENSG00000231213
ZIC4	3	147103833	147124647	-	ENSG00000174963
ZIC1	3	147111209	147228080	+	ENSG00000152977
AGTR1	3	148415571	148460795	+	ENSG00000144891
CPB1	3	148508889	148577974	+	ENSG00000153002
CPA3	3	148583043	148614983	+	ENSG00000163751
GYG1	3	148709128	148745419	+	ENSG00000163754
HLTF	3	148747914	148804341	-	ENSG00000071794
HPS3	3	148847371	148891519	+	ENSG00000163755
CP	3	148880197	148939842	-	ENSG00000047457
TM4SF18	3	149036285	149052201	-	ENSG00000163762
TM4SF1	3	149086809	149095652	-	ENSG00000169908
TM4SF4	3	149191761	149221068	+	ENSG00000169903
WWTR1	3	149235022	149454501	-	ENSG00000018408
COMMD2	3	149456257	149470286	-	ENSG00000114744
ANKUB1	3	149478892	149686172	-	ENSG00000206199
RNF13	3	149530495	149679926	+	ENSG00000082996
PFN2	3	149682691	149768575	-	ENSG00000070087
AC117395.1	3	149689066	149690535	+	ENSG00000268175
TSC22D2	3	150126122	150184218	+	ENSG00000196428
SERP1	3	150259781	150321015	-	ENSG00000120742
EIF2A	3	150264465	150302029	+	ENSG00000144895
SELT	3	150320662	150348222	+	ENSG00000198843
FAM194A	3	150377672	150421758	-	ENSG00000163645
SIAH2	3	150458914	150481264	-	ENSG00000181788
FAM188B2	3	150588832	150612089	-	ENSG00000214237
RP11-166N6.3	3	150600784	150659530	-	ENSG00000260234
CLRN1	3	150643950	150690786	-	ENSG00000163646
MED12L	3	150803484	151154860	+	ENSG00000144893
GPR171	3	150915619	150920988	-	ENSG00000174946
P2RY14	3	150929905	150996255	-	ENSG00000174944
GPR87	3	151011891	151034740	-	ENSG00000138271
P2RY13	3	151044100	151047336	-	ENSG00000181631
P2RY12	3	151055168	151102600	-	ENSG00000169313
IGSF10	3	151143172	151176497	-	ENSG00000152580
AADACL2	3	151451704	151479127	+	ENSG00000197953
AADAC	3	151531825	151546276	+	ENSG00000114771
SUCNR1	3	151591431	151602405	+	ENSG00000198829
MBNL1	3	151961617	152183569	+	ENSG00000152601
TMEM14E	3	152057484	152058779	-	ENSG00000221962
P2RY1	3	152552736	152555841	+	ENSG00000169860
RAP2B	3	152880029	152886265	+	ENSG00000181467
C3orf79	3	153202284	153220486	+	ENSG00000237787
ARHGEF26	3	153838792	153975616	+	ENSG00000114790
DHX36	3	153990335	154042286	-	ENSG00000174953
GPR149	3	154055461	154147504	-	ENSG00000174948
MME	3	154741913	154901497	+	ENSG00000196549
PLCH1	3	155093369	155462856	-	ENSG00000114805
AC104472.1	3	155459933	155461515	-	ENSG00000214919
C3orf33	3	155480401	155524140	-	ENSG00000174928
SLC33A1	3	155538813	155572218	-	ENSG00000169359
GMPS	3	155588325	155661815	+	ENSG00000163655
KCNAB1	3	155755490	156256545	+	ENSG00000169282
SSR3	3	156257929	156272973	-	ENSG00000114850
TIPARP	3	156391024	156424559	+	ENSG00000163659
LEKR1	3	156543270	156763918	+	ENSG00000197980
CCNL1	3	156864297	156878549	-	ENSG00000163660
VEPH1	3	156977531	157251408	-	ENSG00000197415
PTX3	3	157154578	157161417	+	ENSG00000163661
C3orf55	3	157261035	157395538	+	ENSG00000174899
SHOX2	3	157814948	157824292	-	ENSG00000168779
RSRC1	3	157823644	158263519	+	ENSG00000174891
MLF1	3	158288952	158325041	+	ENSG00000178053
GFM1	3	158362067	158410364	+	ENSG00000168827
LXN	3	158363611	158390482	-	ENSG00000079257
RARRES1	3	158414681	158450485	-	ENSG00000118849
MFSD1	3	158449987	158547508	+	ENSG00000118855
IQCJ-SCHIP1	3	158680024	159615155	+	ENSG00000250588
IQCJ	3	158680717	158984096	+	ENSG00000214216
SCHIP1	3	159557650	159615149	+	ENSG00000151967
IL12A	3	159706537	159713806	+	ENSG00000168811
LINC01100	3	159733811	159749210	+	ENSG00000242107
C3orf80	3	159943423	159945999	+	ENSG00000180044
RP11-432B6.3	3	159945241	160167617	-	ENSG00000248710
IFT80	3	159974774	160117668	-	ENSG00000068885
SMC4	3	160117062	160152750	+	ENSG00000113810
TRIM59	3	160150233	160203561	-	ENSG00000213186
KPNA4	3	160212783	160283376	-	ENSG00000186432
ARL14	3	160394948	160396233	+	ENSG00000179674
PPM1L	3	160473390	160796695	+	ENSG00000163590
B3GALNT1	3	160801671	160823172	-	ENSG00000169255
NMD3	3	160822484	160971320	+	ENSG00000169251
SPTSSB	3	161062580	161090668	-	ENSG00000196542
OTOL1	3	161214596	161221730	+	ENSG00000182447
SI	3	164696686	164796283	-	ENSG00000090402
SLITRK3	3	164904508	164914897	-	ENSG00000121871
BCHE	3	165490692	165555260	-	ENSG00000114200
ZBBX	3	166958075	167099134	-	ENSG00000169064
SERPINI2	3	167159577	167196792	-	ENSG00000114204
WDR49	3	167196472	167371771	-	ENSG00000174776
PDCD10	3	167401086	167452727	-	ENSG00000114209
SERPINI1	3	167453031	167543356	+	ENSG00000163536
GOLIM4	3	167726465	167813763	-	ENSG00000173905
MECOM	3	168801287	169381406	-	ENSG00000085276
ACTRT3	3	169484709	169487683	-	ENSG00000184378
MYNN	3	169490619	169507504	+	ENSG00000085274
LRRC34	3	169511216	169530774	-	ENSG00000171757
LRRIQ4	3	169539710	169555563	+	ENSG00000188306
LRRC31	3	169556967	169587718	-	ENSG00000114248
SAMD7	3	169629360	169656963	+	ENSG00000187033
SEC62	3	169684423	169716161	+	ENSG00000008952
GPR160	3	169755717	169803191	+	ENSG00000173890
PHC3	3	169804520	169899537	-	ENSG00000173889
PRKCI	3	169940153	170023769	+	ENSG00000163558
SKIL	3	170075466	170114623	+	ENSG00000136603
CLDN11	3	170136653	170578169	+	ENSG00000013297
SLC7A14	3	170177372	170303863	-	ENSG00000013293
RPL22L1	3	170582664	170588272	-	ENSG00000163584
EIF5A2	3	170606204	170626482	-	ENSG00000163577
SLC2A2	3	170714137	170744539	-	ENSG00000163581
TNIK	3	170779128	171178197	-	ENSG00000154310
PLD1	3	171318195	171528740	-	ENSG00000075651
PP13439	3	171509580	171527714	-	ENSG00000183657
TMEM212	3	171561139	171656505	+	ENSG00000186329
FNDC3B	3	171757418	172119455	+	ENSG00000075420
AC092964.2	3	172019438	172019686	-	ENSG00000267979
AC092964.1	3	172034218	172039513	+	ENSG00000203443
GHSR	3	172162923	172166246	-	ENSG00000121853
TNFSF10	3	172223298	172241297	-	ENSG00000121858
NCEH1	3	172348039	172429008	-	ENSG00000144959
AC007919.2	3	172361483	172361740	+	ENSG00000269496
ECT2	3	172468472	172539264	+	ENSG00000114346
SPATA16	3	172607148	172859058	-	ENSG00000144962
NLGN1	3	173114074	174004434	+	ENSG00000169760
NAALADL2	3	174156363	175523428	+	ENSG00000177694
TBL1XR1	3	176737143	176915261	-	ENSG00000177565
KCNMB2	3	177990720	178562217	+	ENSG00000197584
ZMAT3	3	178735011	178790067	-	ENSG00000172667
PIK3CA	3	178865902	178957881	+	ENSG00000121879
KCNMB3	3	178957530	178984790	-	ENSG00000171121
ZNF639	3	179040779	179053323	+	ENSG00000121864
MFN1	3	179065480	179112719	+	ENSG00000171109
GNB4	3	179116990	179169378	-	ENSG00000114450
ACTL6A	3	179280668	179306196	+	ENSG00000136518
MRPL47	3	179306073	179322442	-	ENSG00000136522
NDUFB5	3	179322478	179345435	+	ENSG00000136521
USP13	3	179370543	179507189	+	ENSG00000058056
PEX5L	3	179512746	179754841	-	ENSG00000114757
TTC14	3	180319918	180335616	+	ENSG00000163728
CCDC39	3	180320646	180588793	-	ENSG00000145075
FXR1	3	180585929	180700541	+	ENSG00000114416
DNAJC19	3	180701497	180707562	-	ENSG00000205981
SOX2	3	181429714	181432221	+	ENSG00000181449
ATP11B	3	182511288	182639423	+	ENSG00000058063
DCUN1D1	3	182655862	182703741	-	ENSG00000043093
MCCC1	3	182733006	182833863	-	ENSG00000078070
LAMP3	3	182840001	182881627	-	ENSG00000078081
MCF2L2	3	182895831	183146566	-	ENSG00000053524
B3GNT5	3	182971032	183016292	+	ENSG00000176597
KLHL6	3	183205319	183273477	-	ENSG00000172578
KLHL24	3	183353356	183402265	+	ENSG00000114796
YEATS2	3	183415606	183530413	+	ENSG00000163872
MAP6D1	3	183533664	183543382	-	ENSG00000180834
PARL	3	183547173	183602721	-	ENSG00000175193
ABCC5	3	183637722	183735803	-	ENSG00000114770
HTR3D	3	183749332	183757157	+	ENSG00000186090
HTR3C	3	183770835	183778459	+	ENSG00000178084
HTR3E	3	183814852	183824783	+	ENSG00000186038
EIF2B5	3	183852826	184402546	+	ENSG00000145191
DVL3	3	183873176	183891398	+	ENSG00000161202
AP2M1	3	183892477	183901879	+	ENSG00000161203
ABCF3	3	183903811	183911800	+	ENSG00000161204
VWA5B2	3	183948217	183960117	+	ENSG00000145198
ALG3	3	183960089	183967336	-	ENSG00000214160
ECE2	3	183967438	184010819	+	ENSG00000145194
CAMK2N2	3	183977001	183979251	-	ENSG00000163888
PSMD2	3	184016497	184026842	+	ENSG00000175166
EIF4G1	3	184032283	184053146	+	ENSG00000114867
FAM131A	3	184053714	184064063	+	ENSG00000175182
CLCN2	3	184063973	184079439	-	ENSG00000114859
POLR2H	3	184079506	184086384	+	ENSG00000163882
THPO	3	184089723	184095932	-	ENSG00000090534
CHRD	3	184097861	184108524	+	ENSG00000090539
RP11-433C9.2	3	184119325	184157436	+	ENSG00000224153
EPHB3	3	184279572	184300197	+	ENSG00000182580
MAGEF1	3	184428156	184429836	-	ENSG00000177383
VPS8	3	184529931	184770402	+	ENSG00000156931
C3orf70	3	184795838	184870802	-	ENSG00000187068
EHHADH	3	184908412	184999778	-	ENSG00000113790
MAP3K13	3	185000729	185206885	+	ENSG00000073803
TMEM41A	3	185194284	185216845	-	ENSG00000163900
LIPH	3	185224050	185270401	-	ENSG00000163898
SENP2	3	185300284	185351339	+	ENSG00000163904
IGF2BP2	3	185361527	185542844	-	ENSG00000073792
C3orf65	3	185430316	185447575	+	ENSG00000163915
TRA2B	3	185633694	185655924	-	ENSG00000136527
ETV5	3	185764097	185828107	-	ENSG00000244405
DGKG	3	185823457	186080026	-	ENSG00000058866
CRYGS	3	186256230	186264491	-	ENSG00000213139
TBCCD1	3	186263862	186288332	-	ENSG00000113838
DNAJB11	3	186285192	186315061	+	ENSG00000090520
AHSG	3	186330712	186339107	+	ENSG00000145192
FETUB	3	186353758	186370930	+	ENSG00000090512
HRG	3	186378005	186396029	+	ENSG00000113905
KNG1	3	186435065	186461743	+	ENSG00000113889
EIF4A2	3	186500994	186507689	+	ENSG00000156976
RFC4	3	186507669	186524847	-	ENSG00000163918
ADIPOQ	3	186560463	186576252	+	ENSG00000181092
ST6GAL1	3	186648274	186796341	+	ENSG00000073849
RPL39L	3	186838736	186898696	-	ENSG00000163923
RTP1	3	186915274	186919253	+	ENSG00000175077
MASP1	3	186935942	187009810	-	ENSG00000127241
RTP4	3	187086120	187089864	+	ENSG00000136514
SST	3	187386694	187388187	-	ENSG00000157005
RTP2	3	187416047	187420345	-	ENSG00000198471
RP11-211G3.3	3	187420101	187451637	+	ENSG00000228804
BCL6	3	187439165	187463515	-	ENSG00000113916
LPP	3	187871072	188608460	+	ENSG00000145012
AC022498.1	3	187896331	187898598	+	ENSG00000213132
TPRG1	3	188665003	189043093	+	ENSG00000188001
TP63	3	189349205	189615068	+	ENSG00000073282
LEPREL1	3	189674517	189840226	-	ENSG00000090530
CLDN1	3	190023490	190040264	-	ENSG00000163347
CLDN16	3	190040330	190129932	+	ENSG00000113946
TMEM207	3	190146444	190167665	-	ENSG00000198398
IL1RAP	3	190231840	190375843	+	ENSG00000196083
GMNC	3	190570666	190610218	-	ENSG00000205835
OSTN	3	190917030	190983404	+	ENSG00000188729
UTS2B	3	190984957	191048325	-	ENSG00000188958
CCDC50	3	191046866	191116459	+	ENSG00000152492
PYDC2	3	191178952	191179245	+	ENSG00000253548
FGF12	3	191857184	192485553	-	ENSG00000114279
MB21D2	3	192514604	192635950	-	ENSG00000180611
HRASLS	3	192958914	192995527	+	ENSG00000127252
ATP13A5	3	192992579	193096632	-	ENSG00000187527
ATP13A4	3	193119866	193310900	-	ENSG00000127249
OPA1	3	193310933	193415612	+	ENSG00000198836
HES1	3	193853934	193856521	+	ENSG00000114315
CPN2	3	194060494	194072057	-	ENSG00000178772
LRRC15	3	194075976	194090472	-	ENSG00000172061
GP5	3	194115550	194119995	-	ENSG00000178732
ATP13A3	3	194123401	194219093	-	ENSG00000133657
TMEM44	3	194308402	194354418	-	ENSG00000145014
LSG1	3	194361517	194393206	-	ENSG00000041802
FAM43A	3	194406622	194409762	+	ENSG00000185112
XXYLT1	3	194789008	194991896	-	ENSG00000173950
ACAP2	3	194995465	195163807	-	ENSG00000114331
PPP1R2	3	195241221	195270209	-	ENSG00000184203
APOD	3	195295573	195311076	-	ENSG00000189058
MUC20	3	195447753	195467994	+	ENSG00000176945
MUC4	3	195473636	195539148	-	ENSG00000145113
TNK2	3	195590235	195638816	-	ENSG00000061938
TFRC	3	195754054	195809060	-	ENSG00000072274
ZDHHC19	3	195924320	195938308	-	ENSG00000163958
SLC51A	3	195938358	195970049	+	ENSG00000163959
PCYT1A	3	195941093	196014828	-	ENSG00000161217
RP11-447L10.1	3	195975101	196045093	-	ENSG00000272741
TCTEX1D2	3	196018090	196045170	-	ENSG00000213123
UBXN7	3	196074533	196159345	-	ENSG00000163960
RNF168	3	196195654	196230639	-	ENSG00000163961
SMCO1	3	196233748	196242237	-	ENSG00000214097
WDR53	3	196281056	196295545	-	ENSG00000185798
FBXO45	3	196295482	196315930	+	ENSG00000174013
NRROS	3	196366557	196388875	+	ENSG00000174004
PIGX	3	196366646	196462878	+	ENSG00000163964
CEP19	3	196433148	196439164	-	ENSG00000174007
PAK2	3	196466728	196559518	+	ENSG00000180370
SENP5	3	196594727	196661585	+	ENSG00000119231
NCBP2	3	196662273	196669468	-	ENSG00000114503
PIGZ	3	196673214	196695931	-	ENSG00000119227
MFI2	3	196715492	196756687	-	ENSG00000163975
DLG1	3	196769431	197026171	-	ENSG00000075711
BDH1	3	197236654	197300194	-	ENSG00000161267
KIAA0226	3	197398264	197476598	-	ENSG00000145016
FYTTD1	3	197464050	197514467	+	ENSG00000122068
LRCH3	3	197518097	197615307	+	ENSG00000186001
IQCG	3	197615946	197687013	-	ENSG00000114473
RPL35A	3	197676858	197683481	+	ENSG00000182899
LMLN	3	197687071	197770591	+	ENSG00000185621
ZNF595	4	53179	88099	+	ENSG00000197701
ZNF732	4	264464	299110	-	ENSG00000186777
ZNF141	4	331603	378653	+	ENSG00000131127
ZNF721	4	419604	492945	-	ENSG00000182903
PIGG	4	492989	533985	+	ENSG00000174227
PDE6B	4	619373	664571	+	ENSG00000133256
ATP5I	4	666225	668127	-	ENSG00000169020
MYL5	4	667369	675822	+	ENSG00000215375
MFSD7	4	675618	683230	-	ENSG00000169026
PCGF3	4	699537	764428	+	ENSG00000185619
CPLX1	4	778745	819986	-	ENSG00000168993
GAK	4	843064	926161	-	ENSG00000178950
TMEM175	4	926175	952444	+	ENSG00000127419
DGKQ	4	952675	980683	-	ENSG00000145214
SLC26A1	4	972861	987228	-	ENSG00000145217
IDUA	4	980785	998316	+	ENSG00000127415
FGFRL1	4	1003724	1020685	+	ENSG00000127418
RNF212	4	1050038	1107350	-	ENSG00000178222
SPON2	4	1160720	1202750	-	ENSG00000159674
CTBP1	4	1205236	1243741	-	ENSG00000159692
MAEA	4	1283639	1333935	+	ENSG00000090316
UVSSA	4	1341054	1381837	+	ENSG00000163945
CRIPAK	4	1385340	1389780	+	ENSG00000179979
NKX1-1	4	1396720	1400119	-	ENSG00000235608
FAM53A	4	1619642	1686029	-	ENSG00000174137
SLBP	4	1694527	1714282	-	ENSG00000163950
TMEM129	4	1717679	1723085	-	ENSG00000168936
TACC3	4	1723227	1746898	+	ENSG00000013810
FGFR3	4	1795034	1810599	+	ENSG00000068078
LETM1	4	1813206	1857974	-	ENSG00000168924
WHSC1	4	1873151	1983934	+	ENSG00000109685
NELFA	4	1984441	2043630	-	ENSG00000185049
C4orf48	4	2043689	2045697	+	ENSG00000243449
NAT8L	4	2061239	2070816	+	ENSG00000185818
POLN	4	2073645	2243848	-	ENSG00000130997
HAUS3	4	2229191	2243891	-	ENSG00000214367
MXD4	4	2249159	2264021	-	ENSG00000123933
ZFYVE28	4	2271309	2420390	-	ENSG00000159733
RP11-503N18.3	4	2451700	2464668	+	ENSG00000249428
RNF4	4	2463947	2627047	+	ENSG00000063978
FAM193A	4	2626988	2734292	+	ENSG00000125386
TNIP2	4	2743375	2758103	-	ENSG00000168884
SH3BP2	4	2794750	2842825	+	ENSG00000087266
ADD1	4	2845584	2931803	+	ENSG00000087274
MFSD10	4	2932288	2936586	-	ENSG00000109736
NOP14	4	2939660	2965112	-	ENSG00000087269
GRK4	4	2965335	3042474	+	ENSG00000125388
HTT	4	3076408	3245676	+	ENSG00000197386
MSANTD1	4	3246096	3273465	+	ENSG00000188981
RGS12	4	3294755	3441640	+	ENSG00000159788
HGFAC	4	3443614	3451211	+	ENSG00000109758
DOK7	4	3465033	3503200	+	ENSG00000175920
LRPAP1	4	3508103	3534286	-	ENSG00000163956
AL590235.1	4	3511523	3511678	-	ENSG00000268781
LINC00955	4	3578596	3592438	+	ENSG00000216560
ADRA2C	4	3768075	3770251	+	ENSG00000184160
OTOP1	4	4190530	4228616	-	ENSG00000163982
TMEM128	4	4237269	4249950	-	ENSG00000132406
LYAR	4	4269428	4291896	-	ENSG00000145220
ZBTB49	4	4291924	4323513	+	ENSG00000168826
NSG1	4	4349867	4420785	+	ENSG00000168824
STX18	4	4417469	4544073	-	ENSG00000168818
MSX1	4	4861393	4865663	+	ENSG00000163132
CYTL1	4	5016313	5021199	-	ENSG00000170891
STK32B	4	5053169	5502725	+	ENSG00000152953
C4orf6	4	5526296	5529528	+	ENSG00000082929
EVC2	4	5544499	5711275	-	ENSG00000173040
EVC	4	5712924	5830772	+	ENSG00000072840
CRMP1	4	5749811	5894785	-	ENSG00000072832
C4orf50	4	5958845	5991545	-	ENSG00000181215
JAKMIP1	4	6027926	6202318	-	ENSG00000152969
WFS1	4	6271576	6304992	+	ENSG00000109501
PPP2R2C	4	6322305	6565327	-	ENSG00000074211
MAN2B2	4	6576902	6625089	+	ENSG00000013288
MRFAP1	4	6641818	6644472	+	ENSG00000179010
AC093323.1	4	6693782	6694189	-	ENSG00000268791
S100P	4	6694796	6698897	+	ENSG00000163993
MRFAP1L1	4	6709428	6711607	-	ENSG00000178988
BLOC1S4	4	6717842	6719387	+	ENSG00000186222
KIAA0232	4	6783102	6885897	+	ENSG00000170871
TBC1D14	4	6910969	7034845	+	ENSG00000132405
CCDC96	4	7042579	7044728	-	ENSG00000173013
TADA2B	4	7043626	7059679	+	ENSG00000173011
GRPEL1	4	7060633	7069924	-	ENSG00000109519
SORCS2	4	7194265	7744554	+	ENSG00000184985
PSAPL1	4	7432022	7436700	-	ENSG00000178597
AFAP1	4	7760441	7941653	-	ENSG00000196526
AC097381.1	4	7940728	7942022	+	ENSG00000228919
ABLIM2	4	7967039	8160559	-	ENSG00000163995
SH3TC1	4	8183799	8243530	+	ENSG00000125089
HTRA3	4	8271492	8308838	+	ENSG00000170801
ACOX3	4	8368009	8442450	-	ENSG00000087008
TRMT44	4	8437867	8495258	+	ENSG00000155275
GPR78	4	8560452	8621486	+	ENSG00000155269
CPZ	4	8594387	8621488	+	ENSG00000109625
HMX1	4	8847802	8873543	-	ENSG00000215612
FAM90A26	4	9172135	9178453	+	ENSG00000229924
USP17L10	4	9212383	9213975	+	ENSG00000231396
USP17L13	4	9212383	9228214	+	ENSG00000232399
USP17L11	4	9217131	9218723	+	ENSG00000233136
USP17L12	4	9221878	9223470	+	ENSG00000227551
USP17L15	4	9236111	9237700	+	ENSG00000223569
USP17L17	4	9245605	9247197	+	ENSG00000249104
USP17L18	4	9250356	9251948	+	ENSG00000250844
USP17L19	4	9255104	9256696	+	ENSG00000248920
USP17L20	4	9259850	9261442	+	ENSG00000250745
USP17L21	4	9264598	9266190	+	ENSG00000249811
USP17L22	4	9269345	9270937	+	ENSG00000248933
USP17L23	4	9274090	9274640	+	ENSG00000250913
USP17L24	4	9326891	9328483	+	ENSG00000232264
USP17L25	4	9331637	9333229	+	ENSG00000230430
USP17L26	4	9336384	9337976	+	ENSG00000229579
USP17L5	4	9341129	9342721	+	ENSG00000227140
USP17L27	4	9345874	9347466	+	ENSG00000235780
USP17L28	4	9350619	9352211	+	ENSG00000231051
USP17L29	4	9355364	9356956	+	ENSG00000231637
USP17L30	4	9364855	9366447	+	ENSG00000228856
RP11-1396O13.13	4	9385743	9390709	-	ENSG00000219492
DEFB131	4	9446260	9452240	+	ENSG00000186146
SLC2A9	4	9772777	10056560	-	ENSG00000109667
DRD5	4	9783258	9785632	+	ENSG00000169676
WDR1	4	10075963	10118573	-	ENSG00000071127
ZNF518B	4	10441498	10459034	-	ENSG00000178163
CLNK	4	10488019	10686489	-	ENSG00000109684
HS3ST1	4	11394774	11431389	-	ENSG00000002587
RAB28	4	13362978	13485989	-	ENSG00000157869
NKX3-2	4	13542454	13546674	-	ENSG00000109705
BOD1L1	4	13570362	13629347	-	ENSG00000038219
CPEB2	4	15004298	15071777	+	ENSG00000137449
C1QTNF7	4	15341442	15447790	+	ENSG00000163145
CC2D2A	4	15471489	15603180	+	ENSG00000048342
FBXL5	4	15606162	15683302	-	ENSG00000118564
FAM200B	4	15683285	15707188	+	ENSG00000237765
BST1	4	15704573	15739936	+	ENSG00000109743
CD38	4	15779898	15854853	+	ENSG00000004468
FGFBP1	4	15937192	15940363	-	ENSG00000137440
FGFBP2	4	15961866	15970932	-	ENSG00000137441
PROM1	4	15964699	16086001	-	ENSG00000007062
TAPT1	4	16162128	16229033	-	ENSG00000169762
LDB2	4	16503164	16900432	-	ENSG00000169744
QDPR	4	17461884	17513857	-	ENSG00000151552
CLRN2	4	17516788	17528727	+	ENSG00000249581
LAP3	4	17578815	17609595	+	ENSG00000002549
MED28	4	17616254	17635728	+	ENSG00000118579
FAM184B	4	17630929	17783135	-	ENSG00000047662
DCAF16	4	17802278	17812381	-	ENSG00000163257
NCAPG	4	17812525	17846485	+	ENSG00000109805
LCORL	4	17842822	18023499	-	ENSG00000178177
SLIT2	4	20254883	20622184	+	ENSG00000145147
PACRGL	4	20697905	20754530	+	ENSG00000163138
KCNIP4	4	20730239	21950422	-	ENSG00000185774
GPR125	4	22346694	22517677	-	ENSG00000152990
PPARGC1A	4	23756664	23905712	-	ENSG00000109819
DHX15	4	24519064	24586173	-	ENSG00000109606
SOD3	4	24791534	24802464	+	ENSG00000109610
CCDC149	4	24807739	24981826	-	ENSG00000181982
LGI2	4	25000469	25032501	-	ENSG00000153012
SEPSECS	4	25121627	25162204	-	ENSG00000109618
PI4K2B	4	25162263	25280714	+	ENSG00000038210
ZCCHC4	4	25314407	25372005	+	ENSG00000168228
ANAPC4	4	25378835	25420120	+	ENSG00000053900
SLC34A2	4	25656923	25680370	+	ENSG00000157765
SEL1L3	4	25749055	25865382	-	ENSG00000091490
SMIM20	4	25863452	25931435	+	ENSG00000250317
RBPJ	4	26165077	26436541	+	ENSG00000168214
CCKAR	4	26483022	26492084	-	ENSG00000163394
TBC1D19	4	26578059	26756973	+	ENSG00000109680
STIM2	4	26859300	27027003	+	ENSG00000109689
RP11-180C1.1	4	28363901	28404486	-	ENSG00000250038
PCDH7	4	30722037	31148422	+	ENSG00000169851
ARAP2	4	35949843	36246131	-	ENSG00000047365
DTHD1	4	36283244	36347378	+	ENSG00000197057
KIAA1239	4	37245842	37451087	+	ENSG00000174145
C4orf19	4	37455563	37625117	+	ENSG00000154274
RELL1	4	37592422	37687998	-	ENSG00000181826
PGM2	4	37828255	37864558	+	ENSG00000169299
TBC1D1	4	37892708	38140796	+	ENSG00000065882
PTTG2	4	37962056	37962746	+	ENSG00000250254
AC021860.1	4	38628029	38666430	-	ENSG00000196355
KLF3	4	38665817	38702663	+	ENSG00000109787
TLR10	4	38773860	38784611	-	ENSG00000174123
TLR1	4	38792298	38858438	-	ENSG00000174125
TLR6	4	38825336	38858438	-	ENSG00000174130
FAM114A1	4	38869298	38947360	+	ENSG00000197712
TMEM156	4	38968365	39034542	-	ENSG00000121895
KLHL5	4	39046659	39128477	+	ENSG00000109790
WDR19	4	39184024	39287430	+	ENSG00000157796
RFC1	4	39289076	39367995	-	ENSG00000035928
KLB	4	39408473	39453156	+	ENSG00000134962
RPL9	4	39455744	39460568	-	ENSG00000163682
LIAS	4	39460620	39479273	+	ENSG00000121897
UGDH	4	39500375	39529931	-	ENSG00000109814
SMIM14	4	39547950	39640710	-	ENSG00000163683
UBE2K	4	39699664	39784412	+	ENSG00000078140
PDS5A	4	39824483	39979576	-	ENSG00000121892
N4BP2	4	40058446	40159872	+	ENSG00000078177
RHOH	4	40192673	40248587	+	ENSG00000168421
CHRNA9	4	40337346	40357234	+	ENSG00000174343
RBM47	4	40425272	40632892	-	ENSG00000163694
NSUN7	4	40751914	40812002	+	ENSG00000179299
APBB2	4	40812044	41218731	-	ENSG00000163697
UCHL1	4	41258430	41270472	+	ENSG00000154277
LIMCH1	4	41361624	41702061	+	ENSG00000064042
PHOX2B	4	41746099	41750987	-	ENSG00000109132
TMEM33	4	41937137	41962589	+	ENSG00000109133
DCAF4L1	4	41983713	41988476	+	ENSG00000182308
SLC30A9	4	41992489	42092474	+	ENSG00000014824
BEND4	4	42112955	42154895	-	ENSG00000188848
SHISA3	4	42399856	42404504	+	ENSG00000178343
ATP8A1	4	42410390	42659122	-	ENSG00000124406
GRXCR1	4	42895284	43032675	+	ENSG00000215203
KCTD8	4	44175926	44450824	-	ENSG00000183783
YIPF7	4	44624086	44680573	-	ENSG00000177752
GUF1	4	44680444	44702943	+	ENSG00000151806
GNPDA2	4	44684217	44728612	-	ENSG00000163281
GABRG1	4	46037786	46126098	-	ENSG00000163285
GABRA2	4	46250444	46477247	-	ENSG00000151834
COX7B2	4	46736844	46911252	-	ENSG00000170516
GABRA4	4	46920917	46996424	-	ENSG00000109158
GABRB1	4	46995740	47428461	+	ENSG00000163288
COMMD8	4	47452885	47465736	-	ENSG00000169019
ATP10D	4	47487305	47595503	+	ENSG00000145246
CORIN	4	47596015	47840123	-	ENSG00000145244
NFXL1	4	47849257	47916653	-	ENSG00000170448
NIPAL1	4	47916159	48042188	+	ENSG00000163293
CNGA1	4	47937994	48018689	-	ENSG00000198515
TXK	4	48068410	48136273	-	ENSG00000074966
TEC	4	48137800	48271881	-	ENSG00000135605
SLAIN2	4	48343339	48428229	+	ENSG00000109171
SLC10A4	4	48485360	48491213	+	ENSG00000145248
ZAR1	4	48492269	48496406	+	ENSG00000182223
FRYL	4	48499378	48782339	-	ENSG00000075539
OCIAD1	4	48807229	48863834	+	ENSG00000109180
OCIAD2	4	48887036	48908954	-	ENSG00000145247
CWH43	4	48988264	49064098	+	ENSG00000109182
DCUN1D4	4	52709166	52783003	+	ENSG00000109184
LRRC66	4	52859868	52883786	-	ENSG00000188993
SGCB	4	52886872	52904648	-	ENSG00000163069
SPATA18	4	52917497	52963458	+	ENSG00000163071
USP46	4	53457138	53525502	-	ENSG00000109189
ERVMER34-1	4	53588785	53617807	-	ENSG00000226887
RASL11B	4	53728457	53733000	+	ENSG00000128045
SCFD2	4	53739149	54232242	-	ENSG00000184178
FIP1L1	4	54243810	55161439	+	ENSG00000145216
LNX1	4	54325468	54567572	-	ENSG00000072201
CHIC2	4	54875956	54930857	-	ENSG00000109220
AC110792.1	4	54927213	54927377	+	ENSG00000269506
GSX2	4	54965690	54968672	+	ENSG00000180613
PDGFRA	4	55095264	55164414	+	ENSG00000134853
KIT	4	55524085	55606881	+	ENSG00000157404
KDR	4	55944644	55991756	-	ENSG00000128052
SRD5A3	4	56212276	56239263	+	ENSG00000128039
TMEM165	4	56262124	56319564	+	ENSG00000134851
CLOCK	4	56294070	56413305	-	ENSG00000134852
PDCL2	4	56422692	56458379	-	ENSG00000163440
NMU	4	56461396	56502865	-	ENSG00000109255
EXOC1	4	56719782	56771200	+	ENSG00000090989
CEP135	4	56815037	56899529	+	ENSG00000174799
KIAA1211	4	57036361	57194791	+	ENSG00000109265
AASDH	4	57204456	57253666	-	ENSG00000157426
PPAT	4	57259528	57301781	-	ENSG00000128059
AC068620.1	4	57276682	57277131	+	ENSG00000268171
PAICS	4	57301907	57327534	+	ENSG00000128050
SRP72	4	57333081	57369839	+	ENSG00000174780
ARL9	4	57371509	57390614	+	ENSG00000196503
THEGL	4	57396775	57469673	+	ENSG00000249693
HOPX	4	57514155	57548065	-	ENSG00000171476
SPINK2	4	57676026	57687908	-	ENSG00000128040
REST	4	57774075	57802010	+	ENSG00000084093
NOA1	4	57829536	57844989	-	ENSG00000084092
POLR2B	4	57843888	57897334	+	ENSG00000047315
IGFBP7	4	57896939	57976551	-	ENSG00000163453
LPHN3	4	62066976	62944053	+	ENSG00000150471
TECRL	4	65140975	65275186	-	ENSG00000205678
EPHA5	4	66185281	66536213	-	ENSG00000145242
CENPC	4	68337521	68411324	-	ENSG00000145241
STAP1	4	68424446	68473055	+	ENSG00000035720
UBA6	4	68478370	68566897	-	ENSG00000033178
GNRHR	4	68605046	68620078	-	ENSG00000109163
TMPRSS11D	4	68686594	68749750	-	ENSG00000153802
TMPRSS11A	4	68775103	68829858	-	ENSG00000187054
TMPRSS11F	4	68918916	68995598	-	ENSG00000198092
TMPRSS11BNL	4	69054242	69083798	-	ENSG00000226894
TMPRSS11B	4	69092371	69111438	-	ENSG00000185873
YTHDC1	4	69176105	69215807	-	ENSG00000083896
TMPRSS11E	4	69313167	69363322	+	ENSG00000087128
UGT2B17	4	69402902	69434245	-	ENSG00000197888
UGT2B15	4	69512348	69536346	-	ENSG00000196620
UGT2B10	4	69681711	69696914	+	ENSG00000109181
UGT2A3	4	69794181	69817509	-	ENSG00000135220
UGT2B7	4	69917081	69978705	+	ENSG00000171234
UGT2B11	4	70065669	70080449	-	ENSG00000213759
UGT2B28	4	70146217	70160768	+	ENSG00000135226
UGT2B4	4	70345883	70391732	-	ENSG00000156096
UGT2A2	4	70454135	70505360	-	ENSG00000271271
SULT1B1	4	70586880	70653679	-	ENSG00000173597
SULT1E1	4	70676498	70725870	-	ENSG00000109193
CSN1S1	4	70796799	70812289	+	ENSG00000126545
CSN2	4	70820974	70826725	-	ENSG00000135222
STATH	4	70861647	70868287	+	ENSG00000126549
HTN3	4	70894130	70902255	+	ENSG00000205649
HTN1	4	70916119	70924562	+	ENSG00000126550
C4orf40	4	70999333	71042516	+	ENSG00000187533
ODAM	4	71062213	71070293	+	ENSG00000109205
FDCSP	4	71091788	71100969	+	ENSG00000181617
CSN3	4	71108305	71117145	+	ENSG00000171209
CABS1	4	71200683	71202833	+	ENSG00000145309
SMR3A	4	71226478	71232875	+	ENSG00000109208
SMR3B	4	71235810	71255961	+	ENSG00000171201
PROL1	4	71263599	71275911	+	ENSG00000171199
MUC7	4	71296209	71348714	+	ENSG00000171195
AMTN	4	71384257	71398459	+	ENSG00000187689
AMBN	4	71457973	71473005	+	ENSG00000178522
ENAM	4	71494461	71552533	+	ENSG00000132464
IGJ	4	71521258	71547534	-	ENSG00000132465
UTP3	4	71554196	71556267	+	ENSG00000132467
RUFY3	4	71569921	71673032	+	ENSG00000018189
GRSF1	4	71681499	71705662	-	ENSG00000132463
MOB1B	4	71768043	71888166	+	ENSG00000173542
DCK	4	71858255	71896631	+	ENSG00000156136
SLC4A4	4	72053003	72437804	+	ENSG00000080493
GC	4	72607410	72669758	-	ENSG00000145321
NPFFR2	4	72897521	73013784	+	ENSG00000056291
ADAMTS3	4	73146686	73434516	-	ENSG00000156140
COX18	4	73921797	73935472	-	ENSG00000163626
ANKRD17	4	73939093	74124515	-	ENSG00000132466
ALB	4	74262831	74287129	+	ENSG00000163631
AFP	4	74296855	74321891	+	ENSG00000081051
AFM	4	74347400	74369691	+	ENSG00000079557
RASSF6	4	74437267	74486348	-	ENSG00000169435
IL8	4	74606223	74609433	+	ENSG00000169429
CXCL6	4	74702214	74714781	+	ENSG00000124875
PF4V1	4	74718906	74719872	+	ENSG00000109272
CXCL1	4	74735110	74736959	+	ENSG00000163739
PF4	4	74846794	74847841	-	ENSG00000163737
PPBP	4	74852755	74853914	-	ENSG00000163736
CXCL5	4	74861359	74864496	-	ENSG00000163735
CXCL3	4	74902306	74904524	-	ENSG00000163734
CXCL2	4	74962752	74965010	-	ENSG00000081041
MTHFD2L	4	74979891	75168816	+	ENSG00000163738
AC093677.1	4	75023327	75024085	-	ENSG00000269559
EPGN	4	75174190	75181024	+	ENSG00000182585
EREG	4	75230860	75254468	+	ENSG00000124882
AREG	4	75310851	75320726	+	ENSG00000109321
AREGB	4	75480629	75490486	+	ENSG00000205595
BTC	4	75669969	75719896	-	ENSG00000174808
PARM1	4	75858305	75975325	+	ENSG00000169116
RCHY1	4	76404247	76439974	-	ENSG00000163743
THAP6	4	76439156	76475683	+	ENSG00000174796
C4orf26	4	76481258	76491095	+	ENSG00000174792
CDKL2	4	76503215	76555900	-	ENSG00000138769
G3BP2	4	76567966	76649709	-	ENSG00000138757
USO1	4	76649777	76735382	+	ENSG00000138768
PPEF2	4	76781020	76823724	-	ENSG00000156194
NAAA	4	76831809	76862204	-	ENSG00000138744
SDAD1	4	76862103	76912115	-	ENSG00000198301
AC110615.1	4	76871883	76878526	+	ENSG00000268788
CXCL9	4	76922428	76928641	-	ENSG00000138755
ART3	4	76932337	77033955	+	ENSG00000156219
CXCL10	4	76942273	76944650	-	ENSG00000169245
CXCL11	4	76954835	76962568	-	ENSG00000169248
NUP54	4	77035812	77069668	-	ENSG00000138750
SCARB2	4	77079890	77135046	-	ENSG00000138760
FAM47E	4	77135193	77204933	+	ENSG00000189157
CCDC158	4	77234154	77343021	-	ENSG00000163749
SHROOM3	4	77356253	77704406	+	ENSG00000138771
SOWAHB	4	77816082	77819002	-	ENSG00000186212
SEPT11	4	77870856	77961537	+	ENSG00000138758
CCNI	4	77968311	77997158	-	ENSG00000118816
CCNG2	4	78078304	78354542	+	ENSG00000138764
CXCL13	4	78432907	78532988	+	ENSG00000156234
CNOT6L	4	78634541	78740769	-	ENSG00000138767
MRPL1	4	78783674	78873944	+	ENSG00000169288
FRAS1	4	78978724	79465423	+	ENSG00000138759
ANXA3	4	79472673	79531597	+	ENSG00000138772
BMP2K	4	79697496	79837526	+	ENSG00000138756
PAQR3	4	79808281	79860592	-	ENSG00000163291
NAA11	4	80146848	80247204	-	ENSG00000156269
GK2	4	80327508	80329372	-	ENSG00000196475
ANTXR2	4	80822303	81046608	-	ENSG00000163297
PRDM8	4	81105033	81125483	+	ENSG00000152784
FGF5	4	81187753	81257834	+	ENSG00000138675
C4orf22	4	81256874	81884910	+	ENSG00000197826
BMP3	4	81952119	81978685	+	ENSG00000152785
PRKG2	4	82009837	82136218	-	ENSG00000138669
RASGEF1B	4	82347547	82965397	-	ENSG00000138670
HNRNPD	4	83273651	83295656	-	ENSG00000138668
HNRNPDL	4	83343717	83351294	-	ENSG00000152795
ENOPH1	4	83351715	83382244	+	ENSG00000145293
TMEM150C	4	83404323	83483510	-	ENSG00000249242
SCD5	4	83550692	83720010	-	ENSG00000145284
SEC31A	4	83739814	83822319	-	ENSG00000138674
THAP9	4	83821837	83841122	+	ENSG00000168152
LIN54	4	83831126	83934079	-	ENSG00000189308
COPS4	4	83955600	83996971	+	ENSG00000138663
PLAC8	4	84011201	84058228	-	ENSG00000145287
COQ2	4	84182689	84206067	-	ENSG00000173085
HPSE	4	84213614	84256306	-	ENSG00000173083
HELQ	4	84328496	84377009	-	ENSG00000163312
MRPS18C	4	84377085	84390888	+	ENSG00000163319
FAM175A	4	84382092	84444501	-	ENSG00000163322
AGPAT9	4	84457067	84527028	+	ENSG00000138678
NKX6-1	4	85413140	85419603	-	ENSG00000163623
CDS1	4	85504132	85572491	+	ENSG00000163624
WDFY3	4	85590704	85887544	-	ENSG00000163625
ARHGAP24	4	86396267	86923823	+	ENSG00000138639
MAPK10	4	86936276	87515284	-	ENSG00000109339
PTPN13	4	87515468	87736324	+	ENSG00000163629
SLC10A6	4	87744621	87770416	-	ENSG00000145283
C4orf36	4	87797358	87857354	-	ENSG00000163633
AFF1	4	87856154	88062206	+	ENSG00000172493
KLHL8	4	88081255	88161466	-	ENSG00000145332
HSD17B13	4	88224941	88244058	-	ENSG00000170509
HSD17B11	4	88257762	88312538	-	ENSG00000198189
NUDT9	4	88343734	88380606	+	ENSG00000170502
SPARCL1	4	88394487	88452213	-	ENSG00000152583
DSPP	4	88529681	88538062	+	ENSG00000152591
DMP1	4	88571459	88585513	+	ENSG00000152592
IBSP	4	88720733	88733074	+	ENSG00000029559
MEPE	4	88742563	88767969	+	ENSG00000152595
SPP1	4	88896819	88904562	+	ENSG00000118785
PKD2	4	88928820	88998929	+	ENSG00000118762
ABCG2	4	89011416	89152474	-	ENSG00000118777
PPM1K	4	89178772	89205921	-	ENSG00000163644
HERC6	4	89299891	89364263	+	ENSG00000138642
HERC5	4	89378268	89427314	+	ENSG00000138646
PYURF	4	89442136	89444964	-	ENSG00000145337
HERC3	4	89442199	89629693	+	ENSG00000138641
PIGY	4	89442724	89442940	-	ENSG00000255072
NAP1L5	4	89617066	89619386	-	ENSG00000177432
FAM13A	4	89647106	90032549	-	ENSG00000138640
TIGD2	4	90033968	90036050	+	ENSG00000180346
GPRIN3	4	90157537	90229161	-	ENSG00000185477
SNCA	4	90645250	90759466	-	ENSG00000145335
MMRN1	4	90800683	90875780	+	ENSG00000138722
CCSER1	4	91048686	92523064	+	ENSG00000184305
RP11-763F8.1	4	92240185	92246457	-	ENSG00000249049
RP11-9B6.1	4	93218402	93225329	-	ENSG00000248511
GRID2	4	93225550	94695707	+	ENSG00000152208
ATOH1	4	94750042	94751221	+	ENSG00000172238
SMARCAD1	4	95128762	95212443	+	ENSG00000163104
HPGDS	4	95219686	95264027	-	ENSG00000163106
PDLIM5	4	95373037	95589377	+	ENSG00000163110
BMPR1B	4	95679119	96079599	+	ENSG00000138696
UNC5C	4	96083655	96470357	-	ENSG00000182168
PDHA2	4	96761239	96762625	+	ENSG00000163114
STPG2	4	98105244	99064391	-	ENSG00000163116
RAP1GDS1	4	99182535	99365012	+	ENSG00000138698
TSPAN5	4	99391518	99579780	-	ENSG00000168785
EIF4E	4	99792835	99851788	-	ENSG00000151247
METAP1	4	99916771	99983964	+	ENSG00000164024
ADH5	4	99992132	100009952	-	ENSG00000197894
ADH4	4	100044808	100078949	-	ENSG00000198099
ADH6	4	100123795	100140694	-	ENSG00000172955
ADH1A	4	100197524	100212185	-	ENSG00000187758
ADH1B	4	100226121	100242558	-	ENSG00000196616
ADH7	4	100333418	100356894	-	ENSG00000196344
C4orf17	4	100432161	100463460	+	ENSG00000138813
TRMT10A	4	100467866	100485189	-	ENSG00000145331
MTTP	4	100484918	100545156	+	ENSG00000138823
RP11-766F14.2	4	100557686	100575805	-	ENSG00000248713
DAPP1	4	100737990	100791311	+	ENSG00000070190
LAMTOR3	4	100799493	100815647	-	ENSG00000109270
DNAJB14	4	100817405	100867883	-	ENSG00000164031
H2AFZ	4	100869243	100871545	-	ENSG00000164032
DDIT4L	4	101107027	101111939	-	ENSG00000145358
EMCN	4	101316498	101801283	-	ENSG00000164035
PPP3CA	4	101944566	102269435	-	ENSG00000138814
AP001816.1	4	102268937	102270040	+	ENSG00000254531
BANK1	4	102332443	102995969	+	ENSG00000153064
SLC39A8	4	103172198	103352415	-	ENSG00000138821
NFKB1	4	103422486	103538459	+	ENSG00000109320
MANBA	4	103552660	103682151	-	ENSG00000109323
UBE2D3	4	103715540	103790053	-	ENSG00000109332
CISD2	4	103790135	103810399	+	ENSG00000145354
SLC9B1	4	103806205	103940896	-	ENSG00000164037
SLC9B2	4	103941025	104006986	-	ENSG00000164038
BDH2	4	104000592	104021040	-	ENSG00000164039
CENPE	4	104026963	104119566	-	ENSG00000138778
TACR3	4	104507188	104640973	-	ENSG00000169836
CXXC4	4	105389469	105416058	-	ENSG00000168772
TET2	4	106067032	106200973	+	ENSG00000168769
PPA2	4	106290234	106395238	-	ENSG00000138777
ARHGEF38	4	106473777	106629250	+	ENSG00000236699
INTS12	4	106603784	106817143	-	ENSG00000138785
GSTCD	4	106629935	106768885	+	ENSG00000138780
NPNT	4	106815932	106925184	+	ENSG00000168743
TBCK	4	106962756	107242652	-	ENSG00000145348
AIMP1	4	107236701	107270383	+	ENSG00000164022
DKK2	4	107842959	108204963	-	ENSG00000155011
PAPSS1	4	108511433	108641608	-	ENSG00000138801
SGMS2	4	108745719	108836203	+	ENSG00000164023
CYP2U1	4	108852525	108874613	+	ENSG00000155016
HADH	4	108910870	108956331	+	ENSG00000138796
LEF1	4	108968701	109090112	-	ENSG00000138795
RPL34	4	109541722	109551568	+	ENSG00000109475
OSTC	4	109571740	109588976	+	ENSG00000198856
ETNPPL	4	109663196	109684210	-	ENSG00000164089
COL25A1	4	109731877	110223813	-	ENSG00000188517
SEC24B	4	110354928	110462052	+	ENSG00000138802
CCDC109B	4	110481361	110609874	+	ENSG00000005059
CASP6	4	110609785	110624739	-	ENSG00000138794
PLA2G12A	4	110631145	110651233	-	ENSG00000123739
CFI	4	110661852	110723335	-	ENSG00000205403
GAR1	4	110736666	110745893	+	ENSG00000109534
RRH	4	110749150	110765760	+	ENSG00000180245
LRIT3	4	110769358	110793471	+	ENSG00000183423
EGF	4	110834040	110933422	+	ENSG00000138798
ELOVL6	4	110967002	111120355	-	ENSG00000170522
ENPEP	4	111286889	111486441	+	ENSG00000138792
PITX2	4	111538579	111563279	-	ENSG00000164093
C4orf32	4	113066553	113116412	+	ENSG00000174749
AP1AR	4	113152893	113191203	+	ENSG00000138660
TIFA	4	113195698	113207059	-	ENSG00000145365
ALPK1	4	113206665	113363776	+	ENSG00000073331
NEUROG2	4	113434672	113437328	-	ENSG00000178403
C4orf21	4	113460492	113558151	-	ENSG00000138658
LARP7	4	113558120	113578748	+	ENSG00000174720
ANK2	4	113739265	114304896	+	ENSG00000145362
CAMK2D	4	114372188	114683083	-	ENSG00000145349
ARSJ	4	114821440	114900883	-	ENSG00000180801
UGT8	4	115519611	115599380	+	ENSG00000174607
NDST4	4	115748919	116035032	-	ENSG00000138653
MTRNR2L13	4	117220016	117221520	+	ENSG00000270394
TRAM1L1	4	118004718	118006736	-	ENSG00000174599
NDST3	4	118954773	119179803	+	ENSG00000164100
PRSS12	4	119201193	119274158	-	ENSG00000164099
METTL14	4	119606523	119636588	+	ENSG00000145388
SEC24D	4	119643978	119759838	-	ENSG00000150961
SYNPO2	4	119809996	119982402	+	ENSG00000172403
MYOZ2	4	120056939	120108944	+	ENSG00000172399
RP11-455G16.1	4	120113928	120133799	-	ENSG00000178636
USP53	4	120133742	120216672	+	ENSG00000145390
C4orf3	4	120218207	120225600	-	ENSG00000164096
FABP2	4	120238405	120243545	-	ENSG00000145384
PDE5A	4	120415550	120550146	-	ENSG00000138735
MAD2L1	4	120976763	120988229	-	ENSG00000164109
PRDM5	4	121606074	121844025	-	ENSG00000138738
NDNF	4	121956768	121994176	-	ENSG00000173376
TNIP3	4	122052563	122148621	-	ENSG00000050730
QRFPR	4	122250467	122302214	-	ENSG00000186867
ANXA5	4	122589110	122618268	-	ENSG00000164111
TMEM155	4	122680088	122686582	-	ENSG00000164112
AC079341.1	4	122685740	122687962	+	ENSG00000226757
EXOSC9	4	122722472	122738176	+	ENSG00000123737
CCNA2	4	122737599	122745087	-	ENSG00000145386
BBS7	4	122745595	122791652	-	ENSG00000138686
TRPC3	4	122800182	122872909	-	ENSG00000138741
KIAA1109	4	123073488	123283913	+	ENSG00000138688
ADAD1	4	123300121	123350957	+	ENSG00000164113
IL2	4	123372625	123377880	-	ENSG00000109471
IL21	4	123533783	123542224	-	ENSG00000138684
BBS12	4	123653857	123666098	+	ENSG00000181004
FGF2	4	123747863	123819391	+	ENSG00000138685
NUDT6	4	123809852	123844123	-	ENSG00000170917
SPATA5	4	123844229	124240605	+	ENSG00000145375
SPRY1	4	124317950	124324910	+	ENSG00000164056
ANKRD50	4	125585207	125633887	-	ENSG00000151458
FAT4	4	126237554	126414087	+	ENSG00000196159
INTU	4	128544426	128647892	+	ENSG00000164066
SLC25A31	4	128651533	128695448	+	ENSG00000151475
HSPA4L	4	128702976	128761888	+	ENSG00000164070
PLK4	4	128802016	128820350	+	ENSG00000142731
MFSD8	4	128838960	128887150	-	ENSG00000164073
C4orf29	4	128886461	128960866	+	ENSG00000164074
LARP1B	4	128982423	129144086	+	ENSG00000138709
PGRMC2	4	129190397	129209984	-	ENSG00000164040
JADE1	4	129730779	129796379	+	ENSG00000077684
SCLT1	4	129786076	130014764	-	ENSG00000151466
C4orf33	4	130014472	130037795	+	ENSG00000151470
RP11-62N21.1	4	133356957	133368390	-	ENSG00000248369
PCDH10	4	134070470	134129356	+	ENSG00000138650
PABPC4L	4	135117488	135122903	-	ENSG00000254535
PCDH18	4	138440072	138453648	-	ENSG00000189184
SLC7A11	4	139085251	139163503	-	ENSG00000151012
CCRN4L	4	139936943	139966906	+	ENSG00000151014
ELF2	4	139949266	140098372	-	ENSG00000109381
MGARP	4	140187317	140201492	-	ENSG00000137463
NDUFC1	4	140188034	140223705	-	ENSG00000109390
NAA15	4	140222609	140341187	+	ENSG00000164134
RAB33B	4	140374386	140397763	+	ENSG00000172007
SETD7	4	140417095	140527853	-	ENSG00000145391
MGST2	4	140586922	140661899	+	ENSG00000085871
MAML3	4	140637907	141075338	-	ENSG00000196782
SCOC	4	141178440	141306880	+	ENSG00000153130
CLGN	4	141309609	141349122	-	ENSG00000153132
RP11-542P2.1	4	141363416	141419531	-	ENSG00000205301
ELMOD2	4	141445312	141474924	+	ENSG00000179387
UCP1	4	141480588	141489959	-	ENSG00000109424
TBC1D9	4	141541919	141677274	-	ENSG00000109436
RNF150	4	141780961	142134031	-	ENSG00000170153
ZNF330	4	142142041	142155851	+	ENSG00000109445
IL15	4	142557752	142655140	+	ENSG00000164136
INPP4B	4	142944313	143768585	-	ENSG00000109452
USP38	4	144106070	144144983	+	ENSG00000170185
GAB1	4	144257915	144395721	+	ENSG00000109458
SMARCA5	4	144434616	144478639	+	ENSG00000153147
FREM3	4	144498455	144621828	-	ENSG00000183090
GYPE	4	144792020	144826716	-	ENSG00000197465
GYPB	4	144917257	145061844	-	ENSG00000250361
GYPA	4	145030457	145061904	-	ENSG00000170180
HHIP	4	145567173	145666423	+	ENSG00000164161
ANAPC10	4	145888264	146019693	-	ENSG00000164162
ABCE1	4	146019084	146050331	+	ENSG00000164163
OTUD4	4	146031990	146101313	-	ENSG00000164164
SMAD1	4	146402346	146479231	+	ENSG00000170365
MMAA	4	146539415	146581187	+	ENSG00000151611
C4orf51	4	146601356	146692184	+	ENSG00000237136
ZNF827	4	146678779	146859787	-	ENSG00000151612
LSM6	4	147096837	147121152	+	ENSG00000164167
RP11-6L6.2	4	147145709	147150208	+	ENSG00000250673
SLC10A7	4	147175127	147443123	-	ENSG00000120519
POU4F2	4	147560045	147563626	+	ENSG00000151615
TTC29	4	147627790	147867034	-	ENSG00000137473
EDNRA	4	148402069	148466106	+	ENSG00000151617
TMEM184C	4	148538534	148593195	+	ENSG00000164168
PRMT10	4	148558936	148605381	-	ENSG00000164169
ARHGAP10	4	148653214	148993931	+	ENSG00000071205
NR3C2	4	148999913	149365850	-	ENSG00000151623
DCLK2	4	150999426	151178609	+	ENSG00000170390
LRBA	4	151185594	151936879	-	ENSG00000198589
MAB21L2	4	151503077	151505843	+	ENSG00000181541
RPS3A	4	152020725	152025804	+	ENSG00000145425
SH3D19	4	152023903	152246784	-	ENSG00000109686
PRSS48	4	152198323	152212605	+	ENSG00000189099
FAM160A1	4	152330368	152584784	+	ENSG00000164142
PET112	4	152591656	152682175	-	ENSG00000059691
FBXW7	4	153242410	153457253	-	ENSG00000109670
TMEM154	4	153539784	153601317	-	ENSG00000170006
TIGD4	4	153690506	153700916	-	ENSG00000169989
ARFIP1	4	153701089	153839615	+	ENSG00000164144
FHDC1	4	153857504	153900848	+	ENSG00000137460
TRIM2	4	154073494	154260472	+	ENSG00000109654
MND1	4	154265801	154336270	+	ENSG00000121211
KIAA0922	4	154387498	154557863	+	ENSG00000121210
TLR2	4	154622652	154626851	+	ENSG00000137462
RNF175	4	154631277	154681387	-	ENSG00000145428
SFRP2	4	154701744	154710272	-	ENSG00000145423
DCHS2	4	155153399	155412930	-	ENSG00000197410
PLRG1	4	155456158	155471587	-	ENSG00000171566
FGB	4	155484108	155492238	+	ENSG00000171564
FGA	4	155504278	155511918	-	ENSG00000171560
FGG	4	155525286	155534119	-	ENSG00000171557
LRAT	4	155548097	155674270	+	ENSG00000121207
RBM46	4	155702365	155749965	+	ENSG00000151962
NPY2R	4	156129781	156138230	+	ENSG00000185149
MAP9	4	156263810	156298122	-	ENSG00000164114
GUCY1A3	4	156587863	156653501	+	ENSG00000164116
GUCY1B3	4	156680144	156728743	+	ENSG00000061918
ASIC5	4	156750881	156787425	-	ENSG00000256394
TDO2	4	156775890	156841558	+	ENSG00000151790
CTSO	4	156845270	156875069	-	ENSG00000256043
RP11-171N4.2	4	157555646	157563606	-	ENSG00000251283
PDGFC	4	157681606	157892546	-	ENSG00000145431
GLRB	4	157997209	158093242	+	ENSG00000109738
GRIA2	4	158125334	158287227	+	ENSG00000120251
FAM198B	4	159045626	159094470	-	ENSG00000164125
TMEM144	4	159122756	159176563	+	ENSG00000164124
RXFP1	4	159236463	159574524	+	ENSG00000171509
C4orf46	4	159587831	159593407	-	ENSG00000205208
ETFDH	4	159593277	159630775	+	ENSG00000171503
PPID	4	159630286	159644548	-	ENSG00000171497
FNIP2	4	159690290	159829201	+	ENSG00000052795
C4orf45	4	159814286	159959912	-	ENSG00000164123
RAPGEF2	4	160025330	160281321	+	ENSG00000109756
FSTL5	4	162305049	163085187	-	ENSG00000168843
NAF1	4	164031225	164088073	-	ENSG00000145414
NPY1R	4	164245113	164265984	-	ENSG00000164128
NPY5R	4	164265091	164273086	+	ENSG00000164129
TKTL2	4	164392257	164395047	-	ENSG00000151005
TMA16	4	164415594	164441691	+	ENSG00000198498
MARCH1	4	164445450	165305202	-	ENSG00000145416
TRIM61	4	165875598	165898820	-	ENSG00000183439
FAM218A	4	165878100	165880273	+	ENSG00000250486
TRIM60	4	165953105	165962896	+	ENSG00000176979
TMEM192	4	165995574	166129701	-	ENSG00000170088
KLHL2	4	166128770	166244308	+	ENSG00000109466
MSMO1	4	166248775	166264312	+	ENSG00000052802
CPE	4	166282346	166419472	+	ENSG00000109472
TLL1	4	166794410	167025047	+	ENSG00000038295
SPOCK3	4	167654535	168155947	-	ENSG00000196104
ANXA10	4	169013666	169108841	+	ENSG00000109511
DDX60	4	169137444	169239958	-	ENSG00000137628
DDX60L	4	169277886	169458937	-	ENSG00000181381
PALLD	4	169418217	169849608	+	ENSG00000129116
CBR4	4	169784921	169931426	-	ENSG00000145439
SH3RF1	4	170015407	170192256	-	ENSG00000154447
NEK1	4	170314426	170533780	-	ENSG00000137601
CLCN3	4	170533784	170644824	+	ENSG00000109572
C4orf27	4	170650616	170679104	-	ENSG00000056050
MFAP3L	4	170907748	170954182	-	ENSG00000198948
AADAT	4	170981373	171012850	-	ENSG00000109576
GALNTL6	4	172733405	173962710	+	ENSG00000174473
GALNT7	4	174089904	174245118	+	ENSG00000109586
HMGB2	4	174252846	174256276	-	ENSG00000164104
SAP30	4	174291120	174298683	+	ENSG00000164105
SCRG1	4	174305852	174327531	-	ENSG00000164106
HAND2	4	174446120	174451380	-	ENSG00000164107
FBXO8	4	175157809	175205415	-	ENSG00000164117
CEP44	4	175204828	175254531	+	ENSG00000164118
HPGD	4	175411328	175444305	-	ENSG00000164120
GLRA3	4	175558065	175750465	-	ENSG00000145451
ADAM29	4	175750819	175899331	+	ENSG00000168594
GPM6A	4	176554085	176923815	-	ENSG00000150625
WDR17	4	176986985	177103978	+	ENSG00000150627
SPATA4	4	177105789	177116822	-	ENSG00000150628
ASB5	4	177134824	177198722	-	ENSG00000164122
SPCS3	4	177241115	177253396	+	ENSG00000129128
VEGFC	4	177604689	177713881	-	ENSG00000150630
RP11-487E13.1	4	178163693	178169927	-	ENSG00000249008
NEIL3	4	178230990	178284097	+	ENSG00000109674
AGA	4	178351924	178363657	-	ENSG00000038002
LINC01098	4	178649911	178911904	+	ENSG00000231171
TENM3	4	183065140	183724177	+	ENSG00000218336
DCTD	4	183811213	183839089	-	ENSG00000129187
WWC2	4	184020446	184241930	+	ENSG00000151718
CLDN22	4	184239220	184241927	-	ENSG00000177300
CLDN24	4	184242917	184243579	-	ENSG00000185758
CDKN2AIP	4	184365744	184369351	+	ENSG00000168564
ING2	4	184426147	184432249	+	ENSG00000168556
RWDD4	4	184560788	184580378	-	ENSG00000182552
TRAPPC11	4	184580420	184634745	+	ENSG00000168538
STOX2	4	184774584	184944679	+	ENSG00000173320
ENPP6	4	185009859	185142383	-	ENSG00000164303
IRF2	4	185308867	185395734	-	ENSG00000168310
CASP3	4	185548850	185570663	-	ENSG00000164305
PRIMPOL	4	185570767	185616117	+	ENSG00000164306
CENPU	4	185615772	185655287	-	ENSG00000151725
ACSL1	4	185676749	185747972	-	ENSG00000151726
RP11-701P16.2	4	185734773	185742443	+	ENSG00000251139
HELT	4	185939995	185941958	+	ENSG00000187821
SLC25A4	4	186064395	186071536	+	ENSG00000151729
KIAA1430	4	186080819	186130658	-	ENSG00000164323
SNX25	4	186125391	186291339	+	ENSG00000109762
LRP2BP	4	186285032	186317053	-	ENSG00000109771
ANKRD37	4	186317175	186321782	+	ENSG00000186352
UFSP2	4	186320694	186347139	-	ENSG00000109775
C4orf47	4	186347394	186370980	+	ENSG00000205129
CCDC110	4	186366336	186392913	-	ENSG00000168491
RP11-279O9.4	4	186392670	186393417	+	ENSG00000249679
PDLIM3	4	186422851	186456766	-	ENSG00000154553
SORBS2	4	186506598	186877806	-	ENSG00000154556
TLR3	4	186990306	187009223	+	ENSG00000164342
FAM149A	4	187025573	187093821	+	ENSG00000109794
AC110771.1	4	187111913	187112626	-	ENSG00000269302
CYP4V2	4	187112674	187134610	+	ENSG00000145476
KLKB1	4	187130133	187179625	+	ENSG00000164344
F11	4	187187099	187210835	+	ENSG00000088926
RP11-215A19.2	4	187347700	187476464	-	ENSG00000272297
MTNR1A	4	187454809	187476721	-	ENSG00000168412
FAT1	4	187508937	187647876	-	ENSG00000083857
ZFP42	4	188916925	188926204	+	ENSG00000179059
TRIML2	4	189012427	189030757	-	ENSG00000179046
TRIML1	4	189060573	189068897	+	ENSG00000184108
FRG1	4	190861943	190884359	+	ENSG00000109536
FRG2	4	190945506	190948412	-	ENSG00000205097
DUX4L7	4	190992087	190993897	+	ENSG00000258755
DUX4L6	4	190995380	190997190	+	ENSG00000258697
DUX4L5	4	190998673	191000532	+	ENSG00000259063
DUX4L4	4	191001979	191003777	+	ENSG00000258834
DUX4	4	191005267	191007077	+	ENSG00000258389
DUX4L3	4	191008560	191010370	+	ENSG00000259034
DUX4L2	4	191011860	191013719	+	ENSG00000259128
PLEKHG4B	5	140373	190085	+	ENSG00000153404
LRRC14B	5	191626	195468	+	ENSG00000185028
CCDC127	5	196986	218330	-	ENSG00000164366
SDHA	5	218356	256815	+	ENSG00000073578
PDCD6	5	271736	353971	+	ENSG00000249915
AHRR	5	304291	438406	+	ENSG00000063438
C5orf55	5	441645	443258	-	ENSG00000221990
EXOC3	5	443273	472052	+	ENSG00000180104
CTD-2228K2.5	5	466239	473213	-	ENSG00000188242
SLC9A3	5	473425	524447	-	ENSG00000066230
CEP72	5	612387	667283	+	ENSG00000112877
TPPP	5	660883	693510	-	ENSG00000171368
AC026740.1	5	667759	668839	+	ENSG00000268885
ZDHHC11	5	710471	851101	-	ENSG00000188818
ZDHHC11B	5	710475	767067	-	ENSG00000206077
BRD9	5	850406	892939	-	ENSG00000028310
TRIP13	5	892758	919472	+	ENSG00000071539
RP11-661C8.3	5	979480	981415	+	ENSG00000250173
NKD2	5	1008944	1039058	+	ENSG00000145506
SLC12A7	5	1050499	1112150	-	ENSG00000113504
SLC6A19	5	1201710	1225232	+	ENSG00000174358
SLC6A18	5	1225470	1246304	+	ENSG00000164363
TERT	5	1253262	1295184	-	ENSG00000164362
CLPTM1L	5	1317859	1345214	-	ENSG00000049656
SLC6A3	5	1392909	1445545	-	ENSG00000142319
LPCAT1	5	1456595	1524092	-	ENSG00000153395
MRPL36	5	1798500	1801480	-	ENSG00000171421
NDUFS6	5	1801514	1816719	+	ENSG00000145494
IRX4	5	1877541	1887350	-	ENSG00000113430
IRX2	5	2745959	2752969	-	ENSG00000170561
C5orf38	5	2752245	2755508	+	ENSG00000186493
IRX1	5	3596168	3601517	+	ENSG00000170549
ADAMTS16	5	5140443	5320417	+	ENSG00000145536
KIAA0947	5	5420777	5490347	+	ENSG00000164151
MED10	5	6371994	6378707	-	ENSG00000133398
UBE2QL1	5	6448736	6495022	+	ENSG00000215218
NSUN2	5	6599352	6633404	-	ENSG00000037474
SRD5A1	5	6633456	6669675	+	ENSG00000145545
PAPD7	5	6714718	6757161	+	ENSG00000112941
ADCY2	5	7396321	7830194	+	ENSG00000078295
C5orf49	5	7830491	7851603	-	ENSG00000215217
MTRR	5	7851299	7906138	+	ENSG00000124275
FASTKD3	5	7859272	7869150	-	ENSG00000124279
SEMA5A	5	9035138	9546187	-	ENSG00000112902
TAS2R1	5	9629109	9712490	-	ENSG00000169777
FAM173B	5	10226442	10250009	-	ENSG00000150756
CCT5	5	10250033	10266524	+	ENSG00000150753
CMBL	5	10275987	10308138	-	ENSG00000164237
MARCH6	5	10353815	10440500	+	ENSG00000145495
ROPN1L	5	10441636	10472141	+	ENSG00000145491
RP11-1C1.5	5	10505108	10522196	-	ENSG00000249160
ANKRD33B	5	10564442	10650308	+	ENSG00000164236
DAP	5	10679342	10761384	-	ENSG00000112977
CTNND2	5	10971952	11904155	-	ENSG00000169862
DNAH5	5	13690440	13944652	-	ENSG00000039139
TRIO	5	14143811	14532235	+	ENSG00000038382
FAM105A	5	14581884	14615116	+	ENSG00000145569
FAM105B	5	14664773	14699820	+	ENSG00000154124
ANKH	5	14704910	14871887	-	ENSG00000154122
FBXL7	5	15500305	15939900	+	ENSG00000183580
MARCH11	5	16067248	16180871	-	ENSG00000183654
ZNF622	5	16451628	16465901	-	ENSG00000173545
FAM134B	5	16473147	16617167	-	ENSG00000154153
MYO10	5	16665395	16936372	-	ENSG00000145555
BASP1	5	17065707	17276943	+	ENSG00000176788
CDH18	5	19473060	20575982	-	ENSG00000145526
CDH12	5	21750782	22853731	-	ENSG00000154162
PRDM9	5	23507264	23528706	+	ENSG00000164256
C5orf17	5	23951457	24178372	+	ENSG00000248874
CDH10	5	24487209	24645087	-	ENSG00000040731
CDH9	5	26880709	27121257	-	ENSG00000113100
CDH6	5	31193857	31329253	+	ENSG00000113361
DROSHA	5	31400604	31532303	-	ENSG00000113360
C5orf22	5	31532373	31555165	+	ENSG00000082213
PDZD2	5	31639517	32111037	+	ENSG00000133401
GOLPH3	5	32124810	32174456	-	ENSG00000113384
MTMR12	5	32227100	32313115	-	ENSG00000150712
ZFR	5	32354456	32444867	-	ENSG00000056097
SUB1	5	32531739	32604185	+	ENSG00000113387
NPR3	5	32689176	32791819	+	ENSG00000113389
AC026703.1	5	32788945	32791819	+	ENSG00000181495
TARS	5	33440802	33469644	+	ENSG00000113407
ADAMTS12	5	33523640	33892297	-	ENSG00000151388
RXFP3	5	33936491	33939023	+	ENSG00000182631
SLC45A2	5	33944721	33984835	-	ENSG00000164175
AMACR	5	33986283	34008220	-	ENSG00000242110
RP11-1084J3.4	5	33987279	34124633	-	ENSG00000273294
C1QTNF3	5	34019553	34043937	-	ENSG00000082196
RAI14	5	34656342	34832732	+	ENSG00000039560
TTC23L	5	34838938	34899561	+	ENSG00000205838
RAD1	5	34905369	34919094	-	ENSG00000113456
BRIX1	5	34915481	34926101	+	ENSG00000113460
DNAJC21	5	34929698	34959069	+	ENSG00000168724
AGXT2	5	34998206	35048198	-	ENSG00000113492
PRLR	5	35048861	35230794	-	ENSG00000113494
AC010368.2	5	35051012	35051198	+	ENSG00000269027
SPEF2	5	35617946	35814713	+	ENSG00000152582
IL7R	5	35852797	35879705	+	ENSG00000168685
CAPSL	5	35904397	35938881	-	ENSG00000152611
UGT3A1	5	35951112	36001130	-	ENSG00000145626
UGT3A2	5	36035119	36071460	-	ENSG00000168671
LMBRD2	5	36098514	36152063	-	ENSG00000164187
SKP2	5	36152091	36184421	+	ENSG00000145604
NADK2	5	36192694	36242381	-	ENSG00000152620
RANBP3L	5	36248536	36302216	-	ENSG00000164188
SLC1A3	5	36606457	36688436	+	ENSG00000079215
NIPBL	5	36876861	37066515	+	ENSG00000164190
C5orf42	5	37106330	37249530	-	ENSG00000197603
NUP155	5	37288239	37371283	-	ENSG00000113569
WDR70	5	37379314	37753537	+	ENSG00000082068
GDNF	5	37812779	37839788	-	ENSG00000168621
EGFLAM	5	38258511	38465123	+	ENSG00000164318
LIFR	5	38475065	38608456	-	ENSG00000113594
OSMR	5	38845960	38945698	+	ENSG00000145623
RICTOR	5	38938021	39074510	-	ENSG00000164327
FYB	5	39105338	39274630	-	ENSG00000082074
AC008964.1	5	39105358	39107350	+	ENSG00000269215
C9	5	39284364	39424970	-	ENSG00000113600
DAB2	5	39371780	39462402	-	ENSG00000153071
PTGER4	5	40679600	40693837	+	ENSG00000171522
TTC33	5	40714577	40756077	-	ENSG00000113638
PRKAA1	5	40759481	40798476	-	ENSG00000132356
RPL37	5	40825364	40835437	-	ENSG00000145592
CARD6	5	40841286	40860275	+	ENSG00000132357
C7	5	40909354	40983041	+	ENSG00000112936
MROH2B	5	40998119	41071444	-	ENSG00000171495
C6	5	41142336	41261540	-	ENSG00000039537
PLCXD3	5	41307056	41510730	-	ENSG00000182836
OXCT1	5	41730167	41870621	-	ENSG00000083720
C5orf51	5	41904290	41921738	+	ENSG00000205765
FBXO4	5	41925356	41941845	+	ENSG00000151876
GHR	5	42423879	42721979	+	ENSG00000112964
CCDC152	5	42756903	42802462	+	ENSG00000198865
SEPP1	5	42799982	42887494	-	ENSG00000250722
ANXA2R	5	43039335	43043272	-	ENSG00000177721
ZNF131	5	43065278	43192123	+	ENSG00000172262
NIM1K	5	43192173	43280952	+	ENSG00000177453
HMGCS1	5	43289497	43313614	-	ENSG00000112972
CCL28	5	43376747	43412493	-	ENSG00000151882
C5orf28	5	43444354	43483995	-	ENSG00000151881
C5orf34	5	43486803	43515247	-	ENSG00000172244
PAIP1	5	43526369	43557860	-	ENSG00000172239
NNT	5	43602794	43707507	+	ENSG00000112992
FGF10	5	44303646	44389808	-	ENSG00000070193
MRPS30	5	44809027	44820530	+	ENSG00000112996
HCN1	5	45259349	45696253	-	ENSG00000164588
EMB	5	49692026	49739082	-	ENSG00000170571
PARP8	5	49961733	50142356	+	ENSG00000151883
ISL1	5	50678921	50690564	+	ENSG00000016082
CTD-2203A3.1	5	51303865	51376821	+	ENSG00000248789
ITGA1	5	52083730	52255040	+	ENSG00000213949
PELO	5	52083774	52099880	+	ENSG00000152684
ITGA2	5	52285156	52390609	+	ENSG00000164171
MOCS2	5	52391509	52405893	-	ENSG00000164172
FST	5	52776239	52782964	+	ENSG00000134363
NDUFS4	5	52856463	52979168	+	ENSG00000164258
ARL15	5	53179775	53606412	-	ENSG00000185305
HSPB3	5	53751445	53752207	+	ENSG00000169271
SNX18	5	53813589	53842415	+	ENSG00000178996
RP11-45H22.3	5	54252063	54253674	-	ENSG00000249016
ESM1	5	54273692	54318499	-	ENSG00000164283
GZMK	5	54320081	54330398	+	ENSG00000113088
GZMA	5	54398476	54406080	+	ENSG00000145649
CDC20B	5	54408799	54469005	-	ENSG00000164287
GPX8	5	54455946	54462899	+	ENSG00000164294
MCIDAS	5	54515442	54523143	-	ENSG00000234602
CCNO	5	54526980	54529508	-	ENSG00000152669
DHX29	5	54552073	54603550	-	ENSG00000067248
SKIV2L2	5	54603588	54721409	+	ENSG00000039123
PPAP2A	5	54720682	54830878	-	ENSG00000067113
SLC38A9	5	54921673	55069022	-	ENSG00000177058
DDX4	5	55033845	55112985	+	ENSG00000152670
IL31RA	5	55147207	55218678	+	ENSG00000164509
AC008914.1	5	55224468	55224569	-	ENSG00000268280
IL6ST	5	55230923	55290821	-	ENSG00000134352
ANKRD55	5	55395507	55529186	-	ENSG00000164512
CTC-236F12.4	5	55753622	55777773	-	ENSG00000248727
AC022431.2	5	55807394	55902059	-	ENSG00000225940
MAP3K1	5	56111401	56191979	+	ENSG00000095015
SETD9	5	56205087	56221359	+	ENSG00000155542
MIER3	5	56215429	56267502	-	ENSG00000155545
GPBP1	5	56469775	56560506	+	ENSG00000062194
ACTBL2	5	56775846	56778636	-	ENSG00000169067
PLK2	5	57749809	57756087	-	ENSG00000145632
GAPT	5	57787262	57792917	+	ENSG00000175857
CTD-2117L12.1	5	57837394	57854070	-	ENSG00000250127
RAB3C	5	57878048	58155213	+	ENSG00000152932
PDE4D	5	58264865	59817947	-	ENSG00000113448
FKSG52	5	59726565	59726939	+	ENSG00000224838
DEPDC1B	5	59892739	59996017	-	ENSG00000035499
ELOVL7	5	60047618	60140216	-	ENSG00000164181
ERCC8	5	60169658	60240900	-	ENSG00000049167
NDUFAF2	5	60240956	60448853	+	ENSG00000164182
AC008498.1	5	60411538	60411762	-	ENSG00000269267
SMIM15	5	60453536	60458301	-	ENSG00000188725
ZSWIM6	5	60628100	60841997	+	ENSG00000130449
C5orf64	5	60933535	61047590	+	ENSG00000178722
KIF2A	5	61601989	61833076	+	ENSG00000068796
DIMT1	5	61683081	61699766	-	ENSG00000086189
IPO11	5	61699799	61924409	+	ENSG00000086200
LRRC70	5	61874562	61877275	+	ENSG00000186105
HTR1A	5	63256183	63258334	-	ENSG00000178394
RNF180	5	63461671	63668696	+	ENSG00000164197
RGS7BP	5	63802084	63908139	+	ENSG00000186479
FAM159B	5	63986135	64013917	+	ENSG00000145642
SREK1IP1	5	64013971	64064512	-	ENSG00000153006
CWC27	5	64064757	64314590	+	ENSG00000153015
ADAMTS6	5	64444563	64777747	-	ENSG00000049192
CENPK	5	64813593	64858998	-	ENSG00000123219
PPWD1	5	64859063	64883376	+	ENSG00000113593
TRIM23	5	64885507	64921802	-	ENSG00000113595
TRAPPC13	5	64920543	64962060	+	ENSG00000113597
CTC-534A2.2	5	64920592	64926718	+	ENSG00000253251
SGTB	5	64961755	65018862	-	ENSG00000197860
NLN	5	65018023	65167553	+	ENSG00000123213
ERBB2IP	5	65222303	65378377	+	ENSG00000112851
SREK1	5	65435799	65479443	+	ENSG00000153914
MAST4	5	65892176	66465423	+	ENSG00000069020
CD180	5	66478103	66492627	-	ENSG00000134061
RP11-404L6.2	5	67485704	67494235	+	ENSG00000253787
PIK3R1	5	67511548	67597649	+	ENSG00000145675
SLC30A5	5	68389473	68426896	+	ENSG00000145740
CCNB1	5	68462837	68474072	+	ENSG00000134057
CENPH	5	68485375	68506184	+	ENSG00000153044
MRPS36	5	68513587	68525956	+	ENSG00000134056
CDK7	5	68530668	68573250	+	ENSG00000134058
CCDC125	5	68576002	68628636	-	ENSG00000183323
TAF9	5	68646811	68665840	-	ENSG00000085231
RAD17	5	68665120	68710628	+	ENSG00000152942
MARVELD2	5	68710939	68740157	+	ENSG00000152939
OCLN	5	68788119	68853931	+	ENSG00000197822
GTF2H2C	5	68856035	68890550	+	ENSG00000183474
SERF1B	5	69321074	69338940	+	ENSG00000205572
SMN2	5	69345350	69374349	+	ENSG00000205571
SERF1A	5	70196492	70214357	+	ENSG00000172058
SMN1	5	70220768	70249769	+	ENSG00000172062
NAIP	5	70264310	70320941	-	ENSG00000249437
GTF2H2	5	70330784	70363516	-	ENSG00000145736
BDP1	5	70751442	70863649	+	ENSG00000145734
MCCC2	5	70883115	70954531	+	ENSG00000131844
CARTPT	5	71014990	71016875	+	ENSG00000164326
MAP1B	5	71403061	71505395	+	ENSG00000131711
MRPS27	5	71515236	71616473	-	ENSG00000113048
PTCD2	5	71616194	71656052	+	ENSG00000049883
ZNF366	5	71738479	71803554	-	ENSG00000178175
TNPO1	5	72112139	72212560	+	ENSG00000083312
FCHO2	5	72251808	72386349	+	ENSG00000157107
TMEM171	5	72416119	72427644	+	ENSG00000157111
TMEM174	5	72469022	72470970	+	ENSG00000164325
FOXD1	5	72740654	72744352	-	ENSG00000251493
BTF3	5	72794233	72801460	+	ENSG00000145741
ANKRA2	5	72848160	72861511	-	ENSG00000164331
UTP15	5	72861268	72877794	+	ENSG00000164338
AC008387.1	5	72894203	72896845	+	ENSG00000268217
ARHGEF28	5	72921983	73237818	+	ENSG00000214944
ENC1	5	73923234	73937249	-	ENSG00000171617
HEXB	5	73935848	74018472	+	ENSG00000049860
GFM2	5	74017029	74063196	-	ENSG00000164347
NSA2	5	74062817	74072737	+	ENSG00000164346
FAM169A	5	74073399	74162776	-	ENSG00000198780
GCNT4	5	74323289	74326724	-	ENSG00000176928
ANKRD31	5	74364100	74532703	-	ENSG00000145700
HMGCR	5	74632154	74657929	+	ENSG00000113161
COL4A3BP	5	74664311	74807963	-	ENSG00000113163
POLK	5	74807581	74896969	+	ENSG00000122008
ANKDD1B	5	74907284	74967671	+	ENSG00000189045
POC5	5	74969949	75013313	-	ENSG00000152359
SV2C	5	75378997	75649764	+	ENSG00000122012
IQGAP2	5	75699074	76003957	+	ENSG00000145703
F2RL2	5	75911307	75919259	-	ENSG00000164220
F2R	5	76011868	76031606	+	ENSG00000181104
F2RL1	5	76114758	76131140	+	ENSG00000164251
S100Z	5	76145826	76217475	+	ENSG00000171643
CRHBP	5	76248538	76276983	+	ENSG00000145708
AGGF1	5	76325076	76361059	+	ENSG00000164252
ZBED3	5	76367897	76383148	-	ENSG00000132846
PDE8B	5	76506274	76725632	+	ENSG00000113231
WDR41	5	76721795	76916436	-	ENSG00000164253
OTP	5	76924538	76935513	-	ENSG00000171540
TBCA	5	76986991	77164604	-	ENSG00000171530
AP3B1	5	77296349	77590579	-	ENSG00000132842
SCAMP1	5	77656339	77776562	+	ENSG00000085365
LHFPL2	5	77781038	78065844	-	ENSG00000145685
ARSB	5	78073032	78281910	-	ENSG00000113273
DMGDH	5	78293438	78531861	-	ENSG00000132837
BHMT2	5	78365540	78385289	+	ENSG00000132840
BHMT	5	78407602	78428108	+	ENSG00000145692
AC016559.1	5	78523714	78523911	-	ENSG00000268012
JMY	5	78532012	78623038	+	ENSG00000152409
HOMER1	5	78668459	78810040	-	ENSG00000152413
PAPD4	5	78907943	78982471	+	ENSG00000164329
CMYA5	5	78985700	79096063	+	ENSG00000164309
MTX3	5	79275584	79287082	-	ENSG00000177034
THBS4	5	79287134	79379110	+	ENSG00000113296
SERINC5	5	79407050	79551898	-	ENSG00000164300
SPZ1	5	79615444	79617661	+	ENSG00000164299
ZFYVE16	5	79703832	79775169	+	ENSG00000039319
FAM151B	5	79783788	79838382	+	ENSG00000152380
ANKRD34B	5	79852574	79866307	-	ENSG00000189127
DHFR	5	79922047	79950802	-	ENSG00000228716
MTRNR2L2	5	79945819	79946855	-	ENSG00000271043
MSH3	5	79950467	80172279	+	ENSG00000113318
RASGRF2	5	80256491	80525975	+	ENSG00000113319
CKMT2	5	80529104	80562216	+	ENSG00000131730
ZCCHC9	5	80597409	80609116	+	ENSG00000131732
ACOT12	5	80625824	80689998	-	ENSG00000172497
SSBP2	5	80708840	81047616	-	ENSG00000145687
ATG10	5	81267844	81572676	+	ENSG00000152348
RPS23	5	81569177	81574396	-	ENSG00000186468
ATP6AP1L	5	81575281	81682796	+	ENSG00000205464
TMEM167A	5	82348665	82373682	-	ENSG00000174695
XRCC4	5	82373317	82649606	+	ENSG00000152422
VCAN	5	82767284	82878122	+	ENSG00000038427
HAPLN1	5	82933624	83017432	-	ENSG00000145681
EDIL3	5	83236373	83680611	-	ENSG00000164176
COX7C	5	85913721	85916779	+	ENSG00000127184
AC008394.1	5	86512423	86534822	-	ENSG00000233828
RASA1	5	86563705	86687748	+	ENSG00000145715
CCNH	5	86687311	86708836	-	ENSG00000134480
TMEM161B	5	87485450	87565293	-	ENSG00000164180
MEF2C	5	88013975	88199922	-	ENSG00000081189
CETN3	5	89688078	89705603	-	ENSG00000153140
MBLAC2	5	89754020	89770585	-	ENSG00000176055
POLR3G	5	89767565	89810370	+	ENSG00000113356
LYSMD3	5	89811428	89825401	-	ENSG00000176018
GPR98	5	89825161	90460038	+	ENSG00000164199
ARRDC3	5	90664541	90679176	-	ENSG00000113369
NR2F1	5	92919043	92930321	+	ENSG00000175745
FAM172A	5	92953775	93447404	-	ENSG00000113391
POU5F2	5	93070508	93077343	-	ENSG00000248483
KIAA0825	5	93488671	93954309	-	ENSG00000185261
ANKRD32	5	93954052	94075141	+	ENSG00000133302
MCTP1	5	94039446	94620279	-	ENSG00000175471
FAM81B	5	94727048	94786158	+	ENSG00000153347
TTC37	5	94799599	94890711	-	ENSG00000198677
ARSK	5	94890778	94940768	+	ENSG00000164291
GPR150	5	94955782	94957846	+	ENSG00000178015
RFESD	5	94982458	95020477	+	ENSG00000175449
SPATA9	5	94987885	95034415	-	ENSG00000145757
RHOBTB3	5	95049226	95160087	+	ENSG00000164292
GLRX	5	95087023	95158709	-	ENSG00000173221
C5orf27	5	95187936	95195837	+	ENSG00000236882
ELL2	5	95220802	95297775	-	ENSG00000118985
PCSK1	5	95726119	95769847	-	ENSG00000175426
CAST	5	95860971	96115299	+	ENSG00000153113
ERAP1	5	96096521	96143803	-	ENSG00000164307
CTD-2260A17.2	5	96149731	96271513	-	ENSG00000247121
ERAP2	5	96211643	96255420	+	ENSG00000164308
LNPEP	5	96271098	96373219	+	ENSG00000113441
CTD-2215E18.1	5	96424779	96519354	+	ENSG00000251606
LIX1	5	96427574	96478576	-	ENSG00000145721
RIOK2	5	96496571	96518964	-	ENSG00000058729
RGMB	5	98104354	98134347	+	ENSG00000174136
CHD1	5	98190908	98262240	-	ENSG00000153922
FAM174A	5	99871009	99922445	+	ENSG00000174132
ST8SIA4	5	100142639	100238970	-	ENSG00000113532
SLCO4C1	5	101569690	101632253	-	ENSG00000173930
AC008948.1	5	101569696	101571279	+	ENSG00000268424
SLCO6A1	5	101707486	101834720	-	ENSG00000205359
PAM	5	102089685	102366809	+	ENSG00000145730
GIN1	5	102421704	102455855	-	ENSG00000145723
PPIP5K2	5	102455853	102548500	+	ENSG00000145725
C5orf30	5	102594403	102614361	+	ENSG00000181751
NUDT12	5	102884556	102898494	-	ENSG00000112874
EFNA5	5	106712590	107006596	-	ENSG00000184349
FBXL17	5	107194736	107717799	-	ENSG00000145743
FER	5	108083523	108532542	+	ENSG00000151422
PJA2	5	108670410	108745695	-	ENSG00000198961
MAN2A1	5	109025067	109205326	+	ENSG00000112893
AC011366.3	5	109218883	109220452	+	ENSG00000254106
TMEM232	5	109624934	110074657	-	ENSG00000186952
SLC25A46	5	110073837	110100857	+	ENSG00000164209
TSLP	5	110405760	110413722	+	ENSG00000145777
WDR36	5	110427414	110466200	+	ENSG00000134987
CAMK4	5	110559351	110830584	+	ENSG00000152495
STARD4	5	110831731	110848288	-	ENSG00000164211
NREP	5	110998318	111333161	-	ENSG00000134986
EPB41L4A	5	111478138	111755013	-	ENSG00000129595
EPB41L4A-AS2	5	111755280	111756310	+	ENSG00000268358
APC	5	112043195	112181936	+	ENSG00000134982
CTC-554D6.1	5	112162910	112203279	+	ENSG00000258864
CTC-487M23.8	5	112196885	112228776	+	ENSG00000272869
SRP19	5	112196919	112205485	+	ENSG00000153037
REEP5	5	112212084	112258236	-	ENSG00000129625
ZRSR1	5	112227313	112228791	+	ENSG00000212643
DCP2	5	112312399	112356667	+	ENSG00000172795
MCC	5	112357796	112824527	-	ENSG00000171444
TSSK1B	5	112768251	112770728	-	ENSG00000212122
YTHDC2	5	112849380	112930982	+	ENSG00000047188
KCNN2	5	113696642	113832337	+	ENSG00000080709
TRIM36	5	114460459	114516243	-	ENSG00000152503
PGGT1B	5	114546527	114598569	-	ENSG00000164219
CCDC112	5	114602885	114632528	-	ENSG00000164221
FEM1C	5	114856608	114880591	-	ENSG00000145780
TICAM2	5	114914339	114961876	-	ENSG00000243414
TMED7-TICAM2	5	114914339	114961858	-	ENSG00000251201
TMED7	5	114949205	114968689	-	ENSG00000134970
CDO1	5	115140430	115152651	-	ENSG00000129596
ATG12	5	115163893	115177555	-	ENSG00000145782
AP3S1	5	115177178	115249778	+	ENSG00000177879
AQPEP	5	115298151	115363316	+	ENSG00000172901
CTD-2287O16.3	5	115358088	115394625	+	ENSG00000268714
ARL14EPL	5	115387163	115395815	+	ENSG00000268223
COMMD10	5	115420688	115748459	+	ENSG00000145781
SEMA6A	5	115779312	115910630	-	ENSG00000092421
DTWD2	5	118173017	118324240	-	ENSG00000169570
DMXL1	5	118373467	118584833	+	ENSG00000172869
TNFAIP8	5	118604387	118735383	+	ENSG00000145779
HSD17B4	5	118788138	118972894	+	ENSG00000133835
FAM170A	5	118965254	118971517	+	ENSG00000164334
PRR16	5	119799973	120023027	+	ENSG00000184838
FTMT	5	121187650	121188519	+	ENSG00000181867
SRFBP1	5	121297656	121411265	+	ENSG00000151304
LOX	5	121398890	121413980	-	ENSG00000113083
ZNF474	5	121465208	121515312	+	ENSG00000164185
SNCAIP	5	121647049	121799914	+	ENSG00000064692
SNX2	5	122110691	122165803	+	ENSG00000205302
SNX24	5	122179134	122365049	+	ENSG00000064652
PPIC	5	122358945	122372436	-	ENSG00000168938
PRDM6	5	122424816	122529960	+	ENSG00000061455
CEP120	5	122680579	122759286	-	ENSG00000168944
CSNK1G3	5	122847793	122952739	+	ENSG00000151292
ZNF608	5	123972608	124084500	-	ENSG00000168916
GRAMD3	5	125695824	125832186	+	ENSG00000155324
ALDH7A1	5	125877533	125931110	-	ENSG00000164904
PHAX	5	125935960	125962944	+	ENSG00000164902
C5orf48	5	125967414	125971979	+	ENSG00000196900
LMNB1	5	126112315	126172712	+	ENSG00000113368
MARCH3	5	126203406	126366500	-	ENSG00000173926
C5orf63	5	126378250	126409184	-	ENSG00000164241
MEGF10	5	126626523	126801429	+	ENSG00000145794
PRRC1	5	126853301	126890781	+	ENSG00000164244
CTXN3	5	126984736	126994322	+	ENSG00000205279
SLC12A2	5	127419458	127525380	+	ENSG00000064651
FBN2	5	127593601	127994878	-	ENSG00000138829
SLC27A6	5	127873706	128369335	+	ENSG00000113396
ISOC1	5	128430444	128449721	+	ENSG00000066583
ADAMTS19	5	128795958	129074376	+	ENSG00000145808
KIAA1024L	5	129083772	129102425	+	ENSG00000186367
CHSY3	5	129240165	129522327	+	ENSG00000198108
HINT1	5	130494720	130507428	-	ENSG00000169567
LYRM7	5	130506503	130541119	+	ENSG00000186687
CDC42SE2	5	130581186	130734140	+	ENSG00000158985
RAPGEF6	5	130759614	130970929	-	ENSG00000158987
CTC-432M15.3	5	130761584	131132676	-	ENSG00000273217
FNIP1	5	130977407	131132710	-	ENSG00000217128
ACSL6	5	131142683	131347936	-	ENSG00000164398
IL3	5	131396222	131398897	+	ENSG00000164399
CSF2	5	131409483	131411859	+	ENSG00000164400
P4HA2	5	131527531	131631008	-	ENSG00000072682
PDLIM4	5	131593364	131609147	+	ENSG00000131435
SLC22A4	5	131630136	131679899	+	ENSG00000197208
SLC22A5	5	131705444	131731306	+	ENSG00000197375
C5orf56	5	131746328	131811736	+	ENSG00000197536
IRF1	5	131817301	131826490	-	ENSG00000125347
IL5	5	131877136	131892530	-	ENSG00000113525
RAD50	5	131891711	131980313	+	ENSG00000113522
IL13	5	131991955	131996802	+	ENSG00000169194
IL4	5	132009678	132018368	+	ENSG00000113520
KIF3A	5	132028320	132073330	-	ENSG00000131437
CCNI2	5	132083137	132089856	+	ENSG00000205089
SEPT8	5	132086509	132142933	-	ENSG00000164402
SOWAHA	5	132149033	132152488	+	ENSG00000198944
SHROOM1	5	132157833	132166590	-	ENSG00000164403
GDF9	5	132196873	132202576	-	ENSG00000164404
UQCRQ	5	132202252	132203723	+	ENSG00000164405
LEAP2	5	132208014	132210738	+	ENSG00000164406
AFF4	5	132211071	132299326	-	ENSG00000072364
ZCCHC10	5	132332677	132362296	-	ENSG00000155329
HSPA4	5	132387654	132442141	+	ENSG00000170606
FSTL4	5	132532147	132948255	-	ENSG00000053108
C5orf15	5	133291201	133304478	-	ENSG00000113583
VDAC1	5	133307606	133340824	-	ENSG00000213585
TCF7	5	133450402	133487556	+	ENSG00000081059
SKP1	5	133484633	133512729	-	ENSG00000113558
CTD-2410N18.5	5	133502861	133561762	-	ENSG00000272772
PPP2CA	5	133530025	133561833	-	ENSG00000113575
CDKL3	5	133541305	133706738	-	ENSG00000006837
UBE2B	5	133706870	133727683	+	ENSG00000119048
CDKN2AIPNL	5	133737778	133747589	-	ENSG00000237190
JADE2	5	133860003	133918918	+	ENSG00000043143
SAR1B	5	133936834	133984961	-	ENSG00000152700
SEC24A	5	133984479	134063513	+	ENSG00000113615
CAMLG	5	134074191	134087847	+	ENSG00000164615
DDX46	5	134094469	134190823	+	ENSG00000145833
C5orf24	5	134181370	134195427	+	ENSG00000181904
TXNDC15	5	134209493	134237215	+	ENSG00000113621
PCBD2	5	134240596	134343649	+	ENSG00000132570
CATSPER3	5	134303596	134347392	+	ENSG00000152705
PITX1	5	134363425	134370503	-	ENSG00000069011
C5orf66	5	134368970	134691744	+	ENSG00000224186
H2AFY	5	134669590	134735604	-	ENSG00000113648
C5orf20	5	134779905	134783038	-	ENSG00000251380
TIFAB	5	134779908	134788089	-	ENSG00000255833
NEUROG1	5	134869991	134871639	-	ENSG00000181965
CXCL14	5	134906373	134914969	-	ENSG00000145824
SLC25A48	5	135170338	135224326	+	ENSG00000145832
IL9	5	135227935	135231516	-	ENSG00000145839
LECT2	5	135257968	135290723	-	ENSG00000145826
TGFBI	5	135364584	135399507	+	ENSG00000120708
SMAD5	5	135468534	135524435	+	ENSG00000113658
TRPC7	5	135548999	135732730	-	ENSG00000069018
SPOCK1	5	136310987	136934068	-	ENSG00000152377
KLHL3	5	136953189	137071779	-	ENSG00000146021
HNRNPA0	5	137087075	137090039	-	ENSG00000177733
MYOT	5	137203480	137223540	+	ENSG00000120729
PKD2L2	5	137223657	137278436	+	ENSG00000078795
FAM13B	5	137273649	137387650	-	ENSG00000031003
WNT8A	5	137419581	137428054	+	ENSG00000061492
NME5	5	137450866	137475132	-	ENSG00000112981
BRD8	5	137475455	137514675	-	ENSG00000112983
KIF20A	5	137514408	137523404	+	ENSG00000112984
CDC23	5	137523339	137549032	-	ENSG00000094880
GFRA3	5	137588068	137610360	-	ENSG00000146013
CDC25C	5	137620954	137674044	-	ENSG00000158402
FAM53C	5	137667624	137685416	+	ENSG00000120709
KDM3B	5	137688285	137772717	+	ENSG00000120733
REEP2	5	137774706	137782658	+	ENSG00000132563
EGR1	5	137801179	137805004	+	ENSG00000120738
ETF1	5	137841784	137878989	-	ENSG00000120705
HSPA9	5	137890571	137911133	-	ENSG00000113013
CTNNA1	5	137946656	138270723	+	ENSG00000044115
LRRTM2	5	138204612	138211057	-	ENSG00000146006
SIL1	5	138282409	138629246	-	ENSG00000120725
MATR3	5	138609441	138667360	+	ENSG00000015479
PAIP2	5	138677276	138705406	+	ENSG00000120727
SLC23A1	5	138702885	138720242	-	ENSG00000170482
MZB1	5	138723169	138725770	-	ENSG00000170476
PROB1	5	138727635	138730885	-	ENSG00000228672
SPATA24	5	138732252	138739777	-	ENSG00000170469
DNAJC18	5	138744279	138780180	-	ENSG00000170464
ECSCR	5	138784245	138842328	-	ENSG00000249751
AC138517.1	5	138852108	138852506	+	ENSG00000269071
TMEM173	5	138855119	138862520	-	ENSG00000184584
UBE2D2	5	138906016	139008018	+	ENSG00000131508
CXXC5	5	139026884	139063467	+	ENSG00000171604
PSD2	5	139175406	139224051	+	ENSG00000146005
NRG2	5	139226364	139422884	-	ENSG00000158458
PURA	5	139487362	139496321	+	ENSG00000185129
IGIP	5	139505521	139508391	+	ENSG00000182700
CYSTM1	5	139554227	139661637	+	ENSG00000120306
PFDN1	5	139624624	139682706	-	ENSG00000113068
HBEGF	5	139712428	139726216	-	ENSG00000113070
SLC4A9	5	139739787	139754728	+	ENSG00000113073
ANKHD1	5	139781399	139929163	+	ENSG00000131503
ANKHD1-EIF4EBP3	5	139781493	139929154	+	ENSG00000254996
SRA1	5	139916925	139937895	-	ENSG00000213523
EIF4EBP3	5	139927251	139929163	+	ENSG00000243056
APBB3	5	139937853	139973337	-	ENSG00000113108
SLC35A4	5	139944041	139948688	+	ENSG00000176087
CD14	5	140011313	140013286	-	ENSG00000170458
NDUFA2	5	140018325	140027370	-	ENSG00000131495
TMCO6	5	140019012	140024993	+	ENSG00000113119
IK	5	140026643	140042064	+	ENSG00000113141
WDR55	5	140044261	140053709	+	ENSG00000120314
DND1	5	140050379	140053171	-	ENSG00000256453
HARS	5	140052758	140071609	-	ENSG00000170445
HARS2	5	140071011	140078889	+	ENSG00000112855
ZMAT2	5	140078265	140086248	+	ENSG00000146007
PCDHA1	5	140165876	140391929	+	ENSG00000204970
PCDHA2	5	140174444	140391929	+	ENSG00000204969
PCDHA3	5	140180783	140391929	+	ENSG00000255408
PCDHA4	5	140186659	140391929	+	ENSG00000204967
PCDHA5	5	140201222	140391929	+	ENSG00000204965
PCDHA6	5	140207563	140391929	+	ENSG00000081842
PCDHA7	5	140213969	140391929	+	ENSG00000204963
PCDHA8	5	140220907	140391929	+	ENSG00000204962
PCDHA9	5	140227048	140391929	+	ENSG00000204961
PCDHA10	5	140235595	140391929	+	ENSG00000250120
AC005609.1	5	140240341	140243224	-	ENSG00000249034
PCDHA11	5	140248689	140391929	+	ENSG00000249158
PCDHA12	5	140255058	140391929	+	ENSG00000251664
PCDHA13	5	140261793	140391929	+	ENSG00000239389
PCDHAC1	5	140306302	140391929	+	ENSG00000248383
PCDHAC2	5	140345820	140391936	+	ENSG00000243232
PCDHB1	5	140430979	140433512	+	ENSG00000171815
PCDHB2	5	140474227	140476962	+	ENSG00000112852
PCDHB3	5	140480234	140483406	+	ENSG00000113205
PCDHB4	5	140501581	140505201	+	ENSG00000081818
PCDHB5	5	140514800	140517703	+	ENSG00000113209
PCDHB6	5	140529683	140532868	+	ENSG00000113211
PCDHB17	5	140535577	140538639	+	ENSG00000255622
PCDHB7	5	140552243	140555957	+	ENSG00000113212
PCDHB8	5	140557371	140560081	+	ENSG00000120322
PCDHB16	5	140560980	140565793	+	ENSG00000196963
PCDHB10	5	140571942	140575215	+	ENSG00000120324
PCDHB11	5	140579183	140582618	+	ENSG00000197479
PCDHB12	5	140588269	140591696	+	ENSG00000120328
PCDHB13	5	140593509	140596993	+	ENSG00000187372
PCDHB14	5	140602931	140605858	+	ENSG00000120327
PCDHB15	5	140625147	140627799	+	ENSG00000113248
SLC25A2	5	140682196	140683612	-	ENSG00000120329
TAF7	5	140698057	140700330	-	ENSG00000178913
PCDHGA1	5	140710252	140892546	+	ENSG00000204956
PCDHGA2	5	140718539	140892546	+	ENSG00000081853
PCDHGA3	5	140723601	140892546	+	ENSG00000254245
PCDHGB1	5	140729828	140892546	+	ENSG00000254221
PCDHGA4	5	140734768	140892546	+	ENSG00000262576
PCDHGB2	5	140739703	140892546	+	ENSG00000253910
PCDHGA5	5	140743898	140892546	+	ENSG00000253485
PCDHGB3	5	140749831	140892546	+	ENSG00000262209
PCDHGA6	5	140753651	140892546	+	ENSG00000253731
PCDHGA7	5	140762467	140892546	+	ENSG00000253537
PCDHGB4	5	140767452	140892546	+	ENSG00000253953
PCDHGA8	5	140772381	140892546	+	ENSG00000253767
PCDHGA9	5	140782520	140892546	+	ENSG00000261934
PCDHGB6	5	140787770	140892546	+	ENSG00000253305
PCDHGA10	5	140792743	140892546	+	ENSG00000253846
PCDHGB7	5	140797427	140892546	+	ENSG00000254122
PCDHGA11	5	140800762	140891835	+	ENSG00000253873
PCDHGA12	5	140810185	140892546	+	ENSG00000253159
PCDHGC3	5	140855580	140892542	+	ENSG00000240184
PCDHGC4	5	140864741	140892546	+	ENSG00000242419
PCDHGC5	5	140868808	140892546	+	ENSG00000240764
DIAPH1	5	140894583	140998622	-	ENSG00000131504
HDAC3	5	141000443	141016437	-	ENSG00000171720
RELL2	5	141016517	141020644	+	ENSG00000164620
FCHSD1	5	141018869	141030986	-	ENSG00000197948
ARAP3	5	141032968	141061788	-	ENSG00000120318
PCDH1	5	141232938	141258811	-	ENSG00000156453
KIAA0141	5	141303373	141321612	+	ENSG00000081791
PCDH12	5	141323150	141349304	-	ENSG00000113555
RNF14	5	141337893	141369856	+	ENSG00000013561
GNPDA1	5	141371314	141392606	-	ENSG00000113552
NDFIP1	5	141488070	141534005	+	ENSG00000131507
SPRY4	5	141689992	141706020	-	ENSG00000187678
FGF1	5	141971743	142077617	-	ENSG00000113578
ARHGAP26	5	142149949	142608576	+	ENSG00000145819
NR3C1	5	142657496	142815077	-	ENSG00000113580
HMHB1	5	143191726	143200284	+	ENSG00000158497
YIPF5	5	143537723	143550278	-	ENSG00000145817
KCTD16	5	143550396	143865249	+	ENSG00000183775
PRELID2	5	144851362	145214932	-	ENSG00000186314
GRXCR2	5	145239296	145252531	-	ENSG00000204928
SH3RF2	5	145316142	145461354	+	ENSG00000156463
PLAC8L1	5	145463949	145483932	-	ENSG00000173261
LARS	5	145492601	145562223	-	ENSG00000133706
RBM27	5	145583113	145718814	+	ENSG00000091009
POU4F3	5	145718587	145720083	+	ENSG00000091010
TCERG1	5	145826874	145891524	+	ENSG00000113649
GPR151	5	145892666	145895753	-	ENSG00000173250
PPP2R2B	5	145967936	146464347	-	ENSG00000156475
STK32A	5	146614526	146767415	+	ENSG00000169302
DPYSL3	5	146770374	146889619	-	ENSG00000113657
JAKMIP2	5	146967990	147162338	-	ENSG00000176049
SPINK1	5	147204131	147211349	-	ENSG00000164266
SCGB3A2	5	147250245	147261754	+	ENSG00000164265
C5orf46	5	147260289	147286101	-	ENSG00000178776
SPINK5	5	147405246	147516852	+	ENSG00000133710
SPINK14	5	147549296	147554961	+	ENSG00000196800
SPINK6	5	147582357	147594700	+	ENSG00000178172
SPINK13	5	147647743	147665817	+	ENSG00000214510
SPINK7	5	147691982	147695485	+	ENSG00000145879
AC091948.1	5	147698550	147701891	+	ENSG00000268126
SPINK9	5	147700766	147719412	+	ENSG00000204909
FBXO38	5	147763498	147822399	+	ENSG00000145868
HTR4	5	147830595	148056798	-	ENSG00000164270
ADRB2	5	148206156	148208196	+	ENSG00000169252
SH3TC2	5	148303202	148442726	-	ENSG00000169247
ABLIM3	5	148521046	148640105	+	ENSG00000173210
AFAP1L1	5	148651434	148721365	+	ENSG00000157510
GRPEL2	5	148724993	148734146	+	ENSG00000164284
PCYOX1L	5	148737570	148749216	+	ENSG00000145882
IL17B	5	148750887	148783765	-	ENSG00000127743
CSNK1A1	5	148871760	148931007	-	ENSG00000113712
ARHGEF37	5	148931510	149014531	+	ENSG00000183111
PPARGC1B	5	149109861	149234585	+	ENSG00000155846
PDE6A	5	149237519	149324356	-	ENSG00000132915
SLC26A2	5	149340300	149373018	+	ENSG00000155850
TIGD6	5	149372681	149380730	-	ENSG00000164296
HMGXB3	5	149379884	149432386	+	ENSG00000113716
CSF1R	5	149432854	149492935	-	ENSG00000182578
PDGFRB	5	149493400	149535435	-	ENSG00000113721
CDX1	5	149546358	149564120	+	ENSG00000113722
SLC6A7	5	149569520	149602351	+	ENSG00000011083
CAMK2A	5	149599054	149669854	-	ENSG00000070808
ARSI	5	149675906	149718870	-	ENSG00000183876
TCOF1	5	149737202	149779871	+	ENSG00000070814
CD74	5	149781200	149792492	-	ENSG00000019582
RPS14	5	149822753	149829319	-	ENSG00000164587
NDST1	5	149865381	149937773	+	ENSG00000070614
SYNPO	5	149980642	150038782	+	ENSG00000171992
MYOZ3	5	150040436	150058927	+	ENSG00000164591
RBM22	5	150070356	150080669	-	ENSG00000086589
DCTN4	5	150088002	150138671	-	ENSG00000132912
SMIM3	5	150157508	150176296	+	ENSG00000256235
AC010441.1	5	150157867	150176297	+	ENSG00000269636
IRGM	5	150226085	150280298	+	ENSG00000237693
ZNF300	5	150273954	150284545	-	ENSG00000145908
GPX3	5	150400124	150408554	+	ENSG00000211445
TNIP1	5	150409506	150473138	-	ENSG00000145901
ANXA6	5	150480273	150537443	-	ENSG00000197043
CCDC69	5	150560613	150603706	-	ENSG00000198624
GM2A	5	150591711	150650001	+	ENSG00000196743
SLC36A3	5	150656323	150683327	-	ENSG00000186334
SLC36A2	5	150694539	150727151	-	ENSG00000186335
SLC36A1	5	150816607	150871942	+	ENSG00000123643
FAT2	5	150883654	150948505	-	ENSG00000086570
SPARC	5	151040657	151066726	-	ENSG00000113140
ATOX1	5	151121877	151152093	-	ENSG00000177556
G3BP1	5	151150606	151192346	+	ENSG00000145907
GLRA1	5	151202074	151304403	-	ENSG00000145888
NMUR2	5	151771093	151812929	-	ENSG00000132911
GRIA1	5	152869175	153193429	+	ENSG00000155511
FAM114A2	5	153369688	153418496	-	ENSG00000055147
MFAP3	5	153418466	153600038	+	ENSG00000037749
GALNT10	5	153570290	153800544	+	ENSG00000164574
SAP30L	5	153825517	153840614	+	ENSG00000164576
HAND1	5	153854532	153857824	-	ENSG00000113196
LARP1	5	154092462	154197167	+	ENSG00000155506
FAXDC2	5	154198051	154238812	-	ENSG00000170271
CNOT8	5	154237113	154256353	+	ENSG00000155508
GEMIN5	5	154266976	154317769	-	ENSG00000082516
MRPL22	5	154320630	154348971	+	ENSG00000082515
KIF4B	5	154393260	154397685	+	ENSG00000226650
SGCD	5	155297354	156194799	+	ENSG00000170624
TIMD4	5	156346293	156390266	-	ENSG00000145850
HAVCR1	5	156456424	156486130	-	ENSG00000113249
HAVCR2	5	156512843	156569880	-	ENSG00000135077
MED7	5	156564423	156586030	-	ENSG00000155868
ITK	5	156569944	156682201	+	ENSG00000113263
FAM71B	5	156588857	156593275	-	ENSG00000170613
CYFIP2	5	156693089	156822606	+	ENSG00000055163
FNDC9	5	156768608	156772729	-	ENSG00000172568
ADAM19	5	156822542	157002783	-	ENSG00000135074
NIPAL4	5	156887027	156901725	+	ENSG00000172548
SOX30	5	157052687	157098488	-	ENSG00000039600
C5orf52	5	157098561	157107151	+	ENSG00000187658
THG1L	5	157158205	157168456	+	ENSG00000113272
AC026407.1	5	157160003	157161727	-	ENSG00000268432
LSM11	5	157170703	157187717	+	ENSG00000155858
CLINT1	5	157212751	157286183	-	ENSG00000113282
EBF1	5	158122928	158526769	-	ENSG00000164330
RNF145	5	158584417	158637061	-	ENSG00000145860
UBLCP1	5	158690089	158713044	+	ENSG00000164332
IL12B	5	158741791	158757895	-	ENSG00000113302
ADRA1B	5	159343790	159399551	+	ENSG00000170214
TTC1	5	159436120	159492550	+	ENSG00000113312
PWWP2A	5	159488808	159546430	-	ENSG00000170234
FABP6	5	159614374	159665742	+	ENSG00000170231
CCNJL	5	159678659	159772403	-	ENSG00000135083
C1QTNF2	5	159774758	159797648	-	ENSG00000145861
C5orf54	5	159820155	159827104	-	ENSG00000221886
SLU7	5	159828648	159848718	-	ENSG00000164609
PTTG1	5	159848829	159855748	+	ENSG00000164611
ATP10B	5	159990127	160279221	-	ENSG00000118322
GABRB2	5	160715436	160976050	-	ENSG00000145864
GABRA6	5	160974069	161129599	+	ENSG00000145863
GABRA1	5	161274197	161326975	+	ENSG00000022355
GABRG2	5	161494546	161582542	+	ENSG00000113327
CCNG1	5	162864575	162873157	+	ENSG00000113328
AC112205.1	5	162866447	162873821	-	ENSG00000268800
NUDCD2	5	162873532	162887146	-	ENSG00000170584
HMMR	5	162887209	162918947	+	ENSG00000072571
MAT2B	5	162930120	162946342	+	ENSG00000038274
TENM2	5	166711804	167691162	+	ENSG00000145934
WWC1	5	167718656	167899308	+	ENSG00000113645
RARS	5	167913450	167946304	+	ENSG00000113643
FBLL1	5	167956121	167957639	+	ENSG00000188573
PANK3	5	167975500	168006605	-	ENSG00000120137
SLIT3	5	168088745	168728133	-	ENSG00000184347
SPDL1	5	169010638	169031782	+	ENSG00000040275
DOCK2	5	169064251	169510386	+	ENSG00000134516
FAM196B	5	169291268	169407744	-	ENSG00000204767
FOXI1	5	169532901	169536727	+	ENSG00000168269
C5orf58	5	169659451	169679579	+	ENSG00000234511
LCP2	5	169673241	169725231	-	ENSG00000043462
KCNIP1	5	169780491	170163636	+	ENSG00000182132
KCNMB1	5	169801675	169816681	-	ENSG00000145936
GABRP	5	170190354	170241051	+	ENSG00000094755
RANBP17	5	170288874	170727019	+	ENSG00000204764
TLX3	5	170736288	170739138	+	ENSG00000164438
NPM1	5	170814120	170838141	+	ENSG00000181163
FGF18	5	170846660	170884627	+	ENSG00000156427
CTB-78H18.1	5	171200656	171201743	+	ENSG00000253110
SMIM23	5	171212876	171221602	+	ENSG00000185662
FBXW11	5	171288553	171433877	-	ENSG00000072803
STK10	5	171469077	171615390	-	ENSG00000072786
EFCAB9	5	171621176	171630456	+	ENSG00000214360
UBTD2	5	171636644	171711075	-	ENSG00000168246
SH3PXD2B	5	171752185	171881527	-	ENSG00000174705
AC027309.1	5	172036245	172036436	-	ENSG00000268553
NEURL1B	5	172068269	172118543	+	ENSG00000214357
DUSP1	5	172195093	172198198	-	ENSG00000120129
ERGIC1	5	172261278	172379688	+	ENSG00000113719
RPL26L1	5	172385732	172396774	+	ENSG00000037241
ATP6V0E1	5	172410760	172462448	+	ENSG00000113732
CREBRF	5	172483355	172566291	+	ENSG00000164463
BNIP1	5	172571445	172591390	+	ENSG00000113734
NKX2-5	5	172659112	172662360	-	ENSG00000183072
STC2	5	172741716	172756506	-	ENSG00000113739
BOD1	5	173034517	173043663	-	ENSG00000145919
CPEB4	5	173315283	173388979	+	ENSG00000113742
C5orf47	5	173400782	173433143	+	ENSG00000185056
NSG2	5	173472607	173670504	+	ENSG00000170091
MSX2	5	174151536	174157896	+	ENSG00000120149
DRD1	5	174867042	174871211	-	ENSG00000184845
SFXN1	5	174904065	174956745	+	ENSG00000164466
HRH2	5	175085033	175113245	+	ENSG00000113749
CPLX2	5	175223313	175311023	+	ENSG00000145920
THOC3	5	175344876	175461683	-	ENSG00000051596
RP11-826N14.2	5	175476681	175489024	-	ENSG00000248469
FAM153B	5	175487692	175559261	+	ENSG00000182230
SIMC1	5	175665365	175772994	+	ENSG00000170085
KIAA1191	5	175773064	175788971	-	ENSG00000122203
ARL10	5	175792471	175828866	+	ENSG00000175414
NOP16	5	175810949	175815976	-	ENSG00000048162
HIGD2A	5	175815748	175816772	+	ENSG00000146066
CLTB	5	175819456	175843570	-	ENSG00000175416
FAF2	5	175874629	175937075	+	ENSG00000113194
RNF44	5	175953698	175965026	-	ENSG00000146083
CDHR2	5	175969512	176022975	+	ENSG00000074276
GPRIN1	5	176022803	176037134	-	ENSG00000169258
SNCB	5	176047085	176057530	-	ENSG00000074317
EIF4E1B	5	176057683	176073642	+	ENSG00000175766
TSPAN17	5	176074388	176086058	+	ENSG00000048140
UNC5A	5	176237478	176307897	+	ENSG00000113763
HK3	5	176307870	176326333	-	ENSG00000160883
UIMC1	5	176332006	176449634	-	ENSG00000087206
ZNF346	5	176449697	176508190	+	ENSG00000113761
FGFR4	5	176513887	176525145	+	ENSG00000160867
NSD1	5	176560026	176727216	+	ENSG00000165671
RAB24	5	176728199	176730745	-	ENSG00000169228
MXD3	5	176728462	176739758	-	ENSG00000213347
PRELID1	5	176730775	176733960	+	ENSG00000169230
LMAN2	5	176758563	176778853	-	ENSG00000169223
RGS14	5	176784838	176799602	+	ENSG00000169220
SLC34A1	5	176806236	176825849	+	ENSG00000131183
PFN3	5	176827108	176827637	-	ENSG00000196570
F12	5	176829141	176836577	-	ENSG00000131187
GRK6	5	176830205	176869902	+	ENSG00000198055
PRR7	5	176873446	176883283	+	ENSG00000131188
DBN1	5	176883609	176901402	-	ENSG00000113758
PDLIM7	5	176910395	176924607	-	ENSG00000196923
DOK3	5	176928908	176938275	-	ENSG00000146094
DDX41	5	176938578	176944470	-	ENSG00000183258
FAM193B	5	176946789	176981542	-	ENSG00000146067
TMED9	5	177019159	177023125	+	ENSG00000184840
B4GALT7	5	177027101	177037348	+	ENSG00000027847
FAM153A	5	177134982	177210399	-	ENSG00000170074
RP11-1026M7.2	5	177209198	177221397	+	ENSG00000249109
PROP1	5	177419236	177423243	-	ENSG00000175325
FAM153C	5	177433406	177482560	+	ENSG00000204677
N4BP3	5	177540444	177553088	+	ENSG00000145911
RMND5B	5	177557997	177577566	+	ENSG00000145916
NHP2	5	177576461	177580968	-	ENSG00000145912
HNRNPAB	5	177631508	177638164	+	ENSG00000197451
PHYKPL	5	177635498	177659792	-	ENSG00000175309
COL23A1	5	177664619	178017556	-	ENSG00000050767
CLK4	5	178029665	178057616	-	ENSG00000113240
ZNF354A	5	178138593	178157703	-	ENSG00000169131
ZNF354B	5	178286954	178315123	+	ENSG00000178338
ZFP2	5	178322895	178360213	+	ENSG00000198939
ZNF454	5	178368192	178393434	+	ENSG00000178187
GRM6	5	178405328	178423207	-	ENSG00000113262
ZNF879	5	178450753	178462065	+	ENSG00000234284
ZNF354C	5	178487416	178510538	+	ENSG00000177932
ADAMTS2	5	178537852	178772431	-	ENSG00000087116
RUFY1	5	178977559	179037027	+	ENSG00000176783
HNRNPH1	5	179041179	179061785	-	ENSG00000169045
C5orf60	5	179068545	179072047	-	ENSG00000204661
AC136604.1	5	179078298	179079445	+	ENSG00000228259
CBY3	5	179105584	179107975	-	ENSG00000204659
CANX	5	179105629	179157926	+	ENSG00000127022
MAML1	5	179159851	179223512	+	ENSG00000161021
LTC4S	5	179220981	179223648	+	ENSG00000213316
MGAT4B	5	179224597	179233952	-	ENSG00000161013
SQSTM1	5	179233388	179265078	+	ENSG00000161011
C5orf45	5	179261436	179289173	-	ENSG00000161010
CTC-241N9.1	5	179286013	179288283	+	ENSG00000245317
TBC1D9B	5	179289066	179334859	-	ENSG00000197226
RNF130	5	179338651	179499118	-	ENSG00000113269
RASGEF1C	5	179527795	179636153	-	ENSG00000146090
MAPK9	5	179660143	179719099	-	ENSG00000050748
GFPT2	5	179727690	179780387	-	ENSG00000131459
CNOT6	5	179921412	180005405	+	ENSG00000113300
SCGB3A1	5	180017103	180018540	-	ENSG00000161055
FLT4	5	180028506	180076624	-	ENSG00000037280
OR2Y1	5	180166042	180167099	-	ENSG00000174339
MGAT1	5	180217541	180242652	-	ENSG00000131446
ZFP62	5	180274611	180288286	-	ENSG00000196670
BTNL8	5	180326077	180377906	+	ENSG00000113303
BTNL3	5	180415845	180433727	+	ENSG00000168903
BTNL9	5	180467225	180488523	+	ENSG00000165810
OR2V1	5	180551357	180552304	-	ENSG00000185372
OR2V2	5	180581943	180582890	+	ENSG00000182613
TRIM7	5	180620924	180632293	-	ENSG00000146054
TRIM41	5	180649499	180662809	+	ENSG00000146063
GNB2L1	5	180663909	180675096	-	ENSG00000204628
TRIM52	5	180681417	180688119	-	ENSG00000183718
AC008443.1	5	180682720	180684578	+	ENSG00000268397
OR4F3	5	180794269	180795263	+	ENSG00000230178
DUSP22	6	291630	351355	+	ENSG00000112679
IRF4	6	391739	411447	+	ENSG00000137265
EXOC2	6	485133	693117	-	ENSG00000112685
HUS1B	6	655939	656963	-	ENSG00000188996
AL033381.1	6	1080164	1105181	+	ENSG00000176515
FOXQ1	6	1312675	1314992	+	ENSG00000164379
FOXF2	6	1390069	1395832	+	ENSG00000137273
FOXC1	6	1610681	1614127	+	ENSG00000054598
GMDS	6	1624041	2245926	-	ENSG00000112699
C6orf195	6	2622147	2634837	-	ENSG00000164385
MYLK4	6	2663863	2751200	-	ENSG00000145949
WRNIP1	6	2765648	2787186	+	ENSG00000124535
SERPINB1	6	2832566	2842240	-	ENSG00000021355
SERPINB9	6	2887500	2903514	-	ENSG00000170542
SERPINB6	6	2948393	2972090	-	ENSG00000124570
NQO2	6	2988221	3019996	+	ENSG00000124588
RIPK1	6	3064225	3115421	+	ENSG00000137275
BPHL	6	3118608	3153812	+	ENSG00000137274
TUBB2A	6	3153903	3157760	-	ENSG00000137267
TUBB2B	6	3224495	3231964	-	ENSG00000137285
PSMG4	6	3231637	3303607	+	ENSG00000180822
SLC22A23	6	3269196	3457256	-	ENSG00000137266
PXDC1	6	3722848	3752260	-	ENSG00000168994
FAM50B	6	3849620	3851551	+	ENSG00000145945
C6ORF50	6	3982909	3984372	+	ENSG00000145965
PRPF4B	6	4021501	4065217	+	ENSG00000112739
FAM217A	6	4049668	4087578	-	ENSG00000145975
C6orf201	6	4079440	4131185	+	ENSG00000185689
ECI2	6	4115923	4135831	-	ENSG00000198721
CDYL	6	4706393	4955785	+	ENSG00000153046
RPP40	6	4994966	5004297	-	ENSG00000124787
PPP1R3G	6	5085720	5087455	+	ENSG00000219607
LYRM4	6	5102827	5261172	-	ENSG00000214113
FARS2	6	5261277	5771813	+	ENSG00000145982
NRN1	6	5998232	6007200	-	ENSG00000124785
F13A1	6	6144318	6321246	-	ENSG00000124491
LY86	6	6588341	6655216	+	ENSG00000112799
RREB1	6	7107830	7252213	+	ENSG00000124782
SSR1	6	7268539	7347679	-	ENSG00000124783
CAGE1	6	7326889	7389976	-	ENSG00000164304
RIOK1	6	7389729	7418270	+	ENSG00000124784
DSP	6	7541808	7586950	+	ENSG00000096696
SNRNP48	6	7590432	7612200	+	ENSG00000168566
BMP6	6	7727030	7881655	+	ENSG00000153162
TXNDC5	6	7881483	8026646	-	ENSG00000239264
BLOC1S5-TXNDC5	6	7881755	8064597	-	ENSG00000259040
BLOC1S5	6	8013800	8064647	-	ENSG00000188428
EEF1E1-BLOC1S5	6	8015959	8102763	-	ENSG00000265818
EEF1E1	6	8073593	8102811	-	ENSG00000124802
SLC35B3	6	8413301	8435794	-	ENSG00000124786
OFCC1	6	9596343	10211841	-	ENSG00000181355
TFAP2A	6	10393419	10419892	-	ENSG00000137203
GCNT2	6	10492456	10629601	+	ENSG00000111846
GCNT6	6	10633993	10647501	+	ENSG00000205318
C6orf52	6	10671651	10695030	-	ENSG00000137434
PAK1IP1	6	10694928	10710015	+	ENSG00000111845
TMEM14C	6	10723148	10731362	+	ENSG00000111843
TMEM14B	6	10747992	10852986	+	ENSG00000137210
RP11-637O19.3	6	10748027	10930656	+	ENSG00000272162
SYCP2L	6	10748027	10979553	+	ENSG00000153157
MAK	6	10762956	10838764	-	ENSG00000111837
GCM2	6	10873456	10882174	-	ENSG00000124827
ELOVL2	6	10980992	11044547	-	ENSG00000197977
SMIM13	6	11094266	11138964	+	ENSG00000224531
ERVFRD-1	6	11102722	11111965	-	ENSG00000244476
NEDD9	6	11183531	11382581	-	ENSG00000111859
TMEM170B	6	11537938	11583757	+	ENSG00000205269
ADTRP	6	11712287	11807279	-	ENSG00000111863
HIVEP1	6	12008995	12165232	+	ENSG00000095951
EDN1	6	12290596	12297427	+	ENSG00000078401
PHACTR1	6	12717893	13288645	+	ENSG00000112137
TBC1D7	6	13266774	13328815	-	ENSG00000145979
GFOD1	6	13358062	13487894	-	ENSG00000145990
AL583828.1	6	13469513	13486415	-	ENSG00000187461
SIRT5	6	13574816	13614790	+	ENSG00000124523
NOL7	6	13615559	13632971	+	ENSG00000225921
AL441883.1	6	13615728	13621126	-	ENSG00000268059
RANBP9	6	13621730	13711796	-	ENSG00000010017
MCUR1	6	13786789	13814800	-	ENSG00000050393
RNF182	6	13924677	13980533	+	ENSG00000180537
CD83	6	14117872	14137149	+	ENSG00000112149
JARID2	6	15246527	15522252	+	ENSG00000008083
DTNBP1	6	15523032	15663289	-	ENSG00000047579
MYLIP	6	16129356	16148479	+	ENSG00000007944
GMPR	6	16238811	16295780	+	ENSG00000137198
ATXN1	6	16299343	16761722	-	ENSG00000124788
STMND1	6	17102489	17131603	+	ENSG00000230873
RBM24	6	17281577	17294106	+	ENSG00000112183
CAP2	6	17393447	17558023	+	ENSG00000112186
FAM8A1	6	17600586	17611950	+	ENSG00000137414
NUP153	6	17615269	17706656	-	ENSG00000124789
KIF13A	6	17759414	17987854	-	ENSG00000137177
NHLRC1	6	18120718	18122851	-	ENSG00000187566
TPMT	6	18128542	18155305	-	ENSG00000137364
KDM1B	6	18155560	18224084	+	ENSG00000165097
DEK	6	18224099	18265054	-	ENSG00000124795
RNF144B	6	18368779	18469105	+	ENSG00000137393
ID4	6	19837617	19840915	+	ENSG00000172201
MBOAT1	6	20100935	20212670	-	ENSG00000172197
E2F3	6	20402398	20493941	+	ENSG00000112242
CDKAL1	6	20534688	21232635	+	ENSG00000145996
SOX4	6	21593972	21598847	+	ENSG00000124766
PRL	6	22287480	22297730	-	ENSG00000172179
HDGFL1	6	22569678	22571892	+	ENSG00000112273
NRSN1	6	24126350	24155128	+	ENSG00000152954
DCDC2	6	24171984	24358280	-	ENSG00000146038
KAAG1	6	24357131	24358512	+	ENSG00000146049
MRS2	6	24403153	24425810	+	ENSG00000124532
GPLD1	6	24424793	24495433	-	ENSG00000112293
ALDH5A1	6	24495080	24537435	+	ENSG00000112294
KIAA0319	6	24544332	24646383	-	ENSG00000137261
TDP2	6	24650205	24667261	-	ENSG00000111802
ACOT13	6	24667263	24705293	+	ENSG00000112304
C6orf62	6	24705089	24721064	-	ENSG00000112308
GMNN	6	24775159	24786327	+	ENSG00000112312
C6orf229	6	24797549	24799117	-	ENSG00000260286
FAM65B	6	24797601	25042238	-	ENSG00000111913
LRRC16A	6	25279306	25620758	+	ENSG00000079691
SCGN	6	25652464	25702011	+	ENSG00000079689
HIST1H2AA	6	25726291	25726790	-	ENSG00000164508
HIST1H2BA	6	25727137	25727573	+	ENSG00000146047
SLC17A4	6	25754927	25781419	+	ENSG00000146039
SLC17A1	6	25783125	25832287	-	ENSG00000124568
SLC17A3	6	25833294	25882514	-	ENSG00000124564
SLC17A2	6	25912982	25930946	-	ENSG00000112337
TRIM38	6	25963030	25987384	+	ENSG00000112343
HIST1H1A	6	26017260	26018040	-	ENSG00000124610
HIST1H3A	6	26020718	26021186	+	ENSG00000198366
HIST1H4A	6	26021907	26022278	+	ENSG00000196176
HIST1H4B	6	26027124	26027480	-	ENSG00000124529
HIST1H3B	6	26031817	26032288	-	ENSG00000124693
HIST1H2AB	6	26033320	26033796	-	ENSG00000137259
HIST1H2BB	6	26043455	26043885	-	ENSG00000196226
HIST1H3C	6	26045639	26046097	+	ENSG00000196532
HIST1H1C	6	26055968	26056699	-	ENSG00000187837
HFE	6	26087509	26098571	+	ENSG00000010704
HIST1H4C	6	26104104	26104518	+	ENSG00000197061
HIST1H1T	6	26107640	26108364	-	ENSG00000187475
HIST1H2BC	6	26115101	26124154	-	ENSG00000180596
HIST1H2AC	6	26124373	26139344	+	ENSG00000180573
HIST1H1E	6	26156559	26157343	+	ENSG00000168298
HIST1H2BD	6	26158349	26171577	+	ENSG00000158373
HIST1H2BE	6	26183958	26184454	+	ENSG00000197697
HIST1H4D	6	26188938	26189304	-	ENSG00000188987
HIST1H3D	6	26197068	26199521	-	ENSG00000197409
HIST1H2AD	6	26199079	26199471	-	ENSG00000196866
HIST1H2BF	6	26199748	26200942	+	ENSG00000197846
HIST1H4E	6	26204858	26206266	+	ENSG00000198518
HIST1H2BG	6	26216428	26216872	-	ENSG00000187990
HIST1H2AE	6	26217165	26217711	+	ENSG00000168274
HIST1H3E	6	26225383	26225844	+	ENSG00000196966
HIST1H1D	6	26234440	26235216	-	ENSG00000124575
HIST1H4F	6	26240561	26240976	+	ENSG00000198327
HIST1H4G	6	26246886	26247259	-	ENSG00000124578
HIST1H3F	6	26250370	26250835	-	ENSG00000256316
HIST1H2BH	6	26251879	26252303	+	ENSG00000197459
HIST1H3G	6	26271146	26271612	-	ENSG00000256018
HIST1H2BI	6	26273144	26273622	+	ENSG00000168242
HIST1H4H	6	26281283	26285762	-	ENSG00000158406
BTN3A2	6	26365387	26378546	+	ENSG00000186470
BTN2A2	6	26383324	26395102	+	ENSG00000124508
BTN3A1	6	26402465	26415444	+	ENSG00000026950
BTN3A3	6	26440700	26453643	+	ENSG00000111801
BTN2A1	6	26458150	26476849	+	ENSG00000112763
BTN1A1	6	26501449	26510650	+	ENSG00000124557
HMGN4	6	26538633	26546482	+	ENSG00000182952
ABT1	6	26597180	26600278	+	ENSG00000146109
ZNF322	6	26636518	26659980	-	ENSG00000181315
HIST1H2BJ	6	27093676	27100541	-	ENSG00000124635
HIST1H2AG	6	27100832	27103070	+	ENSG00000196787
HIST1H2BK	6	27106073	27114619	-	ENSG00000197903
HIST1H4I	6	27107076	27108418	+	ENSG00000198339
HIST1H2AH	6	27114861	27115317	+	ENSG00000184825
PRSS16	6	27215480	27224403	+	ENSG00000112812
POM121L2	6	27253682	27279949	-	ENSG00000158553
ZNF391	6	27342394	27371683	+	ENSG00000124613
ZNF184	6	27418522	27440897	-	ENSG00000096654
HIST1H2BL	6	27775257	27775709	-	ENSG00000185130
HIST1H2AI	6	27775899	27776429	+	ENSG00000196747
HIST1H3H	6	27777842	27778314	+	ENSG00000203813
HIST1H2AJ	6	27782112	27782607	-	ENSG00000182611
HIST1H2BM	6	27782822	27783267	+	ENSG00000196374
HIST1H4J	6	27791884	27792257	+	ENSG00000197238
HIST1H4K	6	27798952	27799305	-	ENSG00000197914
HIST1H2AK	6	27805658	27806117	-	ENSG00000184348
HIST1H2BN	6	27806323	27823487	+	ENSG00000233822
HIST1H2AL	6	27833034	27833606	+	ENSG00000198374
HIST1H1B	6	27834570	27835359	-	ENSG00000184357
HIST1H3I	6	27839623	27840099	-	ENSG00000182572
HIST1H4L	6	27840926	27841289	-	ENSG00000198558
HIST1H3J	6	27858093	27860884	-	ENSG00000197153
HIST1H2AM	6	27860477	27860963	-	ENSG00000233224
HIST1H2BO	6	27861203	27861669	+	ENSG00000196331
OR2B2	6	27878963	27880174	-	ENSG00000168131
OR2B6	6	27925019	27925960	+	ENSG00000124657
ZNF165	6	28048753	28057341	+	ENSG00000197279
ZSCAN16	6	28092338	28097860	+	ENSG00000196812
ZKSCAN8	6	28109688	28127250	+	ENSG00000198315
ZSCAN9	6	28192664	28201260	+	ENSG00000137185
ZKSCAN4	6	28212401	28227011	-	ENSG00000187626
NKAPL	6	28227098	28228736	+	ENSG00000189134
PGBD1	6	28249314	28270326	+	ENSG00000137338
ZSCAN31	6	28292470	28324048	-	ENSG00000235109
ZKSCAN3	6	28317691	28336947	+	ENSG00000189298
ZSCAN12	6	28346732	28367511	-	ENSG00000158691
ZSCAN23	6	28399707	28411279	-	ENSG00000187987
GPX6	6	28471073	28495992	-	ENSG00000198704
GPX5	6	28493702	28502729	+	ENSG00000224586
SCAND3	6	28539407	28583989	-	ENSG00000232040
TRIM27	6	28870779	28891766	-	ENSG00000204713
C6orf100	6	28911654	28912314	+	ENSG00000204709
ZNF311	6	28962562	28973093	-	ENSG00000197935
OR2W1	6	29011990	29013017	-	ENSG00000204704
OR2B3	6	29053985	29055090	-	ENSG00000204703
OR2J1	6	29068386	29069658	+	ENSG00000204702
OR2J3	6	29079668	29080603	+	ENSG00000204701
OR2J2	6	29141311	29142351	+	ENSG00000204700
OR14J1	6	29274403	29275519	+	ENSG00000204695
OR5V1	6	29323007	29399744	-	ENSG00000243729
OR12D3	6	29341200	29343068	-	ENSG00000112462
OR12D2	6	29364416	29365448	+	ENSG00000168787
OR11A1	6	29393281	29424848	-	ENSG00000204694
OR10C1	6	29407083	29408731	+	ENSG00000206474
OR2H1	6	29424958	29432105	+	ENSG00000204688
MAS1L	6	29454474	29455738	-	ENSG00000204687
UBD	6	29523292	29527702	-	ENSG00000213886
GABBR1	6	29523406	29601753	-	ENSG00000204681
OR2H2	6	29555683	29556745	+	ENSG00000204657
MOG	6	29624758	29640149	+	ENSG00000204655
ZFP57	6	29640169	29648887	-	ENSG00000204644
HLA-F	6	29690552	29706305	+	ENSG00000204642
HLA-G	6	29794744	29798902	+	ENSG00000204632
HLA-A	6	29909037	29913661	+	ENSG00000206503
ZNRD1	6	30026676	30032686	+	ENSG00000066379
PPP1R11	6	30034486	30038110	+	ENSG00000204619
RNF39	6	30038043	30043664	-	ENSG00000204618
TRIM31	6	30070674	30080883	-	ENSG00000204616
TRIM40	6	30103885	30116512	+	ENSG00000204614
TRIM10	6	30119722	30128711	-	ENSG00000204613
TRIM15	6	30130993	30140473	+	ENSG00000204610
TRIM26	6	30152232	30181204	-	ENSG00000234127
TRIM39	6	30294256	30311506	+	ENSG00000204599
TRIM39-RPP21	6	30297359	30314631	+	ENSG00000248167
RPP21	6	30312908	30314661	+	ENSG00000241370
HLA-E	6	30457244	30461982	+	ENSG00000204592
GNL1	6	30509154	30524951	-	ENSG00000204590
PRR3	6	30524663	30531500	+	ENSG00000204576
ABCF1	6	30539153	30564956	+	ENSG00000204574
PPP1R10	6	30568177	30586389	-	ENSG00000204569
MRPS18B	6	30585486	30594172	+	ENSG00000204568
ATAT1	6	30594619	30614600	+	ENSG00000137343
C6orf136	6	30614816	30620987	+	ENSG00000204564
DHX16	6	30620896	30640814	-	ENSG00000204560
PPP1R18	6	30644166	30655672	-	ENSG00000146112
NRM	6	30655824	30659197	-	ENSG00000137404
MDC1	6	30667584	30685666	-	ENSG00000137337
TUBB	6	30687978	30693203	+	ENSG00000196230
FLOT1	6	30695486	30710510	-	ENSG00000137312
IER3	6	30710976	30712331	-	ENSG00000137331
DDR1	6	30844198	30867933	+	ENSG00000204580
GTF2H4	6	30875961	30881883	+	ENSG00000213780
VARS2	6	30876019	30894236	+	ENSG00000137411
SFTA2	6	30899130	30899952	-	ENSG00000196260
DPCR1	6	30908749	30921998	+	ENSG00000168631
MUC21	6	30951495	30957680	+	ENSG00000204544
MUC22	6	30978251	31003179	+	ENSG00000261272
C6orf15	6	31079000	31080336	-	ENSG00000204542
PSORS1C1	6	31082527	31107869	+	ENSG00000204540
CDSN	6	31082867	31088223	-	ENSG00000204539
PSORS1C2	6	31105313	31107127	-	ENSG00000204538
CCHCR1	6	31110216	31126015	-	ENSG00000204536
TCF19	6	31126319	31134936	+	ENSG00000137310
POU5F1	6	31132119	31148508	-	ENSG00000204531
HCG27	6	31165537	31171745	+	ENSG00000206344
HLA-C	6	31236526	31239907	-	ENSG00000204525
HLA-B	6	31321649	31324965	-	ENSG00000234745
MICA	6	31371356	31383092	+	ENSG00000204520
MICB	6	31462658	31478901	+	ENSG00000204516
MCCD1	6	31496494	31498009	+	ENSG00000204511
ATP6V1G2-DDX39B	6	31497996	31514385	-	ENSG00000254870
DDX39B	6	31497996	31510225	-	ENSG00000198563
ATP6V1G2	6	31512239	31516204	-	ENSG00000213760
NFKBIL1	6	31514647	31526606	+	ENSG00000204498
LTA	6	31539831	31542101	+	ENSG00000226979
TNF	6	31543344	31546113	+	ENSG00000232810
LTB	6	31548302	31550299	-	ENSG00000227507
LST1	6	31553901	31556686	+	ENSG00000204482
NCR3	6	31556672	31560762	-	ENSG00000204475
AIF1	6	31582961	31584798	+	ENSG00000204472
PRRC2A	6	31588497	31605548	+	ENSG00000204469
BAG6	6	31606805	31620482	-	ENSG00000204463
APOM	6	31620193	31625987	+	ENSG00000204444
C6orf47	6	31626075	31628549	-	ENSG00000204439
GPANK1	6	31629006	31634060	-	ENSG00000204438
CSNK2B	6	31633013	31638120	+	ENSG00000204435
CSNK2B-LY6G5B-1181	6	31633879	31641323	+	ENSG00000263020
LY6G5B	6	31637944	31641553	+	ENSG00000240053
LY6G5C	6	31644461	31651817	-	ENSG00000204428
ABHD16A	6	31654726	31671221	-	ENSG00000204427
XXbac-BPG32J3.20	6	31654739	31681849	-	ENSG00000204422
LY6G6F	6	31674640	31685581	+	ENSG00000204424
MEGT1	6	31674681	31685695	+	ENSG00000250641
LY6G6E	6	31679548	31681842	-	ENSG00000255552
LY6G6D	6	31683133	31685581	+	ENSG00000244355
C6orf25	6	31686371	31694491	+	ENSG00000204420
LY6G6C	6	31686425	31689622	-	ENSG00000204421
DDAH2	6	31694815	31698394	-	ENSG00000213722
CLIC1	6	31698358	31707540	-	ENSG00000213719
MSH5	6	31707725	31732622	+	ENSG00000204410
MSH5-SAPCD1	6	31707797	31732628	+	ENSG00000255152
SAPCD1	6	31730576	31732628	+	ENSG00000228727
VWA7	6	31733367	31745108	-	ENSG00000204396
VARS	6	31745295	31763730	-	ENSG00000204394
LSM2	6	31765173	31774761	-	ENSG00000204392
HSPA1L	6	31777396	31783437	-	ENSG00000204390
HSPA1A	6	31783291	31785723	+	ENSG00000204389
HSPA1B	6	31795512	31798031	+	ENSG00000204388
C6orf48	6	31802385	31807541	+	ENSG00000204387
NEU1	6	31825436	31830683	-	ENSG00000204386
SLC44A4	6	31830969	31846823	-	ENSG00000204385
EHMT2	6	31847536	31865464	-	ENSG00000204371
C2	6	31865562	31913449	+	ENSG00000166278
ZBTB12	6	31867384	31869769	-	ENSG00000204366
NELFE	6	31919864	31926887	-	ENSG00000204356
SKIV2L	6	31926857	31937532	+	ENSG00000204351
DXO	6	31937587	31940069	-	ENSG00000204348
STK19	6	31938868	31950598	+	ENSG00000204344
C4A	6	31949801	31970458	+	ENSG00000244731
AL645922.1	6	31973945	31974881	-	ENSG00000268923
C4B	6	31982539	32003195	+	ENSG00000224389
CYP21A2	6	32006042	32009447	+	ENSG00000231852
TNXB	6	32008931	32083111	-	ENSG00000168477
ATF6B	6	32065953	32096030	-	ENSG00000213676
FKBPL	6	32096484	32098068	-	ENSG00000204315
PRRT1	6	32116136	32122150	-	ENSG00000204314
PPT2	6	32121218	32134011	+	ENSG00000221988
PPT2-EGFL8	6	32121622	32139755	+	ENSG00000258388
EGFL8	6	32132360	32136058	+	ENSG00000241404
AGPAT1	6	32135989	32145873	-	ENSG00000204310
RNF5	6	32146131	32151930	+	ENSG00000204308
AGER	6	32148745	32152101	-	ENSG00000204305
PBX2	6	32152512	32157963	-	ENSG00000204304
GPSM3	6	32158543	32163300	-	ENSG00000213654
NOTCH4	6	32162620	32191844	-	ENSG00000204301
C6orf10	6	32256303	32339684	-	ENSG00000204296
BTNL2	6	32361740	32374905	-	ENSG00000204290
HLA-DRA	6	32407619	32412823	+	ENSG00000204287
HLA-DRB5	6	32485120	32498064	-	ENSG00000198502
HLA-DRB1	6	32546546	32557625	-	ENSG00000196126
HLA-DQA1	6	32595956	32614839	+	ENSG00000196735
HLA-DQB1	6	32627244	32636160	-	ENSG00000179344
HLA-DQA2	6	32709119	32714992	+	ENSG00000237541
HLA-DQB2	6	32723875	32731311	-	ENSG00000232629
HLA-DOB	6	32780540	32784825	-	ENSG00000241106
PSMB8	6	32808494	32812480	-	ENSG00000204264
PSMB9	6	32811913	32827362	+	ENSG00000240065
TAP1	6	32812986	32821755	-	ENSG00000168394
HLA-DMB	6	32902406	32908847	-	ENSG00000242574
XXbac-BPG181M17.5	6	32905141	32920899	-	ENSG00000248993
HLA-DMA	6	32916390	32936871	-	ENSG00000204257
BRD2	6	32936437	32949282	+	ENSG00000204256
HLA-DOA	6	32971955	32977389	-	ENSG00000204252
HLA-DPA1	6	33032346	33048552	-	ENSG00000231389
HLA-DPB1	6	33043703	33054978	+	ENSG00000223865
COL11A2	6	33130458	33160276	-	ENSG00000204248
RXRB	6	33161365	33168630	-	ENSG00000204231
SLC39A7	6	33168222	33172216	+	ENSG00000112473
HSD17B8	6	33172419	33174608	+	ENSG00000204228
RING1	6	33176272	33180499	+	ENSG00000204227
VPS52	6	33218049	33239824	-	ENSG00000223501
RPS18	6	33239787	33244287	+	ENSG00000231500
B3GALT4	6	33244917	33252609	+	ENSG00000235863
WDR46	6	33246885	33257304	-	ENSG00000227057
PFDN6	6	33257079	33266178	+	ENSG00000204220
RGL2	6	33259431	33267101	-	ENSG00000237441
TAPBP	6	33267471	33282164	-	ENSG00000231925
ZBTB22	6	33282183	33285719	-	ENSG00000236104
DAXX	6	33286335	33297046	-	ENSG00000204209
KIFC1	6	33359313	33377701	+	ENSG00000237649
PHF1	6	33378176	33384230	+	ENSG00000112511
CUTA	6	33384219	33386094	-	ENSG00000112514
SYNGAP1	6	33387847	33421466	+	ENSG00000197283
ZBTB9	6	33422356	33425325	+	ENSG00000213588
BAK1	6	33540329	33548019	-	ENSG00000030110
GGNBP1	6	33551515	33556803	+	ENSG00000204188
ITPR3	6	33588142	33664351	+	ENSG00000096433
UQCC2	6	33662070	33679504	-	ENSG00000137288
SBP1	6	33663196	33663474	-	ENSG00000269490
IP6K3	6	33689444	33714762	-	ENSG00000161896
LEMD2	6	33738979	33756913	-	ENSG00000161904
MLN	6	33762450	33771788	-	ENSG00000096395
GRM4	6	33989628	34123399	-	ENSG00000124493
HMGA1	6	34204650	34214008	+	ENSG00000137309
C6orf1	6	34214157	34217247	-	ENSG00000186577
NUDT3	6	34247456	34360451	-	ENSG00000272325
RPS10-NUDT3	6	34256547	34393825	-	ENSG00000270800
RPS10	6	34385231	34393902	-	ENSG00000124614
PACSIN1	6	34433916	34503006	+	ENSG00000124507
SPDEF	6	34505579	34524110	-	ENSG00000124664
C6orf106	6	34555065	34664636	-	ENSG00000196821
SNRPC	6	34725183	34741571	+	ENSG00000124562
UHRF1BP1	6	34759857	34850915	+	ENSG00000065060
TAF11	6	34845555	34855866	-	ENSG00000064995
ANKS1A	6	34857042	35059179	+	ENSG00000064999
TCP11	6	35085848	35116387	-	ENSG00000124678
SCUBE3	6	35182190	35220856	+	ENSG00000146197
ZNF76	6	35226686	35263762	+	ENSG00000065029
DEF6	6	35265595	35289548	+	ENSG00000023892
PPARD	6	35310335	35395968	+	ENSG00000112033
FANCE	6	35420138	35434880	+	ENSG00000112039
RPL10A	6	35436185	35438562	+	ENSG00000198755
TEAD3	6	35441374	35464853	-	ENSG00000007866
TULP1	6	35465651	35480715	-	ENSG00000112041
FKBP5	6	35541362	35696360	-	ENSG00000096060
ARMC12	6	35704809	35716856	+	ENSG00000157343
CLPSL2	6	35744371	35747329	+	ENSG00000196748
CLPSL1	6	35748794	35761452	+	ENSG00000204140
CLPS	6	35762759	35765088	-	ENSG00000137392
LHFPL5	6	35773070	35801651	+	ENSG00000197753
SRPK1	6	35800743	35889119	-	ENSG00000096063
SLC26A8	6	35911291	35992645	-	ENSG00000112053
MAPK14	6	35995488	36079013	+	ENSG00000112062
MAPK13	6	36095586	36107842	+	ENSG00000156711
BRPF3	6	36164521	36200567	+	ENSG00000096070
PNPLA1	6	36210980	36276372	+	ENSG00000180316
C6orf222	6	36283534	36304662	-	ENSG00000189325
ETV7	6	36322419	36356164	-	ENSG00000010030
PXT1	6	36358328	36410666	-	ENSG00000179165
KCTD20	6	36410544	36458920	+	ENSG00000112078
STK38	6	36461669	36515247	-	ENSG00000112079
SRSF3	6	36562145	36573377	+	ENSG00000112081
CDKN1A	6	36644305	36655116	+	ENSG00000124762
RAB44	6	36683256	36699870	+	ENSG00000255587
CPNE5	6	36708552	36807778	-	ENSG00000124772
PPIL1	6	36822603	36842800	-	ENSG00000137168
C6orf89	6	36839646	36896740	+	ENSG00000198663
PI16	6	36922209	36932613	+	ENSG00000164530
MTCH1	6	36935917	36954074	-	ENSG00000137409
FGD2	6	36973422	36996846	+	ENSG00000146192
COX6A1P2	6	37012607	37013177	+	ENSG00000226976
PIM1	6	37137979	37143202	+	ENSG00000137193
TMEM217	6	37179956	37225931	-	ENSG00000172738
TBC1D22B	6	37225548	37300746	+	ENSG00000065491
RNF8	6	37321748	37362514	+	ENSG00000112130
CMTR1	6	37400995	37450603	+	ENSG00000137200
CCDC167	6	37450696	37467698	-	ENSG00000198937
MDGA1	6	37600284	37667082	-	ENSG00000112139
ZFAND3	6	37787275	38122400	+	ENSG00000156639
BTBD9	6	38136227	38607924	-	ENSG00000183826
GLO1	6	38643701	38670917	-	ENSG00000124767
DNAH8	6	38683117	38998301	+	ENSG00000124721
GLP1R	6	39016574	39055519	+	ENSG00000112164
SAYSD1	6	39071840	39082965	-	ENSG00000112167
KCNK5	6	39156749	39197226	-	ENSG00000164626
KCNK17	6	39266777	39282329	-	ENSG00000124780
KCNK16	6	39282474	39290744	-	ENSG00000095981
KIF6	6	39297766	39693181	-	ENSG00000164627
DAAM2	6	39760142	39872648	+	ENSG00000146122
MOCS1	6	39867354	39902290	-	ENSG00000124615
LRFN2	6	40359325	40555204	-	ENSG00000156564
UNC5CL	6	40994772	41006928	-	ENSG00000124602
OARD1	6	41001366	41065526	-	ENSG00000124596
TSPO2	6	41010293	41012076	+	ENSG00000112212
APOBEC2	6	41021043	41032250	+	ENSG00000124701
NFYA	6	41040684	41067715	+	ENSG00000001167
TREML1	6	41117080	41122075	-	ENSG00000161911
TREM2	6	41126244	41130924	-	ENSG00000095970
TREML2	6	41158015	41168932	-	ENSG00000112195
TREML4	6	41196062	41206620	+	ENSG00000188056
TREM1	6	41235664	41254457	-	ENSG00000124731
NCR2	6	41303393	41318625	+	ENSG00000096264
FOXP4	6	41514164	41570122	+	ENSG00000137166
MDFI	6	41604620	41621984	+	ENSG00000112559
TFEB	6	41651716	41703997	-	ENSG00000112561
AL035588.1	6	41653964	41654127	+	ENSG00000268275
PGC	6	41704449	41721847	-	ENSG00000096088
FRS3	6	41737914	41754280	-	ENSG00000137218
PRICKLE4	6	41748087	41757879	+	ENSG00000124593
TOMM6	6	41755400	41757636	+	ENSG00000214736
USP49	6	41757634	41863099	-	ENSG00000164663
MED20	6	41873092	41888877	-	ENSG00000124641
BYSL	6	41888926	41900784	+	ENSG00000112578
CCND3	6	41902671	42018095	-	ENSG00000112576
TAF8	6	42018251	42055199	+	ENSG00000137413
C6orf132	6	42068856	42110357	-	ENSG00000188112
GUCA1A	6	42123144	42147794	+	ENSG00000048545
RP1-139D8.6	6	42123279	42131156	+	ENSG00000214732
GUCA1B	6	42152139	42162654	-	ENSG00000112599
MRPS10	6	42174539	42185603	-	ENSG00000048544
TRERF1	6	42192669	42419789	-	ENSG00000124496
UBR2	6	42531800	42661242	+	ENSG00000024048
PRPH2	6	42664340	42690312	-	ENSG00000112619
TBCC	6	42712219	42714558	-	ENSG00000124659
GLTSCR1L	6	42749765	42836298	+	ENSG00000112624
RPL7L1	6	42847356	42857663	+	ENSG00000146223
C6orf226	6	42858005	42858554	-	ENSG00000221821
PTCRA	6	42883727	42893573	+	ENSG00000171611
CNPY3	6	42896938	42907025	+	ENSG00000137161
GNMT	6	42928496	42931618	+	ENSG00000124713
PEX6	6	42931608	42946958	-	ENSG00000124587
PPP2R5D	6	42952237	42980080	+	ENSG00000112640
MEA1	6	42979832	42981706	-	ENSG00000124733
KLHDC3	6	42981951	42989036	+	ENSG00000124702
RRP36	6	42989383	43001894	+	ENSG00000124541
CUL7	6	43005355	43021683	-	ENSG00000044090
KLC4	6	43008515	43042837	+	ENSG00000137171
MRPL2	6	43021767	43027544	-	ENSG00000112651
PTK7	6	43044006	43129457	+	ENSG00000112655
SRF	6	43139037	43149243	+	ENSG00000112658
CUL9	6	43149913	43192325	+	ENSG00000112659
DNPH1	6	43193367	43197222	-	ENSG00000112667
TTBK1	6	43211418	43255997	+	ENSG00000146216
SLC22A7	6	43263432	43273276	+	ENSG00000137204
CRIP3	6	43267448	43276535	-	ENSG00000146215
ZNF318	6	43274872	43337216	-	ENSG00000171467
ABCC10	6	43395104	43418168	+	ENSG00000124574
DLK2	6	43418090	43424370	-	ENSG00000171462
TJAP1	6	43445261	43474294	+	ENSG00000137221
LRRC73	6	43474707	43478424	-	ENSG00000204052
POLR1C	6	43477440	43497323	+	ENSG00000171453
YIPF3	6	43479565	43484728	-	ENSG00000137207
XPO5	6	43490072	43543812	-	ENSG00000124571
POLH	6	43543887	43586701	+	ENSG00000170734
GTPBP2	6	43573053	43596899	-	ENSG00000172432
MAD2L1BP	6	43597277	43608689	+	ENSG00000124688
RSPH9	6	43612783	43640336	+	ENSG00000172426
MRPS18A	6	43639040	43655528	-	ENSG00000096080
VEGFA	6	43737921	43754224	+	ENSG00000112715
C6orf223	6	43968317	43973695	+	ENSG00000181577
MRPL14	6	44081194	44095194	-	ENSG00000180992
TMEM63B	6	44094651	44123256	+	ENSG00000137216
CAPN11	6	44126548	44152139	+	ENSG00000137225
SLC29A1	6	44187242	44201888	+	ENSG00000112759
HSP90AB1	6	44214824	44221620	+	ENSG00000096384
SLC35B2	6	44221833	44225291	-	ENSG00000157593
NFKBIE	6	44225903	44233500	-	ENSG00000146232
TMEM151B	6	44238203	44275243	+	ENSG00000178233
RP11-444E17.6	6	44240931	44346694	+	ENSG00000272442
TCTE1	6	44246480	44265458	-	ENSG00000146221
AARS2	6	44267391	44281063	-	ENSG00000124608
SPATS1	6	44310397	44344904	+	ENSG00000249481
CDC5L	6	44355262	44418163	+	ENSG00000096401
AL133262.1	6	44400472	44400720	-	ENSG00000267849
SUPT3H	6	44777054	45345690	-	ENSG00000196284
RUNX2	6	45295894	45632086	+	ENSG00000124813
CLIC5	6	45868045	46048132	-	ENSG00000112782
ENPP4	6	46097730	46114436	+	ENSG00000001561
ENPP5	6	46126924	46138708	-	ENSG00000112796
RCAN2	6	46188475	46459709	-	ENSG00000172348
CYP39A1	6	46517541	46620523	-	ENSG00000146233
SLC25A27	6	46620678	46645930	+	ENSG00000153291
TDRD6	6	46655612	46672056	+	ENSG00000180113
PLA2G7	6	46671938	46703430	-	ENSG00000146070
ANKRD66	6	46714654	46727243	+	ENSG00000230062
MEP1A	6	46761127	46807515	+	ENSG00000112818
GPR116	6	46820249	46922680	-	ENSG00000069122
GPR110	6	46965440	47010099	-	ENSG00000153292
TNFRSF21	6	47199268	47277641	-	ENSG00000146072
CD2AP	6	47445525	47594999	+	ENSG00000198087
GPR111	6	47624172	47665533	+	ENSG00000164393
GPR115	6	47653600	47689757	+	ENSG00000153294
OPN5	6	47749718	47800516	+	ENSG00000124818
PTCHD4	6	47845764	48036425	-	ENSG00000244694
MUT	6	49398073	49430904	-	ENSG00000146085
CENPQ	6	49431091	49460820	+	ENSG00000031691
GLYATL3	6	49467671	49494760	+	ENSG00000203972
C6orf141	6	49518113	49529620	+	ENSG00000197261
RHAG	6	49572871	49604552	-	ENSG00000112077
CRISP2	6	49660073	49681274	-	ENSG00000124490
CRISP3	6	49695097	49712150	-	ENSG00000096006
PGK2	6	49753366	49755053	-	ENSG00000170950
CRISP1	6	49801970	49844809	-	ENSG00000124812
DEFB133	6	49913814	49917157	-	ENSG00000214643
DEFB114	6	49927962	49931818	-	ENSG00000177684
DEFB113	6	49936390	49937338	-	ENSG00000214642
DEFB110	6	49976851	49989694	-	ENSG00000203970
DEFB112	6	50011288	50016364	-	ENSG00000180872
TFAP2D	6	50681541	50740701	+	ENSG00000008197
TFAP2B	6	50786436	50815326	+	ENSG00000008196
PKHD1	6	51480098	51952423	-	ENSG00000170927
IL17A	6	52051185	52055436	+	ENSG00000112115
IL17F	6	52101479	52109335	-	ENSG00000112116
MCM3	6	52128807	52149679	-	ENSG00000112118
PAQR8	6	52226219	52272575	+	ENSG00000170915
EFHC1	6	52285106	52387892	+	ENSG00000096093
TRAM2	6	52362200	52441713	-	ENSG00000065308
TMEM14A	6	52535907	52551386	+	ENSG00000096092
GSTA2	6	52614897	52628367	-	ENSG00000244067
GSTA1	6	52656462	52668708	-	ENSG00000243955
GSTA5	6	52696453	52710893	-	ENSG00000182793
GSTA3	6	52761437	52774483	-	ENSG00000174156
GSTA4	6	52842751	52860176	-	ENSG00000170899
ICK	6	52866077	52926600	-	ENSG00000112144
FBXO9	6	52916789	52965671	+	ENSG00000112146
GCM1	6	52991762	53013627	-	ENSG00000137270
ELOVL5	6	53132196	53213947	-	ENSG00000012660
GCLC	6	53362139	53481768	-	ENSG00000001084
KLHL31	6	53512699	53530506	-	ENSG00000124743
LRRC1	6	53659295	53788919	+	ENSG00000137269
MLIP	6	53794780	54131078	+	ENSG00000146147
TINAG	6	54172657	54254950	+	ENSG00000137251
FAM83B	6	54711569	54806820	+	ENSG00000168143
HCRTR2	6	55039050	55147418	+	ENSG00000137252
GFRAL	6	55192267	55267291	+	ENSG00000187871
HMGCLL1	6	55299167	55444012	-	ENSG00000146151
BMP5	6	55618443	55740362	-	ENSG00000112175
COL21A1	6	55921388	56258892	-	ENSG00000124749
DST	6	56322785	56819426	-	ENSG00000151914
BEND6	6	56819773	56892140	+	ENSG00000151917
KIAA1586	6	56911347	56920023	+	ENSG00000168116
ZNF451	6	56951642	57035105	+	ENSG00000112200
BAG2	6	57037124	57054631	+	ENSG00000112208
RAB23	6	57053607	57087078	-	ENSG00000112210
PRIM2	6	57179603	57513375	+	ENSG00000146143
MTRNR2L9	6	62284008	62284534	+	ENSG00000255633
KHDRBS2	6	62389865	62996132	-	ENSG00000112232
FKBP1C	6	63921351	63922929	+	ENSG00000198225
LGSN	6	63985856	64029882	-	ENSG00000146166
PTP4A1	6	64231666	64293492	+	ENSG00000112245
PHF3	6	64345725	64489229	+	ENSG00000118482
EYS	6	64429876	66417118	-	ENSG00000188107
BAI3	6	69345259	70099403	+	ENSG00000135298
LMBRD1	6	70385694	70507003	-	ENSG00000168216
COL19A1	6	70576463	70919679	+	ENSG00000082293
COL9A1	6	70924764	71012786	-	ENSG00000112280
FAM135A	6	71122644	71270877	+	ENSG00000082269
C6orf57	6	71276620	71299272	+	ENSG00000154079
SMAP1	6	71377479	71571718	+	ENSG00000112305
B3GAT2	6	71566382	71666741	-	ENSG00000112309
OGFRL1	6	71998506	72018653	+	ENSG00000119900
RIMS1	6	72596406	73112845	+	ENSG00000079841
KCNQ5	6	73331520	73908574	+	ENSG00000185760
RP11-257K9.8	6	73919469	73972919	-	ENSG00000243501
KHDC1L	6	73933267	73935493	-	ENSG00000256980
KHDC1	6	73951037	74020088	-	ENSG00000135314
DPPA5	6	74062785	74064018	-	ENSG00000203909
KHDC3L	6	74072400	74073894	+	ENSG00000203908
OOEP	6	74078278	74104856	-	ENSG00000203907
DDX43	6	74104471	74127292	+	ENSG00000080007
MB21D1	6	74123238	74161999	-	ENSG00000164430
MTO1	6	74171301	74218959	+	ENSG00000135297
EEF1A1	6	74225473	74233520	-	ENSG00000156508
SLC17A5	6	74303102	74363878	-	ENSG00000119899
CD109	6	74405508	74538040	+	ENSG00000156535
COL12A1	6	75794042	75915767	-	ENSG00000111799
COX7A2	6	75947391	75960039	-	ENSG00000112695
TMEM30A	6	75962640	75994684	-	ENSG00000112697
FILIP1	6	76001575	76203454	-	ENSG00000118407
SENP6	6	76311225	76427997	+	ENSG00000112701
MYO6	6	76458909	76629254	+	ENSG00000196586
IMPG1	6	76630832	76782395	-	ENSG00000112706
HTR1B	6	78171948	78173490	-	ENSG00000135312
MEI4	6	78400375	78636691	+	ENSG00000269964
IRAK1BP1	6	79577189	79656157	+	ENSG00000146243
PHIP	6	79645584	79787953	-	ENSG00000146247
HMGN3	6	79910962	79944406	-	ENSG00000118418
LCA5	6	80194708	80247175	-	ENSG00000135338
SH3BGRL2	6	80341000	80413372	+	ENSG00000198478
ELOVL4	6	80624529	80657297	-	ENSG00000118402
TTK	6	80713604	80752244	+	ENSG00000112742
BCKDHB	6	80816364	81055987	+	ENSG00000083123
FAM46A	6	82201156	82462491	-	ENSG00000112773
AL359693.1	6	82262307	82262537	-	ENSG00000269494
IBTK	6	82879700	82957471	-	ENSG00000005700
TPBG	6	83072923	83080545	+	ENSG00000146242
UBE3D	6	83602117	83775560	-	ENSG00000118420
DOPEY1	6	83777385	83881069	+	ENSG00000083097
AL139333.1	6	83782692	83782854	+	ENSG00000214479
PGM3	6	83870869	83903655	-	ENSG00000013375
RWDD2A	6	83903098	83908651	+	ENSG00000013392
ME1	6	83920108	84140797	-	ENSG00000065833
PRSS35	6	84222194	84235423	+	ENSG00000146250
SNAP91	6	84262599	84419410	-	ENSG00000065609
RIPPLY2	6	84562985	84567234	+	ENSG00000203877
CYB5R4	6	84569362	84677143	+	ENSG00000065615
MRAP2	6	84743475	84800600	+	ENSG00000135324
KIAA1009	6	84833960	84937353	-	ENSG00000135315
TBX18	6	85397069	85474237	-	ENSG00000112837
NT5E	6	86159809	86205500	+	ENSG00000135318
SNX14	6	86215214	86303874	-	ENSG00000135317
RP11-321N4.5	6	86267696	86324952	-	ENSG00000271793
SYNCRIP	6	86318053	86353510	-	ENSG00000135316
HTR1E	6	87647024	87726349	+	ENSG00000168830
CGA	6	87795216	87804824	-	ENSG00000135346
ZNF292	6	87862551	87973914	+	ENSG00000188994
GJB7	6	87992696	88038996	-	ENSG00000164411
SMIM8	6	88032301	88052043	+	ENSG00000111850
RP1-102H19.8	6	88032323	88109459	+	ENSG00000226524
C6orf163	6	88054567	88075181	+	ENSG00000203872
C6orf164	6	88106840	88109467	+	ENSG00000203871
C6ORF165	6	88117701	88174183	+	ENSG00000272514
C6orf165	6	88117730	88221352	+	ENSG00000213204
SLC35A1	6	88180341	88222054	+	ENSG00000164414
RARS2	6	88224096	88299721	-	ENSG00000146282
ORC3	6	88299839	88377169	+	ENSG00000135336
AKIRIN2	6	88384790	88411927	-	ENSG00000135334
SPACA1	6	88757507	88776550	+	ENSG00000118434
CNR1	6	88849583	88876078	-	ENSG00000118432
RNGTT	6	89319985	89673348	-	ENSG00000111880
AL079342.1	6	89674246	89676685	+	ENSG00000203863
PNRC1	6	89790470	89794879	+	ENSG00000146278
SRSF12	6	89805678	89827800	-	ENSG00000154548
PM20D2	6	89855769	89875284	+	ENSG00000146281
GABRR1	6	89887220	89940997	-	ENSG00000146276
GABRR2	6	89966927	90025018	-	ENSG00000111886
UBE2J1	6	90036344	90062567	-	ENSG00000198833
RRAGD	6	90074355	90121989	-	ENSG00000025039
ANKRD6	6	90142889	90343553	+	ENSG00000135299
LYRM2	6	90277863	90348472	-	ENSG00000083099
MDN1	6	90352218	90529442	-	ENSG00000112159
GJA10	6	90604188	90605839	+	ENSG00000135355
BACH2	6	90636248	91006627	-	ENSG00000112182
MAP3K7	6	91223292	91296764	-	ENSG00000135341
EPHA7	6	93949738	94129265	-	ENSG00000135333
MANEA	6	96025419	96057333	+	ENSG00000172469
FUT9	6	96463860	96663488	+	ENSG00000172461
UFL1	6	96969471	97003152	+	ENSG00000014123
FHL5	6	97010424	97064512	+	ENSG00000112214
GPR63	6	97242002	97285353	-	ENSG00000112218
NDUFAF4	6	97337189	97345757	-	ENSG00000123545
KLHL32	6	97372605	97588630	+	ENSG00000186231
MMS22L	6	97590037	97731093	-	ENSG00000146263
POU3F2	6	99282580	99286660	+	ENSG00000184486
FBXL4	6	99316420	99395849	-	ENSG00000112234
FAXC	6	99719045	99797938	-	ENSG00000146267
COQ3	6	99817276	99842080	-	ENSG00000132423
PNISR	6	99845927	99873207	-	ENSG00000132424
USP45	6	99880190	99969604	-	ENSG00000123552
CCNC	6	99990256	100016849	-	ENSG00000112237
PRDM13	6	100054606	100063454	+	ENSG00000112238
MCHR2	6	100367786	100442123	-	ENSG00000152034
SIM1	6	100832891	100912805	-	ENSG00000112246
ASCC3	6	100956070	101329248	-	ENSG00000112249
GRIK2	6	101846664	102517958	+	ENSG00000164418
HACE1	6	105175968	105307794	-	ENSG00000085382
LIN28B	6	105404923	105531207	+	ENSG00000187772
BVES	6	105544697	105585049	-	ENSG00000112276
POPDC3	6	105606155	105627870	-	ENSG00000132429
PREP	6	105725440	105850959	-	ENSG00000085377
PRDM1	6	106534195	106557814	+	ENSG00000057657
ATG5	6	106632351	106773666	-	ENSG00000057663
AIM1	6	106959730	107018326	+	ENSG00000112297
RTN4IP1	6	107018903	107077373	-	ENSG00000130347
QRSL1	6	107077453	107116292	+	ENSG00000130348
C6orf203	6	107349407	107372546	+	ENSG00000130349
BEND3	6	107386386	107436473	-	ENSG00000178409
PDSS2	6	107473761	107780768	-	ENSG00000164494
SOBP	6	107811162	107981357	+	ENSG00000112320
SCML4	6	108025308	108145521	-	ENSG00000146285
SEC63	6	108188960	108279393	-	ENSG00000025796
OSTM1	6	108362613	108487058	-	ENSG00000081087
NR2E1	6	108487262	108510013	+	ENSG00000112333
SNX3	6	108532426	108582464	-	ENSG00000112335
LACE1	6	108616098	108847999	+	ENSG00000135537
FOXO3	6	108881038	109005977	+	ENSG00000118689
ARMC2	6	109169619	109295186	+	ENSG00000118690
SESN1	6	109307640	109416022	-	ENSG00000080546
CEP57L1	6	109416313	109485135	+	ENSG00000183137
CD164	6	109687717	109703762	-	ENSG00000135535
PPIL6	6	109711418	109762374	-	ENSG00000185250
SMPD2	6	109761966	109765122	+	ENSG00000135587
MICAL1	6	109765265	109787171	-	ENSG00000135596
ZBTB24	6	109783797	109804440	-	ENSG00000112365
AK9	6	109814059	110012420	-	ENSG00000155085
FIG4	6	110012499	110146631	+	ENSG00000112367
GPR6	6	110299514	110301921	+	ENSG00000146360
WASF1	6	110421022	110501207	-	ENSG00000112290
CDC40	6	110501344	110575478	+	ENSG00000168438
METTL24	6	110567131	110679475	-	ENSG00000053328
DDO	6	110712974	110736765	-	ENSG00000203797
SLC22A16	6	110745890	110797844	-	ENSG00000004809
CDK19	6	110931181	111137161	-	ENSG00000155111
AMD1	6	111195973	111216916	+	ENSG00000123505
GTF3C6	6	111279763	111289093	+	ENSG00000155115
RPF2	6	111303218	111349466	+	ENSG00000197498
SLC16A10	6	111408781	111552397	+	ENSG00000112394
KIAA1919	6	111580551	111592370	+	ENSG00000173214
REV3L	6	111620234	111804918	-	ENSG00000009413
TRAF3IP2	6	111877657	111927481	-	ENSG00000056972
FYN	6	111981535	112194655	-	ENSG00000010810
WISP3	6	112375275	112392171	+	ENSG00000112761
TUBE1	6	112391980	112408732	-	ENSG00000074935
FAM229B	6	112408802	112423993	+	ENSG00000203778
LAMA4	6	112429963	112576141	-	ENSG00000112769
RFPL4B	6	112668532	112672498	+	ENSG00000251258
MARCKS	6	114178541	114184648	+	ENSG00000155130
HDAC2	6	114254192	114332472	-	ENSG00000196591
HS3ST5	6	114376750	114664209	-	ENSG00000249853
FRK	6	116252312	116381921	-	ENSG00000111816
NT5DC1	6	116422012	116570660	+	ENSG00000178425
COL10A1	6	116440086	116479910	-	ENSG00000123500
AL121963.1	6	116442320	116443093	+	ENSG00000234188
TSPYL4	6	116571151	116575261	-	ENSG00000187189
DSE	6	116575336	116762424	+	ENSG00000111817
TSPYL1	6	116597741	116601066	-	ENSG00000189241
FAM26F	6	116782533	116784934	+	ENSG00000188820
TRAPPC3L	6	116816152	116866773	-	ENSG00000173626
FAM26E	6	116832809	116845955	+	ENSG00000178033
FAM26D	6	116850174	116880031	+	ENSG00000164451
RWDD1	6	116892530	116918838	+	ENSG00000111832
RSPH4A	6	116937642	116954148	+	ENSG00000111834
ZUFSP	6	116956781	116989957	-	ENSG00000153975
KPNA5	6	117002350	117063029	+	ENSG00000196911
FAM162B	6	117073363	117086886	-	ENSG00000183807
GPRC6A	6	117113248	117150200	-	ENSG00000173612
RFX6	6	117198375	117253326	+	ENSG00000185002
VGLL2	6	117586721	117594728	+	ENSG00000170162
ROS1	6	117609463	117747018	-	ENSG00000047936
GOPC	6	117639374	117923691	-	ENSG00000047932
DCBLD1	6	117774980	117891021	+	ENSG00000164465
NUS1	6	117996665	118031803	+	ENSG00000153989
SLC35F1	6	118228689	118638839	+	ENSG00000196376
CEP85L	6	118781935	119031238	-	ENSG00000111860
PLN	6	118869461	118881893	+	ENSG00000198523
MCM9	6	119134605	119256327	-	ENSG00000111877
ASF1A	6	119215384	119230332	+	ENSG00000111875
FAM184A	6	119280928	119470552	-	ENSG00000111879
MAN1A1	6	119498374	119670926	-	ENSG00000111885
TBC1D32	6	121400640	121655891	-	ENSG00000146350
GJA1	6	121756838	121770873	+	ENSG00000152661
HSF2	6	122720691	122754264	+	ENSG00000025156
SERINC1	6	122764499	122792967	-	ENSG00000111897
PKIB	6	122793076	123047518	+	ENSG00000135549
FABP7	6	123100620	123105219	+	ENSG00000164434
SMPDL3A	6	123110315	123130865	+	ENSG00000172594
CLVS2	6	123317116	123394072	+	ENSG00000146352
TRDN	6	123537483	123958238	-	ENSG00000186439
NKAIN2	6	124125286	125146803	+	ENSG00000188580
RNF217	6	125283691	125413779	+	ENSG00000146373
TPD52L1	6	125440195	125585553	+	ENSG00000111907
HDDC2	6	125541108	125623282	-	ENSG00000111906
HEY2	6	126068810	126082415	+	ENSG00000135547
NCOA7	6	126102307	126252266	+	ENSG00000111912
HINT3	6	126277927	126301387	+	ENSG00000111911
TRMT11	6	126307576	126360422	+	ENSG00000066651
CENPW	6	126661320	126670021	+	ENSG00000203760
RSPO3	6	127439749	127518910	+	ENSG00000146374
RNF146	6	127587755	127609712	+	ENSG00000118518
ECHDC1	6	127609855	127664754	-	ENSG00000093144
KIAA0408	6	127761488	127780536	-	ENSG00000189367
C6orf58	6	127840600	127912962	+	ENSG00000184530
THEMIS	6	128029217	128239776	-	ENSG00000172673
PTPRK	6	128289924	128841870	-	ENSG00000152894
LAMA2	6	129204342	129837714	+	ENSG00000196569
ARHGAP18	6	129897277	130031370	-	ENSG00000146376
TMEM244	6	130152389	130182692	-	ENSG00000203756
L3MBTL3	6	130334844	130462594	+	ENSG00000198945
SAMD3	6	130465460	130686570	-	ENSG00000164483
TMEM200A	6	130686879	130764208	+	ENSG00000164484
SMLR1	6	131148546	131158275	+	ENSG00000256162
EPB41L2	6	131160487	131384462	-	ENSG00000079819
AKAP7	6	131456806	131604675	+	ENSG00000118507
ARG1	6	131894284	131905472	+	ENSG00000118520
MED23	6	131895106	131949369	-	ENSG00000112282
ENPP3	6	131949582	132068553	+	ENSG00000154269
OR2A4	6	132021520	132022635	-	ENSG00000180658
CTAGE9	6	132029581	132032206	-	ENSG00000236761
ENPP1	6	132129156	132216295	+	ENSG00000197594
CTGF	6	132269316	132272513	-	ENSG00000118523
MOXD1	6	132617194	132722684	-	ENSG00000079931
STX7	6	132767006	132834337	-	ENSG00000079950
TAAR8	6	132873832	132874860	+	ENSG00000146385
TAAR6	6	132891461	132892498	+	ENSG00000146383
TAAR5	6	132909731	132910877	-	ENSG00000135569
TAAR2	6	132938161	132945414	-	ENSG00000146378
TAAR1	6	132966123	132967142	-	ENSG00000146399
VNN1	6	133002729	133035188	-	ENSG00000112299
VNN3	6	133043926	133055904	-	ENSG00000093134
VNN2	6	133065009	133084598	-	ENSG00000112303
SLC18B1	6	133090509	133119701	-	ENSG00000146409
RPS12	6	133135580	133138703	+	ENSG00000112306
EYA4	6	133561736	133853258	+	ENSG00000112319
TCF21	6	134210276	134216691	+	ENSG00000118526
TBPL1	6	134273308	134311570	+	ENSG00000028839
SLC2A12	6	134309835	134373774	-	ENSG00000146411
SGK1	6	134490384	134639250	-	ENSG00000118515
ALDH8A1	6	135238528	135271260	-	ENSG00000118514
HBS1L	6	135281516	135424194	-	ENSG00000112339
MYB	6	135502453	135540311	+	ENSG00000118513
AHI1	6	135604670	135818914	-	ENSG00000135541
PDE7B	6	136172834	136516712	+	ENSG00000171408
MTFR2	6	136552162	136571473	-	ENSG00000146410
BCLAF1	6	136578001	136610989	-	ENSG00000029363
MAP7	6	136663875	136871957	-	ENSG00000135525
MAP3K5	6	136878185	137113656	-	ENSG00000197442
PEX7	6	137143717	137235075	+	ENSG00000112357
SLC35D3	6	137243402	137246777	+	ENSG00000182747
IL20RA	6	137321108	137366298	-	ENSG00000016402
IL22RA2	6	137464968	137494785	-	ENSG00000164485
IFNGR1	6	137518621	137540586	-	ENSG00000027697
OLIG3	6	137813336	137815531	-	ENSG00000177468
TNFAIP3	6	138188351	138204449	+	ENSG00000118503
PERP	6	138409642	138428648	-	ENSG00000112378
KIAA1244	6	138483058	138665800	+	ENSG00000112379
PBOV1	6	138537129	138539627	-	ENSG00000254440
RP3-422G23.4	6	138699042	138704212	+	ENSG00000262543
HEBP2	6	138724668	138743334	+	ENSG00000051620
NHSL1	6	138743180	139013708	-	ENSG00000135540
CCDC28A	6	139094657	139114456	+	ENSG00000024862
ECT2L	6	139117063	139225207	+	ENSG00000203734
REPS1	6	139224630	139309398	-	ENSG00000135597
ABRACL	6	139349819	139364439	+	ENSG00000146386
HECA	6	139456249	139501939	+	ENSG00000112406
TXLNB	6	139561198	139613276	-	ENSG00000164440
CITED2	6	139693393	139695757	-	ENSG00000164442
NMBR	6	142379467	142409936	-	ENSG00000135577
GJE1	6	142454227	142456288	+	ENSG00000203733
VTA1	6	142468367	142545826	+	ENSG00000009844
GPR126	6	142622991	142767403	+	ENSG00000112414
HIVEP2	6	143072604	143266338	-	ENSG00000010818
AIG1	6	143381633	143661441	+	ENSG00000146416
ADAT2	6	143743969	143771810	-	ENSG00000189007
AL031320.1	6	143759575	143764295	+	ENSG00000268402
PEX3	6	143771944	143811147	+	ENSG00000034693
FUCA2	6	143815948	143832827	-	ENSG00000001036
PHACTR2	6	143857982	144152322	+	ENSG00000112419
RP3-468K18.5	6	144128229	144165754	+	ENSG00000257065
LTV1	6	144164481	144184949	+	ENSG00000135521
ZC2HC1B	6	144185573	144259483	+	ENSG00000118491
PLAGL1	6	144261437	144385735	-	ENSG00000118495
SF3B5	6	144416018	144416754	-	ENSG00000169976
STX11	6	144471663	144509507	+	ENSG00000135604
UTRN	6	144606837	145174170	+	ENSG00000152818
EPM2A	6	145822719	146057160	-	ENSG00000112425
FBXO30	6	146114638	146135889	-	ENSG00000118496
SHPRH	6	146185381	146285559	-	ENSG00000146414
GRM1	6	146348782	146758734	+	ENSG00000152822
RAB32	6	146864829	146876101	+	ENSG00000118508
ADGB	6	146920101	147136598	+	ENSG00000118492
STXBP5	6	147525561	147706866	+	ENSG00000164506
SAMD5	6	147830063	148058683	+	ENSG00000203727
SASH1	6	148593440	148873186	+	ENSG00000111961
UST	6	149068464	149398126	+	ENSG00000111962
TAB2	6	149539777	149732749	+	ENSG00000055208
SUMO4	6	149721495	149722177	+	ENSG00000177688
ZC3H12D	6	149768794	149806197	-	ENSG00000178199
PPIL4	6	149825869	149867174	-	ENSG00000131013
GINM1	6	149887430	149912884	+	ENSG00000055211
KATNA1	6	149916009	149970108	-	ENSG00000186625
LATS1	6	149979289	150039392	-	ENSG00000131023
NUP43	6	150045451	150070801	-	ENSG00000120253
PCMT1	6	150070579	150132556	+	ENSG00000120265
LRP11	6	150139934	150186199	-	ENSG00000120256
RAET1E	6	150204511	150219238	-	ENSG00000164520
RAET1G	6	150238014	150244257	-	ENSG00000203722
ULBP2	6	150263136	150270371	+	ENSG00000131015
ULBP1	6	150285143	150294846	+	ENSG00000111981
RAET1L	6	150339470	150346668	-	ENSG00000155918
ULBP3	6	150384286	150390231	-	ENSG00000131019
PPP1R14C	6	150464212	150571493	+	ENSG00000198729
IYD	6	150690028	150727105	+	ENSG00000009765
PLEKHG1	6	150920999	151164799	+	ENSG00000120278
MTHFD1L	6	151186685	151423023	+	ENSG00000120254
AKAP12	6	151561134	151679692	+	ENSG00000131016
ZBTB2	6	151685252	151712683	-	ENSG00000181472
RMND1	6	151725989	151773259	-	ENSG00000155906
C6orf211	6	151773422	151791236	+	ENSG00000146476
CCDC170	6	151815165	151942328	+	ENSG00000120262
ESR1	6	151977826	152450754	+	ENSG00000091831
SYNE1	6	152442819	152958936	-	ENSG00000131018
MYCT1	6	153019030	153045702	+	ENSG00000120279
VIP	6	153071933	153080900	+	ENSG00000146469
FBXO5	6	153291664	153304714	-	ENSG00000112029
MTRF1L	6	153308497	153323820	-	ENSG00000112031
RGS17	6	153325594	153452384	-	ENSG00000091844
AL590867.1	6	153552455	153668623	+	ENSG00000213121
OPRM1	6	154331631	154568001	+	ENSG00000112038
IPCEF1	6	154475631	154677926	-	ENSG00000074706
CNKSR3	6	154708638	154831793	-	ENSG00000153721
SCAF8	6	155054459	155155192	+	ENSG00000213079
TIAM2	6	155153831	155578857	+	ENSG00000146426
TFB1M	6	155578643	155635627	-	ENSG00000029639
CLDN20	6	155585147	155597682	+	ENSG00000171217
NOX3	6	155716504	155777037	-	ENSG00000074771
ARID1B	6	157099063	157531913	+	ENSG00000049618
TMEM242	6	157710418	157744633	-	ENSG00000215712
ZDHHC14	6	157802165	158099178	+	ENSG00000175048
SNX9	6	158244296	158366109	+	ENSG00000130340
SYNJ2	6	158402888	158520208	+	ENSG00000078269
SERAC1	6	158530536	158589312	-	ENSG00000122335
GTF2H5	6	158589384	158620376	+	ENSG00000272047
TULP4	6	158733692	158932860	+	ENSG00000130338
TMEM181	6	158957468	159056460	+	ENSG00000146433
AL591025.1	6	159047471	159049322	+	ENSG00000214239
DYNLT1	6	159057506	159065771	-	ENSG00000146425
SYTL3	6	159071046	159185908	+	ENSG00000164674
EZR	6	159186773	159240444	-	ENSG00000092820
C6orf99	6	159290971	159331385	+	ENSG00000203711
RSPH3	6	159393903	159421219	-	ENSG00000130363
TAGAP	6	159455500	159466184	-	ENSG00000164691
FNDC1	6	159590429	159693141	+	ENSG00000164694
SOD2	6	160090089	160183561	-	ENSG00000112096
WTAP	6	160146617	160177351	+	ENSG00000146457
ACAT2	6	160181360	160200144	+	ENSG00000120437
TCP1	6	160199530	160210781	-	ENSG00000120438
MRPL18	6	160210844	160219468	+	ENSG00000112110
PNLDC1	6	160221298	160241736	+	ENSG00000146453
MAS1	6	160327974	160329108	+	ENSG00000130368
IGF2R	6	160390131	160534539	+	ENSG00000197081
SLC22A1	6	160542821	160579750	+	ENSG00000175003
SLC22A2	6	160592093	160698670	-	ENSG00000112499
SLC22A3	6	160769300	160876014	+	ENSG00000146477
LPA	6	160952515	161087407	-	ENSG00000198670
PLG	6	161123270	161174347	+	ENSG00000122194
MAP3K4	6	161412759	161538417	+	ENSG00000085511
AGPAT4	6	161551011	161695093	-	ENSG00000026652
PARK2	6	161768452	163148803	-	ENSG00000185345
PACRG	6	163148164	163736524	+	ENSG00000112530
AL078585.1	6	163586446	163612840	-	ENSG00000225683
QKI	6	163835032	163999628	+	ENSG00000112531
C6orf118	6	165693153	165723096	-	ENSG00000112539
PDE10A	6	165740776	166400091	-	ENSG00000112541
SDIM1	6	166307330	166309725	-	ENSG00000256391
T	6	166571144	166582188	-	ENSG00000164458
PRR18	6	166719168	166721936	-	ENSG00000176381
SFT2D1	6	166733216	166756079	-	ENSG00000198818
MPC1	6	166778407	166796486	-	ENSG00000060762
RPS6KA2	6	166822852	167319939	-	ENSG00000071242
Z98049.1	6	166945369	166947709	+	ENSG00000269048
RP11-514O12.4	6	167271582	167369612	-	ENSG00000249141
RNASET2	6	167342992	167370679	-	ENSG00000026297
FGFR1OP	6	167412670	167466201	+	ENSG00000213066
CCR6	6	167525295	167553184	+	ENSG00000112486
TCP10L2	6	167559902	167610401	+	ENSG00000166984
GPR31	6	167569759	167571817	-	ENSG00000120436
UNC93A	6	167684657	167729507	+	ENSG00000112494
TTLL2	6	167738574	167772991	+	ENSG00000120440
TCP10	6	167770521	167797998	-	ENSG00000203690
C6orf123	6	168185217	168197539	-	ENSG00000146521
AL009178.1	6	168196210	168198927	+	ENSG00000269155
MLLT4	6	168227602	168372703	+	ENSG00000130396
KIF25	6	168396921	168445769	+	ENSG00000125337
FRMD1	6	168456425	168482237	-	ENSG00000153303
DACT2	6	168693510	168720434	-	ENSG00000164488
SMOC2	6	168841831	169073984	+	ENSG00000112562
THBS2	6	169615875	169654139	-	ENSG00000186340
WDR27	6	169857307	170102159	-	ENSG00000184465
C6orf120	6	170102233	170106401	+	ENSG00000185127
PHF10	6	170104001	170124151	-	ENSG00000130024
TCTE3	6	170140210	170151655	-	ENSG00000184786
ERMARD	6	170151718	170181680	+	ENSG00000130023
DLL1	6	170591294	170599561	-	ENSG00000198719
FAM120B	6	170599791	170716153	+	ENSG00000112584
PSMB1	6	170844205	170862429	-	ENSG00000008018
TBP	6	170863390	170881958	+	ENSG00000112592
PDCD2	6	170884383	170893780	-	ENSG00000071994
FAM20C	7	192969	300711	+	ENSG00000177706
AC145676.2	7	227554	229557	-	ENSG00000249852
AC187652.1	7	302918	304070	+	ENSG00000269396
PDGFA	7	536895	559933	-	ENSG00000197461
PRKAR1B	7	588834	767287	-	ENSG00000188191
HEATR2	7	766338	829190	+	ENSG00000164818
SUN1	7	855528	936072	+	ENSG00000164828
GET4	7	916189	936073	+	ENSG00000239857
ADAP1	7	937540	995043	-	ENSG00000105963
COX19	7	938415	1015235	-	ENSG00000240230
CYP2W1	7	1022835	1029276	+	ENSG00000073067
C7orf50	7	1036622	1177896	-	ENSG00000146540
GPR146	7	1084212	1098897	+	ENSG00000164849
GPER1	7	1121844	1133451	+	ENSG00000164850
ZFAND2A	7	1191707	1200395	-	ENSG00000178381
UNCX	7	1272543	1276954	+	ENSG00000164853
MICALL2	7	1468101	1499138	-	ENSG00000164877
INTS1	7	1509913	1545489	-	ENSG00000164880
MAFK	7	1570350	1582679	+	ENSG00000198517
TMEM184A	7	1581871	1600457	-	ENSG00000164855
PSMG3	7	1606966	1610641	-	ENSG00000157778
ELFN1	7	1727755	1787590	+	ENSG00000225968
AC074389.6	7	1732446	1733961	-	ENSG00000205971
MAD1L1	7	1855429	2272878	-	ENSG00000002822
AC110781.3	7	1878222	1889567	+	ENSG00000176349
FTSJ2	7	2273866	2281840	-	ENSG00000122687
NUDT1	7	2281857	2290781	+	ENSG00000106268
SNX8	7	2291405	2393953	-	ENSG00000106266
EIF3B	7	2393721	2420380	+	ENSG00000106263
CHST12	7	2443223	2474242	+	ENSG00000136213
LFNG	7	2552163	2568811	+	ENSG00000106003
BRAT1	7	2577511	2595361	-	ENSG00000106009
IQCE	7	2598632	2654368	+	ENSG00000106012
TTYH3	7	2671585	2704436	+	ENSG00000136295
AMZ1	7	2719156	2815134	+	ENSG00000174945
GNA12	7	2767746	2883958	-	ENSG00000146535
CARD11	7	2945775	3083579	-	ENSG00000198286
AC091801.1	7	3179868	3214287	-	ENSG00000217455
SDK1	7	3341080	4308632	+	ENSG00000146555
FOXK1	7	4683388	4811074	+	ENSG00000164916
AP5Z1	7	4815253	4833943	+	ENSG00000242802
RADIL	7	4836686	4923350	-	ENSG00000157927
PAPOLB	7	4897364	4901625	-	ENSG00000218823
MMD2	7	4945620	4998844	-	ENSG00000136297
RBAK-RBAKDN	7	5023349	5112852	+	ENSG00000272968
RBAK	7	5085452	5109119	+	ENSG00000146587
WIPI2	7	5229819	5273457	+	ENSG00000157954
SLC29A4	7	5314000	5346501	+	ENSG00000164638
TNRC18	7	5346421	5465045	-	ENSG00000182095
FBXL18	7	5470966	5553429	-	ENSG00000155034
ACTB	7	5566782	5603415	-	ENSG00000075624
FSCN1	7	5632439	5646286	+	ENSG00000075618
RNF216	7	5659678	5821370	-	ENSG00000011275
OCM	7	5919458	5925993	+	ENSG00000122543
CCZ1	7	5938356	5965605	+	ENSG00000122674
RSPH10B	7	5965181	6010314	-	ENSG00000155026
PMS2	7	6012870	6048756	-	ENSG00000122512
AIMP2	7	6048876	6063465	+	ENSG00000106305
EIF2AK1	7	6061881	6098861	-	ENSG00000086232
ANKRD61	7	6071007	6076017	+	ENSG00000157999
USP42	7	6144515	6201195	+	ENSG00000106346
CYTH3	7	6201407	6312275	-	ENSG00000008256
FAM220A	7	6369040	6388612	-	ENSG00000178397
RAC1	7	6414154	6443608	+	ENSG00000136238
DAGLB	7	6448757	6523821	-	ENSG00000164535
KDELR2	7	6485584	6523873	-	ENSG00000136240
FLJ20306	7	6522922	6524873	+	ENSG00000269781
GRID2IP	7	6537093	6591067	-	ENSG00000215045
ZDHHC4	7	6617065	6629005	+	ENSG00000136247
C7orf26	7	6629648	6648357	+	ENSG00000146576
ZNF853	7	6655248	6663921	+	ENSG00000236609
AC073343.1	7	6713376	6715991	+	ENSG00000198580
ZNF12	7	6728064	6746554	-	ENSG00000164631
RSPH10B2	7	6793740	6838996	+	ENSG00000169402
CCZ1B	7	6833765	6866401	-	ENSG00000146574
C1GALT1	7	7196565	7288282	+	ENSG00000106392
COL28A1	7	7395834	7575484	-	ENSG00000215018
MIOS	7	7606503	7648560	+	ENSG00000164654
RPA3	7	7676149	7758238	-	ENSG00000106399
RPA3-AS1	7	7680342	8043689	+	ENSG00000219545
GLCCI1	7	8008425	8133902	+	ENSG00000106415
ICA1	7	8152814	8302317	-	ENSG00000003147
NXPH1	7	8473585	8792593	+	ENSG00000122584
NDUFA4	7	10971578	10979883	-	ENSG00000189043
PHF14	7	11013499	11209250	+	ENSG00000106443
THSD7A	7	11409984	11871824	-	ENSG00000005108
TMEM106B	7	12250867	12282993	+	ENSG00000106460
VWDE	7	12370511	12443567	-	ENSG00000146530
SCIN	7	12610203	12693228	+	ENSG00000006747
ARL4A	7	12726481	12730559	+	ENSG00000122644
ETV1	7	13930853	14031050	-	ENSG00000006468
DGKB	7	14184674	15014402	-	ENSG00000136267
AGMO	7	15239943	15601640	-	ENSG00000187546
MEOX2	7	15650837	15726437	-	ENSG00000106511
ISPD	7	16130817	16460947	-	ENSG00000214960
SOSTDC1	7	16501106	16570205	-	ENSG00000171243
LRRC72	7	16566505	16621193	+	ENSG00000205858
ANKMY2	7	16639401	16685442	-	ENSG00000106524
BZW2	7	16685756	16746148	+	ENSG00000136261
TSPAN13	7	16793160	16824161	+	ENSG00000106537
AC073333.1	7	16828866	16829246	+	ENSG00000267906
AGR2	7	16831435	16873057	-	ENSG00000106541
AGR3	7	16899029	16921611	-	ENSG00000173467
AHR	7	17338246	17385776	+	ENSG00000106546
SNX13	7	17830385	17980124	-	ENSG00000071189
PRPS1L1	7	18066405	18067486	-	ENSG00000229937
HDAC9	7	18126572	19042039	+	ENSG00000048052
TWIST1	7	19060614	19157295	-	ENSG00000122691
FERD3L	7	19184405	19185044	-	ENSG00000146618
TWISTNB	7	19735085	19748710	-	ENSG00000105849
TMEM196	7	19758933	19813221	-	ENSG00000173452
MACC1	7	20174278	20257027	-	ENSG00000183742
ITGB8	7	20370325	20455377	+	ENSG00000105855
ABCB5	7	20654830	20816658	+	ENSG00000004846
SP8	7	20823906	20826505	-	ENSG00000164651
SP4	7	21467652	21554440	+	ENSG00000105866
DNAH11	7	21582833	21941457	+	ENSG00000105877
CDCA7L	7	21940518	21985702	-	ENSG00000164649
RAPGEF5	7	22157856	22396763	-	ENSG00000136237
STEAP1B	7	22459063	22672544	-	ENSG00000105889
IL6	7	22765503	22771621	+	ENSG00000136244
TOMM7	7	22852251	22862470	-	ENSG00000196683
FAM126A	7	22980878	23053749	-	ENSG00000122591
KLHL7	7	23145353	23217533	+	ENSG00000122550
AC005082.1	7	23210760	23234503	+	ENSG00000214871
NUPL2	7	23221446	23240630	+	ENSG00000136243
GPNMB	7	23275586	23314727	+	ENSG00000136235
MALSU1	7	23338358	23351348	+	ENSG00000156928
IGF2BP3	7	23349828	23510086	-	ENSG00000136231
TRA2A	7	23544399	23571660	-	ENSG00000164548
CCDC126	7	23636998	23684327	+	ENSG00000169193
FAM221A	7	23719749	23742868	+	ENSG00000188732
STK31	7	23749786	23872132	+	ENSG00000196335
NPY	7	24323782	24331484	+	ENSG00000122585
MPP6	7	24612887	24733812	+	ENSG00000105926
DFNA5	7	24737972	24809244	-	ENSG00000105928
OSBPL3	7	24836158	25021253	-	ENSG00000070882
CYCS	7	25159710	25164980	-	ENSG00000172115
C7orf31	7	25174316	25219975	-	ENSG00000153790
NPVF	7	25264189	25268105	-	ENSG00000105954
NFE2L3	7	26191860	26226745	+	ENSG00000050344
HNRNPA2B1	7	26229547	26241149	-	ENSG00000122566
CBX3	7	26240782	26252976	+	ENSG00000122565
SNX10	7	26331541	26413949	+	ENSG00000086300
KIAA0087	7	26572740	26578407	-	ENSG00000122548
C7orf71	7	26677490	26686889	+	ENSG00000222004
SKAP2	7	26706681	27034858	-	ENSG00000005020
HOXA1	7	27132612	27135615	-	ENSG00000105991
HOXA2	7	27139721	27142430	-	ENSG00000105996
HOXA3	7	27145803	27192200	-	ENSG00000105997
HOXA4	7	27168126	27170418	-	ENSG00000197576
HOXA5	7	27180671	27183287	-	ENSG00000106004
HOXA6	7	27185015	27190222	-	ENSG00000106006
HOXA7	7	27193335	27197555	-	ENSG00000122592
HOXA9	7	27202054	27210117	-	ENSG00000078399
RP1-170O19.20	7	27203154	27219632	-	ENSG00000257184
HOXA10	7	27210210	27219880	-	ENSG00000253293
HOXA11	7	27221129	27224842	-	ENSG00000005073
HOXA13	7	27233122	27239725	-	ENSG00000106031
EVX1	7	27282164	27290112	+	ENSG00000106038
HIBADH	7	27565061	27702614	-	ENSG00000106049
TAX1BP1	7	27778950	27884183	+	ENSG00000106052
JAZF1	7	27870192	28220362	-	ENSG00000153814
CREB5	7	28338940	28865511	+	ENSG00000146592
CPVL	7	29034847	29235067	-	ENSG00000106066
CHN2	7	29161890	29553944	+	ENSG00000106069
PRR15	7	29603427	29606911	+	ENSG00000176532
WIPF3	7	29846102	29956682	+	ENSG00000122574
SCRN1	7	29959719	30029905	-	ENSG00000136193
FKBP14	7	30050203	30066300	-	ENSG00000106080
PLEKHA8	7	30067020	30170096	+	ENSG00000106086
MTURN	7	30174426	30202378	+	ENSG00000180354
ZNRF2	7	30323923	30452118	+	ENSG00000180233
NOD1	7	30464143	30518400	-	ENSG00000106100
GGCT	7	30536237	30591095	-	ENSG00000006625
GARS	7	30634297	30673649	+	ENSG00000106105
CRHR2	7	30692200	30739745	-	ENSG00000106113
INMT	7	30737601	30797218	+	ENSG00000241644
INMT-FAM188B	7	30791753	30931696	+	ENSG00000254959
FAM188B	7	30811033	30932002	+	ENSG00000106125
GHRHR	7	30978284	31032869	+	ENSG00000106128
ADCYAP1R1	7	31092076	31151089	+	ENSG00000078549
NEUROD6	7	31377075	31380508	-	ENSG00000164600
CCDC129	7	31553704	31698334	+	ENSG00000180347
PPP1R17	7	31726329	31748069	+	ENSG00000106341
PDE1C	7	31790793	32338941	-	ENSG00000154678
LSM5	7	32524951	32534895	-	ENSG00000106355
AVL9	7	32535038	33078516	+	ENSG00000105778
KBTBD2	7	32907784	32933743	-	ENSG00000170852
FKBP9	7	32997017	33046543	+	ENSG00000122642
NT5C3A	7	33053742	33102409	-	ENSG00000122643
RP9	7	33134409	33149013	-	ENSG00000164610
BBS9	7	33168856	33645680	+	ENSG00000122507
RP11-89N17.1	7	33765593	33768068	+	ENSG00000173862
BMPER	7	33944523	34195484	+	ENSG00000164619
AC005493.1	7	34685709	34699772	-	ENSG00000214841
NPSR1	7	34697851	34917944	+	ENSG00000187258
DPY19L1	7	34968488	35077883	-	ENSG00000173852
TBX20	7	35242042	35293758	-	ENSG00000164532
HERPUD2	7	35672269	35735181	-	ENSG00000122557
SEPT7	7	35840542	35944917	+	ENSG00000122545
PP13004	7	36118694	36125346	+	ENSG00000205745
EEPD1	7	36192758	36341152	+	ENSG00000122547
KIAA0895	7	36363830	36429734	-	ENSG00000164542
ANLN	7	36429415	36493400	+	ENSG00000011426
AOAH	7	36552456	36764154	-	ENSG00000136250
ELMO1	7	36893961	37488852	-	ENSG00000155849
GPR141	7	37723399	37873390	+	ENSG00000187037
EPDR1	7	37723446	37991543	+	ENSG00000086289
NME8	7	37888199	37940003	+	ENSG00000086288
SFRP4	7	37945543	38065297	-	ENSG00000106483
STARD3NL	7	38217824	38270272	+	ENSG00000010270
AMPH	7	38423305	38671167	-	ENSG00000078053
FAM183B	7	38724946	38726637	-	ENSG00000164556
VPS41	7	38762563	38971994	-	ENSG00000006715
POU6F2	7	39017598	39532694	+	ENSG00000106536
YAE1D1	7	39605975	39649919	+	ENSG00000241127
RALA	7	39663082	39747723	+	ENSG00000006451
CDK13	7	39989636	40136733	+	ENSG00000065883
MPLKIP	7	40165622	40174258	-	ENSG00000168303
SUGCT	7	40174575	40900362	+	ENSG00000175600
INHBA	7	41724712	41742706	-	ENSG00000122641
GLI3	7	42000548	42277469	-	ENSG00000106571
C7orf25	7	42948325	42951904	-	ENSG00000136197
MRPL32	7	42971799	42988557	+	ENSG00000106591
HECW1	7	43152198	43605600	+	ENSG00000002746
STK17A	7	43622357	43666385	+	ENSG00000164543
COA1	7	43648055	43769316	-	ENSG00000106603
BLVRA	7	43798279	43846939	+	ENSG00000106605
MRPS24	7	43906157	43909492	-	ENSG00000062582
URGCP-MRPS24	7	43906157	43946188	-	ENSG00000270617
URGCP	7	43915493	43966010	-	ENSG00000106608
UBE2D4	7	43966037	43995735	+	ENSG00000078967
SPDYE1	7	44040488	44049721	+	ENSG00000136206
DBNL	7	44084239	44109055	+	ENSG00000136279
PGAM2	7	44102326	44105186	-	ENSG00000164708
POLM	7	44111846	44122139	-	ENSG00000122678
AEBP1	7	44143960	44154161	+	ENSG00000106624
POLD2	7	44154286	44163957	-	ENSG00000106628
MYL7	7	44178463	44180931	-	ENSG00000106631
GCK	7	44183872	44237769	-	ENSG00000106633
YKT6	7	44240567	44253893	+	ENSG00000106636
CAMK2B	7	44256749	44374176	-	ENSG00000058404
NUDCD3	7	44418720	44530479	-	ENSG00000015676
NPC1L1	7	44552134	44580914	-	ENSG00000015520
DDX56	7	44605016	44614650	-	ENSG00000136271
TMED4	7	44617493	44621886	-	ENSG00000158604
OGDH	7	44646171	44748665	+	ENSG00000105953
ZMIZ2	7	44788180	44809477	+	ENSG00000122515
PPIA	7	44836279	44864163	+	ENSG00000196262
H2AFV	7	44866390	44887682	-	ENSG00000105968
PURB	7	44915896	44924960	-	ENSG00000146676
MYO1G	7	45002261	45018697	-	ENSG00000136286
CCM2	7	45039074	45116068	+	ENSG00000136280
NACAD	7	45120037	45128513	-	ENSG00000136274
TBRG4	7	45139699	45151646	-	ENSG00000136270
RAMP3	7	45197390	45225901	+	ENSG00000122679
ADCY1	7	45613739	45762715	+	ENSG00000164742
AC096582.1	7	45902684	45906045	-	ENSG00000267988
IGFBP1	7	45927956	45933267	+	ENSG00000146678
IGFBP3	7	45951949	45961473	-	ENSG00000146674
AC011294.3	7	46713383	46799449	-	ENSG00000233539
TNS3	7	47314752	47622156	-	ENSG00000136205
C7orf65	7	47694842	47701246	+	ENSG00000221845
HUS1	7	47735328	48019178	-	ENSG00000136273
PKD1L1	7	47814250	47988088	-	ENSG00000158683
C7orf69	7	47834889	47859445	+	ENSG00000136275
SUN3	7	48026745	48068716	-	ENSG00000164744
C7orf57	7	48075108	48100901	+	ENSG00000164746
UPP1	7	48128225	48148330	+	ENSG00000183696
ABCA13	7	48211055	48687092	+	ENSG00000179869
AC004899.1	7	48887362	48891221	+	ENSG00000267970
VWC2	7	49813257	49961546	+	ENSG00000188730
ZPBP	7	49890017	50160925	-	ENSG00000042813
C7orf72	7	50135632	50199426	+	ENSG00000164500
IKZF1	7	50343720	50472799	+	ENSG00000185811
FIGNL1	7	50511831	50518088	-	ENSG00000132436
DDC	7	50526134	50633154	-	ENSG00000132437
GRB10	7	50657760	50861159	-	ENSG00000106070
COBL	7	51083909	51384515	-	ENSG00000106078
POM121L12	7	53103349	53104617	+	ENSG00000221900
VSTM2A	7	54610018	54638773	+	ENSG00000170419
SEC61G	7	54819943	54827667	-	ENSG00000132432
EGFR	7	55086714	55324313	+	ENSG00000146648
LANCL2	7	55433141	55501435	+	ENSG00000132434
VOPP1	7	55503749	55640681	-	ENSG00000154978
SEPT14	7	55861237	55930482	-	ENSG00000154997
ZNF713	7	55955169	56009918	+	ENSG00000178665
GBAS	7	56019486	56067874	+	ENSG00000146729
PSPH	7	56078744	56119297	-	ENSG00000146733
CCT6A	7	56119323	56131682	+	ENSG00000146731
SUMF2	7	56131695	56148363	+	ENSG00000129103
PHKG1	7	56148440	56160689	-	ENSG00000164776
CHCHD2	7	56169262	56174269	-	ENSG00000106153
NUPR1L	7	56182374	56184093	-	ENSG00000185290
ZNF479	7	57187321	57207571	-	ENSG00000185177
ZNF716	7	57509883	57533252	+	ENSG00000182111
AC006455.1	7	62809239	62812151	+	ENSG00000230000
AC073188.1	7	62858414	62858860	-	ENSG00000268181
ZNF727	7	63505821	63538927	+	ENSG00000257482
ZNF679	7	63688852	63727309	+	ENSG00000197123
ZNF736	7	63767837	63815238	+	ENSG00000234444
ZNF680	7	63980262	64023484	-	ENSG00000173041
ZNF107	7	64126511	64171404	+	ENSG00000196247
ZNF138	7	64254766	64294054	+	ENSG00000197008
ZNF273	7	64330550	64391344	+	ENSG00000198039
ZNF117	7	64432154	64467062	-	ENSG00000152926
ERV3-1	7	64451187	64467121	-	ENSG00000213462
ZNF92	7	64838712	64866038	+	ENSG00000146757
AC104057.1	7	65112081	65113280	-	ENSG00000269558
VKORC1L1	7	65338254	65424550	+	ENSG00000196715
GUSB	7	65425671	65447301	-	ENSG00000169919
ASL	7	65540785	65558545	+	ENSG00000126522
AC068533.7	7	65552756	65617228	+	ENSG00000249319
CRCP	7	65579591	65619555	+	ENSG00000241258
TPST1	7	65670186	65885530	+	ENSG00000169902
AC008267.1	7	65939543	65940709	+	ENSG00000267941
KCTD7	7	66093868	66276446	+	ENSG00000243335
RABGEF1	7	66147151	66276451	+	ENSG00000154710
TMEM248	7	66386212	66423538	+	ENSG00000106609
SBDS	7	66452664	66460588	-	ENSG00000126524
TYW1	7	66460160	66704501	+	ENSG00000198874
AUTS2	7	69063905	70258054	+	ENSG00000158321
WBSCR17	7	70597155	71178585	+	ENSG00000185274
CALN1	7	71244476	71912136	-	ENSG00000183166
POM121	7	72349936	72421979	+	ENSG00000196313
TRIM74	7	72430016	72439997	-	ENSG00000155428
AC005488.1	7	72459478	72464996	+	ENSG00000267985
NSUN5	7	72716514	72722864	-	ENSG00000130305
TRIM50	7	72726535	72742085	-	ENSG00000146755
FKBP6	7	72742167	72772634	+	ENSG00000077800
FZD9	7	72848109	72850450	+	ENSG00000188763
BAZ1B	7	72854728	72936608	-	ENSG00000009954
BCL7B	7	72950686	72972332	-	ENSG00000106635
TBL2	7	72983262	72993121	-	ENSG00000106638
MLXIPL	7	73007524	73038873	-	ENSG00000009950
VPS37D	7	73082155	73086442	+	ENSG00000176428
DNAJC30	7	73095299	73097783	-	ENSG00000176410
WBSCR22	7	73097355	73119491	+	ENSG00000071462
STX1A	7	73113536	73134002	-	ENSG00000106089
ABHD11	7	73150424	73153197	-	ENSG00000106077
CLDN3	7	73183328	73184600	-	ENSG00000165215
CLDN4	7	73213872	73247014	+	ENSG00000189143
WBSCR27	7	73248920	73256865	-	ENSG00000165171
WBSCR28	7	73275489	73280223	+	ENSG00000175877
ELN	7	73442119	73484237	+	ENSG00000049540
LIMK1	7	73497263	73536855	+	ENSG00000106683
EIF4H	7	73588575	73611431	+	ENSG00000106682
LAT2	7	73613982	73644161	+	ENSG00000086730
RFC2	7	73645829	73668774	-	ENSG00000049541
CLIP2	7	73703805	73820273	+	ENSG00000106665
GTF2IRD1	7	73868120	74016931	+	ENSG00000006704
GTF2I	7	74071994	74175026	+	ENSG00000077809
NCF1	7	74188309	74203659	+	ENSG00000158517
GTF2IRD2	7	74210483	74267847	-	ENSG00000196275
GATSL1	7	74379083	74438803	+	ENSG00000183086
WBSCR16	7	74441226	74490064	-	ENSG00000174374
GTF2IRD2B	7	74508364	74565623	+	ENSG00000174428
GATSL2	7	74807499	74867509	-	ENSG00000198750
AC006014.1	7	74999908	75005425	-	ENSG00000268891
TRIM73	7	75024337	75040279	+	ENSG00000178809
POM121C	7	75046066	75115548	-	ENSG00000135213
HIP1	7	75162621	75368280	-	ENSG00000127946
CCL26	7	75398851	75419214	-	ENSG00000006606
CCL24	7	75440983	75452674	-	ENSG00000106178
RHBDD2	7	75471920	75518244	+	ENSG00000005486
POR	7	75528518	75616173	+	ENSG00000127948
STYXL1	7	75625656	75677322	-	ENSG00000127952
MDH2	7	75677369	75696826	+	ENSG00000146701
SRRM3	7	75831216	75916605	+	ENSG00000177679
HSPB1	7	75931861	75933612	+	ENSG00000106211
YWHAG	7	75956116	75988348	-	ENSG00000170027
SRCRB4D	7	76018651	76039012	-	ENSG00000146700
ZP3	7	76026835	76071388	+	ENSG00000188372
DTX2	7	76090993	76135312	+	ENSG00000091073
UPK3B	7	76139745	76648340	+	ENSG00000243566
POMZP3	7	76239303	76256578	-	ENSG00000146707
CCDC146	7	76751751	76958850	+	ENSG00000135205
FGL2	7	76822688	76829143	-	ENSG00000127951
GSAP	7	76940068	77045717	-	ENSG00000186088
PTPN12	7	77166592	77269388	+	ENSG00000127947
RSBN1L	7	77325760	77412339	+	ENSG00000187257
TMEM60	7	77423045	77427897	-	ENSG00000135211
PHTF2	7	77428122	77586818	+	ENSG00000006576
MAGI2	7	77646393	79082890	-	ENSG00000187391
GNAI1	7	79763271	79848718	+	ENSG00000127955
CD36	7	79998891	80308593	+	ENSG00000135218
GNAT3	7	80087987	80141336	-	ENSG00000214415
SEMA3C	7	80371854	80551675	-	ENSG00000075223
AC005008.2	7	80804824	80828431	+	ENSG00000237896
HGF	7	81328322	81399754	-	ENSG00000019991
CACNA2D1	7	81575760	82073114	-	ENSG00000153956
PCLO	7	82383329	82792246	-	ENSG00000186472
SEMA3E	7	82993222	83278326	-	ENSG00000170381
SEMA3A	7	83585093	84122040	-	ENSG00000075213
SEMA3D	7	84624869	84816171	-	ENSG00000153993
GRM3	7	86273230	86494200	+	ENSG00000198822
KIAA1324L	7	86506222	86689015	-	ENSG00000164659
DMTF1	7	86781677	86825653	+	ENSG00000135164
TMEM243	7	86825478	86849903	-	ENSG00000135185
CROT	7	86974997	87029111	+	ENSG00000005469
ABCB4	7	87031013	87109751	-	ENSG00000005471
ABCB1	7	87133175	87342611	-	ENSG00000085563
RUNDC3B	7	87256864	87461611	+	ENSG00000105784
SLC25A40	7	87462883	87505672	-	ENSG00000075303
DBF4	7	87505531	87538856	+	ENSG00000006634
ADAM22	7	87563458	87832204	+	ENSG00000008277
SRI	7	87834433	87856308	-	ENSG00000075142
STEAP4	7	87905744	87936206	-	ENSG00000127954
ZNF804B	7	88388682	88966346	+	ENSG00000182348
C7orf62	7	88423420	88425035	-	ENSG00000164645
STEAP1	7	89783689	89794143	+	ENSG00000164647
STEAP2	7	89796904	89867451	+	ENSG00000157214
C7orf63	7	89874488	89940377	+	ENSG00000105792
GTPBP10	7	89964537	90020769	+	ENSG00000105793
CLDN12	7	90013035	90142716	+	ENSG00000157224
CDK14	7	90095738	90839905	+	ENSG00000058091
FZD1	7	90893783	90898123	+	ENSG00000157240
MTERF	7	91321323	91510034	-	ENSG00000127989
AKAP9	7	91570181	91739987	+	ENSG00000127914
CYP51A1	7	91741465	91772266	-	ENSG00000001630
LRRD1	7	91741473	91808845	-	ENSG00000240720
KRIT1	7	91828283	91875480	-	ENSG00000001631
ANKIB1	7	91875548	92030698	+	ENSG00000001629
GATAD1	7	92076767	92088150	+	ENSG00000157259
ERVW-1	7	92097694	92107300	-	ENSG00000242950
PEX1	7	92116334	92157845	-	ENSG00000127980
RBM48	7	92158087	92167319	+	ENSG00000127993
FAM133B	7	92190107	92219708	-	ENSG00000234545
CDK6	7	92234235	92465908	-	ENSG00000105810
SAMD9	7	92728829	92747336	-	ENSG00000205413
SAMD9L	7	92759368	92777682	-	ENSG00000177409
HEPACAM2	7	92817899	92855837	-	ENSG00000188175
CCDC132	7	92861653	92988338	+	ENSG00000004766
CALCR	7	93053799	93204042	-	ENSG00000004948
GNGT1	7	93220885	93540577	+	ENSG00000127928
TFPI2	7	93514709	93520303	-	ENSG00000105825
GNG11	7	93551011	93557922	+	ENSG00000127920
BET1	7	93592074	93633694	-	ENSG00000105829
COL1A2	7	94023873	94060544	+	ENSG00000164692
CASD1	7	94138531	94186331	+	ENSG00000127995
SGCE	7	94214542	94285521	-	ENSG00000127990
PEG10	7	94285637	94299007	+	ENSG00000242265
PPP1R9A	7	94536514	94925727	+	ENSG00000158528
PON1	7	94926988	95025673	-	ENSG00000005421
PON3	7	94989256	95025680	-	ENSG00000105852
PON2	7	95034175	95064510	-	ENSG00000105854
ASB4	7	95107756	95169544	+	ENSG00000005981
AC002451.1	7	95171457	95173854	+	ENSG00000269449
PDK4	7	95212811	95225803	-	ENSG00000004799
DYNC1I1	7	95401866	95739634	+	ENSG00000158560
SLC25A13	7	95749532	95951459	-	ENSG00000004864
C7orf76	7	96110938	96132835	-	ENSG00000197851
SHFM1	7	96110938	96339203	-	ENSG00000127922
DLX6	7	96634860	96640351	+	ENSG00000006377
DLX5	7	96649704	96654409	-	ENSG00000105880
ACN9	7	96745902	96811075	+	ENSG00000196636
TAC1	7	97361220	97369784	+	ENSG00000006128
ASNS	7	97481430	97501854	-	ENSG00000070669
OCM2	7	97613996	97620481	-	ENSG00000135175
LMTK2	7	97736197	97838945	+	ENSG00000164715
BHLHA15	7	97840739	97842291	+	ENSG00000180535
TECPR1	7	97843936	97881563	-	ENSG00000205356
BRI3	7	97881691	97937162	+	ENSG00000164713
BAIAP2L1	7	97920963	98030380	-	ENSG00000006453
NPTX2	7	98246609	98259180	+	ENSG00000106236
TMEM130	7	98444111	98468394	-	ENSG00000166448
TRRAP	7	98475556	98610866	+	ENSG00000196367
SMURF1	7	98625061	98741723	-	ENSG00000198742
KPNA7	7	98771197	98805129	-	ENSG00000185467
ARPC1A	7	98923521	98985787	+	ENSG00000241685
ARPC1B	7	98971872	98992424	+	ENSG00000130429
PDAP1	7	98989671	99006452	-	ENSG00000106244
BUD31	7	99006264	99017239	+	ENSG00000106245
PTCD1	7	99014362	99063787	-	ENSG00000106246
ATP5J2-PTCD1	7	99017372	99063820	-	ENSG00000248919
CPSF4	7	99036545	99054994	+	ENSG00000160917
AC073063.1	7	99040552	99040747	+	ENSG00000214314
ATP5J2	7	99046098	99063954	-	ENSG00000241468
ZNF789	7	99070464	99101273	+	ENSG00000198556
ZNF394	7	99084142	99097947	-	ENSG00000160908
ZKSCAN5	7	99102274	99132323	+	ENSG00000196652
FAM200A	7	99143931	99156159	-	ENSG00000221909
ZNF655	7	99156029	99174076	+	ENSG00000197343
GS1-259H13.10	7	99156291	99205433	+	ENSG00000272647
ZSCAN25	7	99214569	99230030	+	ENSG00000197037
CYP3A5	7	99245817	99277621	-	ENSG00000106258
CYP3A7	7	99302660	99332819	-	ENSG00000160870
CYP3A4	7	99354604	99381888	-	ENSG00000160868
CYP3A43	7	99425636	99463718	+	ENSG00000021461
OR2AE1	7	99473610	99474680	-	ENSG00000244623
TRIM4	7	99474581	99517223	-	ENSG00000146833
GJC3	7	99520892	99527243	-	ENSG00000176402
AZGP1	7	99564343	99573780	-	ENSG00000160862
ZKSCAN1	7	99613204	99639312	+	ENSG00000106261
ZSCAN21	7	99647390	99662661	+	ENSG00000166529
ZNF3	7	99661656	99680171	-	ENSG00000166526
COPS6	7	99686577	99689823	+	ENSG00000168090
MCM7	7	99690351	99699563	-	ENSG00000166508
AP4M1	7	99699172	99707968	+	ENSG00000221838
TAF6	7	99704693	99717464	-	ENSG00000106290
CNPY4	7	99717236	99723134	+	ENSG00000166997
MBLAC1	7	99724317	99726118	+	ENSG00000214309
LAMTOR4	7	99746530	99753567	+	ENSG00000188186
C7orf43	7	99752043	99756338	-	ENSG00000146826
GAL3ST4	7	99756867	99766373	-	ENSG00000197093
GPC2	7	99767229	99774995	-	ENSG00000213420
STAG3	7	99775186	99819111	+	ENSG00000066923
GATS	7	99798283	99869855	-	ENSG00000160844
PVRIG	7	99815864	99819113	+	ENSG00000213413
SPDYE3	7	99905325	99919819	+	ENSG00000214300
PILRB	7	99933737	99965356	+	ENSG00000121716
PILRA	7	99965153	99997719	+	ENSG00000085514
ZCWPW1	7	99998449	100026615	-	ENSG00000078487
MEPCE	7	100026413	100031741	+	ENSG00000146834
PPP1R35	7	100032905	100034188	-	ENSG00000160813
C7orf61	7	100054238	100061894	-	ENSG00000185955
TSC22D4	7	100060982	100076902	-	ENSG00000166925
NYAP1	7	100081550	100092422	+	ENSG00000166924
AGFG2	7	100136834	100165842	+	ENSG00000106351
LRCH4	7	100169855	100183776	-	ENSG00000077454
SAP25	7	100169855	100171270	-	ENSG00000205307
FBXO24	7	100181605	100198740	+	ENSG00000106336
PCOLCE	7	100199800	100205798	+	ENSG00000106333
MOSPD3	7	100209725	100213007	+	ENSG00000106330
TFR2	7	100218039	100240402	-	ENSG00000106327
ACTL6B	7	100240720	100254084	-	ENSG00000077080
GNB2	7	100271154	100276797	+	ENSG00000172354
GIGYF1	7	100277130	100287071	-	ENSG00000146830
POP7	7	100303676	100305118	+	ENSG00000172336
EPO	7	100318423	100321323	+	ENSG00000130427
EPHB4	7	100400187	100425121	-	ENSG00000196411
SLC12A9	7	100424442	100464631	+	ENSG00000146828
TRIP6	7	100464760	100471076	+	ENSG00000087077
SRRT	7	100472733	100486285	+	ENSG00000087087
UFSP1	7	100486346	100487339	-	ENSG00000176125
ACHE	7	100487615	100494594	-	ENSG00000087085
MUC12	7	100612904	100662230	+	ENSG00000205277
MUC17	7	100663353	100702020	+	ENSG00000169876
TRIM56	7	100728720	100735017	+	ENSG00000169871
SERPINE1	7	100770370	100782547	+	ENSG00000106366
AP1S1	7	100797678	100804877	+	ENSG00000106367
VGF	7	100805790	100808874	-	ENSG00000128564
NAT16	7	100813774	100823557	-	ENSG00000167011
MOGAT3	7	100838288	100844302	-	ENSG00000106384
PLOD3	7	100849258	100861701	-	ENSG00000106397
ZNHIT1	7	100860949	100867471	+	ENSG00000106400
CLDN15	7	100875373	100882101	-	ENSG00000106404
FIS1	7	100882739	100895597	-	ENSG00000214253
RABL5	7	100956975	100965104	-	ENSG00000128581
MYL10	7	101256605	101272576	-	ENSG00000106436
CUX1	7	101458959	101927249	+	ENSG00000257923
SH2B2	7	101928405	101962178	+	ENSG00000160999
PRKRIP1	7	102004319	102067123	+	ENSG00000128563
ORAI2	7	102073553	102097268	+	ENSG00000160991
ALKBH4	7	102096685	102105323	-	ENSG00000160993
LRWD1	7	102105376	102113615	+	ENSG00000161036
POLR2J	7	102113565	102119354	-	ENSG00000005075
RASA4B	7	102122892	102158228	-	ENSG00000170667
POLR2J3	7	102178365	102213103	-	ENSG00000168255
RP11-514P8.7	7	102181948	102232891	-	ENSG00000270249
SPDYE2	7	102191679	102202755	+	ENSG00000205238
RASA4	7	102220093	102257204	-	ENSG00000105808
RP11-514P8.6	7	102222970	102283316	-	ENSG00000205236
UPK3BL	7	102277472	102283238	-	ENSG00000267368
SPDYE2B	7	102290772	102301847	+	ENSG00000173678
FAM185A	7	102389418	102449672	+	ENSG00000222011
FBXL13	7	102453308	102715286	-	ENSG00000161040
LRRC17	7	102553438	102585396	+	ENSG00000128606
ARMC10	7	102715328	102740205	+	ENSG00000170632
NAPEPLD	7	102740223	102790007	-	ENSG00000161048
PMPCB	7	102937869	102969958	+	ENSG00000105819
DNAJC2	7	102952921	102985320	-	ENSG00000105821
PSMC2	7	102984701	103009842	+	ENSG00000161057
SLC26A5	7	102993177	103086624	-	ENSG00000170615
RELN	7	103112231	103629963	-	ENSG00000189056
ORC5	7	103766788	103848495	-	ENSG00000164815
LHFPL3	7	103969104	104549001	+	ENSG00000187416
KMT2E	7	104654626	104754808	+	ENSG00000005483
SRPK2	7	104751151	105039755	-	ENSG00000135250
PUS7	7	105080108	105162714	-	ENSG00000091127
RINT1	7	105172532	105208124	+	ENSG00000135249
EFCAB10	7	105205567	105241322	-	ENSG00000185055
ATXN7L1	7	105245514	105517050	-	ENSG00000146776
CDHR3	7	105517242	105676877	+	ENSG00000128536
SYPL1	7	105730949	105753022	-	ENSG00000008282
NAMPT	7	105888731	105926772	-	ENSG00000105835
CCDC71L	7	106297211	106301442	-	ENSG00000253276
PIK3CG	7	106505723	106547590	+	ENSG00000105851
PRKAR2B	7	106685094	106802256	+	ENSG00000005249
HBP1	7	106809406	106842974	+	ENSG00000105856
COG5	7	106842000	107204959	-	ENSG00000164597
GPR22	7	107110463	107116098	+	ENSG00000172209
DUS4L	7	107203929	107218906	+	ENSG00000105865
BCAP29	7	107220422	107269615	+	ENSG00000075790
SLC26A4	7	107301080	107358254	+	ENSG00000091137
CBLL1	7	107384142	107402112	+	ENSG00000105879
SLC26A3	7	107405912	107443670	-	ENSG00000091138
DLD	7	107531415	107572175	+	ENSG00000091140
LAMB1	7	107564244	107643700	-	ENSG00000091136
LAMB4	7	107663993	107770801	-	ENSG00000091128
NRCAM	7	107788068	108097161	-	ENSG00000091129
PNPLA8	7	108110866	108210110	-	ENSG00000135241
THAP5	7	108194987	108210194	-	ENSG00000177683
DNAJB9	7	108210012	108215294	+	ENSG00000128590
C7orf66	7	108524032	108524644	-	ENSG00000205174
FLJ00325	7	108540389	108540655	-	ENSG00000269185
IMMP2L	7	110303110	111202573	-	ENSG00000184903
LRRN3	7	110731062	110765510	+	ENSG00000173114
DOCK4	7	111366166	111846466	-	ENSG00000128512
ZNF277	7	111846643	111983151	+	ENSG00000198839
IFRD1	7	112063023	112121072	+	ENSG00000006652
LSMEM1	7	112120908	112131117	+	ENSG00000181016
TMEM168	7	112402437	112430647	-	ENSG00000146802
C7orf60	7	112459202	112579971	-	ENSG00000164603
GPR85	7	112718386	112727833	-	ENSG00000164604
LINC00998	7	112756773	112758668	-	ENSG00000214194
TSRM	7	113091127	113091457	+	ENSG00000236294
PPP1R3A	7	113516832	113715975	-	ENSG00000154415
FOXP2	7	113726382	114333827	+	ENSG00000128573
MDFIC	7	114562209	114659256	+	ENSG00000135272
TFEC	7	115575202	115799950	-	ENSG00000105967
TES	7	115850547	115898837	+	ENSG00000135269
CAV2	7	115927434	116148595	+	ENSG00000105971
CAV1	7	116164839	116201233	+	ENSG00000105974
MET	7	116312444	116438440	+	ENSG00000105976
CAPZA2	7	116451124	116562103	+	ENSG00000198898
ST7	7	116593292	116870157	+	ENSG00000004866
ST7-OT4	7	116593953	116738860	+	ENSG00000214188
AC106873.4	7	116605900	116607526	-	ENSG00000228368
WNT2	7	116916685	116963343	-	ENSG00000105989
ASZ1	7	117003276	117068177	-	ENSG00000154438
CFTR	7	117105838	117356025	+	ENSG00000001626
CTTNBP2	7	117350705	117514193	-	ENSG00000077063
NAA38	7	117824086	117832878	+	ENSG00000128534
ANKRD7	7	117854727	117882785	+	ENSG00000106013
KCND2	7	119913722	120390385	+	ENSG00000184408
TSPAN12	7	120427376	120498456	-	ENSG00000106025
ING3	7	120590803	120617270	+	ENSG00000071243
CPED1	7	120628731	120937498	+	ENSG00000106034
WNT16	7	120965421	120981158	+	ENSG00000002745
FAM3C	7	120988905	121036418	-	ENSG00000196937
PTPRZ1	7	121513143	121702090	+	ENSG00000106278
AASS	7	121715701	121784334	-	ENSG00000008311
FEZF1	7	121941448	121950745	-	ENSG00000128610
CADPS2	7	121958481	122526813	-	ENSG00000081803
RNF133	7	122337766	122339210	-	ENSG00000188050
RNF148	7	122341718	122343021	-	ENSG00000235631
TAS2R16	7	122634759	122635754	-	ENSG00000128519
SLC13A1	7	122753585	122840040	-	ENSG00000081800
IQUB	7	123092454	123175131	-	ENSG00000164675
NDUFA5	7	123177051	123198309	-	ENSG00000128609
ASB15	7	123207064	123277951	+	ENSG00000146809
LMOD2	7	123295861	123304344	+	ENSG00000170807
WASL	7	123321989	123389121	-	ENSG00000106299
HYAL4	7	123469037	123517532	+	ENSG00000106302
SPAM1	7	123565286	123611468	+	ENSG00000106304
TMEM229A	7	123670973	123673523	-	ENSG00000234224
GPR37	7	124386051	124405681	-	ENSG00000170775
POT1	7	124462440	124570037	-	ENSG00000128513
GRM8	7	126078652	126893348	-	ENSG00000179603
ZNF800	7	126986844	127071978	-	ENSG00000048405
GCC1	7	127220672	127233665	-	ENSG00000179562
ARF5	7	127228399	127231759	+	ENSG00000004059
FSCN3	7	127231463	127242198	+	ENSG00000106328
PAX4	7	127250346	127255982	-	ENSG00000106331
SND1	7	127292234	127732661	+	ENSG00000197157
LRRC4	7	127667124	127672160	-	ENSG00000128594
LEP	7	127881337	127897681	+	ENSG00000174697
RBM28	7	127937738	127983962	-	ENSG00000106344
PRRT4	7	127990379	128001739	-	ENSG00000224940
IMPDH1	7	128032331	128050306	-	ENSG00000106348
HILPDA	7	128095903	128098472	+	ENSG00000135245
METTL2B	7	128116783	128146656	+	ENSG00000165055
FAM71F2	7	128312342	128326929	+	ENSG00000205085
FAM71F1	7	128349115	128371797	+	ENSG00000135248
CALU	7	128379346	128411861	+	ENSG00000128595
OPN1SW	7	128412545	128415844	-	ENSG00000128617
CCDC136	7	128430811	128462186	+	ENSG00000128596
FLNC	7	128470431	128499328	+	ENSG00000128591
ATP6V1F	7	128502880	128505898	+	ENSG00000128524
IRF5	7	128577666	128590089	+	ENSG00000128604
TNPO3	7	128594948	128695198	-	ENSG00000064419
TSPAN33	7	128784712	128808671	+	ENSG00000158457
SMO	7	128828713	128853386	+	ENSG00000128602
AHCYL2	7	128864864	129070052	+	ENSG00000158467
STRIP2	7	129074274	129128240	+	ENSG00000128578
SMKR1	7	129142320	129152773	+	ENSG00000240204
NRF1	7	129251555	129396922	+	ENSG00000106459
UBE2H	7	129470572	129592789	-	ENSG00000186591
ZC3HC1	7	129658126	129691291	-	ENSG00000091732
KLHDC10	7	129710350	129775560	+	ENSG00000128607
TMEM209	7	129804555	129847610	-	ENSG00000146842
SSMEM1	7	129847700	129856683	+	ENSG00000165120
CPA2	7	129906667	129929638	+	ENSG00000158516
CPA4	7	129932974	129964020	+	ENSG00000128510
CPA5	7	129984630	130008571	+	ENSG00000158525
CPA1	7	130020180	130027955	+	ENSG00000091704
CEP41	7	130033612	130082274	-	ENSG00000106477
MEST	7	130126012	130146133	+	ENSG00000106484
COPG2	7	130146089	130353598	-	ENSG00000158623
TSGA13	7	130353488	130372268	-	ENSG00000213265
KLF14	7	130417401	130418888	-	ENSG00000174595
MKLN1	7	130794855	131181395	+	ENSG00000128585
PODXL	7	131185021	131242976	-	ENSG00000128567
PLXNA4	7	131808091	132333447	-	ENSG00000221866
AC009365.3	7	132333553	132413528	+	ENSG00000183470
CHCHD3	7	132469629	132766848	-	ENSG00000106554
EXOC4	7	132937829	133751342	+	ENSG00000131558
LRGUK	7	133812052	133949343	+	ENSG00000155530
SLC35B4	7	133974084	134001803	-	ENSG00000205060
AKR1B1	7	134127102	134144036	-	ENSG00000085662
AKR1B10	7	134212344	134226160	+	ENSG00000198074
AKR1B15	7	134233888	134264627	+	ENSG00000227471
BPGM	7	134331560	134364565	+	ENSG00000172331
CALD1	7	134429003	134655479	+	ENSG00000122786
AGBL3	7	134671259	134832715	+	ENSG00000146856
C7orf49	7	134777115	134855547	-	ENSG00000122783
AC083862.1	7	134832797	134832916	-	ENSG00000229974
TMEM140	7	134832824	134850967	+	ENSG00000146859
WDR91	7	134868590	134896316	-	ENSG00000105875
STRA8	7	134916731	134943244	+	ENSG00000146857
CNOT4	7	135046547	135194875	-	ENSG00000080802
NUP205	7	135242667	135333505	+	ENSG00000155561
C7orf73	7	135347244	135378166	+	ENSG00000243317
SLC13A4	7	135365985	135414006	-	ENSG00000164707
FAM180A	7	135413096	135433594	-	ENSG00000189320
MTPN	7	135611509	135662101	-	ENSG00000105887
AC015987.2	7	135611542	135613214	+	ENSG00000236338
LUZP6	7	135612022	135612198	-	ENSG00000267697
CHRM2	7	136553416	136705002	+	ENSG00000181072
PTN	7	136912088	137028611	-	ENSG00000105894
DGKI	7	137065783	137531838	-	ENSG00000157680
CREB3L2	7	137559725	137686813	-	ENSG00000182158
AKR1D1	7	137687070	137802732	+	ENSG00000122787
TRIM24	7	138145079	138274738	+	ENSG00000122779
SVOPL	7	138279030	138386097	-	ENSG00000157703
ATP6V0A4	7	138391040	138484305	-	ENSG00000105929
TMEM213	7	138482695	138522846	+	ENSG00000214128
KIAA1549	7	138516126	138666064	-	ENSG00000122778
ZC3HAV1L	7	138710452	138720775	-	ENSG00000146858
ZC3HAV1	7	138728266	138794465	-	ENSG00000105939
TTC26	7	138818490	138876732	+	ENSG00000105948
UBN2	7	138915102	138992982	+	ENSG00000157741
C7orf55	7	139024203	139031065	+	ENSG00000164898
C7orf55-LUC7L2	7	139025105	139108198	+	ENSG00000146963
LUC7L2	7	139026106	139107345	+	ENSG00000269955
KLRG2	7	139137436	139168458	-	ENSG00000188883
CLEC2L	7	139208602	139229730	+	ENSG00000236279
HIPK2	7	139246316	139477577	-	ENSG00000064393
TBXAS1	7	139476850	139720125	+	ENSG00000059377
PARP12	7	139723544	139763521	-	ENSG00000059378
KDM7A	7	139784546	139876835	-	ENSG00000006459
SLC37A3	7	139993493	140104233	-	ENSG00000157800
RAB19	7	140103843	140126050	+	ENSG00000146955
MKRN1	7	140152840	140179369	-	ENSG00000133606
DENND2A	7	140218220	140373793	-	ENSG00000146966
ADCK2	7	140372953	140396061	+	ENSG00000133597
NDUFB2	7	140390577	140422590	+	ENSG00000090266
BRAF	7	140419127	140624564	-	ENSG00000157764
MRPS33	7	140705854	140715028	-	ENSG00000090263
TMEM178B	7	140774032	141180180	+	ENSG00000261115
AGK	7	141250989	141355044	+	ENSG00000006530
KIAA1147	7	141356528	141401953	-	ENSG00000257093
WEE2	7	141408153	141431071	+	ENSG00000214102
SSBP1	7	141438121	141487722	+	ENSG00000106028
TAS2R3	7	141463897	141464997	+	ENSG00000127362
TAS2R4	7	141478242	141479235	+	ENSG00000127364
TAS2R5	7	141490017	141491166	+	ENSG00000127366
PRSS37	7	141536086	141541287	-	ENSG00000165076
MGAM	7	141607613	141806547	+	ENSG00000257335
OR9A4	7	141618617	141619709	+	ENSG00000258083
CLEC5A	7	141627157	141646807	-	ENSG00000258227
TAS2R38	7	141672431	141673573	-	ENSG00000257138
RP11-1220K2.2	7	141811549	141922124	+	ENSG00000257743
PRSS58	7	141951963	141957878	-	ENSG00000258223
MTRNR2L6	7	142374104	142375550	+	ENSG00000270672
PRSS1	7	142457319	142460923	+	ENSG00000204983
EPHB6	7	142552792	142568847	+	ENSG00000106123
TRPV6	7	142568956	142583507	-	ENSG00000165125
TRPV5	7	142605267	142630905	-	ENSG00000127412
C7orf34	7	142636440	142637955	+	ENSG00000165131
KEL	7	142638201	142659768	-	ENSG00000197993
OR9A2	7	142723245	142724282	-	ENSG00000179468
OR6V1	7	142749417	142750444	+	ENSG00000225781
PIP	7	142829170	142836839	+	ENSG00000159763
TAS2R39	7	142880512	142881528	+	ENSG00000236398
TAS2R40	7	142919130	142920162	+	ENSG00000221937
AC073342.1	7	142919163	142919360	-	ENSG00000268170
GSTK1	7	142941186	142967947	+	ENSG00000197448
TMEM139	7	142977050	142985141	+	ENSG00000178826
CASP2	7	142985308	143004789	+	ENSG00000106144
CLCN1	7	143013219	143049176	+	ENSG00000188037
FAM131B	7	143050493	143059863	-	ENSG00000159784
ZYX	7	143078173	143088204	+	ENSG00000159840
EPHA1	7	143087382	143105985	-	ENSG00000146904
TAS2R60	7	143140546	143141502	+	ENSG00000185899
TAS2R41	7	143174966	143175889	+	ENSG00000221855
CTAGE15	7	143268894	143271480	+	ENSG00000271079
FAM115C	7	143318043	143427502	+	ENSG00000170379
CTAGE6	7	143452182	143454789	-	ENSG00000271321
FAM115A	7	143548468	143599291	-	ENSG00000198420
OR2F2	7	143632259	143633372	+	ENSG00000221910
OR2F1	7	143657027	143658108	+	ENSG00000213215
OR6B1	7	143701022	143702068	+	ENSG00000221813
OR2A5	7	143747461	143748473	+	ENSG00000221836
OR2A25	7	143771275	143772288	+	ENSG00000221933
OR2A12	7	143792141	143793186	+	ENSG00000221858
OR2A2	7	143806607	143807657	+	ENSG00000221989
OR2A14	7	143826151	143827162	+	ENSG00000221938
CTAGE4	7	143880559	143883146	+	ENSG00000225932
ARHGEF35	7	143883176	143991230	-	ENSG00000213214
OR2A42	7	143929004	143929936	-	ENSG00000212807
OR2A7	7	143955700	143956815	-	ENSG00000243896
CTAGE8	7	143963794	143966381	-	ENSG00000244693
OR2A1	7	144015218	144016150	+	ENSG00000221970
ARHGEF5	7	144052381	144077725	+	ENSG00000050327
NOBOX	7	144094333	144107320	-	ENSG00000106410
TPK1	7	144149034	144533488	-	ENSG00000196511
CNTNAP2	7	145813453	148118090	+	ENSG00000174469
C7orf33	7	148287657	148312952	+	ENSG00000170279
CUL1	7	148395006	148498128	+	ENSG00000055130
EZH2	7	148504475	148581413	-	ENSG00000106462
PDIA4	7	148700154	148725733	-	ENSG00000155660
ZNF786	7	148766735	148787874	-	ENSG00000197362
ZNF425	7	148799876	148823438	-	ENSG00000204947
ZNF398	7	148823508	148880116	+	ENSG00000197024
ZNF282	7	148892577	148923339	+	ENSG00000170265
ZNF212	7	148936742	148952700	+	ENSG00000170260
ZNF783	7	148959262	148994393	+	ENSG00000204946
ZNF777	7	149128454	149158214	-	ENSG00000196453
ZNF746	7	149169885	149194908	-	ENSG00000181220
KRBA1	7	149411872	149431664	+	ENSG00000133619
ZNF467	7	149461271	149470568	-	ENSG00000181444
ZNF862	7	149535456	149564568	+	ENSG00000106479
ATP6V0E2	7	149570057	149577784	+	ENSG00000171130
ACTR3C	7	149941005	150020814	-	ENSG00000106526
LRRC61	7	150019728	150035239	+	ENSG00000127399
ZBED6CL	7	150026938	150029808	+	ENSG00000188707
RARRES2	7	150035408	150038763	-	ENSG00000106538
REPIN1	7	150065278	150071133	+	ENSG00000214022
ZNF775	7	150065879	150109558	+	ENSG00000196456
GIMAP8	7	150147718	150176480	+	ENSG00000171115
GIMAP7	7	150211918	150218161	+	ENSG00000179144
GIMAP4	7	150264365	150271041	+	ENSG00000133574
GIMAP6	7	150322463	150329473	-	ENSG00000133561
GIMAP2	7	150382785	150390729	+	ENSG00000106560
GIMAP1	7	150413645	150421372	+	ENSG00000213203
GIMAP5	7	150419341	150447121	+	ENSG00000196329
TMEM176B	7	150488373	150498448	-	ENSG00000106565
TMEM176A	7	150497491	150502208	+	ENSG00000002933
AOC1	7	150521715	150558592	+	ENSG00000002726
KCNH2	7	150642049	150675403	-	ENSG00000055118
NOS3	7	150688083	150711676	+	ENSG00000164867
ATG9B	7	150709297	150721586	-	ENSG00000181652
ABCB8	7	150725510	150744869	+	ENSG00000197150
ASIC3	7	150745379	150749843	+	ENSG00000213199
CDK5	7	150750899	150755617	-	ENSG00000164885
SLC4A2	7	150754297	150773614	+	ENSG00000164889
FASTK	7	150773711	150777953	-	ENSG00000164896
TMUB1	7	150778167	150780633	-	ENSG00000164897
AGAP3	7	150782918	150841523	+	ENSG00000133612
GBX1	7	150845676	150871832	-	ENSG00000164900
ASB10	7	150872785	150884919	-	ENSG00000146926
ABCF2	7	150904923	150924316	-	ENSG00000033050
CHPF2	7	150929575	150935908	+	ENSG00000033100
SMARCD3	7	150935850	150974982	-	ENSG00000082014
NUB1	7	151038785	151075535	+	ENSG00000013374
WDR86	7	151072995	151107813	-	ENSG00000187260
CRYGN	7	151125921	151137899	-	ENSG00000127377
RHEB	7	151163098	151217206	-	ENSG00000106615
PRKAG2	7	151253197	151574210	-	ENSG00000106617
GALNTL5	7	151653464	151717019	+	ENSG00000106648
GALNT11	7	151722759	151819425	+	ENSG00000178234
KMT2C	7	151832010	152133090	-	ENSG00000055609
XRCC2	7	152341864	152373250	-	ENSG00000196584
ACTR3B	7	152456834	152552463	+	ENSG00000133627
DPP6	7	153584182	154685995	+	ENSG00000130226
PAXIP1-AS2	7	154720208	154741618	+	ENSG00000214106
PAXIP1	7	154735397	154794794	-	ENSG00000157212
HTR5A-AS1	7	154858777	154863267	-	ENSG00000220575
HTR5A	7	154862034	154877459	+	ENSG00000157219
AC099552.4	7	154988273	154990165	-	ENSG00000217825
INSIG1	7	155089486	155101945	+	ENSG00000186480
BLACE	7	155149680	155160629	-	ENSG00000204960
AC008060.7	7	155174771	155189051	+	ENSG00000218672
EN2	7	155250824	155257526	+	ENSG00000164778
CNPY1	7	155266901	155326557	-	ENSG00000146910
AC009403.2	7	155403925	155437899	-	ENSG00000216895
RBM33	7	155437145	155574179	+	ENSG00000184863
SHH	7	155592680	155604967	-	ENSG00000164690
AC021218.2	7	155755326	155759037	+	ENSG00000204876
C7orf13	7	156431057	156433348	-	ENSG00000244291
RNF32	7	156432975	156469824	+	ENSG00000105982
LMBR1	7	156461646	156685924	-	ENSG00000105983
NOM1	7	156742417	156765876	+	ENSG00000146909
MNX1	7	156786745	156803345	-	ENSG00000130675
AC006967.1	7	156902674	156903764	+	ENSG00000269446
UBE3C	7	156931607	157062066	+	ENSG00000009335
DNAJB6	7	157128075	157210133	+	ENSG00000105993
AC006372.1	7	157318477	157320019	+	ENSG00000236669
PTPRN2	7	157331750	158380480	-	ENSG00000155093
AC005481.5	7	157406715	157411457	+	ENSG00000222012
NCAPG2	7	158424003	158497520	-	ENSG00000146918
ESYT2	7	158523686	158622944	-	ENSG00000117868
WDR60	7	158649269	158749438	+	ENSG00000126870
VIPR2	7	158820866	158937649	-	ENSG00000106018
AC144568.2	8	22601	29775	+	ENSG00000253896
OR4F21	8	116049	117043	-	ENSG00000176269
RP11-585F1.10	8	142091	150563	-	ENSG00000250210
ZNF596	8	182137	197342	+	ENSG00000172748
FBXO25	8	356428	421225	+	ENSG00000147364
TDRP	8	439803	495781	-	ENSG00000180190
ERICH1	8	564746	688106	-	ENSG00000104714
DLGAP2	8	1449532	1656642	+	ENSG00000198010
CLN8	8	1703944	1734738	+	ENSG00000182372
ARHGEF10	8	1772142	1906807	+	ENSG00000104728
KBTBD11	8	1922044	1955102	+	ENSG00000176595
MYOM2	8	1993155	2113475	+	ENSG00000036448
CSMD1	8	2792875	4852494	-	ENSG00000183117
MCPH1	8	6264113	6501144	+	ENSG00000147316
ANGPT2	8	6357172	6420930	-	ENSG00000091879
AGPAT5	8	6565878	6617184	+	ENSG00000155189
DEFB1	8	6728097	6735544	-	ENSG00000164825
DEFA6	8	6782215	6783598	-	ENSG00000164822
DEFA4	8	6793344	6795860	-	ENSG00000164821
DEFA1	8	6835171	6837602	-	ENSG00000206047
DEFA1B	8	6854288	6875778	-	ENSG00000240247
DEFA3	8	6873391	6875823	-	ENSG00000239839
DEFA5	8	6912831	6914256	-	ENSG00000164816
ZNF705G	8	7213039	7243080	-	ENSG00000215372
DEFB4B	8	7272382	7274385	-	ENSG00000177257
DEFB103B	8	7286410	7287870	-	ENSG00000177243
SPAG11B	8	7300206	7321196	-	ENSG00000164871
DEFB104B	8	7327830	7332604	-	ENSG00000177023
DEFB106B	8	7340026	7343922	-	ENSG00000187082
DEFB105B	8	7345191	7347115	+	ENSG00000186599
DEFB107B	8	7353368	7366833	+	ENSG00000198129
PRR23D1	8	7397150	7399972	+	ENSG00000255251
PRR23D2	8	7636113	7638935	-	ENSG00000255378
DEFB107A	8	7669242	7673238	-	ENSG00000186572
DEFB105A	8	7679488	7681411	-	ENSG00000186562
DEFB106A	8	7682694	7686575	+	ENSG00000186579
DEFB104A	8	7693993	7698764	+	ENSG00000176782
SPAG11A	8	7705398	7726389	+	ENSG00000178287
DEFB103A	8	7738726	7740186	+	ENSG00000176797
DEFB4A	8	7752151	7754233	+	ENSG00000171711
ZNF705B	8	7783859	7812271	+	ENSG00000215356
LRLE1	8	8046158	8046331	-	ENSG00000268955
SGK223	8	8175258	8244008	-	ENSG00000182319
CLDN23	8	8559448	8561616	+	ENSG00000253958
MFHAS1	8	8640864	8751155	-	ENSG00000147324
ERI1	8	8859657	8974256	+	ENSG00000104626
PPP1R3B	8	8993765	9009084	-	ENSG00000173281
RP11-10A14.4	8	9009252	9025646	+	ENSG00000253426
TNKS	8	9413424	9639856	+	ENSG00000173273
MSRA	8	9911778	10286401	+	ENSG00000175806
PRSS55	8	10383056	10411676	+	ENSG00000184647
RP1L1	8	10463859	10569697	-	ENSG00000183638
C8orf74	8	10530147	10558103	+	ENSG00000171060
PINX1	8	10622473	10697394	-	ENSG00000254093
XKR6	8	10753555	11058875	-	ENSG00000171044
AF131215.5	8	10983980	10987745	-	ENSG00000215346
MTMR9	8	11141925	11185646	+	ENSG00000104643
SLC35G5	8	11188397	11189717	+	ENSG00000177710
C8orf12	8	11225911	11296167	+	ENSG00000184608
FAM167A	8	11278972	11332224	-	ENSG00000154319
BLK	8	11351510	11422113	+	ENSG00000136573
GATA4	8	11534468	11617511	+	ENSG00000136574
C8orf49	8	11618896	11620309	+	ENSG00000255394
NEIL2	8	11627148	11644855	+	ENSG00000154328
FDFT1	8	11653082	11696818	+	ENSG00000079459
RP11-297N6.4	8	11655437	11660077	-	ENSG00000255046
CTSB	8	11700033	11726957	-	ENSG00000164733
DEFB136	8	11831446	11832108	-	ENSG00000205884
DEFB135	8	11839830	11842099	+	ENSG00000205883
DEFB134	8	11850692	11853821	-	ENSG00000205882
RP11-481A20.11	8	11870545	11873043	-	ENSG00000255098
ZNF705D	8	11961898	11973025	+	ENSG00000215343
USP17L2	8	11994677	11996586	-	ENSG00000223443
FAM86B1	8	12039605	12051642	-	ENSG00000186523
FAM86B2	8	12282913	12293915	-	ENSG00000145002
LONRF1	8	12579403	12613582	-	ENSG00000154359
KIAA1456	8	12803151	12889012	+	ENSG00000250305
DLC1	8	12940870	13373167	-	ENSG00000164741
C8orf48	8	13424352	13425796	+	ENSG00000164743
SGCZ	8	13947373	15095848	-	ENSG00000185053
TUSC3	8	15274724	15624158	+	ENSG00000104723
MSR1	8	15965387	16424999	-	ENSG00000038945
FGF20	8	16849678	16859690	-	ENSG00000078579
MICU3	8	16884747	16980153	+	ENSG00000155970
ZDHHC2	8	17013538	17082308	+	ENSG00000104219
CNOT7	8	17086737	17104387	-	ENSG00000198791
VPS37A	8	17104080	17159936	+	ENSG00000155975
MTMR7	8	17155539	17271037	-	ENSG00000003987
SLC7A2	8	17354597	17428082	+	ENSG00000003989
PDGFRL	8	17433942	17501580	+	ENSG00000104213
MTUS1	8	17501304	17658426	-	ENSG00000129422
FGL1	8	17721889	17767874	-	ENSG00000104760
PCM1	8	17780349	17885478	+	ENSG00000078674
ASAH1	8	17913934	17942494	-	ENSG00000104763
NAT1	8	18027986	18081198	+	ENSG00000171428
NAT2	8	18248755	18258728	+	ENSG00000156006
PSD3	8	18384811	18942240	-	ENSG00000156011
SH2D4A	8	19171128	19253729	+	ENSG00000104611
CSGALNACT1	8	19261672	19615540	-	ENSG00000147408
INTS10	8	19674651	19709594	+	ENSG00000104613
LPL	8	19759228	19824769	+	ENSG00000175445
SLC18A1	8	20002366	20040717	-	ENSG00000036565
ATP6V1B2	8	20054878	20084330	+	ENSG00000147416
LZTS1	8	20103676	20161474	-	ENSG00000061337
GFRA2	8	21547915	21669869	-	ENSG00000168546
DOK2	8	21766384	21771371	-	ENSG00000147443
XPO7	8	21777180	21864096	+	ENSG00000130227
NPM2	8	21881636	21894408	+	ENSG00000158806
FGF17	8	21899909	21906320	+	ENSG00000158815
DMTN	8	21906506	21940038	+	ENSG00000158856
FAM160B2	8	21946670	21962409	+	ENSG00000158863
NUDT18	8	21964383	21966932	-	ENSG00000173566
HR	8	21971928	21990897	-	ENSG00000168453
REEP4	8	21995533	21999464	-	ENSG00000168476
LGI3	8	22004338	22014597	-	ENSG00000168481
SFTPC	8	22014426	22021992	+	ENSG00000168484
BMP1	8	22022249	22069839	+	ENSG00000168487
PHYHIP	8	22077222	22089854	-	ENSG00000168490
POLR3D	8	22102617	22112113	+	ENSG00000168495
PIWIL2	8	22132810	22215076	+	ENSG00000197181
SLC39A14	8	22224762	22291642	+	ENSG00000104635
PPP3CC	8	22298332	22398652	+	ENSG00000120910
SORBS3	8	22402499	22433301	+	ENSG00000120896
PDLIM2	8	22435792	22455538	+	ENSG00000120913
AC037459.4	8	22446787	22459597	+	ENSG00000248235
C8orf58	8	22457114	22461663	+	ENSG00000241852
CCAR2	8	22462145	22479027	+	ENSG00000158941
BIN3	8	22477931	22526661	-	ENSG00000147439
EGR3	8	22545172	22550815	-	ENSG00000179388
PEBP4	8	22570769	22857513	-	ENSG00000134020
RHOBTB2	8	22844930	22877712	+	ENSG00000008853
TNFRSF10B	8	22877646	22926692	-	ENSG00000120889
TNFRSF10C	8	22941868	22974950	+	ENSG00000173535
TNFRSF10D	8	22993101	23021543	-	ENSG00000173530
TNFRSF10A	8	23047965	23082639	-	ENSG00000104689
CHMP7	8	23101150	23119512	+	ENSG00000147457
R3HCC1	8	23127633	23153792	+	ENSG00000104679
LOXL2	8	23154702	23282841	-	ENSG00000134013
ENTPD4	8	23243296	23315208	-	ENSG00000197217
SLC25A37	8	23386318	23432976	+	ENSG00000147454
AC051642.1	8	23412287	23420651	-	ENSG00000268085
FP15737	8	23430157	23432974	+	ENSG00000215298
NKX3-1	8	23536206	23540440	-	ENSG00000167034
NKX2-6	8	23559964	23564111	-	ENSG00000180053
STC1	8	23699428	23712320	-	ENSG00000159167
ADAM28	8	24151553	24216531	+	ENSG00000042980
ADAMDEC1	8	24241798	24263526	+	ENSG00000134028
ADAM7	8	24298443	24384483	+	ENSG00000069206
NEFM	8	24770525	24776607	+	ENSG00000104722
DOCK5	8	25042238	25275598	+	ENSG00000147459
GNRH1	8	25276776	25282170	-	ENSG00000147437
KCTD9	8	25285366	25315992	-	ENSG00000104756
CDCA2	8	25316513	25365436	+	ENSG00000184661
EBF2	8	25699246	25902913	-	ENSG00000221818
PPP2R2A	8	26149007	26230196	+	ENSG00000221914
BNIP3L	8	26240414	26363152	+	ENSG00000104765
PNMA2	8	26362202	26371608	-	ENSG00000240694
DPYSL2	8	26371791	26515694	+	ENSG00000092964
ADRA1A	8	26605667	26724790	-	ENSG00000120907
RP11-521M14.2	8	26943694	26944766	+	ENSG00000253903
STMN4	8	27092840	27115937	-	ENSG00000015592
TRIM35	8	27142404	27168836	-	ENSG00000104228
PTK2B	8	27168999	27316903	+	ENSG00000120899
CHRNA2	8	27317279	27337400	-	ENSG00000120903
EPHX2	8	27348296	27403081	+	ENSG00000120915
CLU	8	27454434	27472548	-	ENSG00000120885
SCARA3	8	27491385	27534293	+	ENSG00000168077
CCDC25	8	27590835	27630170	-	ENSG00000147419
ESCO2	8	27629466	27670157	+	ENSG00000171320
PBK	8	27667137	27695612	-	ENSG00000168078
SCARA5	8	27727399	27850244	-	ENSG00000168079
NUGGC	8	27879481	27941388	-	ENSG00000189233
ELP3	8	27947190	28048673	+	ENSG00000134014
PNOC	8	28174503	28200872	+	ENSG00000168081
ZNF395	8	28203102	28260218	-	ENSG00000186918
FBXO16	8	28205804	28347835	-	ENSG00000214050
FZD3	8	28351729	28431775	+	ENSG00000104290
EXTL3	8	28457986	28613116	+	ENSG00000012232
INTS9	8	28625178	28747759	-	ENSG00000104299
HMBOX1	8	28747911	28922281	+	ENSG00000147421
KIF13B	8	28924796	29120641	-	ENSG00000197892
DUSP4	8	29190581	29208185	-	ENSG00000120875
TMEM66	8	29920528	29940723	-	ENSG00000133872
LEPROTL1	8	29952914	30034724	+	ENSG00000104660
MBOAT4	8	29989340	30002202	-	ENSG00000177669
DCTN6	8	30013813	30041156	+	ENSG00000104671
RBPMS	8	30241944	30429778	+	ENSG00000157110
GTF2E2	8	30435835	30515768	-	ENSG00000197265
SMIM18	8	30496117	30503581	+	ENSG00000253457
GSR	8	30535583	30585443	-	ENSG00000104687
PPP2CB	8	30631973	30671830	-	ENSG00000104695
TEX15	8	30689060	30748122	-	ENSG00000133863
PURG	8	30853321	30891231	-	ENSG00000172733
WRN	8	30891317	31031285	+	ENSG00000165392
NRG1	8	31496902	32622548	+	ENSG00000157168
FUT10	8	33228342	33330940	-	ENSG00000172728
TTI2	8	33330904	33371119	-	ENSG00000129696
MAK16	8	33342268	33358778	+	ENSG00000198042
RNF122	8	33405273	33424643	-	ENSG00000133874
DUSP26	8	33448856	33457624	-	ENSG00000133878
UNC5D	8	35092975	35654068	+	ENSG00000156687
AC012215.1	8	35649365	35653384	+	ENSG00000233863
KCNU1	8	36641842	36793646	+	ENSG00000215262
ZNF703	8	37553269	37557537	+	ENSG00000183779
RP11-863K10.7	8	37592279	37594944	-	ENSG00000183154
ERLIN2	8	37594117	37616619	+	ENSG00000147475
PROSC	8	37620111	37637283	+	ENSG00000147471
GPR124	8	37641709	37702414	+	ENSG00000020181
BRF2	8	37700786	37707422	-	ENSG00000104221
RAB11FIP1	8	37716136	37756985	-	ENSG00000156675
GOT1L1	8	37791799	37797647	-	ENSG00000169154
ADRB3	8	37820516	37824483	-	ENSG00000188778
EIF4EBP1	8	37887859	37917883	+	ENSG00000187840
ASH2L	8	37962760	38001594	+	ENSG00000129691
STAR	8	38001167	38008783	-	ENSG00000147465
LSM1	8	38020839	38034248	-	ENSG00000175324
BAG4	8	38034051	38070819	+	ENSG00000156735
DDHD2	8	38082736	38133076	+	ENSG00000085788
PPAPDC1B	8	38120648	38126761	-	ENSG00000147535
WHSC1L1	8	38127215	38239790	-	ENSG00000147548
LETM2	8	38243725	38267045	+	ENSG00000165046
FGFR1	8	38268656	38326352	-	ENSG00000077782
C8orf86	8	38368352	38386180	-	ENSG00000196166
TACC1	8	38585704	38710546	+	ENSG00000147526
PLEKHA2	8	38758753	38831428	+	ENSG00000169499
HTRA4	8	38831683	38846181	+	ENSG00000169495
TM2D2	8	38846327	38854343	-	ENSG00000169490
ADAM9	8	38854388	38962663	+	ENSG00000168615
ADAM32	8	38964509	39142430	+	ENSG00000197140
ADAM18	8	39442008	39587583	+	ENSG00000168619
ADAM2	8	39601254	39695808	-	ENSG00000104755
IDO1	8	39759794	39785963	+	ENSG00000131203
IDO2	8	39792133	39873910	+	ENSG00000188676
C8orf4	8	40010989	40012821	+	ENSG00000176907
ZMAT4	8	40388109	40755352	-	ENSG00000165061
SFRP1	8	41119481	41167016	-	ENSG00000104332
GOLGA7	8	41347915	41368499	+	ENSG00000147533
GINS4	8	41386725	41402565	+	ENSG00000147536
AGPAT6	8	41434706	41482520	+	ENSG00000158669
NKX6-3	8	41502697	41508855	-	ENSG00000165066
ANK1	8	41510739	41754280	-	ENSG00000029534
KAT6A	8	41786997	41909508	-	ENSG00000083168
AP3M2	8	42010464	42029191	+	ENSG00000070718
PLAT	8	42032236	42065242	-	ENSG00000104368
IKBKB	8	42128820	42189973	+	ENSG00000104365
POLB	8	42195972	42229326	+	ENSG00000070501
DKK4	8	42231586	42234750	-	ENSG00000104371
VDAC3	8	42249142	42263415	+	ENSG00000078668
SLC20A2	8	42273993	42397069	-	ENSG00000168575
SMIM19	8	42396298	42409603	+	ENSG00000176209
CHRNB3	8	42552519	42592550	+	ENSG00000147432
CHRNA6	8	42607763	42651535	-	ENSG00000147434
THAP1	8	42691817	42698468	-	ENSG00000131931
RNF170	8	42704780	42752433	-	ENSG00000120925
HOOK3	8	42752075	42885682	+	ENSG00000168172
RP11-598P20.5	8	42873567	42932477	+	ENSG00000254673
FNTA	8	42889337	42940931	+	ENSG00000168522
POMK	8	42948658	42978577	+	ENSG00000185900
HGSNAT	8	42995556	43057998	+	ENSG00000165102
SPIDR	8	48173167	48648868	+	ENSG00000164808
CEBPD	8	48649471	48651648	-	ENSG00000221869
PRKDC	8	48685669	48872743	-	ENSG00000253729
MCM4	8	48872745	48890720	+	ENSG00000104738
UBE2V2	8	48920960	48977268	+	ENSG00000169139
EFCAB1	8	49623348	49647870	-	ENSG00000034239
SNAI2	8	49830249	49834299	-	ENSG00000019549
C8orf22	8	49966870	49988649	+	ENSG00000168333
RP11-738G5.2	8	50448945	50466973	-	ENSG00000253206
SNTG1	8	50822349	51706678	+	ENSG00000147481
PXDNL	8	52232138	52722005	-	ENSG00000147485
PCMTD1	8	52730140	52811735	-	ENSG00000168300
AC090186.1	8	52730143	52730969	+	ENSG00000232941
ST18	8	53023399	53373519	-	ENSG00000147488
FAM150A	8	53446597	53478067	-	ENSG00000196711
RB1CC1	8	53535016	53658403	-	ENSG00000023287
NPBWR1	8	53850991	53853677	+	ENSG00000183729
OPRK1	8	54138284	54164257	-	ENSG00000082556
ATP6V1H	8	54628117	54756118	-	ENSG00000047249
RGS20	8	54764368	54871863	+	ENSG00000147509
TCEA1	8	54879112	54935089	-	ENSG00000187735
LYPLA1	8	54958938	55014577	-	ENSG00000120992
MRPL15	8	55047770	55060461	+	ENSG00000137547
SOX17	8	55370495	55373448	+	ENSG00000164736
RP1	8	55528627	55543394	+	ENSG00000104237
XKR4	8	56014949	56454613	+	ENSG00000206579
RP11-386G21.1	8	56047763	56054918	-	ENSG00000253976
RP11-386G21.2	8	56074043	56077287	+	ENSG00000253857
TMEM68	8	56608983	56685966	-	ENSG00000167904
TGS1	8	56685701	56738007	+	ENSG00000137574
LYN	8	56792372	56923940	+	ENSG00000254087
RPS20	8	56979854	56987069	-	ENSG00000008988
MOS	8	57025501	57026541	-	ENSG00000172680
PLAG1	8	57073463	57123883	-	ENSG00000181690
CHCHD7	8	57124245	57131357	+	ENSG00000170791
SDR16C5	8	57212569	57233335	-	ENSG00000170786
PENK	8	57349233	57359293	-	ENSG00000181195
IMPAD1	8	57870492	57906403	-	ENSG00000104331
FAM110B	8	58907068	59116838	+	ENSG00000169122
UBXN2B	8	59323823	59364060	+	ENSG00000215114
CYP7A1	8	59402737	59412795	-	ENSG00000167910
SDCBP	8	59465483	59495419	+	ENSG00000137575
NSMAF	8	59496063	59572403	-	ENSG00000035681
TOX	8	59717977	60031767	-	ENSG00000198846
CA8	8	61099906	61193971	-	ENSG00000178538
RAB2A	8	61429416	61536186	+	ENSG00000104388
CHD7	8	61591337	61779465	+	ENSG00000171316
CLVS1	8	61969717	62414204	+	ENSG00000177182
ASPH	8	62413116	62627155	-	ENSG00000198363
NKAIN3	8	63161150	63912211	+	ENSG00000185942
GGH	8	63927638	63951730	-	ENSG00000137563
TTPA	8	63961112	63998612	-	ENSG00000137561
YTHDF3	8	64081112	64125346	+	ENSG00000185728
BHLHE22	8	65492814	65496181	+	ENSG00000180828
CYP7B1	8	65500320	65711318	-	ENSG00000172817
ARMC1	8	66514694	66546442	-	ENSG00000104442
MTFR1	8	66556969	66683496	+	ENSG00000066855
PDE7A	8	66629745	66754557	-	ENSG00000205268
DNAJC5B	8	66933795	67012751	+	ENSG00000147570
TRIM55	8	67039131	67087720	+	ENSG00000147573
CRH	8	67088620	67090960	-	ENSG00000147571
RRS1	8	67341263	67342966	+	ENSG00000179041
ADHFE1	8	67342420	67383836	+	ENSG00000147576
C8orf46	8	67372238	67430759	+	ENSG00000169085
MYBL1	8	67474410	67526482	-	ENSG00000185697
VCPIP1	8	67540722	67579452	-	ENSG00000175073
C8orf44-SGK3	8	67579831	67772707	+	ENSG00000270024
C8orf44	8	67579850	67597799	+	ENSG00000213865
SGK3	8	67624653	67774257	+	ENSG00000104205
MCMDC2	8	67782984	67834283	+	ENSG00000178460
TCF24	8	67858736	67874825	-	ENSG00000261787
PPP1R42	8	67876334	67968839	-	ENSG00000178125
COPS5	8	67955314	67996018	-	ENSG00000121022
CSPP1	8	67974661	68108498	+	ENSG00000104218
ARFGEF1	8	68085747	68255912	-	ENSG00000066777
CPA6	8	68334360	68658620	-	ENSG00000165078
PREX2	8	68864353	69149265	+	ENSG00000046889
RP11-664D7.4	8	69215703	69243726	-	ENSG00000248801
C8orf34	8	69242957	69731257	+	ENSG00000165084
SULF1	8	70378859	70573150	+	ENSG00000137573
SLCO5A1	8	70579282	70747299	-	ENSG00000137571
AC090574.1	8	70850403	70850635	+	ENSG00000269197
PRDM14	8	70963886	70983928	-	ENSG00000147596
NCOA2	8	71021997	71316040	-	ENSG00000140396
TRAM1	8	71485677	71520622	-	ENSG00000067167
AC120194.1	8	71485681	71486671	+	ENSG00000213002
RP11-382J12.1	8	71520812	71575514	+	ENSG00000246366
LACTB2	8	71547553	71581409	-	ENSG00000147592
XKR9	8	71581600	71702606	+	ENSG00000221947
EYA1	8	72109668	72274467	-	ENSG00000104313
RP11-1102P16.1	8	72315675	72504260	-	ENSG00000253379
RP11-383H13.1	8	72740402	73030628	+	ENSG00000235531
MSC	8	72753784	72756703	-	ENSG00000178860
TRPA1	8	72932152	72987852	-	ENSG00000104321
KCNB2	8	73449626	73850584	+	ENSG00000182674
TERF1	8	73921099	73960357	+	ENSG00000147601
SBSPON	8	73976775	74036323	-	ENSG00000164764
RPL7	8	74202506	74208024	-	ENSG00000147604
RDH10	8	74206847	74237516	+	ENSG00000121039
STAU2	8	74332604	74659943	-	ENSG00000040341
RP11-463D19.2	8	74600926	74791089	-	ENSG00000258677
UBE2W	8	74692332	74791145	-	ENSG00000104343
TCEB1	8	74851404	74884522	-	ENSG00000154582
TMEM70	8	74884672	74895018	+	ENSG00000175606
LY96	8	74903587	74941322	+	ENSG00000154589
JPH1	8	75146935	75233563	-	ENSG00000104369
GDAP1	8	75233365	75401107	+	ENSG00000104381
RP11-758M4.1	8	75512010	75735548	+	ENSG00000254349
PI15	8	75736772	75767264	+	ENSG00000137558
CRISPLD1	8	75896750	75946793	+	ENSG00000121005
HNF4G	8	76320149	76479078	+	ENSG00000164749
ZFHX4	8	77593454	77779521	+	ENSG00000091656
PEX2	8	77892494	77913280	-	ENSG00000164751
PKIA	8	79428374	79517502	+	ENSG00000171033
ZC2HC1A	8	79578282	79632000	+	ENSG00000104427
IL7	8	79587978	79717758	-	ENSG00000104432
STMN2	8	80523049	80578410	+	ENSG00000104435
HEY1	8	80676245	80680098	-	ENSG00000164683
MRPS28	8	80830952	80942524	-	ENSG00000147586
TPD52	8	80870571	81143467	-	ENSG00000076554
ZBTB10	8	81397854	81438500	+	ENSG00000205189
ZNF704	8	81540686	81787016	-	ENSG00000164684
PAG1	8	81880045	82024303	-	ENSG00000076641
FABP5	8	82192598	82197012	+	ENSG00000164687
PMP2	8	82352561	82359758	-	ENSG00000147588
FABP9	8	82370576	82373814	-	ENSG00000205186
FABP4	8	82390654	82395498	-	ENSG00000170323
FABP12	8	82437216	82443613	-	ENSG00000197416
IMPA1	8	82570196	82598928	-	ENSG00000133731
SLC10A5	8	82605842	82608409	-	ENSG00000253598
ZFAND1	8	82613569	82645138	-	ENSG00000104231
CHMP4C	8	82644669	82671750	+	ENSG00000164695
SNX16	8	82711816	82755101	-	ENSG00000104497
RALYL	8	85095022	85834079	+	ENSG00000184672
LRRCC1	8	86019382	86058311	+	ENSG00000133739
E2F5	8	86089460	86129387	+	ENSG00000133740
C8orf59	8	86126311	86132650	-	ENSG00000176731
CA13	8	86132816	86196302	+	ENSG00000185015
RP11-219B4.5	8	86134675	86157946	-	ENSG00000258256
RP11-219B4.6	8	86158524	86162077	-	ENSG00000257962
CA1	8	86239837	86291243	-	ENSG00000133742
CA3	8	86285665	86361269	+	ENSG00000164879
CA2	8	86376081	86393722	+	ENSG00000104267
REXO1L1P	8	86568695	86575726	-	ENSG00000205176
REXO1L11P	8	86747543	86749570	+	ENSG00000223524
REXO1L10P	8	86756718	86758745	-	ENSG00000255940
ATP6V0D2	8	86999552	87166457	+	ENSG00000147614
PSKH2	8	87060602	87100850	-	ENSG00000147613
SLC7A13	8	87226281	87333375	-	ENSG00000164893
WWP1	8	87354967	87490649	+	ENSG00000123124
RMDN1	8	87480486	87526586	-	ENSG00000176623
CPNE3	8	87497059	87573726	+	ENSG00000085719
CNGB3	8	87566205	87755903	-	ENSG00000170289
CNBD1	8	87878670	88627447	+	ENSG00000176571
DCAF4L2	8	88882973	88886296	-	ENSG00000176566
MMP16	8	89044237	89340254	-	ENSG00000156103
RIPK2	8	90769975	90803291	+	ENSG00000104312
OSGIN2	8	90914087	90940116	+	ENSG00000164823
NBN	8	90945564	91015456	-	ENSG00000104320
DECR1	8	91013633	91064320	+	ENSG00000104325
CALB1	8	91070836	91107703	-	ENSG00000104327
TMEM64	8	91634223	91803860	-	ENSG00000180694
NECAB1	8	91803778	91971636	+	ENSG00000123119
C8orf88	8	91970865	91997485	-	ENSG00000253250
TMEM55A	8	92006024	92053292	-	ENSG00000155099
OTUD6B	8	92082424	92099323	+	ENSG00000155100
LRRC69	8	92114060	92231464	+	ENSG00000214954
SLC26A7	8	92221722	92410378	+	ENSG00000147606
RUNX1T1	8	92967203	93115514	-	ENSG00000079102
TRIQK	8	93895758	94029901	-	ENSG00000205133
AC117834.1	8	93895865	93898013	+	ENSG00000212999
C8orf87	8	94146324	94179079	-	ENSG00000254318
AC016885.1	8	94241867	94242388	+	ENSG00000268080
FAM92A1	8	94710789	94743755	+	ENSG00000188343
RBM12B	8	94741584	94753245	-	ENSG00000183808
RBM12B-AS1	8	94752349	94753001	+	ENSG00000212998
TMEM67	8	94767072	94831462	+	ENSG00000164953
PDP1	8	94870035	94938294	+	ENSG00000164951
CDH17	8	95139399	95229531	-	ENSG00000079112
GEM	8	95261481	95274578	-	ENSG00000164949
RAD54B	8	95384188	95487337	-	ENSG00000197275
FSBP	8	95390605	95449180	-	ENSG00000265817
KIAA1429	8	95499921	95565757	-	ENSG00000164944
AC023632.1	8	95558771	95560630	+	ENSG00000212997
ESRP1	8	95653302	95719694	+	ENSG00000104413
DPY19L4	8	95731931	95806064	+	ENSG00000156162
INTS8	8	95825539	95893974	+	ENSG00000164941
CCNE2	8	95891998	95908906	-	ENSG00000175305
NDUFAF6	8	95907995	96128683	+	ENSG00000156170
TP53INP1	8	95938200	95961639	-	ENSG00000164938
PLEKHF2	8	96146032	96168912	+	ENSG00000175895
C8orf37	8	96257147	96281429	-	ENSG00000156172
GDF6	8	97154562	97173020	-	ENSG00000156466
UQCRB	8	97238148	97247862	-	ENSG00000156467
MTERFD1	8	97251626	97273838	-	ENSG00000156469
PTDSS1	8	97273943	97349223	+	ENSG00000156471
SDC2	8	97505579	97624000	+	ENSG00000169439
CPQ	8	97657455	98161882	+	ENSG00000104324
TSPYL5	8	98285717	98290176	-	ENSG00000180543
MTDH	8	98656407	98740998	+	ENSG00000147649
LAPTM4B	8	98787285	98865241	+	ENSG00000104341
MATN2	8	98881068	99048944	+	ENSG00000132561
RPL30	8	99037079	99058697	-	ENSG00000156482
C8orf47	8	99076539	99105838	+	ENSG00000177459
HRSP12	8	99114572	99129469	-	ENSG00000132541
POP1	8	99129525	99172062	+	ENSG00000104356
NIPAL2	8	99202061	99306621	-	ENSG00000104361
STK3	8	99413631	99955055	-	ENSG00000104375
KCNS2	8	99439250	99445076	+	ENSG00000156486
OSR2	8	99956631	99964332	+	ENSG00000164920
VPS13B	8	100025494	100889808	+	ENSG00000132549
COX6C	8	100885428	100906290	-	ENSG00000164919
RGS22	8	100973164	101143496	-	ENSG00000132554
FBXO43	8	101145588	101158028	-	ENSG00000156509
POLR2K	8	101162812	101166230	+	ENSG00000147669
SPAG1	8	101170134	101271506	+	ENSG00000104450
RNF19A	8	101269288	101348446	-	ENSG00000034677
ANKRD46	8	101521980	101572012	-	ENSG00000186106
SNX31	8	101585116	101675643	-	ENSG00000174226
PABPC1	8	101698044	101735037	-	ENSG00000070756
YWHAZ	8	101928753	101965616	-	ENSG00000164924
ZNF706	8	102190106	102218421	-	ENSG00000120963
GRHL2	8	102504660	102681954	+	ENSG00000083307
NCALD	8	102698771	103137135	-	ENSG00000104490
RRM2B	8	103216730	103251346	-	ENSG00000048392
UBR5	8	103265240	103425069	-	ENSG00000104517
KB-1980E6.3	8	103540968	103550896	+	ENSG00000253633
ODF1	8	103563800	103573245	+	ENSG00000155087
KLF10	8	103661007	103668130	-	ENSG00000155090
AZIN1	8	103838585	103906092	-	ENSG00000155096
KB-1507C5.2	8	103876528	103990104	+	ENSG00000253320
ATP6V1C1	8	104033291	104085279	+	ENSG00000155097
C8orf56	8	104145191	104153703	-	ENSG00000236939
BAALC	8	104152938	104242533	+	ENSG00000164929
FZD6	8	104310661	104345094	+	ENSG00000164930
CTHRC1	8	104383743	104395225	+	ENSG00000164932
SLC25A32	8	104410863	104427417	-	ENSG00000164933
DCAF13	8	104426942	104455681	+	ENSG00000164934
RIMS2	8	104512976	105268322	+	ENSG00000176406
DPYS	8	105342552	105479281	-	ENSG00000147647
DCSTAMP	8	105351315	105368917	+	ENSG00000164935
LRP12	8	105501459	105601252	-	ENSG00000147650
RP11-127H5.1	8	105602961	106431488	+	ENSG00000253350
ZFPM2	8	106330920	106816760	+	ENSG00000169946
OXR1	8	107282473	107764922	+	ENSG00000164830
ABRA	8	107771711	107782473	-	ENSG00000174429
ANGPT1	8	108261721	108510283	-	ENSG00000154188
RSPO2	8	108911544	109095913	-	ENSG00000147655
EIF3E	8	109213445	109447562	-	ENSG00000104408
EMC2	8	109455830	109499145	+	ENSG00000104412
TMEM74	8	109619079	109799844	-	ENSG00000164841
TRHR	8	110098850	110131813	+	ENSG00000174417
NUDCD1	8	110253148	110346614	-	ENSG00000120526
ENY2	8	110346553	110358182	+	ENSG00000120533
PKHD1L1	8	110374706	110542559	+	ENSG00000205038
EBAG9	8	110551940	110578225	+	ENSG00000147654
SYBU	8	110586207	110704020	-	ENSG00000147642
RP11-422N16.3	8	110656344	110660313	+	ENSG00000248050
KCNV1	8	110975874	110988076	-	ENSG00000164794
CSMD3	8	113235157	114449328	-	ENSG00000164796
RP11-67H2.1	8	114612539	114629187	+	ENSG00000253207
TRPS1	8	116420724	116821899	-	ENSG00000104447
EIF3H	8	117654369	117779164	-	ENSG00000147677
UTP23	8	117778742	117861702	+	ENSG00000147679
RAD21	8	117858174	117887105	-	ENSG00000164754
AARD	8	117950438	117956726	+	ENSG00000205002
SLC30A8	8	117962512	118188953	+	ENSG00000164756
MED30	8	118532952	118552501	+	ENSG00000164758
EXT1	8	118806729	119124092	-	ENSG00000182197
SAMD12	8	119201698	119634234	-	ENSG00000177570
AC023590.1	8	119294378	119412844	+	ENSG00000225885
TNFRSF11B	8	119935796	119964439	-	ENSG00000164761
COLEC10	8	120007691	120118821	+	ENSG00000184374
MAL2	8	120177273	120257913	+	ENSG00000147676
NOV	8	120428546	120436593	+	ENSG00000136999
ENPP2	8	120569326	120685693	-	ENSG00000136960
TAF2	8	120743015	120845103	-	ENSG00000064313
DSCC1	8	120846216	120868250	-	ENSG00000136982
DEPTOR	8	120885957	121063152	+	ENSG00000155792
COL14A1	8	121072019	121384275	+	ENSG00000187955
MRPL13	8	121393000	121457642	-	ENSG00000172172
MTBP	8	121457640	121554373	+	ENSG00000172167
SNTB1	8	121547985	121825513	-	ENSG00000172164
HAS2	8	122624356	122653630	-	ENSG00000170961
ZHX2	8	123793633	123986750	+	ENSG00000178764
DERL1	8	124025404	124054663	-	ENSG00000136986
TBC1D31	8	124054208	124164393	+	ENSG00000156787
FAM83A	8	124191200	124222314	+	ENSG00000147689
C8orf76	8	124232196	124253638	-	ENSG00000189376
ZHX1-C8ORF76	8	124238431	124279627	-	ENSG00000259305
ZHX1	8	124260696	124287781	-	ENSG00000165156
ATAD2	8	124332090	124428590	-	ENSG00000156802
WDYHV1	8	124428965	124479470	+	ENSG00000156795
FBXO32	8	124510129	124553446	-	ENSG00000156804
KLHL38	8	124657767	124665190	-	ENSG00000175946
ANXA13	8	124693034	124749647	-	ENSG00000104537
FAM91A1	8	124780696	124827692	+	ENSG00000176853
FER1L6	8	124864227	125132302	+	ENSG00000214814
TMEM65	8	125324231	125384933	-	ENSG00000164983
TRMT12	8	125463048	125474391	+	ENSG00000183665
RNF139	8	125486979	125500155	+	ENSG00000170881
TATDN1	8	125500726	125551699	-	ENSG00000147687
NDUFB9	8	125551344	125580751	+	ENSG00000147684
MTSS1	8	125563031	125740730	-	ENSG00000170873
ZNF572	8	125985540	125991631	+	ENSG00000180938
SQLE	8	126010739	126034525	+	ENSG00000104549
KIAA0196	8	126036502	126104082	-	ENSG00000164961
NSMCE2	8	126103921	126379362	+	ENSG00000156831
TRIB1	8	126442563	126450647	+	ENSG00000173334
FAM84B	8	127564687	127570638	-	ENSG00000168672
POU5F1B	8	128426535	128432311	+	ENSG00000212993
MYC	8	128747680	128753674	+	ENSG00000136997
TMEM75	8	128959126	128960591	-	ENSG00000256655
GSDMC	8	130760442	130799134	-	ENSG00000147697
FAM49B	8	130851839	131029375	-	ENSG00000153310
ASAP1	8	131064353	131455906	-	ENSG00000153317
ADCY8	8	131792547	132054672	-	ENSG00000155897
EFR3A	8	132916335	133025889	+	ENSG00000132294
HHLA1	8	133073733	133123406	-	ENSG00000132297
KCNQ3	8	133133108	133493200	-	ENSG00000184156
LRRC6	8	133584320	133687838	-	ENSG00000129295
TMEM71	8	133697253	133772958	-	ENSG00000165071
PHF20L1	8	133787618	133861052	+	ENSG00000129292
TG	8	133879203	134147147	+	ENSG00000042832
SLA	8	134048973	134115298	-	ENSG00000155926
WISP1	8	134203282	134242587	+	ENSG00000104415
NDRG1	8	134249414	134314265	-	ENSG00000104419
ST3GAL1	8	134467091	134584183	-	ENSG00000008513
ZFAT	8	135490031	135725292	-	ENSG00000066827
KHDRBS3	8	136469700	136668965	+	ENSG00000131773
FAM135B	8	139142266	139509065	-	ENSG00000147724
COL22A1	8	139600478	139926249	-	ENSG00000169436
KCNK9	8	140613081	140715299	-	ENSG00000169427
TRAPPC9	8	140742586	141468678	-	ENSG00000167632
C8orf17	8	140943416	140946190	+	ENSG00000250733
CHRAC1	8	141521397	141527236	+	ENSG00000104472
AGO2	8	141541264	141645718	-	ENSG00000123908
PTK2	8	141667999	142012315	-	ENSG00000169398
DENND3	8	142127377	142205907	+	ENSG00000105339
SLC45A4	8	142217265	142318404	-	ENSG00000022567
RP11-10J21.3	8	142264664	142266916	+	ENSG00000254019
GPR20	8	142366600	142377367	-	ENSG00000204882
PTP4A3	8	142402093	142441620	+	ENSG00000184489
AC138647.1	8	142524738	142528837	+	ENSG00000226490
TSNARE1	8	143293441	143484601	-	ENSG00000171045
BAI1	8	143530791	143626370	+	ENSG00000181790
ARC	8	143692405	143696833	-	ENSG00000198576
PSCA	8	143751726	143764142	+	ENSG00000167653
LY6K	8	143781529	143786545	+	ENSG00000160886
THEM6	8	143808621	143818345	+	ENSG00000130193
SLURP1	8	143822362	143823829	-	ENSG00000126233
LYPD2	8	143831568	143833952	-	ENSG00000197353
LYNX1	8	143845752	143859640	-	ENSG00000180155
LY6D	8	143866296	143868008	-	ENSG00000167656
GML	8	143915663	143997922	+	ENSG00000104499
CYP11B1	8	143953772	143961262	-	ENSG00000160882
CYP11B2	8	143991975	143999259	-	ENSG00000179142
LY6E	8	144099399	144105249	+	ENSG00000160932
C8orf31	8	144120626	144141359	+	ENSG00000177335
RP11-520P18.5	8	144161874	144164418	+	ENSG00000261667
LY6H	8	144239331	144242128	-	ENSG00000176956
GPIHBP1	8	144295068	144299044	+	ENSG00000182851
GLI4	8	144349603	144359101	+	ENSG00000250571
ZNF696	8	144371846	144380231	+	ENSG00000185730
TOP1MT	8	144386554	144442149	-	ENSG00000184428
RHPN1	8	144451057	144466390	+	ENSG00000158106
MAFA	8	144501352	144512576	-	ENSG00000182759
ZC3H3	8	144519825	144623623	-	ENSG00000014164
GSDMD	8	144635377	144645232	+	ENSG00000104518
MROH6	8	144648357	144655141	-	ENSG00000204839
NAPRT1	8	144656955	144660819	-	ENSG00000147813
EEF1D	8	144661867	144681711	-	ENSG00000104529
TIGD5	8	144680074	144682485	+	ENSG00000179886
PYCRL	8	144686083	144691943	-	ENSG00000104524
TSTA3	8	144694788	144700218	-	ENSG00000104522
ZNF623	8	144718183	144735900	+	ENSG00000183309
ZNF707	8	144766622	144796068	+	ENSG00000181135
CCDC166	8	144788864	144790279	-	ENSG00000255181
MAPK15	8	144798429	144804628	+	ENSG00000181085
FAM83H	8	144806103	144815971	-	ENSG00000180921
SCRIB	8	144873090	144897549	-	ENSG00000180900
PUF60	8	144898514	144912029	-	ENSG00000179950
NRBP2	8	144915764	144924200	-	ENSG00000185189
EPPK1	8	144939497	144952632	-	ENSG00000227184
PLEC	8	144989321	145050902	-	ENSG00000178209
PARP10	8	145051321	145086940	-	ENSG00000178685
GRINA	8	145064226	145067583	+	ENSG00000178719
SPATC1	8	145086582	145101933	+	ENSG00000186583
OPLAH	8	145106167	145118735	-	ENSG00000178814
EXOSC4	8	145133529	145135550	+	ENSG00000178896
GPAA1	8	145137493	145141119	+	ENSG00000197858
CYC1	8	145149930	145152428	+	ENSG00000179091
SHARPIN	8	145153536	145163027	-	ENSG00000179526
MAF1	8	145159402	145162514	+	ENSG00000179632
KIAA1875	8	145162629	145173218	+	ENSG00000179698
FAM203A	8	145192672	145195746	+	ENSG00000235173
MROH1	8	145202919	145316843	+	ENSG00000179832
KM-PA-2	8	145317003	145331153	-	ENSG00000204775
SCXB	8	145321517	145323045	+	ENSG00000187786
FAM203B	8	145437880	145440835	+	ENSG00000230567
BOP1	8	145486055	145515082	-	ENSG00000170727
SCXA	8	145490549	145492470	+	ENSG00000188686
HSF1	8	145515280	145538385	+	ENSG00000185122
DGAT1	8	145539954	145550573	-	ENSG00000185000
SCRT1	8	145554228	145559943	-	ENSG00000170616
TMEM249	8	145575878	145578574	-	ENSG00000214597
GS1-393G12.13	8	145576888	145579269	-	ENSG00000271698
SLC52A2	8	145577795	145584932	+	ENSG00000185803
FBXL6	8	145579091	145583036	-	ENSG00000182325
ADCK5	8	145596790	145618457	+	ENSG00000173137
CPSF1	8	145618444	145634753	-	ENSG00000071894
SLC39A4	8	145635126	145642279	-	ENSG00000147804
VPS28	8	145649000	145653931	-	ENSG00000160948
TONSL	8	145654165	145669827	-	ENSG00000160949
CYHR1	8	145674965	145691060	-	ENSG00000187954
KIFC2	8	145691426	145699585	+	ENSG00000167702
FOXH1	8	145698795	145701718	-	ENSG00000160973
PPP1R16A	8	145703352	145727504	+	ENSG00000160972
GPT	8	145728356	145732557	+	ENSG00000167701
MFSD3	8	145734457	145736596	+	ENSG00000167700
RECQL4	8	145736667	145743229	-	ENSG00000160957
LRRC14	8	145743376	145750557	+	ENSG00000160959
LRRC24	8	145747761	145752416	-	ENSG00000254402
C8orf82	8	145751117	145754516	-	ENSG00000213563
ARHGAP39	8	145754563	145911194	-	ENSG00000147799
ZNF251	8	145946298	145981802	-	ENSG00000198169
ZNF34	8	145998499	146012730	-	ENSG00000196378
RPL8	8	146015150	146017972	-	ENSG00000161016
ZNF517	8	146024261	146036554	+	ENSG00000197363
ZNF7	8	146052849	146072894	+	ENSG00000147789
COMMD5	8	146066427	146079121	-	ENSG00000170619
ZNF250	8	146076632	146127553	-	ENSG00000196150
ZNF16	8	146155744	146176274	-	ENSG00000170631
C8orf33	8	146277764	146281416	+	ENSG00000182307
FOXD4	9	116237	118417	-	ENSG00000170122
CBWD1	9	121041	188979	-	ENSG00000172785
C9orf66	9	213108	215893	-	ENSG00000183784
DOCK8	9	214854	465259	+	ENSG00000107099
KANK1	9	470291	746105	+	ENSG00000107104
DMRT1	9	841690	969090	+	ENSG00000137090
DMRT3	9	976964	991731	+	ENSG00000064218
DMRT2	9	1050354	1057552	+	ENSG00000173253
SMARCA2	9	2015342	2193624	+	ENSG00000080503
VLDLR	9	2621834	2660053	+	ENSG00000147852
KCNV2	9	2717502	2730037	+	ENSG00000168263
KIAA0020	9	2720469	2844241	-	ENSG00000080608
RFX3	9	3218297	3526004	-	ENSG00000080298
AL365202.1	9	3452305	3469181	-	ENSG00000203286
GLIS3	9	3824127	4348392	-	ENSG00000107249
SLC1A1	9	4490444	4587469	+	ENSG00000106688
SPATA6L	9	4553386	4666674	-	ENSG00000106686
PPAPDC2	9	4662298	4665256	+	ENSG00000205808
CDC37L1	9	4679559	4708398	+	ENSG00000106993
AK3	9	4711155	4742043	-	ENSG00000147853
RCL1	9	4792869	4885917	+	ENSG00000120158
AL158147.2	9	4859120	4859260	-	ENSG00000269305
JAK2	9	4985033	5128183	+	ENSG00000096968
AL161450.1	9	5077163	5084580	-	ENSG00000268155
INSL6	9	5131979	5185668	-	ENSG00000120210
INSL4	9	5231419	5235304	+	ENSG00000120211
RLN2	9	5299868	5304969	-	ENSG00000107014
RLN1	9	5334969	5339873	-	ENSG00000107018
PLGRKT	9	5357973	5437878	-	ENSG00000107020
CD274	9	5450503	5470566	+	ENSG00000120217
PDCD1LG2	9	5510545	5571282	+	ENSG00000197646
KIAA1432	9	5629025	5776557	+	ENSG00000107036
ERMP1	9	5765076	5833117	-	ENSG00000099219
KIAA2026	9	5881596	6007901	-	ENSG00000183354
MLANA	9	5890802	5910606	+	ENSG00000120215
RANBP6	9	6011043	6015618	-	ENSG00000137040
IL33	9	6215805	6257983	+	ENSG00000137033
TPD52L3	9	6328349	6331900	+	ENSG00000170777
UHRF2	9	6413151	6507054	+	ENSG00000147854
C9orf38	9	6467618	6470375	-	ENSG00000215066
GLDC	9	6532464	6645650	-	ENSG00000178445
KDM4C	9	6720863	7175648	+	ENSG00000107077
TMEM261	9	7796490	7888380	-	ENSG00000137038
PTPRD	9	8314246	10612723	-	ENSG00000153707
TYRP1	9	12685439	12710290	+	ENSG00000107165
LURAP1L	9	12775020	12822130	+	ENSG00000153714
MPDZ	9	13105703	13279589	-	ENSG00000107186
NFIB	9	14081842	14398982	-	ENSG00000147862
ZDHHC21	9	14611069	14693469	-	ENSG00000175893
CER1	9	14719722	14722715	-	ENSG00000147869
FREM1	9	14734664	14910993	-	ENSG00000164946
TTC39B	9	15163620	15307358	-	ENSG00000155158
SNAPC3	9	15422702	15465951	+	ENSG00000164975
PSIP1	9	15464064	15511017	-	ENSG00000164985
CCDC171	9	15552895	16061661	+	ENSG00000164989
C9orf92	9	16203933	16276311	-	ENSG00000205549
BNC2	9	16409501	16870841	-	ENSG00000173068
CNTLN	9	17134980	17503921	+	ENSG00000044459
SH3GL2	9	17579080	17797127	+	ENSG00000107295
ADAMTSL1	9	18473892	18910948	+	ENSG00000178031
FAM154A	9	18927656	19033251	-	ENSG00000155875
RRAGA	9	19049372	19051019	+	ENSG00000155876
HAUS6	9	19053141	19103117	-	ENSG00000147874
PLIN2	9	19108373	19149288	-	ENSG00000147872
DENND4C	9	19230433	19374139	+	ENSG00000137145
RPS6	9	19375713	19380252	-	ENSG00000137154
ACER2	9	19408925	19452018	+	ENSG00000177076
SLC24A2	9	19507450	19786926	-	ENSG00000155886
MLLT3	9	20341663	20622542	-	ENSG00000171843
FOCAD	9	20658308	20995954	+	ENSG00000188352
PTPLAD2	9	20995306	21031635	-	ENSG00000188921
IFNB1	9	21077104	21077943	-	ENSG00000171855
IFNW1	9	21140631	21142144	-	ENSG00000177047
IFNA21	9	21165636	21166659	-	ENSG00000137080
IFNA4	9	21186617	21187598	-	ENSG00000236637
IFNA7	9	21201468	21202204	-	ENSG00000214042
IFNA10	9	21206180	21207142	-	ENSG00000186803
IFNA16	9	21216372	21217310	-	ENSG00000147885
IFNA17	9	21227242	21228221	-	ENSG00000234829
IFNA14	9	21239201	21239978	-	ENSG00000228083
IFNA5	9	21304613	21305312	-	ENSG00000147873
KLHL9	9	21329670	21335379	-	ENSG00000198642
IFNA6	9	21349834	21351377	-	ENSG00000120235
IFNA13	9	21367371	21368075	-	ENSG00000233816
IFNA2	9	21384254	21385396	-	ENSG00000188379
IFNA8	9	21409146	21410184	+	ENSG00000120242
IFNA1	9	21440440	21441315	+	ENSG00000197919
IFNE	9	21480841	21482312	-	ENSG00000184995
MTAP	9	21802542	21931646	+	ENSG00000099810
RP11-145E5.5	9	21802635	22032985	+	ENSG00000264545
C9orf53	9	21967137	21967738	+	ENSG00000224854
CDKN2A	9	21967751	21995300	-	ENSG00000147889
CDKN2B	9	22002902	22009362	-	ENSG00000147883
DMRTA1	9	22446840	22455739	+	ENSG00000176399
ELAVL2	9	23690102	23826335	-	ENSG00000107105
IZUMO3	9	24542950	24545944	-	ENSG00000205442
TUSC1	9	25676396	25678856	-	ENSG00000198680
CAAP1	9	26840683	26892802	-	ENSG00000120159
PLAA	9	26904081	26947461	-	ENSG00000137055
IFT74	9	26947037	27062928	+	ENSG00000096872
LRRC19	9	26993134	27005691	-	ENSG00000184434
TEK	9	27109139	27230173	+	ENSG00000120156
EQTN	9	27284656	27297137	-	ENSG00000120160
MOB3B	9	27325207	27529779	-	ENSG00000120162
IFNK	9	27524312	27526496	+	ENSG00000147896
C9orf72	9	27546544	27573864	-	ENSG00000147894
LINGO2	9	27948076	28670283	-	ENSG00000174482
ACO1	9	32384618	32454767	+	ENSG00000122729
DDX58	9	32455300	32526322	-	ENSG00000107201
TOPORS	9	32540542	32552551	-	ENSG00000197579
NDUFB6	9	32552997	32573160	-	ENSG00000165264
GVQW1	9	32566787	32568619	+	ENSG00000241043
TAF1L	9	32629452	32635667	-	ENSG00000122728
TMEM215	9	32783497	32787397	+	ENSG00000188133
APTX	9	32972604	33025166	-	ENSG00000137074
DNAJA1	9	33025209	33039905	+	ENSG00000086061
SMU1	9	33041762	33076665	-	ENSG00000122692
B4GALT1	9	33104080	33167354	-	ENSG00000086062
SPINK4	9	33218363	33248565	+	ENSG00000122711
BAG1	9	33247818	33264761	-	ENSG00000107262
CHMP5	9	33264940	33281977	+	ENSG00000086065
NFX1	9	33290509	33371155	+	ENSG00000086102
AQP7	9	33384765	33402643	-	ENSG00000165269
AQP3	9	33441152	33447609	-	ENSG00000165272
NOL6	9	33461439	33473928	-	ENSG00000165271
ANKRD18B	9	33524392	33573007	+	ENSG00000230453
PRSS3	9	33750515	33799230	+	ENSG00000010438
UBE2R2	9	33817565	33920402	+	ENSG00000107341
UBAP2	9	33921691	34048947	-	ENSG00000137073
DCAF12	9	34086385	34127397	-	ENSG00000198876
UBAP1	9	34179003	34252521	+	ENSG00000165006
KIF24	9	34252379	34329198	-	ENSG00000186638
NUDT2	9	34329504	34343709	+	ENSG00000164978
KIAA1161	9	34366668	34376851	-	ENSG00000164976
C9orf24	9	34379017	34397830	-	ENSG00000164972
FAM219A	9	34398182	34458568	-	ENSG00000164970
DNAI1	9	34457412	34520982	+	ENSG00000122735
ENHO	9	34521038	34523039	-	ENSG00000168913
CNTFR	9	34551430	34590121	-	ENSG00000122756
RPP25L	9	34610483	34612101	-	ENSG00000164967
DCTN3	9	34613548	34620515	-	ENSG00000137100
ARID3C	9	34621376	34628104	-	ENSG00000205143
SIGMAR1	9	34634719	34637806	-	ENSG00000147955
IL11RA	9	34650699	34661889	+	ENSG00000137070
CCL27	9	34661877	34664045	-	ENSG00000213927
RP11-195F19.5	9	34664160	34666109	-	ENSG00000187186
CCL19	9	34689564	34691274	-	ENSG00000172724
CCL21	9	34709002	34710121	-	ENSG00000137077
FAM205A	9	34723052	34729464	-	ENSG00000205108
KIAA1045	9	34957484	34982541	+	ENSG00000122733
DNAJB5	9	34989638	34998897	+	ENSG00000137094
C9orf131	9	35041092	35045988	+	ENSG00000174038
FLJ00273	9	35042390	35042824	-	ENSG00000269510
VCP	9	35056061	35073246	-	ENSG00000165280
FANCG	9	35073832	35080013	-	ENSG00000221829
PIGO	9	35088685	35096591	-	ENSG00000165282
STOML2	9	35099888	35103154	-	ENSG00000165283
FAM214B	9	35104109	35116338	-	ENSG00000005238
UNC13B	9	35161999	35405335	+	ENSG00000198722
AL160274.1	9	35361056	35361262	-	ENSG00000268482
RUSC2	9	35490124	35561895	+	ENSG00000198853
FAM166B	9	35561828	35563896	-	ENSG00000215187
TESK1	9	35605367	35610038	+	ENSG00000107140
CD72	9	35609530	35646807	-	ENSG00000137101
SIT1	9	35649292	35650937	-	ENSG00000137078
CCDC107	9	35658301	35661508	+	ENSG00000159884
ARHGEF39	9	35658872	35675863	-	ENSG00000137135
CA9	9	35673853	35681156	+	ENSG00000107159
TPM2	9	35681989	35691017	-	ENSG00000198467
TLN1	9	35696945	35732392	-	ENSG00000137076
CREB3	9	35732332	35737001	+	ENSG00000107175
GBA2	9	35736863	35749983	-	ENSG00000070610
RGP1	9	35749203	35758572	+	ENSG00000107185
MSMP	9	35752987	35756610	-	ENSG00000215183
NPR2	9	35792151	35809729	+	ENSG00000159899
SPAG8	9	35808042	35812269	-	ENSG00000137098
HINT2	9	35812957	35815351	-	ENSG00000137133
TMEM8B	9	35814448	35854844	+	ENSG00000137103
FAM221B	9	35816388	35828744	-	ENSG00000204930
OR13J1	9	35869375	35870461	-	ENSG00000168828
HRCT1	9	35906189	35907138	+	ENSG00000196196
OR2S2	9	35957105	35958151	-	ENSG00000122718
RECK	9	36036430	36124448	+	ENSG00000122707
GLIPR2	9	36136732	36163910	+	ENSG00000122694
CCIN	9	36169389	36171329	+	ENSG00000185972
CLTA	9	36190853	36304778	+	ENSG00000122705
GNE	9	36214438	36277053	-	ENSG00000159921
RNF38	9	36336393	36487545	-	ENSG00000137075
MELK	9	36572859	36677678	+	ENSG00000165304
PAX5	9	36833272	37034103	-	ENSG00000196092
ZCCHC7	9	37120536	37358146	+	ENSG00000147905
GRHPR	9	37422663	37436987	+	ENSG00000137106
ZBTB5	9	37438111	37465396	-	ENSG00000168795
POLR1E	9	37485932	37503694	+	ENSG00000137054
FBXO10	9	37510889	37588871	-	ENSG00000147912
RP11-613M10.8	9	37512544	37592466	-	ENSG00000256966
TOMM5	9	37582643	37592639	-	ENSG00000175768
RP11-613M10.9	9	37588410	38068684	-	ENSG00000255872
FRMPD1	9	37650997	37746901	+	ENSG00000070601
TRMT10B	9	37753804	37778969	+	ENSG00000165275
EXOSC3	9	37766975	37801434	-	ENSG00000107371
DCAF10	9	37800499	37867663	+	ENSG00000122741
SLC25A51	9	37879400	37904350	-	ENSG00000122696
SHB	9	37919131	38069210	-	ENSG00000107338
ALDH1B1	9	38392661	38398658	+	ENSG00000137124
IGFBPL1	9	38408991	38424444	-	ENSG00000137142
CNTNAP3	9	39072764	39288312	-	ENSG00000106714
SPATA31A1	9	39355699	39361956	+	ENSG00000204849
SPATA31A2	9	39884975	39891210	+	ENSG00000204848
AL353791.1	9	40028620	40032417	+	ENSG00000227921
SPATA31A3	9	40700291	40706537	+	ENSG00000147926
ZNF658	9	40760700	40836415	-	ENSG00000196409
SPATA31A4	9	41321107	41327364	-	ENSG00000234214
SPATA31A5	9	41500679	41506925	+	ENSG00000233788
ANKRD20A2	9	42368303	42411410	+	ENSG00000183148
RP11-146D12.2	9	42409989	42474239	+	ENSG00000240240
CBWD7	9	42668608	42714962	+	ENSG00000215126
FOXD4L2	9	42717234	42720342	+	ENSG00000204828
ANKRD20A3	9	43064966	43133544	-	ENSG00000132498
AL513478.1	9	43135095	43135514	+	ENSG00000232866
SPATA31A6	9	43624507	43630730	-	ENSG00000185775
CNTNAP3B	9	43684902	43924049	+	ENSG00000154529
BX088651.2	9	44325916	44326077	-	ENSG00000268708
BX088651.1	9	44400717	44402427	-	ENSG00000212952
RP11-160N1.10	9	44867571	44870528	+	ENSG00000204814
FAM27C	9	44990314	44991483	+	ENSG00000154537
AL354718.1	9	45441273	45441542	-	ENSG00000268578
FAM27A	9	45727107	45728274	+	ENSG00000182368
FAM27E2	9	45733559	45734896	+	ENSG00000204807
FAM27E1	9	46385691	46387031	-	ENSG00000237198
FAM27D1	9	46389110	46391556	+	ENSG00000231997
AL953854.2	9	47295855	47314322	-	ENSG00000236029
SPATA31A7	9	65503363	65509610	-	ENSG00000234734
FAM27E3	9	67784944	67786624	-	ENSG00000232833
FAM27B	9	67792938	67794111	-	ENSG00000170215
BX649567.1	9	67924791	67925210	-	ENSG00000233434
ANKRD20A1	9	67926761	67969840	+	ENSG00000196774
RP11-195B21.3	9	67968793	67987998	+	ENSG00000155282
FOXD4L6	9	69199480	69202204	-	ENSG00000204793
CBWD6	9	69204538	69269662	-	ENSG00000204790
BX255923.1	9	69252845	69254032	+	ENSG00000196400
CR769776.1	9	69377902	69380597	-	ENSG00000204788
ANKRD20A4	9	69381812	69425560	+	ENSG00000172014
AL445665.1	9	69650263	69660358	+	ENSG00000176134
FOXD4L5	9	70175707	70178815	-	ENSG00000204779
FOXD4L4	9	70426623	70429731	-	ENSG00000184659
CBWD5	9	70432004	70497240	-	ENSG00000147996
AL591479.1	9	70646589	70648956	+	ENSG00000269337
CBWD3	9	70856397	70914929	+	ENSG00000196873
AL353608.1	9	70866135	70866572	-	ENSG00000228537
FOXD4L3	9	70917276	70920000	+	ENSG00000187559
PGM5	9	70943224	71145977	+	ENSG00000154330
TMEM252	9	71151496	71155783	-	ENSG00000181778
PIP5K1B	9	71320575	71624092	+	ENSG00000107242
FAM122A	9	71394964	71398609	+	ENSG00000187866
PRKACG	9	71627469	71629039	-	ENSG00000165059
FXN	9	71650175	71715094	+	ENSG00000165060
TJP2	9	71736209	71870124	+	ENSG00000119139
AL358113.1	9	71869331	71869642	-	ENSG00000269295
FAM189A2	9	71939488	72007371	+	ENSG00000135063
APBA1	9	72042446	72287222	-	ENSG00000107282
PTAR1	9	72324438	72374875	-	ENSG00000188647
C9orf135	9	72435709	72521148	+	ENSG00000204711
MAMDC2	9	72658497	72841886	+	ENSG00000165072
SMC5	9	72873937	72969804	+	ENSG00000198887
KLF9	9	72999503	73029540	-	ENSG00000119138
TRPM3	9	73143979	74061820	-	ENSG00000083067
TMEM2	9	74298282	74431606	-	ENSG00000135048
ABHD17B	9	74477368	74525847	-	ENSG00000107362
C9orf85	9	74526426	74600970	+	ENSG00000155621
C9orf57	9	74666292	74687733	-	ENSG00000204669
GDA	9	74729511	74872109	+	ENSG00000119125
ZFAND5	9	74966341	74980163	-	ENSG00000107372
TMC1	9	75136717	75451267	+	ENSG00000165091
ALDH1A1	9	75515578	75695358	-	ENSG00000165092
ANXA1	9	75766673	75785309	+	ENSG00000135046
RORB	9	77112281	77308093	+	ENSG00000198963
TRPM6	9	77337411	77503010	-	ENSG00000119121
C9orf40	9	77561497	77567802	-	ENSG00000135045
C9orf41	9	77595936	77643339	-	ENSG00000156017
NMRK1	9	77675489	77703133	-	ENSG00000106733
OSTF1	9	77703459	77762181	+	ENSG00000134996
PCSK5	9	78505560	78977255	+	ENSG00000099139
RFK	9	79000433	79009433	-	ENSG00000135002
GCNT1	9	79034752	79122332	+	ENSG00000187210
PRUNE2	9	79226292	79521003	-	ENSG00000106772
FOXB2	9	79634571	79635869	+	ENSG00000204612
VPS13A	9	79792269	80036457	+	ENSG00000197969
GNA14	9	80037995	80263223	-	ENSG00000156049
GNAQ	9	80331003	80646374	-	ENSG00000156052
CEP78	9	80850978	80894606	+	ENSG00000148019
PSAT1	9	80912059	80945009	+	ENSG00000135069
TLE4	9	82186688	82341658	+	ENSG00000106829
TLE1	9	84198598	84304220	-	ENSG00000196781
SPATA31D1	9	84603687	84610171	+	ENSG00000214929
RASEF	9	85594500	85678092	-	ENSG00000165105
FRMD3	9	85857905	86153461	-	ENSG00000172159
IDNK	9	86237964	86259045	+	ENSG00000148057
UBQLN1	9	86274878	86323118	-	ENSG00000135018
GKAP1	9	86354336	86444431	-	ENSG00000165113
KIF27	9	86451613	86536342	-	ENSG00000165115
C9orf64	9	86553226	86571901	-	ENSG00000165118
HNRNPK	9	86582998	86595569	-	ENSG00000165119
RMI1	9	86595626	86618985	+	ENSG00000178966
SLC28A3	9	86890372	86955672	-	ENSG00000197506
NTRK2	9	87283466	87638505	+	ENSG00000148053
AGTPBP1	9	88161455	88356944	-	ENSG00000135049
NAA35	9	88556061	88637213	+	ENSG00000135040
GOLM1	9	88641061	88715088	-	ENSG00000135052
C9orf153	9	88835180	88874572	-	ENSG00000187753
ISCA1	9	88879461	88897676	-	ENSG00000135070
ZCCHC6	9	88902648	88969369	-	ENSG00000083223
GAS1	9	89559279	89562104	-	ENSG00000180447
C9orf170	9	89763559	89774471	+	ENSG00000204446
DAPK1	9	90112143	90323548	+	ENSG00000196730
CTSL	9	90340434	90346308	+	ENSG00000135047
SPATA31E1	9	90497741	90503814	+	ENSG00000177992
CDK20	9	90581356	90589668	-	ENSG00000156345
SPIN1	9	91003334	91093609	+	ENSG00000106723
NXNL2	9	91150016	91199189	+	ENSG00000130045
C9orf47	9	91605778	91611055	+	ENSG00000186354
S1PR3	9	91606362	91619925	+	ENSG00000213694
SHC3	9	91628060	91793682	-	ENSG00000148082
CKS2	9	91926113	91931618	+	ENSG00000123975
SECISBP2	9	91933421	91974557	+	ENSG00000187742
SEMA4D	9	91975702	92113045	-	ENSG00000187764
GADD45G	9	92219928	92221470	+	ENSG00000130222
DIRAS2	9	93372114	93405386	-	ENSG00000165023
SYK	9	93564069	93660831	+	ENSG00000165025
AUH	9	93976097	94124195	-	ENSG00000148090
NFIL3	9	94171327	94186144	-	ENSG00000165030
ROR2	9	94325373	94712444	-	ENSG00000169071
SPTLC1	9	94794281	94877666	-	ENSG00000090054
IARS	9	94972489	95056038	-	ENSG00000196305
NOL8	9	95059640	95087918	-	ENSG00000198000
CENPP	9	95087766	95382815	+	ENSG00000188312
OGN	9	95146249	95166978	-	ENSG00000106809
OMD	9	95176527	95186743	-	ENSG00000127083
ASPN	9	95218487	95244788	-	ENSG00000106819
ECM2	9	95256365	95298937	-	ENSG00000106823
IPPK	9	95375466	95432547	-	ENSG00000127080
BICD2	9	95473645	95527094	-	ENSG00000185963
ZNF484	9	95607874	95640304	-	ENSG00000127081
FGD3	9	95709733	95798518	+	ENSG00000127084
SUSD3	9	95820989	95847420	+	ENSG00000157303
C9orf89	9	95858500	95875565	+	ENSG00000165233
NINJ1	9	95883771	95896570	-	ENSG00000131669
WNK2	9	95947198	96082854	+	ENSG00000165238
C9orf129	9	96080481	96108696	-	ENSG00000204352
FAM120AOS	9	96208776	96215874	-	ENSG00000188938
FAM120A	9	96214004	96328397	+	ENSG00000048828
PHF2	9	96338689	96441869	+	ENSG00000197724
BARX1	9	96713905	96717654	-	ENSG00000131668
PTPDC1	9	96793076	96872138	+	ENSG00000158079
ZNF169	9	97021593	97063736	+	ENSG00000175787
NUTM2F	9	97077605	97090926	-	ENSG00000130950
HIATL1	9	97136833	97223324	+	ENSG00000148110
FBP2	9	97321002	97356075	-	ENSG00000130957
FBP1	9	97365415	97402531	-	ENSG00000165140
C9orf3	9	97488983	97849441	+	ENSG00000148120
FANCC	9	97861336	98079991	-	ENSG00000158169
PTCH1	9	98205262	98279339	-	ENSG00000185920
DKFZP434H0512	9	98534605	98537013	+	ENSG00000268926
ERCC6L2	9	98637983	98776842	+	ENSG00000182150
HSD17B3	9	98997588	99064434	-	ENSG00000130948
SLC35D2	9	99082988	99145992	-	ENSG00000130958
ZNF367	9	99148223	99180611	-	ENSG00000165244
HABP4	9	99212483	99253618	+	ENSG00000130956
CDC14B	9	99252523	99382112	-	ENSG00000081377
AAED1	9	99401859	99417585	-	ENSG00000158122
ZNF510	9	99518147	99540411	-	ENSG00000081386
ZNF782	9	99578754	99637905	-	ENSG00000196597
HIATL2	9	99660348	99775862	-	ENSG00000196312
NUTM2G	9	99690592	99702535	+	ENSG00000188152
CTSV	9	99794940	99801925	-	ENSG00000136943
CCDC180	9	100000765	100140806	+	ENSG00000197816
TDRD7	9	100174232	100258407	+	ENSG00000196116
TMOD1	9	100263462	100364030	+	ENSG00000136842
TSTD2	9	100362362	100395962	-	ENSG00000136925
NCBP1	9	100395908	100436030	+	ENSG00000136937
XPA	9	100437191	100459639	-	ENSG00000136936
FOXE1	9	100615536	100618986	+	ENSG00000178919
C9orf156	9	100666771	100684852	-	ENSG00000136932
HEMGN	9	100689073	100707138	-	ENSG00000136929
ANP32B	9	100745643	100778225	+	ENSG00000136938
NANS	9	100819021	100845357	+	ENSG00000095380
TRIM14	9	100831557	100881494	-	ENSG00000106785
CORO2A	9	100883257	100954922	-	ENSG00000106789
TBC1D2	9	100961311	101017915	-	ENSG00000095383
GABBR2	9	101050391	101471479	-	ENSG00000136928
ANKS6	9	101493611	101559247	-	ENSG00000165138
GALNT12	9	101569981	101612363	+	ENSG00000119514
COL15A1	9	101705461	101833069	+	ENSG00000204291
TGFBR1	9	101866320	101916474	+	ENSG00000106799
ALG2	9	101978708	101984238	-	ENSG00000119523
SEC61B	9	101984346	101992897	+	ENSG00000106803
NR4A3	9	102584137	102629173	+	ENSG00000119508
STX17	9	102668915	102732618	+	ENSG00000136874
ERP44	9	102741461	102861322	-	ENSG00000023318
INVS	9	102861538	103063282	+	ENSG00000119509
TEX10	9	103064359	103115221	-	ENSG00000136891
MSANTD3	9	103189438	103213511	+	ENSG00000066697
MSANTD3-TMEFF1	9	103204553	103339918	+	ENSG00000251349
TMEFF1	9	103204560	103339918	+	ENSG00000241697
MURC	9	103340361	103350188	+	ENSG00000170681
LPPR1	9	103790991	104087417	+	ENSG00000148123
BAAT	9	104122699	104145801	-	ENSG00000136881
MRPL50	9	104149915	104160896	-	ENSG00000136897
ZNF189	9	104161155	104172942	+	ENSG00000136870
ALDOB	9	104182860	104198105	-	ENSG00000136872
TMEM246	9	104235453	104295819	-	ENSG00000165152
RNF20	9	104296133	104325622	+	ENSG00000155827
GRIN3A	9	104331635	104500862	-	ENSG00000198785
PPP3R2	9	104353897	104357283	-	ENSG00000188386
CYLC2	9	105757593	105780770	+	ENSG00000155833
SMC2	9	106856541	106903698	+	ENSG00000136824
OR13F1	9	107266455	107267547	+	ENSG00000186881
OR13C4	9	107288534	107289490	-	ENSG00000148136
OR13C3	9	107298030	107299137	-	ENSG00000204246
OR13C8	9	107331449	107332411	+	ENSG00000186943
OR13C5	9	107360650	107361788	-	ENSG00000255800
OR13C2	9	107366924	107367951	-	ENSG00000257019
OR13C9	9	107379529	107380485	-	ENSG00000136839
OR13D1	9	107456660	107457766	+	ENSG00000179055
NIPSNAP3A	9	107509969	107522403	+	ENSG00000136783
NIPSNAP3B	9	107526438	107539738	+	ENSG00000165028
ABCA1	9	107543283	107690518	-	ENSG00000165029
SLC44A1	9	108006903	108201452	+	ENSG00000070214
FSD1L	9	108210077	108314714	+	ENSG00000106701
FKTN	9	108320411	108403399	+	ENSG00000106692
TAL2	9	108424738	108425367	+	ENSG00000186051
TMEM38B	9	108456825	108538893	+	ENSG00000095209
ZNF462	9	109625378	109775915	+	ENSG00000148143
RP11-508N12.4	9	109685630	109686455	+	ENSG00000242631
RAD23B	9	110045418	110094475	+	ENSG00000119318
KLF4	9	110247133	110252763	-	ENSG00000136826
AL162389.1	9	110539471	110540419	-	ENSG00000214645
ACTL7B	9	111616871	111619239	-	ENSG00000148156
ACTL7A	9	111624603	111626035	+	ENSG00000187003
IKBKAP	9	111629797	111696396	-	ENSG00000070061
FAM206A	9	111696461	111713024	+	ENSG00000119328
CTNNAL1	9	111704851	111775809	-	ENSG00000119326
TMEM245	9	111777432	111882225	-	ENSG00000106771
FRRS1L	9	111892573	111929571	-	ENSG00000260230
EPB41L4B	9	111934255	112083244	-	ENSG00000095203
PTPN3	9	112137746	112260590	-	ENSG00000070159
PALM2	9	112403068	112713755	+	ENSG00000243444
PALM2-AKAP2	9	112542589	112934792	+	ENSG00000157654
AKAP2	9	112542769	112934792	+	ENSG00000241978
C9orf152	9	112952328	112970469	-	ENSG00000188959
TXN	9	113006091	113018920	-	ENSG00000136810
TXNDC8	9	113065801	113100127	-	ENSG00000204193
SVEP1	9	113127531	113342160	-	ENSG00000165124
MUSK	9	113431051	113563859	+	ENSG00000030304
LPAR1	9	113635543	113800981	-	ENSG00000198121
OR2K2	9	114089763	114090800	-	ENSG00000171133
KIAA0368	9	114122972	114247025	-	ENSG00000136813
ZNF483	9	114287439	114340124	+	ENSG00000173258
PTGR1	9	114312002	114362135	-	ENSG00000106853
DNAJC25	9	114393632	114432508	+	ENSG00000059769
DNAJC25-GNG10	9	114393666	114432509	+	ENSG00000244115
GNG10	9	114423615	114432526	+	ENSG00000242616
C9orf84	9	114448453	114557288	-	ENSG00000165181
UGCG	9	114659046	114697649	+	ENSG00000148154
SUSD1	9	114803065	114937688	-	ENSG00000106868
PTBP3	9	114980715	115095947	-	ENSG00000119314
HSDL2	9	115142217	115234690	+	ENSG00000119471
C9orf147	9	115196096	115249484	-	ENSG00000230185
KIAA1958	9	115249127	115431677	+	ENSG00000165185
INIP	9	115446206	115480516	-	ENSG00000148153
SNX30	9	115513118	115643951	+	ENSG00000148158
SLC46A2	9	115641200	115653193	-	ENSG00000119457
ZFP37	9	115800660	115819039	-	ENSG00000136866
SLC31A2	9	115913222	115926417	+	ENSG00000136867
FKBP15	9	115923286	115983641	-	ENSG00000119321
SLC31A1	9	115983808	116028674	+	ENSG00000136868
CDC26	9	116018115	116037869	-	ENSG00000176386
PRPF4	9	116037623	116055185	+	ENSG00000136875
RNF183	9	116059373	116065656	-	ENSG00000165188
WDR31	9	116075502	116102578	-	ENSG00000148225
BSPRY	9	116111821	116133513	+	ENSG00000119411
HDHD3	9	116135699	116139279	-	ENSG00000119431
ALAD	9	116148597	116163613	-	ENSG00000148218
POLE3	9	116169515	116172952	-	ENSG00000148229
C9orf43	9	116172334	116191964	+	ENSG00000157653
RGS3	9	116207011	116360018	+	ENSG00000138835
ZNF618	9	116638562	116818871	+	ENSG00000157657
AMBP	9	116822407	116840752	-	ENSG00000106927
KIF12	9	116848406	116861507	-	ENSG00000136883
COL27A1	9	116917840	117074791	+	ENSG00000196739
ORM1	9	117085336	117088755	+	ENSG00000229314
ORM2	9	117092149	117095532	+	ENSG00000228278
AKNA	9	117096436	117156685	-	ENSG00000106948
DFNB31	9	117164360	117267730	-	ENSG00000095397
ATP6V1G1	9	117350026	117360653	+	ENSG00000136888
C9orf91	9	117373486	117408702	+	ENSG00000157693
TNFSF15	9	117546915	117568406	-	ENSG00000181634
TNFSF8	9	117656003	117692697	-	ENSG00000106952
TNC	9	117782806	117880536	-	ENSG00000041982
DEC1	9	117904097	118164923	+	ENSG00000173077
PAPPA	9	118916083	119164601	+	ENSG00000182752
PAPPA-AS1	9	119160439	119162885	-	ENSG00000256040
ASTN2	9	119187504	120177348	-	ENSG00000148219
TRIM32	9	119449581	119463579	+	ENSG00000119401
TLR4	9	120466610	120479149	+	ENSG00000136869
BRINP1	9	121915736	122131745	-	ENSG00000078725
RP11-295D22.1	9	122257653	122286403	+	ENSG00000260970
CDK5RAP2	9	123151147	123342448	-	ENSG00000136861
MEGF9	9	123363091	123476748	-	ENSG00000106780
FBXW2	9	123514256	123555690	-	ENSG00000119402
PSMD5	9	123577774	123605262	-	ENSG00000095261
PHF19	9	123617977	123639606	-	ENSG00000119403
TRAF1	9	123664671	123691451	-	ENSG00000056558
C5	9	123714616	123812554	-	ENSG00000106804
CNTRL	9	123837141	123939888	+	ENSG00000119397
RAB14	9	123940415	123985292	-	ENSG00000119396
GSN	9	123970072	124095121	+	ENSG00000148180
STOM	9	124101355	124132531	-	ENSG00000148175
AL161784.1	9	124103625	124110410	+	ENSG00000267987
DAB2IP	9	124329336	124547809	+	ENSG00000136848
TTLL11	9	124584207	124855885	-	ENSG00000175764
NDUFA8	9	124894745	124922098	-	ENSG00000119421
MORN5	9	124922190	124962367	+	ENSG00000185681
LHX6	9	124964856	124991905	-	ENSG00000106852
RBM18	9	124999903	125027118	-	ENSG00000119446
MRRF	9	125026882	125085743	+	ENSG00000148187
PTGS1	9	125132824	125157982	+	ENSG00000095303
AL162424.1	9	125148344	125148928	-	ENSG00000269738
OR1J1	9	125239220	125240235	-	ENSG00000136834
OR1J2	9	125273081	125274022	+	ENSG00000197233
OR1J4	9	125281420	125282361	+	ENSG00000239590
OR1N1	9	125288637	125289572	-	ENSG00000171505
OR1N2	9	125315391	125316493	+	ENSG00000171501
OR1L8	9	125329778	125330838	-	ENSG00000171496
OR1Q1	9	125376948	125378026	+	ENSG00000165202
OR1B1	9	125390858	125391852	-	ENSG00000171484
OR1L1	9	125423845	125424927	+	ENSG00000173679
OR1L3	9	125437315	125438432	+	ENSG00000171481
OR1L4	9	125486269	125487204	+	ENSG00000136939
OR1L6	9	125512019	125513062	+	ENSG00000171459
OR5C1	9	125551150	125552237	+	ENSG00000148215
PDCL	9	125560668	125590910	-	ENSG00000136940
OR1K1	9	125562370	125563395	+	ENSG00000165204
RC3H2	9	125606835	125667620	-	ENSG00000056586
ZBTB6	9	125670335	125675609	-	ENSG00000186130
ZBTB26	9	125677845	125693779	-	ENSG00000171448
RABGAP1	9	125703112	125867145	+	ENSG00000011454
GPR21	9	125796806	125797975	+	ENSG00000188394
STRBP	9	125871779	126030855	-	ENSG00000165209
CRB2	9	126118449	126142603	+	ENSG00000148204
DENND1A	9	126141933	126692431	-	ENSG00000119522
LHX2	9	126763949	126795580	+	ENSG00000106689
NEK6	9	127019885	127115586	+	ENSG00000119408
PSMB7	9	127115745	127177723	-	ENSG00000136930
GPR144	9	127213423	127239379	+	ENSG00000180264
NR5A1	9	127243516	127269709	-	ENSG00000136931
NR6A1	9	127279554	127533589	-	ENSG00000148200
OLFML2A	9	127539437	127577164	+	ENSG00000185585
WDR38	9	127615755	127620160	+	ENSG00000136918
RPL35	9	127620159	127624260	-	ENSG00000136942
ARPC5L	9	127624409	127640003	+	ENSG00000136950
GOLGA1	9	127640646	127710771	-	ENSG00000136935
SCAI	9	127704887	127905785	-	ENSG00000173611
PPP6C	9	127908852	127952218	-	ENSG00000119414
RABEPK	9	127962821	127996437	+	ENSG00000136933
HSPA5	9	127997132	128003609	-	ENSG00000044574
GAPVD1	9	128024073	128129486	+	ENSG00000165219
MAPKAP1	9	128199672	128469513	-	ENSG00000119487
PBX3	9	128509624	128729656	+	ENSG00000167081
MVB12B	9	129089128	129269320	+	ENSG00000196814
LMX1B	9	129376722	129463311	+	ENSG00000136944
ZBTB43	9	129567285	129600489	+	ENSG00000169155
ZBTB34	9	129622944	129648157	+	ENSG00000177125
RALGPS1	9	129677053	129985445	+	ENSG00000136828
ANGPTL2	9	129849611	129885162	-	ENSG00000136859
GARNL3	9	129986544	130155939	+	ENSG00000136895
SLC2A8	9	130159421	130170703	+	ENSG00000136856
ZNF79	9	130186661	130207651	+	ENSG00000196152
RPL12	9	130209953	130213684	-	ENSG00000197958
LRSAM1	9	130213765	130265780	+	ENSG00000148356
FAM129B	9	130267618	130341268	-	ENSG00000136830
STXBP1	9	130374544	130457460	+	ENSG00000136854
PTRH1	9	130455257	130487152	-	ENSG00000187024
C9orf117	9	130469268	130478281	+	ENSG00000160401
TTC16	9	130478345	130493879	+	ENSG00000167094
TOR2A	9	130493803	130497604	-	ENSG00000160404
SH2D3C	9	130500596	130541020	-	ENSG00000095370
CDK9	9	130547958	130553066	+	ENSG00000136807
FPGS	9	130556876	130576606	+	ENSG00000136877
ENG	9	130577291	130617035	-	ENSG00000106991
AK1	9	130628759	130640022	-	ENSG00000106992
ST6GALNAC6	9	130647600	130667687	-	ENSG00000160408
ST6GALNAC4	9	130670165	130679317	-	ENSG00000136840
PIP5KL1	9	130683158	130693076	-	ENSG00000167103
DPM2	9	130697378	130700763	-	ENSG00000136908
FAM102A	9	130702858	130742792	-	ENSG00000167106
NAIF1	9	130823512	130830485	-	ENSG00000171169
SLC25A25	9	130830480	130871524	+	ENSG00000148339
PTGES2	9	130882972	130890741	-	ENSG00000148334
AL590708.2	9	130890612	130891481	+	ENSG00000232850
LCN2	9	130911350	130915734	+	ENSG00000148346
C9orf16	9	130922539	130926207	+	ENSG00000171159
CIZ1	9	130928343	130966662	-	ENSG00000148337
DNM1	9	130965658	131017527	+	ENSG00000106976
GOLGA2	9	131018108	131038274	-	ENSG00000167110
SWI5	9	131037658	131051269	+	ENSG00000175854
AL359091.2	9	131062367	131064212	+	ENSG00000268211
TRUB2	9	131071382	131085021	-	ENSG00000167112
COQ4	9	131084815	131096351	+	ENSG00000167113
SLC27A4	9	131102925	131123749	+	ENSG00000167114
URM1	9	131133598	131153015	+	ENSG00000167118
CERCAM	9	131174030	131199626	+	ENSG00000167123
ODF2	9	131217465	131263571	+	ENSG00000136811
GLE1	9	131266979	131304567	+	ENSG00000119392
SPTAN1	9	131314866	131395941	+	ENSG00000197694
WDR34	9	131395940	131419066	-	ENSG00000119333
SET	9	131445703	131458679	+	ENSG00000119335
PKN3	9	131464802	131483197	+	ENSG00000160447
ZDHHC12	9	131483148	131486406	-	ENSG00000160446
ZER1	9	131492065	131534693	-	ENSG00000160445
TBC1D13	9	131549483	131572711	+	ENSG00000107021
ENDOG	9	131580753	131584956	+	ENSG00000167136
C9orf114	9	131581930	131592100	-	ENSG00000198917
CCBL1	9	131595221	131644773	-	ENSG00000171097
LRRC8A	9	131644391	131680318	+	ENSG00000136802
PHYHD1	9	131683174	131704320	+	ENSG00000175287
RP11-101E3.5	9	131703757	131719300	+	ENSG00000251184
DOLK	9	131707809	131709898	-	ENSG00000175283
NUP188	9	131709978	131769375	+	ENSG00000095319
SH3GLB2	9	131769315	131790582	-	ENSG00000148341
FAM73B	9	131798900	131834361	+	ENSG00000148343
DOLPP1	9	131843379	131852717	+	ENSG00000167130
CRAT	9	131857089	131873468	-	ENSG00000095321
PPP2R4	9	131873229	131911225	+	ENSG00000119383
IER5L	9	131937835	131940540	-	ENSG00000188483
NTMT1	9	132371163	132398209	+	ENSG00000148335
C9orf50	9	132374504	132383055	-	ENSG00000179058
ASB6	9	132399171	132404444	-	ENSG00000148331
PRRX2	9	132427920	132484875	+	ENSG00000167157
PTGES	9	132500610	132515326	-	ENSG00000148344
TOR1B	9	132565432	132573560	+	ENSG00000136816
TOR1A	9	132575223	132586413	-	ENSG00000136827
C9orf78	9	132589569	132598142	-	ENSG00000136819
USP20	9	132596977	132644107	+	ENSG00000136878
FNBP1	9	132649466	132805473	-	ENSG00000187239
GPR107	9	132815705	132902448	+	ENSG00000148358
AL360004.1	9	132902889	132906498	-	ENSG00000196979
NCS1	9	132934857	132999583	+	ENSG00000107130
HMCN2	9	133046882	133309510	+	ENSG00000148357
AL354898.1	9	133274029	133282639	+	ENSG00000215428
ASS1	9	133320316	133376661	+	ENSG00000130707
FUBP3	9	133454352	133513739	+	ENSG00000107164
PRDM12	9	133539981	133558368	+	ENSG00000130711
EXOSC2	9	133569108	133580248	+	ENSG00000130713
ABL1	9	133589333	133763062	+	ENSG00000097007
QRFP	9	133768815	133769225	-	ENSG00000188710
FIBCD1	9	133777825	133814673	-	ENSG00000130720
LAMC3	9	133884469	133969860	+	ENSG00000050555
AIF1L	9	133971863	133998539	+	ENSG00000126878
NUP214	9	134000948	134110057	+	ENSG00000126883
FAM78A	9	134133463	134151934	-	ENSG00000126882
PPAPDC3	9	134165081	134184649	+	ENSG00000160539
PRRC2B	9	134269480	134375584	+	ENSG00000130723
POMT1	9	134378289	134399193	+	ENSG00000130714
UCK1	9	134399188	134406655	-	ENSG00000130717
RAPGEF1	9	134452157	134615461	-	ENSG00000107263
MED27	9	134735494	134955295	-	ENSG00000160563
NTNG2	9	135037334	135119921	+	ENSG00000196358
SETX	9	135136743	135230372	-	ENSG00000107290
TTF1	9	135251008	135282209	-	ENSG00000125482
C9orf171	9	135285430	135448704	+	ENSG00000188523
BARHL1	9	135457572	135465653	+	ENSG00000125492
DDX31	9	135468384	135545788	-	ENSG00000125485
GTF3C4	9	135545422	135570342	+	ENSG00000125484
AK8	9	135600965	135754164	-	ENSG00000165695
C9orf9	9	135753414	135765588	+	ENSG00000165698
TSC1	9	135766735	135820020	-	ENSG00000165699
GFI1B	9	135820932	135867083	+	ENSG00000165702
GTF3C5	9	135906076	135933890	+	ENSG00000148308
CEL	9	135937365	135947248	+	ENSG00000170835
RALGDS	9	135973107	136039301	-	ENSG00000160271
GBGT1	9	136028340	136039332	-	ENSG00000148288
OBP2B	9	136080664	136084630	-	ENSG00000171102
SURF6	9	136197552	136203235	-	ENSG00000148296
MED22	9	136205160	136214986	-	ENSG00000148297
RPL7A	9	136215069	136218281	+	ENSG00000148303
SURF1	9	136218610	136223552	-	ENSG00000148290
SURF2	9	136223428	136228045	+	ENSG00000148291
SURF4	9	136228325	136242970	-	ENSG00000148248
C9orf96	9	136243117	136271220	+	ENSG00000198870
REXO4	9	136271186	136283164	-	ENSG00000148300
ADAMTS13	9	136279478	136324508	+	ENSG00000160323
CACFD1	9	136325089	136335970	+	ENSG00000160325
SLC2A6	9	136336217	136344259	-	ENSG00000160326
TMEM8C	9	136379708	136393734	-	ENSG00000187616
ADAMTSL2	9	136397286	136440641	+	ENSG00000197859
FAM163B	9	136444079	136451319	-	ENSG00000196990
DBH	9	136501482	136524466	+	ENSG00000123454
SARDH	9	136528682	136605077	-	ENSG00000123453
VAV2	9	136627016	136857726	-	ENSG00000160293
BRD3	9	136895427	136933657	-	ENSG00000169925
WDR5	9	137000487	137025093	+	ENSG00000196363
RXRA	9	137208944	137332431	+	ENSG00000186350
COL5A1	9	137533620	137736686	+	ENSG00000130635
FCN2	9	137772654	137779924	+	ENSG00000160339
FCN1	9	137801431	137809809	-	ENSG00000085265
OLFM1	9	137967268	138013025	+	ENSG00000130558
AL390778.1	9	138150512	138151275	-	ENSG00000269408
C9orf62	9	138235095	138238408	+	ENSG00000178243
PPP1R26	9	138370925	138380739	+	ENSG00000196422
C9orf116	9	138387027	138393580	-	ENSG00000160345
MRPS2	9	138391830	138396519	+	ENSG00000122140
LCN1	9	138413284	138418378	+	ENSG00000160349
OBP2A	9	138437985	138441815	+	ENSG00000122136
PAEP	9	138453602	138458801	+	ENSG00000122133
GLT6D1	9	138515502	138531386	-	ENSG00000204007
LCN9	9	138555168	138558268	+	ENSG00000148386
SOHLH1	9	138585253	138591374	-	ENSG00000165643
KCNT1	9	138594031	138684992	+	ENSG00000107147
CAMSAP1	9	138700333	138799074	-	ENSG00000130559
UBAC1	9	138824815	138853226	-	ENSG00000130560
NACC2	9	138898383	138987131	-	ENSG00000148411
C9orf69	9	139006427	139010731	-	ENSG00000238227
LHX3	9	139088096	139096955	-	ENSG00000107187
QSOX2	9	139098179	139137687	-	ENSG00000165661
DKFZP434A062	9	139219089	139219640	-	ENSG00000267845
GPSM1	9	139221932	139254057	+	ENSG00000160360
DNLZ	9	139253932	139258241	-	ENSG00000213221
CARD9	9	139256355	139268133	-	ENSG00000187796
SNAPC4	9	139270029	139293249	-	ENSG00000165684
SDCCAG3	9	139296377	139305061	-	ENSG00000165689
PMPCA	9	139305110	139318213	+	ENSG00000165688
INPP5E	9	139323071	139334274	-	ENSG00000148384
SEC16A	9	139334549	139372141	-	ENSG00000148396
C9orf163	9	139377947	139380518	+	ENSG00000196366
NOTCH1	9	139388896	139440314	-	ENSG00000148400
EGFL7	9	139553308	139567130	+	ENSG00000172889
AGPAT2	9	139567595	139581875	-	ENSG00000169692
FAM69B	9	139607022	139618502	+	ENSG00000165716
LCN10	9	139632619	139637808	-	ENSG00000187922
LCN8	9	139648838	139652678	-	ENSG00000204001
LCN15	9	139654086	139660707	-	ENSG00000177984
TMEM141	9	139685807	139687709	+	ENSG00000244187
RP11-216L13.17	9	139685831	139695047	+	ENSG00000272896
CCDC183	9	139690802	139702193	+	ENSG00000213213
RABL6	9	139702374	139735639	+	ENSG00000196642
C9orf172	9	139738867	139741797	+	ENSG00000232434
PHPT1	9	139743176	139745488	+	ENSG00000054148
MAMDC4	9	139745395	139755249	+	ENSG00000177943
EDF1	9	139756571	139760738	-	ENSG00000107223
TRAF2	9	139776364	139821059	+	ENSG00000127191
FBXW5	9	139834887	139839148	-	ENSG00000159069
C8G	9	139839698	139841426	+	ENSG00000176919
LCN12	9	139844003	139849949	+	ENSG00000184925
C9orf141	9	139863695	139866442	+	ENSG00000198454
PTGDS	9	139871956	139879887	+	ENSG00000107317
LCNL1	9	139876356	139880862	+	ENSG00000214402
C9orf142	9	139886870	139888436	+	ENSG00000148362
CLIC3	9	139889087	139891255	-	ENSG00000169583
ABCA2	9	139901686	139923367	-	ENSG00000107331
C9orf139	9	139921916	139931234	+	ENSG00000180539
FUT7	9	139924626	139927462	-	ENSG00000180549
NPDC1	9	139933922	139940655	-	ENSG00000107281
ENTPD2	9	139942550	139948497	-	ENSG00000054179
SAPCD2	9	139956581	139965040	-	ENSG00000186193
UAP1L1	9	139971953	139978991	+	ENSG00000197355
AL807752.1	9	139980807	139981121	-	ENSG00000268996
MAN1B1	9	139981379	140003635	+	ENSG00000177239
DPP7	9	140004994	140009629	-	ENSG00000176978
GRIN1	9	140032842	140063207	+	ENSG00000176884
LRRC26	9	140063210	140064503	-	ENSG00000184709
TMEM210	9	140065310	140066861	-	ENSG00000185863
ANAPC2	9	140069236	140082989	-	ENSG00000176248
SSNA1	9	140083099	140084822	+	ENSG00000176101
TPRN	9	140086069	140098645	-	ENSG00000176058
TMEM203	9	140098534	140100090	-	ENSG00000187713
NDOR1	9	140100147	140111461	+	ENSG00000188566
RNF208	9	140114707	140116033	-	ENSG00000212864
C9orf169	9	140119087	140120763	+	ENSG00000197191
RNF224	9	140122018	140124090	+	ENSG00000233198
SLC34A3	9	140125209	140131006	+	ENSG00000198569
TUBB4B	9	140135665	140138159	+	ENSG00000188229
FAM166A	9	140138036	140142222	-	ENSG00000188163
C9orf173	9	140145713	140147934	+	ENSG00000197768
NELFB	9	140149625	140167998	+	ENSG00000188986
TOR4A	9	140172201	140177093	+	ENSG00000198113
NRARP	9	140194083	140196703	-	ENSG00000198435
EXD3	9	140201348	140317714	-	ENSG00000187609
NOXA1	9	140317802	140328858	+	ENSG00000188747
ENTPD8	9	140328816	140336268	-	ENSG00000188833
NSMF	9	140342022	140353786	-	ENSG00000165802
PNPLA7	9	140354404	140444986	-	ENSG00000130653
MRPL41	9	140445651	140447007	+	ENSG00000182154
DPH7	9	140449356	140473387	-	ENSG00000148399
ZMYND19	9	140476531	140484942	-	ENSG00000165724
ARRDC1	9	140500106	140509812	+	ENSG00000197070
C9orf37	9	140509784	140513358	-	ENSG00000203993
EHMT1	9	140513444	140764468	+	ENSG00000181090
CACNA1B	9	140772241	141019076	+	ENSG00000148408
AL360154.1	GL000192.1	180636	212206	-	ENSG00000215642
AC109135.1	GL000192.1	222730	407630	-	ENSG00000234295
MGC39584	GL000193.1	49252	88375	-	ENSG00000215689
AC018692.2	GL000193.1	86545	86855	-	ENSG00000229510
AC145212.1	GL000194.1	53590	56132	-	ENSG00000215750
AC011043.1	GL000195.1	43717	74342	-	ENSG00000215781
AC002321.2	GL000201.1	3905	22432	+	ENSG00000215616
AC002321.1	GL000201.1	26348	27637	-	ENSG00000215611
AC145205.1	GL000204.1	44537	47211	-	ENSG00000215635
AC011841.1	GL000205.1	117169	119085	+	ENSG00000212884
KIR2DL2	GL000209.1	7891	96246	+	ENSG00000215764
AL356585.1	GL000212.1	64252	65919	+	ENSG00000212857
BX072566.2	GL000213.1	68442	70280	+	ENSG00000269725
BX072566.1	GL000213.1	108007	139339	-	ENSG00000237375
AL162851.1	GL000215.1	23516	25354	-	ENSG00000268851
AL354822.1	GL000218.1	38792	97421	-	ENSG00000215615
AL592183.1	GL000219.1	53831	99642	-	ENSG00000220023
AL590523.1	GL000221.1	62571	62753	-	ENSG00000268276
AL592170.1	GL000222.1	129789	134090	+	ENSG00000233094
AL603926.1	GL000223.1	149787	180454	+	ENSG00000229631
CT476828.1	GL000228.1	30530	32226	-	ENSG00000148828
BAGE5	GL000237.1	899	2487	-	ENSG00000268590
CU459201.1	GL000242.1	12836	34543	+	ENSG00000251180
MT-ND1	MT	3307	4262	+	ENSG00000198888
MT-ND2	MT	4470	5511	+	ENSG00000198763
MT-CO1	MT	5904	7445	+	ENSG00000198804
MT-CO2	MT	7586	8269	+	ENSG00000198712
MT-ATP8	MT	8366	8572	+	ENSG00000228253
MT-ATP6	MT	8527	9207	+	ENSG00000198899
MT-CO3	MT	9207	9990	+	ENSG00000198938
MT-ND3	MT	10059	10404	+	ENSG00000198840
MT-ND4L	MT	10470	10766	+	ENSG00000212907
MT-ND4	MT	10760	12137	+	ENSG00000198886
MT-ND5	MT	12337	14148	+	ENSG00000198786
MT-ND6	MT	14149	14673	-	ENSG00000198695
MT-CYB	MT	14747	15887	+	ENSG00000198727
PLCXD1	X	192989	220023	+	ENSG00000182378
GTPBP6	X	220025	230886	-	ENSG00000178605
PPP2R3B	X	294698	347690	-	ENSG00000167393
SHOX	X	585079	620146	+	ENSG00000185960
CRLF2	X	1314890	1331616	-	ENSG00000205755
CSF2RA	X	1387693	1429274	+	ENSG00000198223
IL3RA	X	1455509	1501578	+	ENSG00000185291
SLC25A6	X	1505045	1511617	-	ENSG00000169100
ASMTL	X	1522032	1572655	-	ENSG00000169093
P2RY8	X	1581465	1656000	-	ENSG00000182162
AKAP17A	X	1710486	1721407	+	ENSG00000197976
ASMT	X	1733894	1761974	+	ENSG00000196433
DHRSX	X	2137557	2420846	-	ENSG00000169084
ZBED1	X	2404455	2419008	-	ENSG00000214717
CD99	X	2609220	2659350	+	ENSG00000002586
XG	X	2670091	2734539	+	ENSG00000124343
GYG2	X	2746829	2800859	+	ENSG00000056998
ARSD	X	2822011	2847392	-	ENSG00000006756
ARSE	X	2852699	2886286	-	ENSG00000157399
ARSH	X	2924654	2951612	+	ENSG00000205667
ARSF	X	2959512	3030767	+	ENSG00000062096
CXorf28	X	3189861	3202694	+	ENSG00000228459
MXRA5	X	3226606	3264682	-	ENSG00000101825
PRKX	X	3522411	3631649	-	ENSG00000183943
RP11-706O15.1	X	3735569	3761898	-	ENSG00000205664
NLGN4X	X	5758678	6146904	-	ENSG00000146938
VCX3A	X	6451659	6453159	-	ENSG00000169059
HDHD1	X	6966961	7066231	-	ENSG00000130021
STS	X	7137497	7272851	+	ENSG00000101846
VCX	X	7810303	7812184	+	ENSG00000182583
PNPLA4	X	7866288	7895780	-	ENSG00000006757
VCX2	X	8137989	8139308	-	ENSG00000177504
VCX3B	X	8432871	8434550	+	ENSG00000205642
KAL1	X	8496915	8700227	-	ENSG00000011201
FAM9A	X	8758836	8769424	-	ENSG00000183304
FAM9B	X	8992273	9132680	-	ENSG00000177138
TBL1X	X	9431335	9687780	+	ENSG00000101849
GPR143	X	9693386	9754337	-	ENSG00000101850
SHROOM2	X	9754496	9917483	+	ENSG00000146950
AC002365.1	X	9935392	9936134	+	ENSG00000234469
WWC3	X	9983602	10112518	+	ENSG00000047644
CLCN4	X	10125024	10205700	+	ENSG00000073464
MID1	X	10413350	10851773	-	ENSG00000101871
HCCS	X	11129421	11141198	+	ENSG00000004961
ARHGAP6	X	11136239	11683821	-	ENSG00000047648
AMELX	X	11311533	11318881	+	ENSG00000125363
MSL3	X	11776278	11793870	+	ENSG00000005302
FRMPD4	X	12156585	12742642	+	ENSG00000169933
PRPS2	X	12809474	12842341	+	ENSG00000101911
TLR7	X	12885202	12908499	+	ENSG00000196664
TLR8	X	12924739	12941288	+	ENSG00000101916
TMSB4X	X	12993227	12995346	+	ENSG00000205542
FAM9C	X	13053737	13062801	-	ENSG00000187268
ATXN3L	X	13336770	13338518	-	ENSG00000123594
EGFL6	X	13587724	13651694	+	ENSG00000198759
TCEANC	X	13671225	13700083	+	ENSG00000176896
RAB9A	X	13707244	13728625	+	ENSG00000123595
TRAPPC2	X	13730363	13752754	-	ENSG00000196459
OFD1	X	13752832	13787480	+	ENSG00000046651
GPM6B	X	13789150	13956757	-	ENSG00000046653
GEMIN8	X	14026398	14048012	-	ENSG00000046647
GLRA2	X	14547420	14749934	+	ENSG00000101958
FANCB	X	14861529	14891191	-	ENSG00000181544
MOSPD2	X	14891563	14940449	+	ENSG00000130150
ASB9	X	15253410	15288589	-	ENSG00000102048
ASB11	X	15298053	15333778	-	ENSG00000165192
PIGA	X	15337573	15353676	-	ENSG00000165195
FIGF	X	15363713	15402498	-	ENSG00000165197
PIR	X	15402921	15511687	-	ENSG00000087842
BMX	X	15482369	15574652	+	ENSG00000102010
ACE2	X	15579156	15620271	-	ENSG00000130234
TMEM27	X	15645441	15683154	-	ENSG00000147003
CA5B	X	15706953	15805747	+	ENSG00000169239
ZRSR2	X	15808595	15841383	+	ENSG00000169249
AP1S2	X	15843929	15873054	-	ENSG00000182287
GRPR	X	16141679	16171144	+	ENSG00000126010
MAGEB17	X	16185604	16189587	+	ENSG00000182798
CTPS2	X	16606126	16731059	-	ENSG00000047230
S100G	X	16668281	16672793	+	ENSG00000169906
SYAP1	X	16737755	16783459	+	ENSG00000169895
TXLNG	X	16804550	16862642	+	ENSG00000086712
RBBP7	X	16857406	16888537	-	ENSG00000102054
REPS2	X	16964814	17171395	+	ENSG00000169891
NHS	X	17393543	17754114	+	ENSG00000188158
SCML1	X	17755588	17773105	+	ENSG00000047634
RAI2	X	17818169	17879457	-	ENSG00000131831
BEND2	X	18181051	18239024	-	ENSG00000177324
SCML2	X	18257434	18372847	-	ENSG00000102098
CDKL5	X	18443703	18671749	+	ENSG00000008086
RS1	X	18658030	18690229	-	ENSG00000102104
PPEF1	X	18694029	18846039	+	ENSG00000086717
PHKA2	X	18910418	19002716	-	ENSG00000044446
GPR64	X	19007427	19140755	-	ENSG00000173698
PDHA1	X	19362011	19379823	+	ENSG00000131828
MAP3K15	X	19378174	19533379	-	ENSG00000180815
SH3KBP1	X	19552093	19905719	-	ENSG00000147010
CXorf23	X	19930978	19988416	-	ENSG00000173681
MAP7D2	X	20024831	20135035	-	ENSG00000184368
EIF1AX	X	20142636	20159962	-	ENSG00000173674
RPS6KA3	X	20168029	20285523	-	ENSG00000177189
CNKSR2	X	21392536	21672813	+	ENSG00000149970
KLHL34	X	21673609	21676448	-	ENSG00000185915
SMPX	X	21724090	21776281	-	ENSG00000091482
MBTPS2	X	21857754	21903542	+	ENSG00000012174
YY2	X	21874105	21876845	+	ENSG00000230797
SMS	X	21958691	22025798	+	ENSG00000102172
PHEX	X	22050559	22269427	+	ENSG00000102174
ZNF645	X	22291065	22292574	+	ENSG00000175809
DDX53	X	23018087	23020204	+	ENSG00000184735
PTCHD1	X	23352133	23422489	+	ENSG00000165186
PRDX4	X	23682379	23704516	+	ENSG00000123131
ACOT9	X	23720370	23784592	-	ENSG00000123130
SAT1	X	23801290	23804343	+	ENSG00000130066
APOO	X	23851470	23926057	-	ENSG00000184831
CXorf58	X	23925918	23957624	+	ENSG00000165182
KLHL15	X	24001837	24045303	-	ENSG00000174010
EIF2S3	X	24072833	24096088	+	ENSG00000130741
ZFX	X	24167290	24234372	+	ENSG00000005889
PDK3	X	24483338	24557954	+	ENSG00000067992
PCYT1B	X	24576204	24690794	-	ENSG00000102230
POLA1	X	24712036	25015103	+	ENSG00000101868
ARX	X	25021811	25034065	-	ENSG00000004848
MAGEB18	X	26156460	26158852	+	ENSG00000176774
MAGEB6	X	26210557	26213763	+	ENSG00000176746
MAGEB5	X	26234286	26236387	+	ENSG00000188408
DCAF8L2	X	27608499	27766908	+	ENSG00000189186
MAGEB10	X	27826107	27841131	+	ENSG00000177689
DCAF8L1	X	27996110	27999566	-	ENSG00000226372
IL1RAPL1	X	28605516	29974840	+	ENSG00000169306
MAGEB2	X	30233677	30238206	+	ENSG00000099399
MAGEB3	X	30248553	30255607	+	ENSG00000198798
MAGEB4	X	30260057	30262293	+	ENSG00000120289
MAGEB1	X	30261847	30270155	+	ENSG00000214107
NR0B1	X	30322323	30327715	-	ENSG00000169297
CXorf21	X	30576941	30595961	-	ENSG00000120280
GK	X	30671476	30748725	+	ENSG00000198814
TAB3	X	30845559	30993201	-	ENSG00000157625
FTHL17	X	31089360	31090170	-	ENSG00000132446
DMD	X	31115794	33357558	-	ENSG00000198947
FAM47A	X	34147869	34150447	-	ENSG00000185448
TMEM47	X	34645181	34675405	-	ENSG00000147027
FAM47B	X	34960913	34963034	+	ENSG00000189132
MAGEB16	X	35816459	35821852	+	ENSG00000189023
CXorf22	X	35937851	36008269	+	ENSG00000165164
CHDC2	X	36053908	36163187	+	ENSG00000176034
CXorf30	X	36246735	36403431	+	ENSG00000205081
FAM47C	X	37026432	37029739	+	ENSG00000198173
PRRG1	X	37208528	37316548	+	ENSG00000130962
TM4SF2	X	37208583	38546928	+	ENSG00000250349
LANCL3	X	37430822	37543716	+	ENSG00000147036
XK	X	37545012	37591383	+	ENSG00000047597
CYBB	X	37639264	37672714	+	ENSG00000165168
DYNLT3	X	37696010	37706890	-	ENSG00000165169
CXorf27	X	37850070	37850569	+	ENSG00000187516
SYTL5	X	37865835	37988072	+	ENSG00000147041
SRPX	X	38008589	38080696	-	ENSG00000101955
RPGR	X	38128416	38186817	-	ENSG00000156313
OTC	X	38211798	38280703	+	ENSG00000036473
TSPAN7	X	38420623	38548169	+	ENSG00000156298
MID1IP1	X	38660685	38665790	+	ENSG00000165175
BCOR	X	39909068	40036582	-	ENSG00000183337
ATP6AP2	X	40440146	40465889	+	ENSG00000182220
CXorf38	X	40488285	40506819	-	ENSG00000185753
MED14	X	40507558	40595110	-	ENSG00000180182
USP9X	X	40944888	41095832	+	ENSG00000124486
DDX3X	X	41192651	41223725	+	ENSG00000215301
NYX	X	41306687	41334963	+	ENSG00000188937
CASK	X	41374187	41782716	-	ENSG00000147044
GPR34	X	41548226	41556526	+	ENSG00000171659
GPR82	X	41583408	41589388	+	ENSG00000171657
MAOA	X	43515467	43606068	+	ENSG00000189221
MAOB	X	43625858	43741693	-	ENSG00000069535
NDP	X	43808022	43832750	-	ENSG00000124479
EFHC2	X	44007128	44202918	-	ENSG00000183690
FUNDC1	X	44382885	44402247	-	ENSG00000069509
DUSP21	X	44703249	44704130	+	ENSG00000189037
KDM6A	X	44732757	44971847	+	ENSG00000147050
CXorf36	X	45007619	45060146	-	ENSG00000147113
KRBOX4	X	46306292	46356857	+	ENSG00000147121
ZNF674	X	46357162	46404892	-	ENSG00000251192
CHST7	X	46433219	46457843	+	ENSG00000147119
SLC9A7	X	46464753	46618490	-	ENSG00000065923
RP2	X	46696375	46741793	+	ENSG00000102218
CXorf31	X	46746852	46759138	-	ENSG00000204904
JADE3	X	46771711	46920641	+	ENSG00000102221
RGN	X	46937775	46952712	+	ENSG00000130988
NDUFB11	X	47001615	47004903	-	ENSG00000147123
RBM10	X	47004268	47046212	+	ENSG00000182872
UBA1	X	47050260	47074527	+	ENSG00000130985
CDK16	X	47077259	47089396	+	ENSG00000102225
USP11	X	47092089	47107727	+	ENSG00000102226
ZNF157	X	47229982	47273704	+	ENSG00000147117
ZNF41	X	47305278	47342345	-	ENSG00000147124
CXorf24	X	47342970	47344207	+	ENSG00000196741
ARAF	X	47420516	47431307	+	ENSG00000078061
SYN1	X	47431303	47479252	-	ENSG00000008056
TIMP1	X	47441712	47446188	+	ENSG00000102265
CFP	X	47483612	47489704	-	ENSG00000126759
ELK1	X	47494920	47510003	-	ENSG00000126767
UXT	X	47511197	47518560	-	ENSG00000126756
ZNF81	X	47696301	47861960	+	ENSG00000197779
ZNF182	X	47834250	47863377	-	ENSG00000147118
ZNF630	X	47842756	47931025	-	ENSG00000221994
SPACA5	X	47863734	47869126	+	ENSG00000171489
SPACA5B	X	47990039	47991995	+	ENSG00000171478
SSX5	X	48045656	48056199	-	ENSG00000165583
SSX1	X	48114752	48126879	+	ENSG00000126752
SSX3	X	48205863	48216142	-	ENSG00000165584
SSX4	X	48242863	48252785	+	ENSG00000204645
SSX4B	X	48261524	48271344	-	ENSG00000198946
SLC38A5	X	48316920	48328644	-	ENSG00000017483
FTSJ1	X	48334541	48344752	+	ENSG00000068438
PORCN	X	48367350	48379202	+	ENSG00000102312
EBP	X	48379546	48387104	+	ENSG00000147155
TBC1D25	X	48397845	48420997	+	ENSG00000068354
AC115618.1	X	48431482	48433275	-	ENSG00000204620
RBM3	X	48432837	48437454	+	ENSG00000102317
WDR13	X	48448430	48463581	+	ENSG00000101940
WAS	X	48534985	48549818	+	ENSG00000015285
SUV39H1	X	48553945	48567403	+	ENSG00000101945
GLOD5	X	48620154	48632064	+	ENSG00000171433
GATA1	X	48644962	48652716	+	ENSG00000102145
HDAC6	X	48659784	48683392	+	ENSG00000094631
ERAS	X	48687283	48688548	+	ENSG00000187682
PCSK1N	X	48689504	48694035	-	ENSG00000102109
TIMM17B	X	48750730	48755426	-	ENSG00000126768
PQBP1	X	48755195	48760420	+	ENSG00000102103
SLC35A2	X	48760459	48769235	-	ENSG00000102100
PIM2	X	48770459	48776301	-	ENSG00000102096
OTUD5	X	48779305	48815648	-	ENSG00000068308
KCND1	X	48818639	48827976	-	ENSG00000102057
GRIPAP1	X	48830134	48858675	-	ENSG00000068400
TFE3	X	48886242	48901012	-	ENSG00000068323
CCDC120	X	48911101	48927509	+	ENSG00000147144
PRAF2	X	48928813	48931730	-	ENSG00000243279
AF196779.12	X	48929385	48937546	-	ENSG00000250232
WDR45	X	48929385	48958108	-	ENSG00000196998
GPKOW	X	48970334	48980151	-	ENSG00000068394
MAGIX	X	49019061	49024822	+	ENSG00000017621
PLP2	X	49028273	49031588	+	ENSG00000102007
PRICKLE3	X	49031151	49042845	-	ENSG00000012211
SYP	X	49044269	49056718	-	ENSG00000102003
CACNA1F	X	49061523	49089833	-	ENSG00000102001
CCDC22	X	49091927	49106987	+	ENSG00000101997
FOXP3	X	49106897	49121288	-	ENSG00000049768
PPP1R3F	X	49126306	49157929	+	ENSG00000049769
GAGE10	X	49160148	49176323	+	ENSG00000215274
GAGE12J	X	49178536	49185863	+	ENSG00000224659
GAGE13	X	49188094	49195366	+	ENSG00000237597
GAGE2E	X	49197607	49204923	+	ENSG00000205775
GAGE2D	X	49207160	49214420	+	ENSG00000240257
GAGE12I	X	49216659	49223943	+	ENSG00000241465
GAGE2C	X	49226182	49233481	+	ENSG00000236249
GAGE2B	X	49235708	49242997	+	ENSG00000231850
GAGE12B	X	49294472	49294588	+	ENSG00000236737
GAGE12C	X	49296814	49304141	+	ENSG00000237671
GAGE12D	X	49306370	49313697	+	ENSG00000227488
GAGE12E	X	49315936	49323252	+	ENSG00000216649
GAGE12F	X	49325479	49332808	+	ENSG00000236362
GAGE12G	X	49335037	49342357	+	ENSG00000215269
GAGE12H	X	49344586	49351904	+	ENSG00000224902
GAGE2A	X	49354132	49361430	+	ENSG00000189064
GAGE1	X	49363628	49373139	+	ENSG00000205777
PAGE1	X	49452053	49460596	-	ENSG00000068985
PAGE4	X	49593863	49598576	+	ENSG00000101951
USP27X	X	49644470	49647166	+	ENSG00000242013
CLCN5	X	49687225	49863892	+	ENSG00000171365
AKAP4	X	49955406	49965664	-	ENSG00000147081
CCNB3	X	49967364	50094909	+	ENSG00000147082
SHROOM4	X	50334647	50557302	-	ENSG00000158352
BMP15	X	50653784	50659607	+	ENSG00000130385
NUDT10	X	51075083	51080377	+	ENSG00000122824
CXorf67	X	51149767	51151687	+	ENSG00000187690
NUDT11	X	51232863	51239448	-	ENSG00000196368
GSPT2	X	51486481	51489324	+	ENSG00000189369
MAGED1	X	51546103	51645453	+	ENSG00000179222
RP11-114H20.1	X	51793956	51797351	-	ENSG00000182776
MAGED4B	X	51804923	51812368	-	ENSG00000187243
MAGED4	X	51927919	51935364	+	ENSG00000154545
RP11-363G10.2	X	51942963	51946358	+	ENSG00000179028
XAGE2B	X	52112173	52118823	+	ENSG00000155622
XAGE1B	X	52235228	52243954	+	ENSG00000204382
XAGE1A	X	52255219	52260363	-	ENSG00000204379
XAGE2	X	52380351	52387001	-	ENSG00000185751
XAGE1C	X	52511761	52516905	+	ENSG00000183461
XAGE1D	X	52528159	52533303	-	ENSG00000204376
XAGE1E	X	52541053	52546197	-	ENSG00000204375
SSX7	X	52673140	52683950	-	ENSG00000187754
SSX2	X	52725946	52736239	-	ENSG00000241476
SSX2B	X	52780318	52790617	+	ENSG00000157950
SPANXN5	X	52825184	52827141	-	ENSG00000204363
XAGE5	X	52841228	52847325	+	ENSG00000171405
XAGE3	X	52891557	52897099	-	ENSG00000171402
FAM156B	X	52920336	52937587	+	ENSG00000179304
FAM156A	X	52976462	53024651	-	ENSG00000182646
GPR173	X	53078273	53109797	+	ENSG00000184194
TSPYL2	X	53111549	53117722	+	ENSG00000184205
KDM5C	X	53220503	53254604	-	ENSG00000126012
IQSEC2	X	53262058	53350522	-	ENSG00000124313
SMC1A	X	53401070	53449677	-	ENSG00000072501
RIBC1	X	53449639	53458059	+	ENSG00000158423
HSD17B10	X	53458206	53461320	-	ENSG00000072506
HUWE1	X	53559057	53713673	-	ENSG00000086758
PHF8	X	53963109	54075391	-	ENSG00000172943
FAM120C	X	54094757	54209714	-	ENSG00000184083
WNK3	X	54219256	54385075	-	ENSG00000196632
TSR2	X	54466834	54471920	+	ENSG00000158526
FGD1	X	54471887	54522599	-	ENSG00000102302
GNL3L	X	54556644	54587504	+	ENSG00000130119
ITIH6	X	54775332	54824673	-	ENSG00000102313
MAGED2	X	54834032	54842445	+	ENSG00000102316
TRO	X	54946895	54957864	+	ENSG00000067445
PFKFB1	X	54959394	55024967	-	ENSG00000158571
APEX2	X	55026790	55035490	+	ENSG00000169188
ALAS2	X	55035488	55057497	-	ENSG00000158578
PAGE2B	X	55101496	55105342	+	ENSG00000238269
PAGE2	X	55115441	55119275	+	ENSG00000234068
FAM104B	X	55169535	55187743	-	ENSG00000182518
MTRNR2L10	X	55207824	55208944	-	ENSG00000256045
PAGE5	X	55246788	55250541	+	ENSG00000158639
PAGE3	X	55284848	55291279	-	ENSG00000204279
MAGEH1	X	55478538	55479998	+	ENSG00000187601
USP51	X	55511049	55515635	-	ENSG00000247746
FOXR2	X	55649833	55652621	+	ENSG00000189299
RRAGB	X	55744172	55785207	+	ENSG00000083750
AL353698.1	X	56100757	56102014	+	ENSG00000233889
KLF8	X	56258854	56314322	+	ENSG00000102349
UBQLN2	X	56590026	56593443	+	ENSG00000188021
SPIN3	X	57002803	57021970	-	ENSG00000204271
SPIN2B	X	57144984	57147980	-	ENSG00000186787
SPIN2A	X	57160963	57164058	-	ENSG00000147059
FAAH2	X	57313139	57515629	+	ENSG00000165591
ZXDB	X	57618269	57623906	+	ENSG00000198455
ZXDA	X	57931864	57937067	-	ENSG00000198205
SPIN4	X	62567107	62571223	-	ENSG00000186767
ARHGEF9	X	62854847	63005426	-	ENSG00000131089
AMER1	X	63404997	63425624	-	ENSG00000184675
ASB12	X	63444076	63450511	-	ENSG00000198881
MTMR8	X	63444187	63615333	-	ENSG00000102043
ZC4H2	X	64136250	64254593	-	ENSG00000126970
ZC3H12B	X	64708615	64727767	+	ENSG00000102053
LAS1L	X	64732462	64754655	-	ENSG00000001497
MSN	X	64808257	64961791	+	ENSG00000147065
VSIG4	X	65241580	65259967	-	ENSG00000155659
HEPH	X	65382391	65488709	+	ENSG00000089472
EDA2R	X	65815479	65859108	-	ENSG00000131080
AR	X	66764465	66950461	+	ENSG00000169083
OPHN1	X	67262186	67653755	-	ENSG00000079482
YIPF6	X	67718165	67757127	+	ENSG00000181704
STARD8	X	67867508	67945684	+	ENSG00000130052
EFNB1	X	68048840	68061990	+	ENSG00000090776
PJA1	X	68380694	68385636	-	ENSG00000181191
FAM155B	X	68725084	68752351	+	ENSG00000130054
EDA	X	68835911	69259319	+	ENSG00000158813
AWAT2	X	69260392	69269788	-	ENSG00000147160
OTUD6A	X	69282341	69284029	+	ENSG00000189401
IGBP1	X	69353299	69386174	+	ENSG00000089289
DGAT2L6	X	69397333	69425395	+	ENSG00000184210
AWAT1	X	69454505	69460477	+	ENSG00000204195
P2RY4	X	69478016	69479654	-	ENSG00000186912
ARR3	X	69488155	69501690	+	ENSG00000120500
RAB41	X	69501943	69504852	+	ENSG00000147127
PDZD11	X	69506445	69510364	-	ENSG00000120509
KIF4A	X	69509879	69640682	+	ENSG00000090889
GDPD2	X	69642881	69653240	+	ENSG00000130055
DLG3	X	69664711	69725337	+	ENSG00000082458
TEX11	X	69748790	70128581	-	ENSG00000120498
SLC7A3	X	70145432	70150975	-	ENSG00000165349
SNX12	X	70279094	70288273	-	ENSG00000147164
FOXO4	X	70316047	70323385	+	ENSG00000184481
CXorf65	X	70323739	70326638	-	ENSG00000204165
IL2RG	X	70327254	70331958	-	ENSG00000147168
MED12	X	70338406	70362303	+	ENSG00000184634
NLGN3	X	70364681	70391051	+	ENSG00000196338
GJB1	X	70435044	70445366	+	ENSG00000169562
ZMYM3	X	70459474	70474996	-	ENSG00000147130
NONO	X	70503042	70521018	+	ENSG00000147140
ITGB1BP2	X	70521584	70525221	+	ENSG00000147166
TAF1	X	70586114	70752224	+	ENSG00000147133
OGT	X	70752933	70795747	+	ENSG00000147162
ACRC	X	70798261	70833433	+	ENSG00000147174
CXCR3	X	70835766	70838367	-	ENSG00000186810
NHSL2	X	71130938	71363424	+	ENSG00000204131
RGAG4	X	71346958	71351758	-	ENSG00000242732
PIN4	X	71401203	71522776	+	ENSG00000102309
ERCC6L	X	71424510	71458897	-	ENSG00000186871
RPS4X	X	71475529	71497150	-	ENSG00000198034
CITED1	X	71521488	71527037	-	ENSG00000125931
HDAC8	X	71549366	71792953	-	ENSG00000147099
PHKA1	X	71798664	71934167	-	ENSG00000067177
DMRTC1B	X	71996833	72068636	+	ENSG00000184911
DMRTC1	X	72091859	72163653	-	ENSG00000159123
PABPC1L2B	X	72223352	72225551	+	ENSG00000184388
PABPC1L2A	X	72297115	72299351	-	ENSG00000186288
NAP1L6	X	72345876	72347919	-	ENSG00000204118
NAP1L2	X	72432135	72434684	-	ENSG00000186462
CDX4	X	72667090	72675081	+	ENSG00000131264
CHIC1	X	72783036	72906937	+	ENSG00000204116
ZCCHC13	X	73524025	73524868	+	ENSG00000187969
SLC16A2	X	73641085	73753752	+	ENSG00000147100
RLIM	X	73805052	73834452	-	ENSG00000131263
KIAA2022	X	73952684	74145282	-	ENSG00000050030
ABCB7	X	74273115	74376567	-	ENSG00000131269
UPRT	X	74493920	74524435	+	ENSG00000094841
ZDHHC15	X	74588262	74743337	-	ENSG00000102383
MAGEE2	X	75002823	75005079	-	ENSG00000186675
PBDC1	X	75392771	75398039	+	ENSG00000102390
MAGEE1	X	75648046	75651744	+	ENSG00000198934
FGF16	X	76709648	76712769	+	ENSG00000196468
ATRX	X	76760356	77041702	-	ENSG00000085224
MAGT1	X	77081861	77151090	-	ENSG00000102158
COX7B	X	77154935	77162870	+	ENSG00000131174
ATP7A	X	77166194	77305892	+	ENSG00000165240
PGAM4	X	77223458	77225135	-	ENSG00000226784
PGK1	X	77320685	77384793	+	ENSG00000102144
TAF9B	X	77385245	77395203	-	ENSG00000187325
CYSLTR1	X	77526961	77583048	-	ENSG00000173198
ZCCHC5	X	77911566	77914825	-	ENSG00000179300
LPAR4	X	78003206	78012591	+	ENSG00000147145
P2RY10	X	78200829	78217451	+	ENSG00000078589
GPR174	X	78426469	78427726	+	ENSG00000147138
ITM2A	X	78615881	78623164	-	ENSG00000078596
TBX22	X	79270255	79287268	+	ENSG00000122145
FAM46D	X	79591003	79700810	+	ENSG00000174016
BRWD3	X	79926353	80065187	-	ENSG00000165288
HMGN5	X	80369200	80457441	-	ENSG00000198157
SH3BGRL	X	80457442	80554046	+	ENSG00000131171
POU3F4	X	82763269	82764775	+	ENSG00000196767
CYLC1	X	83116154	83141705	+	ENSG00000183035
RPS6KA6	X	83318984	83442933	-	ENSG00000072133
HDX	X	83572882	83757487	-	ENSG00000165259
APOOL	X	84258832	84343069	+	ENSG00000155008
SATL1	X	84347293	84364054	-	ENSG00000184788
ZNF711	X	84498997	84528368	+	ENSG00000147180
POF1B	X	84532402	84634748	-	ENSG00000124429
CHM	X	85116185	85302566	-	ENSG00000188419
DACH2	X	85403462	86087607	+	ENSG00000126733
KLHL4	X	86772752	86925050	+	ENSG00000102271
CPXCR1	X	88002226	88009786	+	ENSG00000147183
TGIF2LX	X	89176881	89177882	+	ENSG00000153779
PABPC5	X	90689594	90693583	+	ENSG00000174740
PCDH11X	X	91034260	91878229	+	ENSG00000102290
NAP1L3	X	92925929	92928567	-	ENSG00000186310
FAM133A	X	92929012	92967273	+	ENSG00000179083
DIAPH2	X	95939662	96859996	+	ENSG00000147202
RPA4	X	96138907	96140446	+	ENSG00000204086
PCDH19	X	99546642	99665271	-	ENSG00000165194
TNMD	X	99839799	99854882	+	ENSG00000000005
TSPAN6	X	99883667	99894988	-	ENSG00000000003
SRPX2	X	99899215	99926296	+	ENSG00000102359
SYTL4	X	99929488	99987110	-	ENSG00000102362
CSTF2	X	100075384	100095921	+	ENSG00000101811
NOX1	X	100098313	100129334	-	ENSG00000007952
XKRX	X	100168431	100184422	-	ENSG00000182489
ARL13A	X	100224697	100245818	+	ENSG00000174225
TRMT2B	X	100264335	100307105	-	ENSG00000188917
TMEM35	X	100333709	100351353	+	ENSG00000126950
CENPI	X	100353178	100418670	+	ENSG00000102384
DRP2	X	100474758	100519486	+	ENSG00000102385
TAF7L	X	100523241	100548059	-	ENSG00000102387
TIMM8A	X	100600649	100604184	-	ENSG00000126953
BTK	X	100604435	100641183	-	ENSG00000010671
RPL36A	X	100645812	100651105	+	ENSG00000241343
RPL36A-HNRNPH2	X	100645999	100667285	+	ENSG00000257529
GLA	X	100652791	100662913	-	ENSG00000102393
HNRNPH2	X	100663283	100669121	+	ENSG00000126945
ARMCX4	X	100673275	100788446	+	ENSG00000196440
ARMCX1	X	100805514	100809683	+	ENSG00000126947
ARMCX6	X	100870110	100872991	-	ENSG00000198960
ARMCX3	X	100877787	100882833	+	ENSG00000102401
ARMCX2	X	100910267	100914876	-	ENSG00000184867
NXF5	X	101087085	101112549	-	ENSG00000126952
ZMAT1	X	101137262	101187004	-	ENSG00000166432
TCEAL2	X	101380660	101382683	+	ENSG00000184905
TCEAL6	X	101395448	101397942	-	ENSG00000204071
BEX5	X	101408680	101411029	-	ENSG00000184515
NXF2	X	101470280	101581634	+	ENSG00000185554
TCP11X1	X	101470280	101567445	+	ENSG00000215046
NXF2B	X	101615316	101726732	-	ENSG00000185945
TCP11X2	X	101629549	101726732	-	ENSG00000215029
TMSB15A	X	101768604	101771712	-	ENSG00000158164
ARMCX5	X	101854096	101859087	+	ENSG00000125962
GPRASP1	X	101906294	101914011	+	ENSG00000198932
GPRASP2	X	101967104	101973607	+	ENSG00000158301
BHLHB9	X	101975616	102008468	+	ENSG00000198908
RAB40AL	X	102192200	102193228	+	ENSG00000102128
BEX1	X	102317579	102319168	-	ENSG00000133169
NXF3	X	102330738	102348157	-	ENSG00000147206
BEX4	X	102470020	102472174	+	ENSG00000102409
TCEAL8	X	102507923	102510131	-	ENSG00000180964
TCEAL5	X	102528619	102531800	-	ENSG00000204065
BEX2	X	102564274	102565974	-	ENSG00000133134
TCEAL7	X	102585124	102587254	+	ENSG00000182916
WBP5	X	102611373	102613397	+	ENSG00000185222
NGFRAP1	X	102631268	102633005	+	ENSG00000166681
RAB40A	X	102754678	102774417	-	ENSG00000172476
TCEAL4	X	102831159	102842657	+	ENSG00000133142
TCEAL3	X	102862379	102884618	+	ENSG00000196507
TCEAL1	X	102883632	102885881	+	ENSG00000172465
MORF4L2	X	102930424	102943086	-	ENSG00000123562
GLRA4	X	102962152	102983583	-	ENSG00000188828
TMEM31	X	102965837	102968956	+	ENSG00000179363
PLP1	X	103028647	103047548	+	ENSG00000123560
RAB9B	X	103077252	103087158	-	ENSG00000123570
TMSB15B	X	103173479	103229570	+	ENSG00000158427
H2BFWT	X	103265719	103268259	-	ENSG00000123569
H2BFM	X	103268269	103297021	+	ENSG00000101812
SLC25A53	X	103343898	103401708	-	ENSG00000176274
ZCCHC18	X	103356822	103360533	+	ENSG00000166707
FAM199X	X	103411301	103440583	+	ENSG00000123575
ESX1	X	103494719	103499614	-	ENSG00000123576
IL1RAPL2	X	103810996	105011822	+	ENSG00000189108
TEX13A	X	104463611	104465358	-	ENSG00000133149
NRK	X	105066536	105202602	+	ENSG00000123572
SERPINA7	X	105277197	105282729	-	ENSG00000123561
MUM1L1	X	105412298	105452949	+	ENSG00000157502
CXorf57	X	105855160	105922672	+	ENSG00000147231
RNF128	X	105937024	106040223	+	ENSG00000133135
TBC1D8B	X	106045910	106119375	+	ENSG00000133138
MORC4	X	106057101	106243474	-	ENSG00000133131
RIPPLY1	X	106143293	106146565	-	ENSG00000147223
CLDN2	X	106143394	106174091	+	ENSG00000165376
RBM41	X	106307650	106362057	-	ENSG00000089682
NUP62CL	X	106366657	106449670	-	ENSG00000198088
PIH1D3	X	106449862	106487473	+	ENSG00000080572
FRMPD3	X	106765680	106848481	+	ENSG00000147234
PRPS1	X	106871737	106894256	+	ENSG00000147224
TSC22D3	X	106956451	107020572	-	ENSG00000157514
NCBP2L	X	107020963	107037912	+	ENSG00000170935
MID2	X	107068985	107170423	+	ENSG00000080561
TEX13B	X	107224094	107225600	-	ENSG00000170925
VSIG1	X	107288200	107322414	+	ENSG00000101842
PSMD10	X	107327437	107334848	-	ENSG00000101843
ATG4A	X	107334898	107397901	+	ENSG00000101844
COL4A6	X	107386780	107682727	-	ENSG00000197565
COL4A5	X	107683074	107940775	+	ENSG00000188153
RP6-24A23.6	X	107965300	107975917	-	ENSG00000260548
IRS4	X	107975712	107979651	-	ENSG00000133124
GUCY2F	X	108616135	108725301	-	ENSG00000101890
NXT2	X	108779010	108787919	+	ENSG00000101888
KCNE1L	X	108866929	108868393	-	ENSG00000176076
ACSL4	X	108867473	108976632	-	ENSG00000068366
TMEM164	X	109245859	109425962	+	ENSG00000157600
AMMECR1	X	109437414	109683461	-	ENSG00000101935
GNG5P2	X	109589700	109590201	-	ENSG00000133136
RGAG1	X	109602044	109699562	+	ENSG00000243978
CHRDL1	X	109917084	110039286	-	ENSG00000101938
PAK3	X	110187513	110470589	+	ENSG00000077264
CAPN6	X	110488331	110513751	-	ENSG00000077274
DCX	X	110537007	110655603	-	ENSG00000077279
ALG13	X	110909043	111003877	+	ENSG00000101901
TRPC5	X	111017543	111326004	-	ENSG00000072315
ZCCHC16	X	111697727	111700473	+	ENSG00000187823
LHFPL1	X	111873876	111923375	-	ENSG00000182508
AMOT	X	112017731	112084043	-	ENSG00000126016
HTR2C	X	113818551	114144624	+	ENSG00000147246
IL13RA2	X	114238538	114254540	-	ENSG00000123496
LRCH2	X	114345185	114468635	-	ENSG00000130224
RBMXL3	X	114423963	114427431	+	ENSG00000175718
LUZP4	X	114524293	114542121	+	ENSG00000102021
PLS3	X	114795501	114885181	+	ENSG00000102024
RP1-241P17.4	X	114952650	114953669	-	ENSG00000228532
AGTR2	X	115301975	115306225	+	ENSG00000180772
SLC6A14	X	115567790	115592625	+	ENSG00000087916
CT83	X	115592849	115594164	-	ENSG00000204019
KLHL13	X	117031776	117251303	-	ENSG00000003096
WDR44	X	117480036	117583924	+	ENSG00000131725
DOCK11	X	117629861	117820126	+	ENSG00000147251
IL13RA1	X	117861535	117928502	+	ENSG00000131724
ZCCHC12	X	117957753	117960931	+	ENSG00000174460
LONRF3	X	118108581	118152318	+	ENSG00000175556
KIAA1210	X	118212598	118284542	-	ENSG00000250423
PGRMC1	X	118370216	118378429	+	ENSG00000101856
SLC25A43	X	118533023	118588441	+	ENSG00000077713
SLC25A5	X	118602363	118605282	+	ENSG00000005022
CXorf56	X	118672112	118699397	-	ENSG00000018610
UBE2A	X	118708501	118718381	+	ENSG00000077721
NKRF	X	118722300	118739858	-	ENSG00000186416
SEPT6	X	118749687	118827333	-	ENSG00000125354
SOWAHD	X	118892576	118894164	+	ENSG00000187808
RPL39	X	118920467	118925606	-	ENSG00000198918
UPF3B	X	118967985	118986961	-	ENSG00000125351
RNF113A	X	119004497	119005791	-	ENSG00000125352
NDUFA1	X	119005450	119010625	+	ENSG00000125356
AKAP14	X	119029800	119054679	+	ENSG00000186471
NKAP	X	119059014	119077735	-	ENSG00000101882
RHOXF2B	X	119205848	119211707	-	ENSG00000203989
RHOXF1	X	119243011	119249847	-	ENSG00000101883
RHOXF2	X	119292467	119297945	+	ENSG00000131721
ZBTB33	X	119384607	119392253	+	ENSG00000177485
TMEM255A	X	119392505	119445411	-	ENSG00000125355
ATP1B4	X	119495967	119516226	+	ENSG00000101892
LAMP2	X	119561682	119603220	-	ENSG00000005893
CUL4B	X	119658464	119709649	-	ENSG00000158290
MCTS1	X	119727865	119754929	+	ENSG00000232119
C1GALT1C1	X	119759648	119764005	-	ENSG00000171155
CT47B1	X	120006457	120009779	-	ENSG00000236446
CT47A12	X	120011344	120066151	-	ENSG00000226685
CT47A11	X	120067700	120071012	-	ENSG00000226929
CT47A10	X	120072561	120075873	-	ENSG00000224089
CT47A9	X	120077421	120080733	-	ENSG00000226600
CT47A8	X	120082282	120085594	-	ENSG00000230347
CT47A7	X	120087142	120090454	-	ENSG00000228517
CT47A5	X	120092019	120100198	-	ENSG00000237957
CT47A6	X	120092025	120095337	-	ENSG00000226023
CT47A4	X	120101746	120105058	-	ENSG00000230594
CT47A3	X	120106606	120109918	-	ENSG00000236126
CT47A1	X	120111460	120119642	-	ENSG00000236371
CT47A2	X	120111466	120114778	-	ENSG00000242362
GLUD2	X	120181462	120183794	+	ENSG00000182890
GRIA3	X	122318006	122624766	+	ENSG00000125675
THOC2	X	122734412	122866906	-	ENSG00000125676
XIAP	X	122993574	123047829	+	ENSG00000101966
STAG2	X	123094062	123556514	+	ENSG00000101972
SH2D1A	X	123480194	123507005	+	ENSG00000183918
TENM1	X	123509753	124097666	-	ENSG00000009694
DCAF12L2	X	125298337	125300080	-	ENSG00000198354
DCAF12L1	X	125683369	125686834	-	ENSG00000198889
CXorf64	X	125953747	125955769	+	ENSG00000183631
ACTRT1	X	127184943	127186382	-	ENSG00000123165
SMARCA1	X	128580480	128657477	-	ENSG00000102038
OCRL	X	128673826	128726538	+	ENSG00000122126
APLN	X	128779240	128788933	-	ENSG00000171388
XPNPEP2	X	128872950	128903514	+	ENSG00000122121
SASH3	X	128913955	128929177	+	ENSG00000122122
ZDHHC9	X	128937264	128977885	-	ENSG00000188706
UTP14A	X	129040097	129063737	+	ENSG00000156697
BCORL1	X	129115083	129192058	+	ENSG00000085185
ELF4	X	129198849	129244691	-	ENSG00000102034
AIFM1	X	129263337	129299861	-	ENSG00000156709
RAB33A	X	129305623	129318844	+	ENSG00000134594
ZNF280C	X	129336685	129402873	-	ENSG00000056277
SLC25A14	X	129473874	129507335	+	ENSG00000102078
GPR119	X	129518319	129519511	-	ENSG00000147262
RBMX2	X	129535943	129547317	+	ENSG00000134597
ENOX2	X	129757350	130037208	-	ENSG00000165675
ARHGAP36	X	130192216	130223857	+	ENSG00000147256
IGSF1	X	130407480	130533677	-	ENSG00000147255
OR13H1	X	130677950	130679030	+	ENSG00000171054
MST4	X	131157293	131209971	+	ENSG00000134602
FRMD7	X	131211021	131262048	-	ENSG00000165694
RAP2C	X	131337053	131353471	-	ENSG00000123728
MBNL3	X	131503345	131623996	-	ENSG00000076770
HS6ST2	X	131760044	132095423	-	ENSG00000171004
USP26	X	132158659	132231137	-	ENSG00000134588
TFDP3	X	132350697	132352376	-	ENSG00000183434
GPC4	X	132434131	132549518	-	ENSG00000076716
GPC3	X	132669773	133119922	-	ENSG00000147257
CCDC160	X	133371077	133380237	+	ENSG00000203952
PHF6	X	133507283	133562820	+	ENSG00000156531
HPRT1	X	133594183	133654543	+	ENSG00000165704
PLAC1	X	133699868	133898352	-	ENSG00000170965
FAM122B	X	133903596	133931262	-	ENSG00000156504
FAM122C	X	133930819	133988640	+	ENSG00000156500
MOSPD1	X	134021656	134049297	-	ENSG00000101928
SMIM10	X	134124968	134126501	+	ENSG00000184785
FAM127C	X	134154543	134156559	-	ENSG00000212747
FAM127A	X	134166333	134167576	+	ENSG00000134590
FAM127B	X	134184962	134186226	-	ENSG00000203950
CT55	X	134290461	134305322	-	ENSG00000169551
ZNF75D	X	134382867	134478012	-	ENSG00000186376
ZNF449	X	134478721	134497077	+	ENSG00000173275
DDX26B	X	134654584	134716435	+	ENSG00000165359
CT45A1	X	134847185	134857354	+	ENSG00000232478
CT45A2	X	134866214	134874614	+	ENSG00000242185
CT45A3	X	134883488	134891885	+	ENSG00000232417
CT45A4	X	134928331	134953994	-	ENSG00000228836
CT45A5	X	134945598	134953994	-	ENSG00000242284
CT45A6	X	134962849	134971244	-	ENSG00000226907
SAGE1	X	134971374	134995220	+	ENSG00000181433
MMGT1	X	135044229	135056222	-	ENSG00000169446
SLC9A6	X	135067598	135129423	+	ENSG00000198689
FHL1	X	135229559	135293518	+	ENSG00000022267
MAP7D3	X	135295381	135338641	-	ENSG00000129680
GPR112	X	135383122	135519215	+	ENSG00000156920
BRS3	X	135570046	135575939	+	ENSG00000102239
HTATSF1	X	135579238	135594505	+	ENSG00000102241
VGLL1	X	135614311	135638966	+	ENSG00000102243
CD40LG	X	135730352	135742549	+	ENSG00000102245
ARHGEF6	X	135747706	135864247	-	ENSG00000129675
RBMX	X	135930163	135962923	-	ENSG00000147274
GPR101	X	136112307	136113833	-	ENSG00000165370
ZIC3	X	136648301	136659850	+	ENSG00000156925
FGF13	X	137713735	138304939	-	ENSG00000129682
F9	X	138612917	138645617	+	ENSG00000101981
MCF2	X	138663929	138790386	-	ENSG00000101977
ATP11C	X	138808505	139027435	-	ENSG00000101974
CXorf66	X	139037884	139047679	-	ENSG00000203933
SOX3	X	139585152	139587225	-	ENSG00000134595
LINC00632	X	139791932	139854844	+	ENSG00000203930
CDR1	X	139865425	139866723	-	ENSG00000184258
SPANXB2	X	140084756	140085871	+	ENSG00000227234
SPANXB1	X	140096761	140097876	+	ENSG00000235604
LDOC1	X	140269934	140271310	-	ENSG00000182195
SPANXC	X	140335596	140336629	-	ENSG00000198573
SPANXA1	X	140671796	140673133	-	ENSG00000198021
SPANXA2	X	140677562	140678899	+	ENSG00000203926
SPANXD	X	140785568	140786896	-	ENSG00000196406
MAGEC3	X	140926102	140985618	+	ENSG00000165509
MAGEC1	X	140991680	140997174	+	ENSG00000155495
MAGEC2	X	141290131	141293076	-	ENSG00000046774
SPANXN4	X	142113704	142122488	+	ENSG00000189326
SPANXN3	X	142596564	142605303	-	ENSG00000189252
SLITRK4	X	142710596	142723596	-	ENSG00000179542
SPANXN2	X	142795055	142804516	-	ENSG00000203924
UBE2NL	X	142967173	142968355	+	ENSG00000102069
SPANXN1	X	144328348	144337632	+	ENSG00000203923
SLITRK2	X	144899350	144907360	+	ENSG00000185985
TMEM257	X	144908928	144911368	+	ENSG00000221870
FMR1	X	146993469	147032645	+	ENSG00000102081
FMR1NB	X	147062849	147108187	+	ENSG00000176988
AFF2	X	147582139	148082193	+	ENSG00000155966
CXorf40A	X	148621900	148632055	+	ENSG00000197620
MAGEA9B	X	148663309	148669116	-	ENSG00000123584
HSFX2	X	148674172	148676974	-	ENSG00000171129
TMEM185A	X	148678216	148713568	-	ENSG00000155984
MAGEA11	X	148769894	148798926	+	ENSG00000185247
HSFX1	X	148855726	148858525	+	ENSG00000171116
MAGEA9	X	148863584	148869397	+	ENSG00000166008
MAGEA8	X	149009941	149014609	+	ENSG00000156009
CXorf40B	X	149097745	149107029	-	ENSG00000197021
MAMLD1	X	149529689	149682448	+	ENSG00000013619
MTM1	X	149737069	149841795	+	ENSG00000171100
MTMR1	X	149861435	149933576	+	ENSG00000063601
CD99L2	X	149934810	150067289	-	ENSG00000102181
HMGB3	X	150148982	150159248	+	ENSG00000029993
GPR50	X	150345125	150349937	+	ENSG00000102195
VMA21	X	150564987	150577836	+	ENSG00000160131
PASD1	X	150732094	150845211	+	ENSG00000166049
PRRG3	X	150863596	150874396	+	ENSG00000130032
FATE1	X	150884507	150891666	+	ENSG00000147378
CNGA2	X	150906923	150913776	+	ENSG00000183862
MAGEA4	X	151080981	151093642	+	ENSG00000147381
GABRE	X	151121596	151143152	-	ENSG00000102287
MAGEA10	X	151301782	151307033	-	ENSG00000124260
GABRA3	X	151334706	151619830	-	ENSG00000011677
GABRQ	X	151806637	151825999	+	ENSG00000147402
MAGEA6	X	151867214	151870825	+	ENSG00000197172
MAGEA2B	X	151883082	151887096	+	ENSG00000183305
MAGEA12	X	151899293	151903184	-	ENSG00000213401
CSAG1	X	151903228	151909518	+	ENSG00000198930
MAGEA2	X	151918387	151922364	-	ENSG00000184750
MAGEA3	X	151934652	151938240	-	ENSG00000221867
CETN2	X	151995517	151999321	-	ENSG00000147400
NSDHL	X	151999511	152038273	+	ENSG00000147383
ZNF185	X	152082986	152142024	+	ENSG00000147394
PNMA5	X	152157368	152162671	-	ENSG00000198883
PNMA3	X	152224766	152228827	+	ENSG00000183837
PNMA6C	X	152240819	152243399	+	ENSG00000235961
PNMA6A	X	152240839	152340864	+	ENSG00000224201
PNMA6D	X	152243996	152245978	-	ENSG00000257088
PNMA6B	X	152341458	152343394	-	ENSG00000203902
MAGEA1	X	152481522	152486115	-	ENSG00000198681
ZNF275	X	152599613	152625568	+	ENSG00000063587
ZFP92	X	152683780	152687087	+	ENSG00000189420
TREX2	X	152710178	152736045	-	ENSG00000183479
HAUS7	X	152713124	152760978	-	ENSG00000213397
U82695.9	X	152751314	152752546	+	ENSG00000224963
BGN	X	152760397	152775012	+	ENSG00000182492
ATP2B3	X	152783134	152848397	+	ENSG00000067842
FAM58A	X	152853377	152865500	-	ENSG00000147382
DUSP9	X	152907946	152916781	+	ENSG00000130829
PNCK	X	152935185	152954465	-	ENSG00000130822
SLC6A8	X	152953554	152962048	+	ENSG00000130821
BCAP31	X	152965947	152990152	-	ENSG00000185825
ABCD1	X	152990323	153010216	+	ENSG00000101986
PLXNB3	X	153029651	153044801	+	ENSG00000198753
SRPK3	X	153041867	153051187	+	ENSG00000184343
IDH3G	X	153051221	153059978	-	ENSG00000067829
SSR4	X	153058971	153063960	+	ENSG00000180879
PDZD4	X	153067621	153096020	-	ENSG00000067840
L1CAM	X	153126969	153174677	-	ENSG00000198910
LCA10	X	153146127	153154444	+	ENSG00000196987
AVPR2	X	153167985	153172620	+	ENSG00000126895
ARHGAP4	X	153172821	153200452	-	ENSG00000089820
NAA10	X	153194695	153200676	-	ENSG00000102030
RENBP	X	153200716	153210232	-	ENSG00000102032
HCFC1	X	153213004	153237258	-	ENSG00000172534
TMEM187	X	153237778	153248646	+	ENSG00000177854
IRAK1	X	153275951	153285431	-	ENSG00000184216
MECP2	X	153287024	153363212	-	ENSG00000169057
OPN1LW	X	153409698	153424507	+	ENSG00000102076
TEX28P2	X	153424682	153445634	-	ENSG00000102080
OPN1MW	X	153448107	153461633	+	ENSG00000147380
TEX28P1	X	153461812	153482755	-	ENSG00000182242
OPN1MW2	X	153485225	153498755	+	ENSG00000166160
TEX28	X	153498930	153523796	-	ENSG00000185254
TKTL1	X	153524024	153558700	+	ENSG00000007350
FLNA	X	153576892	153603006	-	ENSG00000196924
EMD	X	153607557	153609883	+	ENSG00000102119
RPL10	X	153618315	153637504	+	ENSG00000147403
DNASE1L1	X	153629579	153640449	-	ENSG00000013563
TAZ	X	153639854	153650065	+	ENSG00000102125
ATP6AP1	X	153656978	153664862	+	ENSG00000071553
GDI1	X	153665266	153671814	+	ENSG00000203879
FAM50A	X	153672473	153679002	+	ENSG00000071859
PLXNA3	X	153686621	153701989	+	ENSG00000130827
LAGE3	X	153706028	153707596	-	ENSG00000196976
UBL4A	X	153712056	153715009	-	ENSG00000102178
SLC10A3	X	153715645	153719016	-	ENSG00000126903
FAM3A	X	153733350	153744566	-	ENSG00000071889
G6PD	X	153759606	153775787	-	ENSG00000160211
IKBKG	X	153769414	153796782	+	ENSG00000073009
CTAG1A	X	153813407	153815075	+	ENSG00000183678
CTAG1B	X	153845865	153847533	-	ENSG00000184033
CTAG2	X	153880246	153881853	-	ENSG00000126890
GAB3	X	153903529	153979858	-	ENSG00000160219
DKC1	X	153991031	154005964	+	ENSG00000130826
MPP1	X	154006959	154049282	-	ENSG00000130830
SMIM9	X	154051623	154062937	-	ENSG00000203870
F8	X	154064063	154255215	-	ENSG00000185010
H2AFB1	X	154113317	154113833	+	ENSG00000198082
F8A1	X	154114635	154116335	+	ENSG00000197932
FUNDC2	X	154254255	154288578	+	ENSG00000165775
CMC4	X	154289897	154299637	-	ENSG00000182712
MTCP1	X	154289897	154376212	-	ENSG00000214827
BRCC3	X	154299695	154351349	+	ENSG00000185515
VBP1	X	154425284	154468098	+	ENSG00000155959
RAB39B	X	154487526	154493874	-	ENSG00000155961
CLIC2	X	154505500	154563966	-	ENSG00000155962
H2AFB2	X	154610428	154610944	+	ENSG00000198307
F8A2	X	154611749	154613449	+	ENSG00000198444
F8A3	X	154686576	154688276	-	ENSG00000185990
H2AFB3	X	154689080	154689596	-	ENSG00000185978
TMLHE	X	154719776	154899605	-	ENSG00000185973
SPRY3	X	154997474	155012121	+	ENSG00000168939
VAMP7	X	155110956	155173433	+	ENSG00000124333
IL9R	X	155227246	155240482	+	ENSG00000124334
SRY	Y	2654896	2655740	-	ENSG00000184895
RPS4Y1	Y	2709527	2800041	+	ENSG00000129824
ZFY	Y	2803112	2850547	+	ENSG00000067646
TGIF2LY	Y	3447082	3448082	+	ENSG00000176679
PCDH11Y	Y	4868267	5610265	+	ENSG00000099715
AC012067.1	Y	5306691	5312605	-	ENSG00000269464
TSPY2	Y	6114264	6117060	+	ENSG00000168757
AMELY	Y	6733959	6742068	-	ENSG00000099721
TBL1Y	Y	6778727	6959724	+	ENSG00000092377
TSPY4	Y	9175073	9177893	+	ENSG00000233803
TSPY8	Y	9195406	9218479	+	ENSG00000229549
TSPY3	Y	9236030	9307357	+	ENSG00000228927
TSPY1	Y	9236076	9307357	+	ENSG00000258992
AC006156.1	Y	9293012	9344176	-	ENSG00000225516
TSPY6P	Y	9324922	9327689	+	ENSG00000238074
TSPY10	Y	9365489	9368291	+	ENSG00000236424
FAM197Y1	Y	9374241	9384693	-	ENSG00000224336
SLC9B1P1	Y	13496241	13524717	-	ENSG00000183704
USP9Y	Y	14813160	14972764	+	ENSG00000114374
DDX3Y	Y	15016019	15032390	+	ENSG00000067048
UTY	Y	15360259	15592553	-	ENSG00000183878
AC010877.1	Y	15418467	15429181	+	ENSG00000269291
TMSB4Y	Y	15815447	15817904	+	ENSG00000154620
VCY	Y	16097652	16098393	-	ENSG00000129864
VCY1B	Y	16168097	16168838	+	ENSG00000129862
NLGN4Y	Y	16634518	16957530	+	ENSG00000165246
CDY2B	Y	19989290	19992100	-	ENSG00000129873
CDY2A	Y	20137667	20140477	+	ENSG00000182415
HSFY1	Y	20708557	20750849	+	ENSG00000172468
HSFY2	Y	20893326	20990548	-	ENSG00000169953
AC009977.1	Y	21737895	21738068	-	ENSG00000269084
KDM5D	Y	21865751	21906825	-	ENSG00000012817
EIF1AY	Y	22737611	22755040	+	ENSG00000198692
RPS4Y2	Y	22918050	22942918	+	ENSG00000157828
CYorf17	Y	23544840	23548246	-	ENSG00000183146
RBMY1B	Y	23673224	23687672	+	ENSG00000242875
RBMY1A1	Y	23673258	23711212	+	ENSG00000234414
RBMY1D	Y	24026223	24040673	-	ENSG00000244395
RBMY1E	Y	24026223	24064214	-	ENSG00000242389
PRY2	Y	24217903	24242154	-	ENSG00000169807
RBMY1F	Y	24314689	24329129	-	ENSG00000169800
RBMY1J	Y	24454970	24564028	+	ENSG00000226941
PRY	Y	24636544	24660784	+	ENSG00000169789
BPY2	Y	25119966	25151612	+	ENSG00000183753
DAZ1	Y	25275502	25345241	-	ENSG00000188120
DAZ2	Y	25365594	25437503	+	ENSG00000205944
AC016752.1	Y	25847479	25850592	+	ENSG00000267935
CDY1B	Y	26191376	26194166	-	ENSG00000172352
BPY2B	Y	26753707	26785354	+	ENSG00000183795
DAZ3	Y	26909216	26959626	-	ENSG00000187191
DAZ4	Y	26980008	27053183	+	ENSG00000205916
BPY2C	Y	27177048	27208695	-	ENSG00000185894
CDY1	Y	27768264	27771049	+	ENSG00000172288
AC007965.1	Y	28111776	28114889	-	ENSG00000269393
